Anaplasma phagocytophilum Dog2	apd	YYY_01915	NA	phosphoglyceromutase	md:apd_M00001	I	400649	402139	+
Anaplasma phagocytophilum Dog2	apd	YYY_02970	NA	triosephosphate isomerase	md:apd_M00001	I	649848	650579	+
Anaplasma phagocytophilum Dog2	apd	YYY_03285	eno	enolase	md:apd_M00001	I	716649	717989	-
Anaplasma phagocytophilum Dog2	apd	YYY_05890	NA	fructose-bisphosphate aldolase	md:apd_M00001	I	1331854	1332774	+
Anaplasma phagocytophilum Dog2	apd	YYY_06190	NA	phosphoglycerate kinase	md:apd_M00001	I	1389501	1390655	+
Anaplasma phagocytophilum Dog2	apd	YYY_06330	gapA	glyceraldehyde-3-phosphate dehydrogenase	md:apd_M00001	I	1414790	1415800	-
Anaplasma phagocytophilum Dog2	apd	YYY_01915	NA	phosphoglyceromutase	md:apd_M00002	I	400649	402139	+
Anaplasma phagocytophilum Dog2	apd	YYY_02970	NA	triosephosphate isomerase	md:apd_M00002	I	649848	650579	+
Anaplasma phagocytophilum Dog2	apd	YYY_03285	eno	enolase	md:apd_M00002	I	716649	717989	-
Anaplasma phagocytophilum Dog2	apd	YYY_06190	NA	phosphoglycerate kinase	md:apd_M00002	I	1389501	1390655	+
Anaplasma phagocytophilum Dog2	apd	YYY_06330	gapA	glyceraldehyde-3-phosphate dehydrogenase	md:apd_M00002	I	1414790	1415800	-
Anaplasma phagocytophilum Dog2	apd	YYY_01075	glpX	fructose 1,6-bisphosphatase	md:apd_M00003	I	219618	220553	+
Anaplasma phagocytophilum Dog2	apd	YYY_01915	NA	phosphoglyceromutase	md:apd_M00003	I	400649	402139	+
Anaplasma phagocytophilum Dog2	apd	YYY_02970	NA	triosephosphate isomerase	md:apd_M00003	I	649848	650579	+
Anaplasma phagocytophilum Dog2	apd	YYY_03285	eno	enolase	md:apd_M00003	I	716649	717989	-
Anaplasma phagocytophilum Dog2	apd	YYY_05890	NA	fructose-bisphosphate aldolase	md:apd_M00003	I	1331854	1332774	+
Anaplasma phagocytophilum Dog2	apd	YYY_06190	NA	phosphoglycerate kinase	md:apd_M00003	I	1389501	1390655	+
Anaplasma phagocytophilum Dog2	apd	YYY_06330	gapA	glyceraldehyde-3-phosphate dehydrogenase	md:apd_M00003	I	1414790	1415800	-
Anaplasma phagocytophilum Dog2	apd	YYY_00010	NA	ribulose-phosphate 3-epimerase	md:apd_M00004	I	2838	3548	+
Anaplasma phagocytophilum Dog2	apd	YYY_01290	NA	hypothetical protein	md:apd_M00004	I	267397	267846	-
Anaplasma phagocytophilum Dog2	apd	YYY_01635	NA	transketolase	md:apd_M00004	I	323602	325605	+
Anaplasma phagocytophilum Dog2	apd	YYY_02430	NA	transaldolase	md:apd_M00004	I	517890	518546	-
Anaplasma phagocytophilum Dog2	apd	YYY_03060	NA	ribose 5-phosphate isomerase	md:apd_M00004	I	665912	666388	-
Anaplasma phagocytophilum Dog2	apd	YYY_05170	NA	ribose-phosphate pyrophosphokinase	md:apd_M00005	I	1171068	1172036	+
Anaplasma phagocytophilum Dog2	apd	YYY_00010	NA	ribulose-phosphate 3-epimerase	md:apd_M00007	I	2838	3548	+
Anaplasma phagocytophilum Dog2	apd	YYY_01290	NA	hypothetical protein	md:apd_M00007	I	267397	267846	-
Anaplasma phagocytophilum Dog2	apd	YYY_01635	NA	transketolase	md:apd_M00007	I	323602	325605	+
Anaplasma phagocytophilum Dog2	apd	YYY_02430	NA	transaldolase	md:apd_M00007	I	517890	518546	-
Anaplasma phagocytophilum Dog2	apd	YYY_03060	NA	ribose 5-phosphate isomerase	md:apd_M00007	I	665912	666388	-
Anaplasma phagocytophilum Dog2	apd	YYY_00315	NA	dihydrolipoamide dehydrogenase	md:apd_M00009	I	71997	73412	-
Anaplasma phagocytophilum Dog2	apd	YYY_00770	NA	succinate dehydrogenase	md:apd_M00009	I	159781	161595	+
Anaplasma phagocytophilum Dog2	apd	YYY_00775	sdhB	succinate dehydrogenase iron-sulfur subunit	md:apd_M00009	I	161610	162398	+
Anaplasma phagocytophilum Dog2	apd	YYY_00785	NA	succinate dehydrogenase	md:apd_M00009	I	162559	164373	+
Anaplasma phagocytophilum Dog2	apd	YYY_00790	sdhB	succinate dehydrogenase iron-sulfur subunit	md:apd_M00009	I	164388	165176	+
Anaplasma phagocytophilum Dog2	apd	YYY_01195	fumC	fumarate hydratase	md:apd_M00009	I	244702	246102	+
Anaplasma phagocytophilum Dog2	apd	YYY_01935	NA	dihydrolipoamide dehydrogenase	md:apd_M00009	I	405254	406660	+
Anaplasma phagocytophilum Dog2	apd	YYY_02995	NA	malate dehydrogenase	md:apd_M00009	I	653718	654689	+
Anaplasma phagocytophilum Dog2	apd	YYY_03975	sucA	MFS transporter	md:apd_M00009	I	916579	919296	-
Anaplasma phagocytophilum Dog2	apd	YYY_04600	NA	hypothetical protein	md:apd_M00009	I	1055320	1055610	-
Anaplasma phagocytophilum Dog2	apd	YYY_04605	NA	hypothetical protein	md:apd_M00009	I	1055653	1055934	-
Anaplasma phagocytophilum Dog2	apd	YYY_04860	sucC	malate--CoA ligase subunit beta	md:apd_M00009	I	1114162	1115349	+
Anaplasma phagocytophilum Dog2	apd	YYY_04865	NA	succinyl-CoA synthetase subsunit alpha	md:apd_M00009	I	1115358	1116245	+
Anaplasma phagocytophilum Dog2	apd	YYY_04940	NA	dihydrolipoamide dehydrogenase	md:apd_M00009	I	1132986	1134401	+
Anaplasma phagocytophilum Dog2	apd	YYY_05195	acnA	aconitate hydratase	md:apd_M00009	I	1176837	1179482	-
Anaplasma phagocytophilum Dog2	apd	YYY_05455	NA	isocitrate dehydrogenase	md:apd_M00009	I	1233985	1235418	-
Anaplasma phagocytophilum Dog2	apd	YYY_05600	NA	dihydrolipoamide succinyltransferase	md:apd_M00009	I	1268157	1269377	+
Anaplasma phagocytophilum Dog2	apd	YYY_05765	gltA	type II citrate synthase	md:apd_M00009	I	1305138	1306373	-
Anaplasma phagocytophilum Dog2	apd	YYY_05195	acnA	aconitate hydratase	md:apd_M00010	I	1176837	1179482	-
Anaplasma phagocytophilum Dog2	apd	YYY_05455	NA	isocitrate dehydrogenase	md:apd_M00010	I	1233985	1235418	-
Anaplasma phagocytophilum Dog2	apd	YYY_05765	gltA	type II citrate synthase	md:apd_M00010	I	1305138	1306373	-
Anaplasma phagocytophilum Dog2	apd	YYY_00315	NA	dihydrolipoamide dehydrogenase	md:apd_M00011	I	71997	73412	-
Anaplasma phagocytophilum Dog2	apd	YYY_00770	NA	succinate dehydrogenase	md:apd_M00011	I	159781	161595	+
Anaplasma phagocytophilum Dog2	apd	YYY_00775	sdhB	succinate dehydrogenase iron-sulfur subunit	md:apd_M00011	I	161610	162398	+
Anaplasma phagocytophilum Dog2	apd	YYY_00785	NA	succinate dehydrogenase	md:apd_M00011	I	162559	164373	+
Anaplasma phagocytophilum Dog2	apd	YYY_00790	sdhB	succinate dehydrogenase iron-sulfur subunit	md:apd_M00011	I	164388	165176	+
Anaplasma phagocytophilum Dog2	apd	YYY_01195	fumC	fumarate hydratase	md:apd_M00011	I	244702	246102	+
Anaplasma phagocytophilum Dog2	apd	YYY_01935	NA	dihydrolipoamide dehydrogenase	md:apd_M00011	I	405254	406660	+
Anaplasma phagocytophilum Dog2	apd	YYY_02995	NA	malate dehydrogenase	md:apd_M00011	I	653718	654689	+
Anaplasma phagocytophilum Dog2	apd	YYY_03975	sucA	MFS transporter	md:apd_M00011	I	916579	919296	-
Anaplasma phagocytophilum Dog2	apd	YYY_04600	NA	hypothetical protein	md:apd_M00011	I	1055320	1055610	-
Anaplasma phagocytophilum Dog2	apd	YYY_04605	NA	hypothetical protein	md:apd_M00011	I	1055653	1055934	-
Anaplasma phagocytophilum Dog2	apd	YYY_04860	sucC	malate--CoA ligase subunit beta	md:apd_M00011	I	1114162	1115349	+
Anaplasma phagocytophilum Dog2	apd	YYY_04865	NA	succinyl-CoA synthetase subsunit alpha	md:apd_M00011	I	1115358	1116245	+
Anaplasma phagocytophilum Dog2	apd	YYY_04940	NA	dihydrolipoamide dehydrogenase	md:apd_M00011	I	1132986	1134401	+
Anaplasma phagocytophilum Dog2	apd	YYY_05600	NA	dihydrolipoamide succinyltransferase	md:apd_M00011	I	1268157	1269377	+
Anaplasma phagocytophilum Dog2	apd	YYY_02995	NA	malate dehydrogenase	md:apd_M00012	I	653718	654689	+
Anaplasma phagocytophilum Dog2	apd	YYY_05195	acnA	aconitate hydratase	md:apd_M00012	I	1176837	1179482	-
Anaplasma phagocytophilum Dog2	apd	YYY_05765	gltA	type II citrate synthase	md:apd_M00012	I	1305138	1306373	-
Anaplasma phagocytophilum Dog2	apd	YYY_04355	argD	acetylornithine aminotransferase	md:apd_M00016	I	1007438	1008613	+
Anaplasma phagocytophilum Dog2	apd	YYY_06315	NA	aspartate-semialdehyde dehydrogenase	md:apd_M00016	I	1411912	1412925	-
Anaplasma phagocytophilum Dog2	apd	YYY_06315	NA	aspartate-semialdehyde dehydrogenase	md:apd_M00017	I	1411912	1412925	-
Anaplasma phagocytophilum Dog2	apd	YYY_06315	NA	aspartate-semialdehyde dehydrogenase	md:apd_M00018	I	1411912	1412925	-
Anaplasma phagocytophilum Dog2	apd	YYY_04615	NA	hypothetical protein	md:apd_M00022	I	1057872	1059251	-
Anaplasma phagocytophilum Dog2	apd	YYY_02090	NA	acetylglutamate kinase	md:apd_M00028	I	434721	435704	+
Anaplasma phagocytophilum Dog2	apd	YYY_04355	argD	acetylornithine aminotransferase	md:apd_M00028	I	1007438	1008613	+
Anaplasma phagocytophilum Dog2	apd	YYY_00315	NA	dihydrolipoamide dehydrogenase	md:apd_M00032	I	71997	73412	-
Anaplasma phagocytophilum Dog2	apd	YYY_01935	NA	dihydrolipoamide dehydrogenase	md:apd_M00032	I	405254	406660	+
Anaplasma phagocytophilum Dog2	apd	YYY_04940	NA	dihydrolipoamide dehydrogenase	md:apd_M00032	I	1132986	1134401	+
Anaplasma phagocytophilum Dog2	apd	YYY_05600	NA	dihydrolipoamide succinyltransferase	md:apd_M00032	I	1268157	1269377	+
Anaplasma phagocytophilum Dog2	apd	YYY_06315	NA	aspartate-semialdehyde dehydrogenase	md:apd_M00033	I	1411912	1412925	-
Anaplasma phagocytophilum Dog2	apd	YYY_00040	NA	S-adenosylmethionine synthetase	md:apd_M00034	I	7895	9073	-
Anaplasma phagocytophilum Dog2	apd	YYY_00280	NA	S-adenosylmethionine synthetase	md:apd_M00034	I	66266	67291	+
Anaplasma phagocytophilum Dog2	apd	YYY_00040	NA	S-adenosylmethionine synthetase	md:apd_M00035	I	7895	9073	-
Anaplasma phagocytophilum Dog2	apd	YYY_00280	NA	S-adenosylmethionine synthetase	md:apd_M00035	I	66266	67291	+
Anaplasma phagocytophilum Dog2	apd	YYY_00315	NA	dihydrolipoamide dehydrogenase	md:apd_M00036	I	71997	73412	-
Anaplasma phagocytophilum Dog2	apd	YYY_01935	NA	dihydrolipoamide dehydrogenase	md:apd_M00036	I	405254	406660	+
Anaplasma phagocytophilum Dog2	apd	YYY_04940	NA	dihydrolipoamide dehydrogenase	md:apd_M00036	I	1132986	1134401	+
Anaplasma phagocytophilum Dog2	apd	YYY_00430	NA	phosphoribosylglycinamide formyltransferase	md:apd_M00048	I	93976	94446	-
Anaplasma phagocytophilum Dog2	apd	YYY_00600	NA	phosphoribosylaminoimidazole-succinocarboxamide synthase	md:apd_M00048	I	127310	128044	-
Anaplasma phagocytophilum Dog2	apd	YYY_00980	NA	phosphoribosylformylglycinamidine cyclo-ligase	md:apd_M00048	I	199404	200495	-
Anaplasma phagocytophilum Dog2	apd	YYY_01020	NA	phosphoribosylformylglycinamidine cyclo-ligase	md:apd_M00048	I	205844	206935	-
Anaplasma phagocytophilum Dog2	apd	YYY_01035	NA	phosphoribosylformylglycinamidine synthase	md:apd_M00048	I	209514	212519	-
Anaplasma phagocytophilum Dog2	apd	YYY_01085	NA	phosphoribosylformylglycinamidine synthase	md:apd_M00048	I	223235	224038	+
Anaplasma phagocytophilum Dog2	apd	YYY_01120	NA	phosphoribosylglycinamide formyltransferase	md:apd_M00048	I	227413	228048	-
Anaplasma phagocytophilum Dog2	apd	YYY_03990	NA	adenylosuccinate lyase	md:apd_M00048	I	920473	921771	+
Anaplasma phagocytophilum Dog2	apd	YYY_05040	NA	phosphoribosylamine--glycine ligase	md:apd_M00048	I	1153055	1154311	+
Anaplasma phagocytophilum Dog2	apd	YYY_05205	NA	phosphoribosylaminoimidazole carboxylase	md:apd_M00048	I	1181631	1182707	-
Anaplasma phagocytophilum Dog2	apd	YYY_05640	NA	phosphoribosylaminoimidazolecarboxamide formyltransferase	md:apd_M00048	I	1276813	1278363	-
Anaplasma phagocytophilum Dog2	apd	YYY_05985	purE	N5-carboxyaminoimidazole ribonucleotide mutase	md:apd_M00048	I	1350883	1351380	-
Anaplasma phagocytophilum Dog2	apd	YYY_06090	NA	amidophosphoribosyltransferase	md:apd_M00048	I	1368902	1370308	-
Anaplasma phagocytophilum Dog2	apd	YYY_01445	NA	adenylate kinase	md:apd_M00049	I	285021	285671	+
Anaplasma phagocytophilum Dog2	apd	YYY_01615	NA	adenylosuccinate synthetase	md:apd_M00049	I	317722	319026	-
Anaplasma phagocytophilum Dog2	apd	YYY_03990	NA	adenylosuccinate lyase	md:apd_M00049	I	920473	921771	+
Anaplasma phagocytophilum Dog2	apd	YYY_05695	ndk	nucleoside diphosphate kinase	md:apd_M00049	I	1289453	1289926	-
Anaplasma phagocytophilum Dog2	apd	YYY_00435	NA	inosine-5`-monophosphate dehydrogenase	md:apd_M00050	I	94511	95971	-
Anaplasma phagocytophilum Dog2	apd	YYY_00725	NA	guanylate kinase	md:apd_M00050	I	149998	150294	-
Anaplasma phagocytophilum Dog2	apd	YYY_00835	NA	guanylate kinase	md:apd_M00050	I	171538	172170	+
Anaplasma phagocytophilum Dog2	apd	YYY_05695	ndk	nucleoside diphosphate kinase	md:apd_M00050	I	1289453	1289926	-
Anaplasma phagocytophilum Dog2	apd	YYY_05770	NA	GMP synthase	md:apd_M00050	I	1306407	1307996	-
Anaplasma phagocytophilum Dog2	apd	YYY_01185	NA	dihydroorotase	md:apd_M00051	I	242547	243890	-
Anaplasma phagocytophilum Dog2	apd	YYY_01205	NA	carbamoyl phosphate synthase large subunit	md:apd_M00051	I	246864	250124	-
Anaplasma phagocytophilum Dog2	apd	YYY_01870	NA	carbamoyl phosphate synthase small subunit	md:apd_M00051	I	388388	389485	-
Anaplasma phagocytophilum Dog2	apd	YYY_02475	NA	aspartate carbamoyltransferase	md:apd_M00051	I	527248	528150	-
Anaplasma phagocytophilum Dog2	apd	YYY_02565	NA	orotidine 5'-phosphate decarboxylase	md:apd_M00051	I	545637	546323	-
Anaplasma phagocytophilum Dog2	apd	YYY_04670	NA	diguanylate cyclase	md:apd_M00051	I	1069877	1070929	+
Anaplasma phagocytophilum Dog2	apd	YYY_05485	NA	orotate phosphoribosyltransferase	md:apd_M00051	I	1244189	1244803	+
Anaplasma phagocytophilum Dog2	apd	YYY_00175	pyrG	CTP synthetase	md:apd_M00052	I	34561	36186	-
Anaplasma phagocytophilum Dog2	apd	YYY_00565	pyrH	uridylate kinase	md:apd_M00052	I	117683	118417	+
Anaplasma phagocytophilum Dog2	apd	YYY_05695	ndk	nucleoside diphosphate kinase	md:apd_M00052	I	1289453	1289926	-
Anaplasma phagocytophilum Dog2	apd	YYY_01595	NA	ribonucleotide-diphosphate reductase subunit alpha	md:apd_M00053	I	313271	315088	+
Anaplasma phagocytophilum Dog2	apd	YYY_02705	NA	ribonucleotide-diphosphate reductase subunit beta	md:apd_M00053	I	587642	588613	+
Anaplasma phagocytophilum Dog2	apd	YYY_05695	ndk	nucleoside diphosphate kinase	md:apd_M00053	I	1289453	1289926	-
Anaplasma phagocytophilum Dog2	apd	YYY_00455	NA	malonyl CoA-ACP transacylase	md:apd_M00082	I	97940	98899	+
Anaplasma phagocytophilum Dog2	apd	YYY_01530	NA	3-oxoacyl-ACP synthase	md:apd_M00082	I	302084	303043	+
Anaplasma phagocytophilum Dog2	apd	YYY_02345	NA	enoyl-ACP reductase	md:apd_M00083	I	499574	500401	+
Anaplasma phagocytophilum Dog2	apd	YYY_03165	NA	3-oxoacyl-ACP synthase	md:apd_M00083	I	686321	687058	-
Anaplasma phagocytophilum Dog2	apd	YYY_04280	NA	3-oxoacyl-ACP synthase	md:apd_M00083	I	994037	995308	+
Anaplasma phagocytophilum Dog2	apd	YYY_04840	NA	2-nitropropane dioxygenase	md:apd_M00083	I	1110824	1111840	+
Anaplasma phagocytophilum Dog2	apd	YYY_05645	NA	3-hydroxyacyl-ACP dehydratase	md:apd_M00083	I	1278363	1278806	-
Anaplasma phagocytophilum Dog2	apd	YYY_06430	NA	1-acyl-sn-glycerol-3-phosphate acyltransferase	md:apd_M00089	I	1438204	1438929	+
Anaplasma phagocytophilum Dog2	apd	YYY_00580	NA	phosphatidate cytidylyltransferase	md:apd_M00093	I	119518	120225	+
Anaplasma phagocytophilum Dog2	apd	YYY_02635	NA	CDP-diacylglycerol--serine O-phosphatidyltransferase	md:apd_M00093	I	562348	563193	-
Anaplasma phagocytophilum Dog2	apd	YYY_02640	NA	phosphatidylserine decarboxylase	md:apd_M00093	I	563256	563939	-
Anaplasma phagocytophilum Dog2	apd	YYY_01860	NA	4-hydroxy-3-methylbut-2-enyl diphosphate reductase	md:apd_M00096	I	386846	387820	-
Anaplasma phagocytophilum Dog2	apd	YYY_02180	NA	1-deoxy-D-xylulose 5-phosphate reductoisomerase	md:apd_M00096	I	456640	457797	+
Anaplasma phagocytophilum Dog2	apd	YYY_02190	ispG	4-hydroxy-3-methylbut-2-en-1-yl diphosphate synthase	md:apd_M00096	I	459935	461137	+
Anaplasma phagocytophilum Dog2	apd	YYY_02760	NA	4-diphosphocytidyl-2C-methyl-D-erythritol kinase	md:apd_M00096	I	600843	601733	-
Anaplasma phagocytophilum Dog2	apd	YYY_05970	NA	2-C-methyl-D-erythritol 2,4-cyclodiphosphate synthase	md:apd_M00096	I	1346879	1347385	-
Anaplasma phagocytophilum Dog2	apd	YYY_05975	NA	2-C-methyl-D-erythritol 4-phosphate cytidylyltransferase	md:apd_M00096	I	1347607	1348317	-
Anaplasma phagocytophilum Dog2	apd	YYY_00080	NA	nicotinate-nucleotide pyrophosphorylase	md:apd_M00115	I	16610	17437	-
Anaplasma phagocytophilum Dog2	apd	YYY_00125	NA	quinolinate synthetase	md:apd_M00115	I	24534	25499	+
Anaplasma phagocytophilum Dog2	apd	YYY_03680	NA	hypothetical protein	md:apd_M00115	I	830118	830654	-
Anaplasma phagocytophilum Dog2	apd	YYY_03935	NA	hypothetical protein	md:apd_M00115	I	904229	906031	+
Anaplasma phagocytophilum Dog2	apd	YYY_04960	NA	ubiquinone/menaquinone biosynthesis methyltransferase	md:apd_M00116	I	1138787	1139482	+
Anaplasma phagocytophilum Dog2	apd	YYY_00050	NA	2-octaprenyl-3-methyl-6-methoxy-1,4-benzoquinol hydroxylase	md:apd_M00117	I	9321	10499	+
Anaplasma phagocytophilum Dog2	apd	YYY_01495	NA	4-hydroxybenzoate polyprenyltransferase	md:apd_M00117	I	296159	297037	+
Anaplasma phagocytophilum Dog2	apd	YYY_02880	NA	3-demethylubiquinone-9 3-methyltransferase	md:apd_M00117	I	631902	632612	-
Anaplasma phagocytophilum Dog2	apd	YYY_03520	NA	3-octaprenyl-4-hydroxybenzoate carboxy-lyase	md:apd_M00117	I	796085	796669	-
Anaplasma phagocytophilum Dog2	apd	YYY_04960	NA	ubiquinone/menaquinone biosynthesis methyltransferase	md:apd_M00117	I	1138787	1139482	+
Anaplasma phagocytophilum Dog2	apd	YYY_06375	NA	3-polyprenyl-4-hydroxybenzoate decarboxylase	md:apd_M00117	I	1425725	1427218	+
Anaplasma phagocytophilum Dog2	apd	YYY_00935	NA	glutathione synthetase	md:apd_M00118	I	192014	192934	+
Anaplasma phagocytophilum Dog2	apd	YYY_05760	NA	glutamate--cysteine ligase	md:apd_M00118	I	1303483	1304709	-
Anaplasma phagocytophilum Dog2	apd	YYY_01190	NA	phosphopantothenoylcysteine synthase/decarboxylase (dfp)	md:apd_M00120	I	243918	244637	-
Anaplasma phagocytophilum Dog2	apd	YYY_03095	NA	phosphopantetheine adenylyltransferase	md:apd_M00120	I	672499	673005	+
Anaplasma phagocytophilum Dog2	apd	YYY_03650	NA	hypothetical protein	md:apd_M00120	I	822777	823451	-
Anaplasma phagocytophilum Dog2	apd	YYY_04675	NA	pantothenate kinase	md:apd_M00120	I	1070938	1071729	+
Anaplasma phagocytophilum Dog2	apd	YYY_06075	NA	phosphopantothenoylcysteine decarboxylase	md:apd_M00120	I	1365045	1365578	-
Anaplasma phagocytophilum Dog2	apd	YYY_00100	NA	uroporphyrinogen decarboxylase	md:apd_M00121	I	19525	20556	-
Anaplasma phagocytophilum Dog2	apd	YYY_00350	NA	glutamyl-tRNA synthetase	md:apd_M00121	I	79071	80423	+
Anaplasma phagocytophilum Dog2	apd	YYY_01265	NA	ferrochelatase	md:apd_M00121	I	263671	264633	-
Anaplasma phagocytophilum Dog2	apd	YYY_01720	NA	hypothetical protein	md:apd_M00121	I	343623	344315	+
Anaplasma phagocytophilum Dog2	apd	YYY_02030	NA	glutamyl-tRNA synthetase	md:apd_M00121	I	424636	426042	-
Anaplasma phagocytophilum Dog2	apd	YYY_02095	NA	coproporphyrinogen III oxidase	md:apd_M00121	I	435887	436711	+
Anaplasma phagocytophilum Dog2	apd	YYY_03505	NA	porphobilinogen deaminase	md:apd_M00121	I	790785	791699	-
Anaplasma phagocytophilum Dog2	apd	YYY_03930	NA	delta-aminolevulinic acid dehydratase	md:apd_M00121	I	903237	904229	+
Anaplasma phagocytophilum Dog2	apd	YYY_06120	NA	membrane protein	md:apd_M00121	I	1375830	1376273	-
Anaplasma phagocytophilum Dog2	apd	YYY_01055	NA	biotin synthase	md:apd_M00123	I	216538	217506	-
Anaplasma phagocytophilum Dog2	apd	YYY_02390	NA	adenosylmethionine-8-amino-7-oxononanoate aminotransferase	md:apd_M00123	I	507803	509074	+
Anaplasma phagocytophilum Dog2	apd	YYY_04690	NA	8-amino-7-oxononanoate synthase	md:apd_M00123	I	1072953	1074089	+
Anaplasma phagocytophilum Dog2	apd	YYY_05745	NA	dethiobiotin synthetase	md:apd_M00123	I	1300463	1301140	+
Anaplasma phagocytophilum Dog2	apd	YYY_03675	NA	pyridoxine 5'-phosphate synthase	md:apd_M00124	I	829188	829889	-
Anaplasma phagocytophilum Dog2	apd	YYY_04650	NA	pyridoxine 5'-phosphate oxidase	md:apd_M00124	I	1064849	1065469	-
Anaplasma phagocytophilum Dog2	apd	YYY_00170	NA	riboflavin biosynthesis protein RibD	md:apd_M00125	I	33403	34497	+
Anaplasma phagocytophilum Dog2	apd	YYY_00525	NA	riboflavin synthase subunit alpha	md:apd_M00125	I	109190	109801	-
Anaplasma phagocytophilum Dog2	apd	YYY_02615	NA	6,7-dimethyl-8-ribityllumazine synthase	md:apd_M00125	I	558188	558646	-
Anaplasma phagocytophilum Dog2	apd	YYY_05425	NA	riboflavin biosynthesis protein RibF	md:apd_M00125	I	1227457	1228413	-
Anaplasma phagocytophilum Dog2	apd	YYY_06180	NA	GTP cyclohydrolase	md:apd_M00125	I	1387095	1388108	+
Anaplasma phagocytophilum Dog2	apd	YYY_06250	NA	3,4-dihydroxy-2-butanone 4-phosphate synthase	md:apd_M00125	I	1400227	1400856	-
Anaplasma phagocytophilum Dog2	apd	YYY_01030	NA	2-amino-4-hydroxy-6-hydroxymethyldihydropteridine pyrophosphokinase	md:apd_M00126	I	208297	208869	-
Anaplasma phagocytophilum Dog2	apd	YYY_01215	NA	dihydropteroate synthase	md:apd_M00126	I	251696	252508	-
Anaplasma phagocytophilum Dog2	apd	YYY_02990	NA	hypothetical protein	md:apd_M00126	I	653305	653655	+
Anaplasma phagocytophilum Dog2	apd	YYY_03325	NA	GTP cyclohydrolase	md:apd_M00126	I	726264	726872	-
Anaplasma phagocytophilum Dog2	apd	YYY_03510	NA	folylpolyglutamate synthase	md:apd_M00126	I	791896	793185	-
Anaplasma phagocytophilum Dog2	apd	YYY_03775	NA	GTP cyclohydrolase	md:apd_M00126	I	863784	864386	+
Anaplasma phagocytophilum Dog2	apd	YYY_00335	NA	thiamine biosynthesis protein ThiS	md:apd_M00127	I	77198	77407	+
Anaplasma phagocytophilum Dog2	apd	YYY_00340	NA	thiazole synthase	md:apd_M00127	I	77441	78226	+
Anaplasma phagocytophilum Dog2	apd	YYY_02850	NA	phosphomethylpyrimidine synthase	md:apd_M00127	I	625468	627141	-
Anaplasma phagocytophilum Dog2	apd	YYY_03455	NA	thiamine-monophosphate kinase	md:apd_M00127	I	779626	780582	+
Anaplasma phagocytophilum Dog2	apd	YYY_04415	NA	hypothetical protein	md:apd_M00127	I	1021238	1022266	-
Anaplasma phagocytophilum Dog2	apd	YYY_04575	NA	phosphomethylpyrimidine kinase	md:apd_M00127	I	1050006	1050803	-
Anaplasma phagocytophilum Dog2	apd	YYY_04170	NA	ubiquinone biosynthesis protein	md:apd_M00128	I	972649	973167	-
Anaplasma phagocytophilum Dog2	apd	YYY_02660	NA	extragenic suppressor protein	md:apd_M00131	I	573013	573783	+
Anaplasma phagocytophilum Dog2	apd	YYY_00755	NA	serine hydroxymethyltransferase	md:apd_M00140	I	155729	157006	+
Anaplasma phagocytophilum Dog2	apd	YYY_00855	NA	5,10-methylene-tetrahydrofolate dehydrogenase	md:apd_M00140	I	175911	176825	+
Anaplasma phagocytophilum Dog2	apd	YYY_02140	NA	NADH dehydrogenase	md:apd_M00144	I	448191	449471	+
Anaplasma phagocytophilum Dog2	apd	YYY_02155	NA	NADH dehydrogenase subunit J	md:apd_M00144	I	450703	451308	+
Anaplasma phagocytophilum Dog2	apd	YYY_02160	NA	NADH-quinone oxidoreductase	md:apd_M00144	I	451352	451678	+
Anaplasma phagocytophilum Dog2	apd	YYY_02165	NA	NADH:ubiquinone oxidoreductase subunit L	md:apd_M00144	I	451789	453675	+
Anaplasma phagocytophilum Dog2	apd	YYY_02170	NA	NADH dehydrogenase subunit M	md:apd_M00144	I	453672	455147	+
Anaplasma phagocytophilum Dog2	apd	YYY_02175	NA	NADH-quinone oxidoreductase subunit N	md:apd_M00144	I	455149	456543	+
Anaplasma phagocytophilum Dog2	apd	YYY_02530	NA	NADH:ubiquinone oxidoreductase subunit A	md:apd_M00144	I	538867	539229	+
Anaplasma phagocytophilum Dog2	apd	YYY_02535	NA	NADH dehydrogenase	md:apd_M00144	I	539220	539756	+
Anaplasma phagocytophilum Dog2	apd	YYY_02540	NA	NADH-quinone oxidoreductase subunit C	md:apd_M00144	I	539758	540324	+
Anaplasma phagocytophilum Dog2	apd	YYY_03345	NA	NADH:ubiquinone oxidoreductase subunit H	md:apd_M00144	I	742087	743154	-
Anaplasma phagocytophilum Dog2	apd	YYY_03350	NA	NADH dehydrogenase subunit G	md:apd_M00144	I	743156	745234	-
Anaplasma phagocytophilum Dog2	apd	YYY_03440	NA	NADH dehydrogenase subunit E	md:apd_M00144	I	775548	776063	-
Anaplasma phagocytophilum Dog2	apd	YYY_03445	NA	NADH dehydrogenase subunit D	md:apd_M00144	I	776060	777247	-
Anaplasma phagocytophilum Dog2	apd	YYY_03720	NA	NADH dehydrogenase subunit I	md:apd_M00144	I	844268	844762	-
Anaplasma phagocytophilum Dog2	apd	YYY_00770	NA	succinate dehydrogenase	md:apd_M00149	I	159781	161595	+
Anaplasma phagocytophilum Dog2	apd	YYY_00775	sdhB	succinate dehydrogenase iron-sulfur subunit	md:apd_M00149	I	161610	162398	+
Anaplasma phagocytophilum Dog2	apd	YYY_00785	NA	succinate dehydrogenase	md:apd_M00149	I	162559	164373	+
Anaplasma phagocytophilum Dog2	apd	YYY_00790	sdhB	succinate dehydrogenase iron-sulfur subunit	md:apd_M00149	I	164388	165176	+
Anaplasma phagocytophilum Dog2	apd	YYY_04600	NA	hypothetical protein	md:apd_M00149	I	1055320	1055610	-
Anaplasma phagocytophilum Dog2	apd	YYY_04605	NA	hypothetical protein	md:apd_M00149	I	1055653	1055934	-
Anaplasma phagocytophilum Dog2	apd	YYY_01985	NA	ubiquinol-cytochrome C reductase	md:apd_M00151	I	412937	413521	+
Anaplasma phagocytophilum Dog2	apd	YYY_01990	NA	cytochrome B	md:apd_M00151	I	413530	414756	+
Anaplasma phagocytophilum Dog2	apd	YYY_01995	NA	cytochrome C	md:apd_M00151	I	414758	415510	+
Anaplasma phagocytophilum Dog2	apd	YYY_01985	NA	ubiquinol-cytochrome C reductase	md:apd_M00152	I	412937	413521	+
Anaplasma phagocytophilum Dog2	apd	YYY_01990	NA	cytochrome B	md:apd_M00152	I	413530	414756	+
Anaplasma phagocytophilum Dog2	apd	YYY_01995	NA	cytochrome C	md:apd_M00152	I	414758	415510	+
Anaplasma phagocytophilum Dog2	apd	YYY_00615	NA	heme A synthase	md:apd_M00154	I	130952	131938	+
Anaplasma phagocytophilum Dog2	apd	YYY_05030	NA	protoheme IX farnesyltransferase	md:apd_M00154	I	1151250	1152140	+
Anaplasma phagocytophilum Dog2	apd	YYY_05370	NA	cytochrome C oxidase assembly protein	md:apd_M00154	I	1210828	1211379	+
Anaplasma phagocytophilum Dog2	apd	YYY_00095	NA	cytochrome C oxidase subunit III	md:apd_M00155	I	18605	19462	-
Anaplasma phagocytophilum Dog2	apd	YYY_05020	NA	cytochrome C oxidase subunit II	md:apd_M00155	I	1148830	1149618	+
Anaplasma phagocytophilum Dog2	apd	YYY_05025	NA	cytochrome C oxidase subunit I	md:apd_M00155	I	1149681	1151237	+
Anaplasma phagocytophilum Dog2	apd	YYY_02435	NA	hypothetical protein	md:apd_M00157	I	518543	518929	-
Anaplasma phagocytophilum Dog2	apd	YYY_02440	NA	F0F1 ATP synthase subunit beta	md:apd_M00157	I	519021	520490	-
Anaplasma phagocytophilum Dog2	apd	YYY_03330	NA	ATP synthase subunit gamma	md:apd_M00157	I	726877	727734	-
Anaplasma phagocytophilum Dog2	apd	YYY_03770	NA	hypothetical protein	md:apd_M00157	I	863183	863779	+
Anaplasma phagocytophilum Dog2	apd	YYY_05555	NA	hypothetical protein	md:apd_M00157	I	1261433	1261924	-
Anaplasma phagocytophilum Dog2	apd	YYY_05560	NA	hypothetical protein	md:apd_M00157	I	1261921	1262424	-
Anaplasma phagocytophilum Dog2	apd	YYY_05565	NA	F0F1 ATP synthase subunit C	md:apd_M00157	I	1262431	1262655	-
Anaplasma phagocytophilum Dog2	apd	YYY_05570	NA	F0F1 ATP synthase subunit A	md:apd_M00157	I	1262860	1263588	-
Anaplasma phagocytophilum Dog2	apd	YYY_06260	NA	F0F1 ATP synthase subunit alpha	md:apd_M00157	I	1401399	1402919	-
Anaplasma phagocytophilum Dog2	apd	YYY_06265	NA	ATP synthase subunit delta	md:apd_M00157	I	1402938	1403492	-
Anaplasma phagocytophilum Dog2	apd	YYY_01075	glpX	fructose 1,6-bisphosphatase	md:apd_M00165	I	219618	220553	+
Anaplasma phagocytophilum Dog2	apd	YYY_01290	NA	hypothetical protein	md:apd_M00165	I	267397	267846	-
Anaplasma phagocytophilum Dog2	apd	YYY_01635	NA	transketolase	md:apd_M00165	I	323602	325605	+
Anaplasma phagocytophilum Dog2	apd	YYY_03060	NA	ribose 5-phosphate isomerase	md:apd_M00165	I	665912	666388	-
Anaplasma phagocytophilum Dog2	apd	YYY_06190	NA	phosphoglycerate kinase	md:apd_M00165	I	1389501	1390655	+
Anaplasma phagocytophilum Dog2	apd	YYY_06330	gapA	glyceraldehyde-3-phosphate dehydrogenase	md:apd_M00165	I	1414790	1415800	-
Anaplasma phagocytophilum Dog2	apd	YYY_06190	NA	phosphoglycerate kinase	md:apd_M00166	I	1389501	1390655	+
Anaplasma phagocytophilum Dog2	apd	YYY_06330	gapA	glyceraldehyde-3-phosphate dehydrogenase	md:apd_M00166	I	1414790	1415800	-
Anaplasma phagocytophilum Dog2	apd	YYY_01075	glpX	fructose 1,6-bisphosphatase	md:apd_M00167	I	219618	220553	+
Anaplasma phagocytophilum Dog2	apd	YYY_01290	NA	hypothetical protein	md:apd_M00167	I	267397	267846	-
Anaplasma phagocytophilum Dog2	apd	YYY_01635	NA	transketolase	md:apd_M00167	I	323602	325605	+
Anaplasma phagocytophilum Dog2	apd	YYY_03060	NA	ribose 5-phosphate isomerase	md:apd_M00167	I	665912	666388	-
Anaplasma phagocytophilum Dog2	apd	YYY_02995	NA	malate dehydrogenase	md:apd_M00168	I	653718	654689	+
Anaplasma phagocytophilum Dog2	apd	YYY_00195	NA	malic enzyme	md:apd_M00169	I	39147	41402	+
Anaplasma phagocytophilum Dog2	apd	YYY_00900	NA	pyruvate phosphate dikinase	md:apd_M00169	I	183999	186623	-
Anaplasma phagocytophilum Dog2	apd	YYY_00900	NA	pyruvate phosphate dikinase	md:apd_M00171	I	183999	186623	-
Anaplasma phagocytophilum Dog2	apd	YYY_00195	NA	malic enzyme	md:apd_M00172	I	39147	41402	+
Anaplasma phagocytophilum Dog2	apd	YYY_00900	NA	pyruvate phosphate dikinase	md:apd_M00172	I	183999	186623	-
Anaplasma phagocytophilum Dog2	apd	YYY_00770	NA	succinate dehydrogenase	md:apd_M00173	I	159781	161595	+
Anaplasma phagocytophilum Dog2	apd	YYY_00775	sdhB	succinate dehydrogenase iron-sulfur subunit	md:apd_M00173	I	161610	162398	+
Anaplasma phagocytophilum Dog2	apd	YYY_00785	NA	succinate dehydrogenase	md:apd_M00173	I	162559	164373	+
Anaplasma phagocytophilum Dog2	apd	YYY_00790	sdhB	succinate dehydrogenase iron-sulfur subunit	md:apd_M00173	I	164388	165176	+
Anaplasma phagocytophilum Dog2	apd	YYY_00900	NA	pyruvate phosphate dikinase	md:apd_M00173	I	183999	186623	-
Anaplasma phagocytophilum Dog2	apd	YYY_01195	fumC	fumarate hydratase	md:apd_M00173	I	244702	246102	+
Anaplasma phagocytophilum Dog2	apd	YYY_02995	NA	malate dehydrogenase	md:apd_M00173	I	653718	654689	+
Anaplasma phagocytophilum Dog2	apd	YYY_04600	NA	hypothetical protein	md:apd_M00173	I	1055320	1055610	-
Anaplasma phagocytophilum Dog2	apd	YYY_04605	NA	hypothetical protein	md:apd_M00173	I	1055653	1055934	-
Anaplasma phagocytophilum Dog2	apd	YYY_04860	sucC	malate--CoA ligase subunit beta	md:apd_M00173	I	1114162	1115349	+
Anaplasma phagocytophilum Dog2	apd	YYY_04865	NA	succinyl-CoA synthetase subsunit alpha	md:apd_M00173	I	1115358	1116245	+
Anaplasma phagocytophilum Dog2	apd	YYY_05195	acnA	aconitate hydratase	md:apd_M00173	I	1176837	1179482	-
Anaplasma phagocytophilum Dog2	apd	YYY_05455	NA	isocitrate dehydrogenase	md:apd_M00173	I	1233985	1235418	-
Anaplasma phagocytophilum Dog2	apd	YYY_00315	NA	dihydrolipoamide dehydrogenase	md:apd_M00307	I	71997	73412	-
Anaplasma phagocytophilum Dog2	apd	YYY_00410	NA	pyruvate dehydrogenase E1 subunit alpha	md:apd_M00307	I	87535	88572	-
Anaplasma phagocytophilum Dog2	apd	YYY_01935	NA	dihydrolipoamide dehydrogenase	md:apd_M00307	I	405254	406660	+
Anaplasma phagocytophilum Dog2	apd	YYY_04940	NA	dihydrolipoamide dehydrogenase	md:apd_M00307	I	1132986	1134401	+
Anaplasma phagocytophilum Dog2	apd	YYY_05885	NA	branched-chain alpha-keto acid dehydrogenase subunit E2	md:apd_M00307	I	1330399	1331661	+
Anaplasma phagocytophilum Dog2	apd	YYY_06125	NA	pyruvate dehydrogenase subunit beta	md:apd_M00307	I	1376659	1377657	-
Anaplasma phagocytophilum Dog2	apd	YYY_06190	NA	phosphoglycerate kinase	md:apd_M00308	I	1389501	1390655	+
Anaplasma phagocytophilum Dog2	apd	YYY_06330	gapA	glyceraldehyde-3-phosphate dehydrogenase	md:apd_M00308	I	1414790	1415800	-
Anaplasma phagocytophilum Dog2	apd	YYY_00755	NA	serine hydroxymethyltransferase	md:apd_M00346	I	155729	157006	+
Anaplasma phagocytophilum Dog2	apd	YYY_02995	NA	malate dehydrogenase	md:apd_M00346	I	653718	654689	+
Anaplasma phagocytophilum Dog2	apd	YYY_03285	eno	enolase	md:apd_M00346	I	716649	717989	-
Anaplasma phagocytophilum Dog2	apd	YYY_01585	NA	geranyltranstransferase	md:apd_M00364	I	311863	312723	-
Anaplasma phagocytophilum Dog2	apd	YYY_00040	NA	S-adenosylmethionine synthetase	md:apd_M00368	I	7895	9073	-
Anaplasma phagocytophilum Dog2	apd	YYY_00280	NA	S-adenosylmethionine synthetase	md:apd_M00368	I	66266	67291	+
Anaplasma phagocytophilum Dog2	apd	YYY_01765	NA	propionyl-CoA carboxylase	md:apd_M00373	I	351632	353611	+
Anaplasma phagocytophilum Dog2	apd	YYY_02060	NA	methylmalonyl-CoA carboxyltransferase	md:apd_M00373	I	429315	430844	+
Anaplasma phagocytophilum Dog2	apd	YYY_00770	NA	succinate dehydrogenase	md:apd_M00374	I	159781	161595	+
Anaplasma phagocytophilum Dog2	apd	YYY_00775	sdhB	succinate dehydrogenase iron-sulfur subunit	md:apd_M00374	I	161610	162398	+
Anaplasma phagocytophilum Dog2	apd	YYY_00785	NA	succinate dehydrogenase	md:apd_M00374	I	162559	164373	+
Anaplasma phagocytophilum Dog2	apd	YYY_00790	sdhB	succinate dehydrogenase iron-sulfur subunit	md:apd_M00374	I	164388	165176	+
Anaplasma phagocytophilum Dog2	apd	YYY_02995	NA	malate dehydrogenase	md:apd_M00374	I	653718	654689	+
Anaplasma phagocytophilum Dog2	apd	YYY_04605	NA	hypothetical protein	md:apd_M00374	I	1055653	1055934	-
Anaplasma phagocytophilum Dog2	apd	YYY_04860	sucC	malate--CoA ligase subunit beta	md:apd_M00374	I	1114162	1115349	+
Anaplasma phagocytophilum Dog2	apd	YYY_04865	NA	succinyl-CoA synthetase subsunit alpha	md:apd_M00374	I	1115358	1116245	+
Anaplasma phagocytophilum Dog2	apd	YYY_00770	NA	succinate dehydrogenase	md:apd_M00376	I	159781	161595	+
Anaplasma phagocytophilum Dog2	apd	YYY_00775	sdhB	succinate dehydrogenase iron-sulfur subunit	md:apd_M00376	I	161610	162398	+
Anaplasma phagocytophilum Dog2	apd	YYY_00785	NA	succinate dehydrogenase	md:apd_M00376	I	162559	164373	+
Anaplasma phagocytophilum Dog2	apd	YYY_00790	sdhB	succinate dehydrogenase iron-sulfur subunit	md:apd_M00376	I	164388	165176	+
Anaplasma phagocytophilum Dog2	apd	YYY_01195	fumC	fumarate hydratase	md:apd_M00376	I	244702	246102	+
Anaplasma phagocytophilum Dog2	apd	YYY_04605	NA	hypothetical protein	md:apd_M00376	I	1055653	1055934	-
Anaplasma phagocytophilum Dog2	apd	YYY_00855	NA	5,10-methylene-tetrahydrofolate dehydrogenase	md:apd_M00377	I	175911	176825	+
Anaplasma phagocytophilum Dog2	apd	YYY_06315	NA	aspartate-semialdehyde dehydrogenase	md:apd_M00525	I	1411912	1412925	-
Anaplasma phagocytophilum Dog2	apd	YYY_06315	NA	aspartate-semialdehyde dehydrogenase	md:apd_M00526	I	1411912	1412925	-
Anaplasma phagocytophilum Dog2	apd	YYY_06315	NA	aspartate-semialdehyde dehydrogenase	md:apd_M00527	I	1411912	1412925	-
Anaplasma phagocytophilum Dog2	apd	YYY_00315	NA	dihydrolipoamide dehydrogenase	md:apd_M00532	I	71997	73412	-
Anaplasma phagocytophilum Dog2	apd	YYY_00755	NA	serine hydroxymethyltransferase	md:apd_M00532	I	155729	157006	+
Anaplasma phagocytophilum Dog2	apd	YYY_01935	NA	dihydrolipoamide dehydrogenase	md:apd_M00532	I	405254	406660	+
Anaplasma phagocytophilum Dog2	apd	YYY_04940	NA	dihydrolipoamide dehydrogenase	md:apd_M00532	I	1132986	1134401	+
Anaplasma phagocytophilum Dog2	apd	YYY_06190	NA	phosphoglycerate kinase	md:apd_M00552	I	1389501	1390655	+
Anaplasma phagocytophilum Dog2	apd	YYY_06330	gapA	glyceraldehyde-3-phosphate dehydrogenase	md:apd_M00552	I	1414790	1415800	-
Anaplasma phagocytophilum Dog2	apd	YYY_06560	NA	type VI secretion protein	md:apd_M00564	I	1463601	1464599	-
Anaplasma phagocytophilum Dog2	apd	YYY_00120	NA	hypothetical protein	md:apd_M00572	I	23719	24477	+
Anaplasma phagocytophilum Dog2	apd	YYY_02345	NA	enoyl-ACP reductase	md:apd_M00572	I	499574	500401	+
Anaplasma phagocytophilum Dog2	apd	YYY_03165	NA	3-oxoacyl-ACP synthase	md:apd_M00572	I	686321	687058	-
Anaplasma phagocytophilum Dog2	apd	YYY_04280	NA	3-oxoacyl-ACP synthase	md:apd_M00572	I	994037	995308	+
Anaplasma phagocytophilum Dog2	apd	YYY_05645	NA	3-hydroxyacyl-ACP dehydratase	md:apd_M00572	I	1278363	1278806	-
Anaplasma phagocytophilum Dog2	apd	YYY_01055	NA	biotin synthase	md:apd_M00573	I	216538	217506	-
Anaplasma phagocytophilum Dog2	apd	YYY_04690	NA	8-amino-7-oxononanoate synthase	md:apd_M00573	I	1072953	1074089	+
Anaplasma phagocytophilum Dog2	apd	YYY_05745	NA	dethiobiotin synthetase	md:apd_M00573	I	1300463	1301140	+
Anaplasma phagocytophilum Dog2	apd	YYY_05150	NA	membrane protein	md:apd_M00575	I	1166810	1168084	+
Anaplasma phagocytophilum Dog2	apd	YYY_01055	NA	biotin synthase	md:apd_M00577	I	216538	217506	-
Anaplasma phagocytophilum Dog2	apd	YYY_02390	NA	adenosylmethionine-8-amino-7-oxononanoate aminotransferase	md:apd_M00577	I	507803	509074	+
Anaplasma phagocytophilum Dog2	apd	YYY_04690	NA	8-amino-7-oxononanoate synthase	md:apd_M00577	I	1072953	1074089	+
Anaplasma phagocytophilum Dog2	apd	YYY_05745	NA	dethiobiotin synthetase	md:apd_M00577	I	1300463	1301140	+
Anaplasma phagocytophilum Dog2	apd	YYY_00040	NA	S-adenosylmethionine synthetase	md:apd_M00609	I	7895	9073	-
Anaplasma phagocytophilum Dog2	apd	YYY_00280	NA	S-adenosylmethionine synthetase	md:apd_M00609	I	66266	67291	+
Anaplasma phagocytophilum Dog2	apd	YYY_02995	NA	malate dehydrogenase	md:apd_M00620	I	653718	654689	+
Anaplasma phagocytophilum Dog2	apd	YYY_04860	sucC	malate--CoA ligase subunit beta	md:apd_M00620	I	1114162	1115349	+
Anaplasma phagocytophilum Dog2	apd	YYY_04865	NA	succinyl-CoA synthetase subsunit alpha	md:apd_M00620	I	1115358	1116245	+
Anaplasma phagocytophilum Dog2	apd	YYY_05150	NA	membrane protein	md:apd_M00696	I	1166810	1168084	+
Anaplasma phagocytophilum Dog2	apd	YYY_05150	NA	membrane protein	md:apd_M00697	I	1166810	1168084	+
Anaplasma phagocytophilum Dog2	apd	YYY_02995	NA	malate dehydrogenase	md:apd_M00740	I	653718	654689	+
Anaplasma phagocytophilum Dog2	apd	YYY_05195	acnA	aconitate hydratase	md:apd_M00740	I	1176837	1179482	-
Anaplasma phagocytophilum Dog2	apd	YYY_05455	NA	isocitrate dehydrogenase	md:apd_M00740	I	1233985	1235418	-
Anaplasma phagocytophilum Dog2	apd	YYY_05765	gltA	type II citrate synthase	md:apd_M00740	I	1305138	1306373	-
Anaplasma phagocytophilum Dog2	apd	YYY_01765	NA	propionyl-CoA carboxylase	md:apd_M00741	I	351632	353611	+
Anaplasma phagocytophilum Dog2	apd	YYY_02060	NA	methylmalonyl-CoA carboxyltransferase	md:apd_M00741	I	429315	430844	+
Anaplasma phagocytophilum Dog2	apd	YYY_02990	NA	hypothetical protein	md:apd_M00840	I	653305	653655	+
Anaplasma phagocytophilum Dog2	apd	YYY_03325	NA	GTP cyclohydrolase	md:apd_M00841	I	726264	726872	-
Anaplasma phagocytophilum Dog2	apd	YYY_03510	NA	folylpolyglutamate synthase	md:apd_M00841	I	791896	793185	-
Anaplasma phagocytophilum Dog2	apd	YYY_03775	NA	GTP cyclohydrolase	md:apd_M00841	I	863784	864386	+
Anaplasma phagocytophilum Dog2	apd	YYY_03325	NA	GTP cyclohydrolase	md:apd_M00842	I	726264	726872	-
Anaplasma phagocytophilum Dog2	apd	YYY_03775	NA	GTP cyclohydrolase	md:apd_M00842	I	863784	864386	+
Anaplasma phagocytophilum Dog2	apd	YYY_03325	NA	GTP cyclohydrolase	md:apd_M00843	I	726264	726872	-
Anaplasma phagocytophilum Dog2	apd	YYY_03775	NA	GTP cyclohydrolase	md:apd_M00843	I	863784	864386	+
Anaplasma phagocytophilum Dog2	apd	YYY_04355	argD	acetylornithine aminotransferase	md:apd_M00845	I	1007438	1008613	+
Anaplasma phagocytophilum Dog2	apd	YYY_01720	NA	hypothetical protein	md:apd_M00846	I	343623	344315	+
Anaplasma phagocytophilum Dog2	apd	YYY_03505	NA	porphobilinogen deaminase	md:apd_M00846	I	790785	791699	-
Anaplasma phagocytophilum Dog2	apd	YYY_03930	NA	delta-aminolevulinic acid dehydratase	md:apd_M00846	I	903237	904229	+
Anaplasma phagocytophilum Dog2	apd	YYY_03520	NA	3-octaprenyl-4-hydroxybenzoate carboxy-lyase	md:apd_M00849	I	796085	796669	-
Anaplasma phagocytophilum Dog2	apd	YYY_00100	NA	uroporphyrinogen decarboxylase	md:apd_M00868	I	19525	20556	-
Anaplasma phagocytophilum Dog2	apd	YYY_01265	NA	ferrochelatase	md:apd_M00868	I	263671	264633	-
Anaplasma phagocytophilum Dog2	apd	YYY_01720	NA	hypothetical protein	md:apd_M00868	I	343623	344315	+
Anaplasma phagocytophilum Dog2	apd	YYY_02095	NA	coproporphyrinogen III oxidase	md:apd_M00868	I	435887	436711	+
Anaplasma phagocytophilum Dog2	apd	YYY_03505	NA	porphobilinogen deaminase	md:apd_M00868	I	790785	791699	-
Anaplasma phagocytophilum Dog2	apd	YYY_03930	NA	delta-aminolevulinic acid dehydratase	md:apd_M00868	I	903237	904229	+
Anaplasma phagocytophilum Dog2	apd	YYY_05815	NA	5-aminolevulinate synthase	md:apd_M00868	I	1316464	1317708	-
Anaplasma phagocytophilum Dog2	apd	YYY_00455	NA	malonyl CoA-ACP transacylase	md:apd_M00873	I	97940	98899	+
Anaplasma phagocytophilum Dog2	apd	YYY_04280	NA	3-oxoacyl-ACP synthase	md:apd_M00873	I	994037	995308	+
Anaplasma phagocytophilum Dog2	apd	YYY_00455	NA	malonyl CoA-ACP transacylase	md:apd_M00874	I	97940	98899	+
Anaplasma phagocytophilum Dog2	apd	YYY_03165	NA	3-oxoacyl-ACP synthase	md:apd_M00874	I	686321	687058	-
Anaplasma phagocytophilum Dog2	apd	YYY_04280	NA	3-oxoacyl-ACP synthase	md:apd_M00874	I	994037	995308	+
Anaplasma phagocytophilum Dog2	apd	YYY_01180	NA	lipoate-protein ligase B	md:apd_M00881	I	241443	242069	+
Anaplasma phagocytophilum Dog2	apd	YYY_01785	NA	radical SAM protein	md:apd_M00881	I	360146	361033	+
Anaplasma phagocytophilum Dog2	apd	YYY_01785	NA	radical SAM protein	md:apd_M00882	I	360146	361033	+
Anaplasma phagocytophilum Dog2	apd	YYY_01785	NA	radical SAM protein	md:apd_M00883	I	360146	361033	+
Anaplasma phagocytophilum Dog2	apd	YYY_01785	NA	radical SAM protein	md:apd_M00884	I	360146	361033	+
Anaplasma phagocytophilum Dog2	apd	YYY_00335	NA	thiamine biosynthesis protein ThiS	md:apd_M00895	I	77198	77407	+
Anaplasma phagocytophilum Dog2	apd	YYY_00340	NA	thiazole synthase	md:apd_M00895	I	77441	78226	+
Anaplasma phagocytophilum Dog2	apd	YYY_01560	NA	thiamine biosynthesis protein	md:apd_M00895	I	308448	309506	+
Anaplasma phagocytophilum Dog2	apd	YYY_02850	NA	phosphomethylpyrimidine synthase	md:apd_M00895	I	625468	627141	-
Anaplasma phagocytophilum Dog2	apd	YYY_03455	NA	thiamine-monophosphate kinase	md:apd_M00895	I	779626	780582	+
Anaplasma phagocytophilum Dog2	apd	YYY_04415	NA	hypothetical protein	md:apd_M00895	I	1021238	1022266	-
Anaplasma phagocytophilum Dog2	apd	YYY_04575	NA	phosphomethylpyrimidine kinase	md:apd_M00895	I	1050006	1050803	-
Anaplasma phagocytophilum Dog2	apd	YYY_02850	NA	phosphomethylpyrimidine synthase	md:apd_M00896	I	625468	627141	-
Anaplasma phagocytophilum Dog2	apd	YYY_03455	NA	thiamine-monophosphate kinase	md:apd_M00896	I	779626	780582	+
Anaplasma phagocytophilum Dog2	apd	YYY_04415	NA	hypothetical protein	md:apd_M00896	I	1021238	1022266	-
Anaplasma phagocytophilum Dog2	apd	YYY_04575	NA	phosphomethylpyrimidine kinase	md:apd_M00896	I	1050006	1050803	-
Anaplasma phagocytophilum Dog2	apd	YYY_02850	NA	phosphomethylpyrimidine synthase	md:apd_M00897	I	625468	627141	-
Anaplasma phagocytophilum Dog2	apd	YYY_04415	NA	hypothetical protein	md:apd_M00899	I	1021238	1022266	-
Anaplasma phagocytophilum Dog2	apd	YYY_04575	NA	phosphomethylpyrimidine kinase	md:apd_M00899	I	1050006	1050803	-
Anaplasma phagocytophilum Dog2	apd	YYY_00525	NA	riboflavin synthase subunit alpha	md:apd_M00911	I	109190	109801	-
Anaplasma phagocytophilum Dog2	apd	YYY_02615	NA	6,7-dimethyl-8-ribityllumazine synthase	md:apd_M00911	I	558188	558646	-
Anaplasma phagocytophilum Dog2	apd	YYY_06180	NA	GTP cyclohydrolase	md:apd_M00911	I	1387095	1388108	+
Anaplasma phagocytophilum Dog2	apd	YYY_06250	NA	3,4-dihydroxy-2-butanone 4-phosphate synthase	md:apd_M00911	I	1400227	1400856	-
Anaplasma phagocytophilum Dog2	apd	YYY_00080	NA	nicotinate-nucleotide pyrophosphorylase	md:apd_M00912	I	16610	17437	-
Anaplasma phagocytophilum Dog2	apd	YYY_03680	NA	hypothetical protein	md:apd_M00912	I	830118	830654	-
Anaplasma phagocytophilum Dog2	apd	YYY_03935	NA	hypothetical protein	md:apd_M00912	I	904229	906031	+
Anaplasma phagocytophilum Dog2	apd	YYY_00100	NA	uroporphyrinogen decarboxylase	md:apd_M00926	I	19525	20556	-
Anaplasma phagocytophilum Dog2	apd	YYY_01265	NA	ferrochelatase	md:apd_M00926	I	263671	264633	-
Anaplasma phagocytophilum Dog2	apd	YYY_01720	NA	hypothetical protein	md:apd_M00926	I	343623	344315	+
Anaplasma phagocytophilum Dog2	apd	YYY_03505	NA	porphobilinogen deaminase	md:apd_M00926	I	790785	791699	-
Anaplasma phagocytophilum Dog2	apd	YYY_03930	NA	delta-aminolevulinic acid dehydratase	md:apd_M00926	I	903237	904229	+
Anaplasma phagocytophilum Dog2	apd	YYY_00460	NA	thymidylate kinase	md:apd_M00938	I	98886	99575	+
Anaplasma phagocytophilum Dog2	apd	YYY_00795	NA	FAD-dependent thymidylate synthase	md:apd_M00938	I	165177	166043	+
Anaplasma phagocytophilum Dog2	apd	YYY_01595	NA	ribonucleotide-diphosphate reductase subunit alpha	md:apd_M00938	I	313271	315088	+
Anaplasma phagocytophilum Dog2	apd	YYY_01855	NA	deoxyuridine 5'-triphosphate nucleotidohydrolase	md:apd_M00938	I	385886	386326	-
Anaplasma phagocytophilum Dog2	apd	YYY_02705	NA	ribonucleotide-diphosphate reductase subunit beta	md:apd_M00938	I	587642	588613	+
Anaplasma phagocytophilum Dog2	apd	YYY_05695	ndk	nucleoside diphosphate kinase	md:apd_M00938	I	1289453	1289926	-
Anaplasma phagocytophilum Dog2	apd	YYY_01055	NA	biotin synthase	md:apd_M00950	I	216538	217506	-
Anaplasma phagocytophilum Dog2	apd	YYY_04690	NA	8-amino-7-oxononanoate synthase	md:apd_M00950	I	1072953	1074089	+
Anaplasma phagocytophilum Dog2	apd	YYY_05745	NA	dethiobiotin synthetase	md:apd_M00950	I	1300463	1301140	+
