Bacteroides fragilis 638R	bfg	BF638R_0166	pfkA2	putative 6-phosphofructokinase 2	md:bfg_M00001	I	183377	184387	+
Bacteroides fragilis 638R	bfg	BF638R_0293	gpmI	putative 2,3-bisphosphoglycerate-independent phosphoglycerate mutase	md:bfg_M00001	I	312607	314121	+
Bacteroides fragilis 638R	bfg	BF638R_0558	glcK	putative ROK family transcriptional repressor	md:bfg_M00001	I	648496	649476	+
Bacteroides fragilis 638R	bfg	BF638R_0606	apgM	putative phosphoglycerate mutase	md:bfg_M00001	I	722495	723706	+
Bacteroides fragilis 638R	bfg	BF638R_0945	gap	putative glyceraldehyde 3-phosphate dehydrogenase	md:bfg_M00001	I	1157010	1158011	-
Bacteroides fragilis 638R	bfg	BF638R_1202	eno	putative heme-binding enolase	md:bfg_M00001	I	1447531	1448820	-
Bacteroides fragilis 638R	bfg	BF638R_1750	NA	putative transcriptional repressor	md:bfg_M00001	I	2060956	2061813	+
Bacteroides fragilis 638R	bfg	BF638R_2514	NA	putative hexokinase	md:bfg_M00001	I	2961085	2962293	-
Bacteroides fragilis 638R	bfg	BF638R_3116	fbaB	putative fructose-bisphosphate aldolase class I	md:bfg_M00001	I	3647024	3648076	-
Bacteroides fragilis 638R	bfg	BF638R_3117	gpmA	putative 2,3-bisphosphoglycerate-dependent phosphoglycerate mutase	md:bfg_M00001	I	3648235	3648981	-
Bacteroides fragilis 638R	bfg	BF638R_3133	pgk	putative phosphoglycerate kinase	md:bfg_M00001	I	3672104	3673363	+
Bacteroides fragilis 638R	bfg	BF638R_3162	fba	putative fructose-bisphosphate aldolase	md:bfg_M00001	I	3704072	3705076	-
Bacteroides fragilis 638R	bfg	BF638R_3563	pfkA1	putative 6-phosphofructokinase 1	md:bfg_M00001	I	4194420	4195409	+
Bacteroides fragilis 638R	bfg	BF638R_3626	pgiA	putative glucose-6-phosphate isomerase	md:bfg_M00001	I	4287038	4288375	+
Bacteroides fragilis 638R	bfg	BF638R_3804	tpiA	putative triosephosphate isomerase	md:bfg_M00001	I	4478619	4479374	-
Bacteroides fragilis 638R	bfg	BF638R_4359	pyk	putative pyruvate kinase	md:bfg_M00001	I	5161990	5163447	-
Bacteroides fragilis 638R	bfg	BF638R_0293	gpmI	putative 2,3-bisphosphoglycerate-independent phosphoglycerate mutase	md:bfg_M00002	I	312607	314121	+
Bacteroides fragilis 638R	bfg	BF638R_0606	apgM	putative phosphoglycerate mutase	md:bfg_M00002	I	722495	723706	+
Bacteroides fragilis 638R	bfg	BF638R_0945	gap	putative glyceraldehyde 3-phosphate dehydrogenase	md:bfg_M00002	I	1157010	1158011	-
Bacteroides fragilis 638R	bfg	BF638R_1202	eno	putative heme-binding enolase	md:bfg_M00002	I	1447531	1448820	-
Bacteroides fragilis 638R	bfg	BF638R_3117	gpmA	putative 2,3-bisphosphoglycerate-dependent phosphoglycerate mutase	md:bfg_M00002	I	3648235	3648981	-
Bacteroides fragilis 638R	bfg	BF638R_3133	pgk	putative phosphoglycerate kinase	md:bfg_M00002	I	3672104	3673363	+
Bacteroides fragilis 638R	bfg	BF638R_3804	tpiA	putative triosephosphate isomerase	md:bfg_M00002	I	4478619	4479374	-
Bacteroides fragilis 638R	bfg	BF638R_4359	pyk	putative pyruvate kinase	md:bfg_M00002	I	5161990	5163447	-
Bacteroides fragilis 638R	bfg	BF638R_0293	gpmI	putative 2,3-bisphosphoglycerate-independent phosphoglycerate mutase	md:bfg_M00003	I	312607	314121	+
Bacteroides fragilis 638R	bfg	BF638R_0606	apgM	putative phosphoglycerate mutase	md:bfg_M00003	I	722495	723706	+
Bacteroides fragilis 638R	bfg	BF638R_0945	gap	putative glyceraldehyde 3-phosphate dehydrogenase	md:bfg_M00003	I	1157010	1158011	-
Bacteroides fragilis 638R	bfg	BF638R_1202	eno	putative heme-binding enolase	md:bfg_M00003	I	1447531	1448820	-
Bacteroides fragilis 638R	bfg	BF638R_1853	NA	conserved hypothetical protein	md:bfg_M00003	I	2192072	2194066	+
Bacteroides fragilis 638R	bfg	BF638R_3116	fbaB	putative fructose-bisphosphate aldolase class I	md:bfg_M00003	I	3647024	3648076	-
Bacteroides fragilis 638R	bfg	BF638R_3117	gpmA	putative 2,3-bisphosphoglycerate-dependent phosphoglycerate mutase	md:bfg_M00003	I	3648235	3648981	-
Bacteroides fragilis 638R	bfg	BF638R_3133	pgk	putative phosphoglycerate kinase	md:bfg_M00003	I	3672104	3673363	+
Bacteroides fragilis 638R	bfg	BF638R_3162	fba	putative fructose-bisphosphate aldolase	md:bfg_M00003	I	3704072	3705076	-
Bacteroides fragilis 638R	bfg	BF638R_3804	tpiA	putative triosephosphate isomerase	md:bfg_M00003	I	4478619	4479374	-
Bacteroides fragilis 638R	bfg	BF638R_4326	pckA	putative phosphoenolpyruvate carboxykinase	md:bfg_M00003	I	5108095	5109702	+
Bacteroides fragilis 638R	bfg	BF638R_1109	NA	conserved hypothetical protein	md:bfg_M00004	I	1346888	1348042	-
Bacteroides fragilis 638R	bfg	BF638R_1661	rpiB	putative ribose 5-phosphate isomerase	md:bfg_M00004	I	1937580	1938014	-
Bacteroides fragilis 638R	bfg	BF638R_1662	tktB	putative transketolase	md:bfg_M00004	I	1938097	1940106	-
Bacteroides fragilis 638R	bfg	BF638R_1888	gnd	6-phosphogluconate dehydrogenase, decarboxylating	md:bfg_M00004	I	2228831	2230306	+
Bacteroides fragilis 638R	bfg	BF638R_1889	zwf	putative glucose-6-phosphate 1-dehydrogenase	md:bfg_M00004	I	2230321	2231817	+
Bacteroides fragilis 638R	bfg	BF638R_1890	pgl	putative 6-phosphogluconolactonase	md:bfg_M00004	I	2231814	2232530	+
Bacteroides fragilis 638R	bfg	BF638R_3108	tal	putative transaldolase	md:bfg_M00004	I	3630522	3631178	-
Bacteroides fragilis 638R	bfg	BF638R_3498	NA	putative ribose 5-phosphate isomerase	md:bfg_M00004	I	4132360	4133061	-
Bacteroides fragilis 638R	bfg	BF638R_3626	pgiA	putative glucose-6-phosphate isomerase	md:bfg_M00004	I	4287038	4288375	+
Bacteroides fragilis 638R	bfg	BF638R_3743	NA	putative ribulose-phosphate 3-epimerase	md:bfg_M00004	I	4406368	4407018	-
Bacteroides fragilis 638R	bfg	BF638R_2340	prs	ribose-phosphate pyrophosphokinase	md:bfg_M00005	I	2742969	2743886	-
Bacteroides fragilis 638R	bfg	BF638R_1109	NA	conserved hypothetical protein	md:bfg_M00006	I	1346888	1348042	-
Bacteroides fragilis 638R	bfg	BF638R_1888	gnd	6-phosphogluconate dehydrogenase, decarboxylating	md:bfg_M00006	I	2228831	2230306	+
Bacteroides fragilis 638R	bfg	BF638R_1889	zwf	putative glucose-6-phosphate 1-dehydrogenase	md:bfg_M00006	I	2230321	2231817	+
Bacteroides fragilis 638R	bfg	BF638R_1890	pgl	putative 6-phosphogluconolactonase	md:bfg_M00006	I	2231814	2232530	+
Bacteroides fragilis 638R	bfg	BF638R_1661	rpiB	putative ribose 5-phosphate isomerase	md:bfg_M00007	I	1937580	1938014	-
Bacteroides fragilis 638R	bfg	BF638R_1662	tktB	putative transketolase	md:bfg_M00007	I	1938097	1940106	-
Bacteroides fragilis 638R	bfg	BF638R_3108	tal	putative transaldolase	md:bfg_M00007	I	3630522	3631178	-
Bacteroides fragilis 638R	bfg	BF638R_3498	NA	putative ribose 5-phosphate isomerase	md:bfg_M00007	I	4132360	4133061	-
Bacteroides fragilis 638R	bfg	BF638R_3743	NA	putative ribulose-phosphate 3-epimerase	md:bfg_M00007	I	4406368	4407018	-
Bacteroides fragilis 638R	bfg	BF638R_1109	NA	conserved hypothetical protein	md:bfg_M00008	I	1346888	1348042	-
Bacteroides fragilis 638R	bfg	BF638R_1889	zwf	putative glucose-6-phosphate 1-dehydrogenase	md:bfg_M00008	I	2230321	2231817	+
Bacteroides fragilis 638R	bfg	BF638R_1890	pgl	putative 6-phosphogluconolactonase	md:bfg_M00008	I	2231814	2232530	+
Bacteroides fragilis 638R	bfg	BF638R_2727	NA	putative glyoxylate-related aldolase	md:bfg_M00008	I	3201028	3201696	-
Bacteroides fragilis 638R	bfg	BF638R_0023	pdhD	putative dihydrolipoamide dehydrogenase	md:bfg_M00009	I	27844	29187	+
Bacteroides fragilis 638R	bfg	BF638R_0537	mdh	putative malate dehydrogenase	md:bfg_M00009	I	622118	623119	-
Bacteroides fragilis 638R	bfg	BF638R_0646	fumB	putative fumarate hydratase class I, anaerobic	md:bfg_M00009	I	782428	784074	+
Bacteroides fragilis 638R	bfg	BF638R_1634	lpd	putative dihydrolipoamide dehydrogenase	md:bfg_M00009	I	1909274	1910623	+
Bacteroides fragilis 638R	bfg	BF638R_1636	NA	putative dihydrolipoamide acetyltransferase	md:bfg_M00009	I	1911832	1913199	+
Bacteroides fragilis 638R	bfg	BF638R_1655	NA	putative 2-oxoglutarate synthase subunit	md:bfg_M00009	I	1934052	1934594	-
Bacteroides fragilis 638R	bfg	BF638R_1656	NA	putative 2-oxoglutarate synthase subunit	md:bfg_M00009	I	1934613	1935374	-
Bacteroides fragilis 638R	bfg	BF638R_1658	NA	putative 2-oxoglutarate oxidoreductase	md:bfg_M00009	I	1935655	1936737	-
Bacteroides fragilis 638R	bfg	BF638R_1659	NA	putative ferredoxin	md:bfg_M00009	I	1936749	1936976	-
Bacteroides fragilis 638R	bfg	BF638R_2360	sucD	succinyl-CoA synthetase alpha chain	md:bfg_M00009	I	2767768	2768637	-
Bacteroides fragilis 638R	bfg	BF638R_2361	sucC	succinyl-CoA synthetase beta chain	md:bfg_M00009	I	2768634	2769782	-
Bacteroides fragilis 638R	bfg	BF638R_3567	NA	putative citrate synthase	md:bfg_M00009	I	4198549	4199892	-
Bacteroides fragilis 638R	bfg	BF638R_3568	icd	putative isocitrate dehydrogenase [NADP]	md:bfg_M00009	I	4199905	4201095	-
Bacteroides fragilis 638R	bfg	BF638R_3569	NA	putative aconitase	md:bfg_M00009	I	4201258	4203501	-
Bacteroides fragilis 638R	bfg	BF638R_3828	mdh	putative malate dehydrogenase	md:bfg_M00009	I	4513149	4514090	-
Bacteroides fragilis 638R	bfg	BF638R_4321	porA	putative 2-oxoglutarate ferredoxin oxidoreductase subunit	md:bfg_M00009	I	5101033	5102883	+
Bacteroides fragilis 638R	bfg	BF638R_4322	porB	putative 2-oxoglutarate synthase subunit	md:bfg_M00009	I	5102887	5103897	+
Bacteroides fragilis 638R	bfg	BF638R_4499	NA	fumarate reductase transmembrane cytochrome b subunit	md:bfg_M00009	I	5329376	5330068	+
Bacteroides fragilis 638R	bfg	BF638R_4500	NA	fumarate reductase	md:bfg_M00009	I	5330106	5332049	+
Bacteroides fragilis 638R	bfg	BF638R_4501	NA	fumarate reductase iron-sulfur protein	md:bfg_M00009	I	5332079	5332834	+
Bacteroides fragilis 638R	bfg	BF638R_3567	NA	putative citrate synthase	md:bfg_M00010	I	4198549	4199892	-
Bacteroides fragilis 638R	bfg	BF638R_3568	icd	putative isocitrate dehydrogenase [NADP]	md:bfg_M00010	I	4199905	4201095	-
Bacteroides fragilis 638R	bfg	BF638R_3569	NA	putative aconitase	md:bfg_M00010	I	4201258	4203501	-
Bacteroides fragilis 638R	bfg	BF638R_0023	pdhD	putative dihydrolipoamide dehydrogenase	md:bfg_M00011	I	27844	29187	+
Bacteroides fragilis 638R	bfg	BF638R_0537	mdh	putative malate dehydrogenase	md:bfg_M00011	I	622118	623119	-
Bacteroides fragilis 638R	bfg	BF638R_0646	fumB	putative fumarate hydratase class I, anaerobic	md:bfg_M00011	I	782428	784074	+
Bacteroides fragilis 638R	bfg	BF638R_1634	lpd	putative dihydrolipoamide dehydrogenase	md:bfg_M00011	I	1909274	1910623	+
Bacteroides fragilis 638R	bfg	BF638R_1636	NA	putative dihydrolipoamide acetyltransferase	md:bfg_M00011	I	1911832	1913199	+
Bacteroides fragilis 638R	bfg	BF638R_1655	NA	putative 2-oxoglutarate synthase subunit	md:bfg_M00011	I	1934052	1934594	-
Bacteroides fragilis 638R	bfg	BF638R_1656	NA	putative 2-oxoglutarate synthase subunit	md:bfg_M00011	I	1934613	1935374	-
Bacteroides fragilis 638R	bfg	BF638R_1658	NA	putative 2-oxoglutarate oxidoreductase	md:bfg_M00011	I	1935655	1936737	-
Bacteroides fragilis 638R	bfg	BF638R_1659	NA	putative ferredoxin	md:bfg_M00011	I	1936749	1936976	-
Bacteroides fragilis 638R	bfg	BF638R_2360	sucD	succinyl-CoA synthetase alpha chain	md:bfg_M00011	I	2767768	2768637	-
Bacteroides fragilis 638R	bfg	BF638R_2361	sucC	succinyl-CoA synthetase beta chain	md:bfg_M00011	I	2768634	2769782	-
Bacteroides fragilis 638R	bfg	BF638R_3828	mdh	putative malate dehydrogenase	md:bfg_M00011	I	4513149	4514090	-
Bacteroides fragilis 638R	bfg	BF638R_4321	porA	putative 2-oxoglutarate ferredoxin oxidoreductase subunit	md:bfg_M00011	I	5101033	5102883	+
Bacteroides fragilis 638R	bfg	BF638R_4322	porB	putative 2-oxoglutarate synthase subunit	md:bfg_M00011	I	5102887	5103897	+
Bacteroides fragilis 638R	bfg	BF638R_4499	NA	fumarate reductase transmembrane cytochrome b subunit	md:bfg_M00011	I	5329376	5330068	+
Bacteroides fragilis 638R	bfg	BF638R_4500	NA	fumarate reductase	md:bfg_M00011	I	5330106	5332049	+
Bacteroides fragilis 638R	bfg	BF638R_4501	NA	fumarate reductase iron-sulfur protein	md:bfg_M00011	I	5332079	5332834	+
Bacteroides fragilis 638R	bfg	BF638R_0537	mdh	putative malate dehydrogenase	md:bfg_M00012	I	622118	623119	-
Bacteroides fragilis 638R	bfg	BF638R_3567	NA	putative citrate synthase	md:bfg_M00012	I	4198549	4199892	-
Bacteroides fragilis 638R	bfg	BF638R_3569	NA	putative aconitase	md:bfg_M00012	I	4201258	4203501	-
Bacteroides fragilis 638R	bfg	BF638R_3828	mdh	putative malate dehydrogenase	md:bfg_M00012	I	4513149	4514090	-
Bacteroides fragilis 638R	bfg	BF638R_0778	NA	putative UDP-glucose 6-dehydrogenase	md:bfg_M00014	I	946722	948041	+
Bacteroides fragilis 638R	bfg	BF638R_1541	NA	UDP-glucose 6-dehydrogenase	md:bfg_M00014	I	1807265	1808602	+
Bacteroides fragilis 638R	bfg	BF638R_2366	NA	putative xylulose kinase	md:bfg_M00014	I	2772937	2774442	+
Bacteroides fragilis 638R	bfg	BF638R_2398	rkpK	UDP-glucose 6-dehydrogenase	md:bfg_M00014	I	2810997	2812310	+
Bacteroides fragilis 638R	bfg	BF638R_0507	proA	putative gamma-glutamyl phosphate reductase	md:bfg_M00015	I	590903	592150	-
Bacteroides fragilis 638R	bfg	BF638R_0508	proB	putative glutamate kinase	md:bfg_M00015	I	592163	593245	-
Bacteroides fragilis 638R	bfg	BF638R_0527	proC	putative pyrroline-5-carboxylate reductase	md:bfg_M00015	I	611933	612706	-
Bacteroides fragilis 638R	bfg	BF638R_0134	NA	putative dihydrodipicolinate reductase	md:bfg_M00016	I	141356	142084	-
Bacteroides fragilis 638R	bfg	BF638R_0450	asd	putative aspartate-semialdehyde dehydrogenase	md:bfg_M00016	I	536733	537743	-
Bacteroides fragilis 638R	bfg	BF638R_0528	argD	putative acetylornithine aminotransferase	md:bfg_M00016	I	612819	613943	-
Bacteroides fragilis 638R	bfg	BF638R_0573	lysC	putative aspartate kinase	md:bfg_M00016	I	672225	673643	-
Bacteroides fragilis 638R	bfg	BF638R_0605	thrA	putative aspartokinase I-homoserine dehydrogenase	md:bfg_M00016	I	720048	722483	+
Bacteroides fragilis 638R	bfg	BF638R_2446	dapA2	putative dihydrodipicolinate synthase	md:bfg_M00016	I	2873032	2873925	+
Bacteroides fragilis 638R	bfg	BF638R_2670	dapF	diaminopimelate epimerase	md:bfg_M00016	I	3140835	3141653	+
Bacteroides fragilis 638R	bfg	BF638R_2893	NA	putative diaminopimelate decarboxylase	md:bfg_M00016	I	3382744	3383907	-
Bacteroides fragilis 638R	bfg	BF638R_2894	NA	putative aspartokinase III	md:bfg_M00016	I	3384064	3385383	-
Bacteroides fragilis 638R	bfg	BF638R_0450	asd	putative aspartate-semialdehyde dehydrogenase	md:bfg_M00017	I	536733	537743	-
Bacteroides fragilis 638R	bfg	BF638R_0573	lysC	putative aspartate kinase	md:bfg_M00017	I	672225	673643	-
Bacteroides fragilis 638R	bfg	BF638R_0596	metA	putative homoserine O-succinyltransferase	md:bfg_M00017	I	707452	708369	+
Bacteroides fragilis 638R	bfg	BF638R_0605	thrA	putative aspartokinase I-homoserine dehydrogenase	md:bfg_M00017	I	720048	722483	+
Bacteroides fragilis 638R	bfg	BF638R_0971	patB	putative aminotransferase	md:bfg_M00017	I	1193777	1194961	+
Bacteroides fragilis 638R	bfg	BF638R_2189	NA	putative aminotransferase	md:bfg_M00017	I	2558775	2559938	+
Bacteroides fragilis 638R	bfg	BF638R_2703	NA	conserved hypothetical protein	md:bfg_M00017	I	3171372	3172349	-
Bacteroides fragilis 638R	bfg	BF638R_2894	NA	putative aspartokinase III	md:bfg_M00017	I	3384064	3385383	-
Bacteroides fragilis 638R	bfg	BF638R_3046	metH	putative 5-methyltetrahydrofolate--homocysteine methyltransferase	md:bfg_M00017	I	3564282	3567032	-
Bacteroides fragilis 638R	bfg	BF638R_0450	asd	putative aspartate-semialdehyde dehydrogenase	md:bfg_M00018	I	536733	537743	-
Bacteroides fragilis 638R	bfg	BF638R_0573	lysC	putative aspartate kinase	md:bfg_M00018	I	672225	673643	-
Bacteroides fragilis 638R	bfg	BF638R_0605	thrA	putative aspartokinase I-homoserine dehydrogenase	md:bfg_M00018	I	720048	722483	+
Bacteroides fragilis 638R	bfg	BF638R_0607	thrC	putative threonine synthase	md:bfg_M00018	I	723849	725150	+
Bacteroides fragilis 638R	bfg	BF638R_2894	NA	putative aspartokinase III	md:bfg_M00018	I	3384064	3385383	-
Bacteroides fragilis 638R	bfg	BF638R_2594	NA	putative acetolactate synthase	md:bfg_M00019	I	3049941	3051677	-
Bacteroides fragilis 638R	bfg	BF638R_3572	NA	putative reductoisomerase	md:bfg_M00019	I	4207898	4208986	-
Bacteroides fragilis 638R	bfg	BF638R_3576	NA	putative acetohydroxyacid synthase small subunit	md:bfg_M00019	I	4210369	4210929	-
Bacteroides fragilis 638R	bfg	BF638R_3577	ilvB	putative acetolactate synthase large subunit	md:bfg_M00019	I	4210943	4212640	-
Bacteroides fragilis 638R	bfg	BF638R_3578	ilvD	putative dihydroxy-acid dehydratase	md:bfg_M00019	I	4212696	4214498	-
Bacteroides fragilis 638R	bfg	BF638R_3846	NA	putative branched-chain amino acid aminotransferase	md:bfg_M00019	I	4535670	4536689	-
Bacteroides fragilis 638R	bfg	BF638R_2143	serC	putative phosphoserine aminotransferase	md:bfg_M00020	I	2509605	2510672	+
Bacteroides fragilis 638R	bfg	BF638R_2144	serA	putative D-3-phosphoglycerate dehydrogenase	md:bfg_M00020	I	2510786	2511706	+
Bacteroides fragilis 638R	bfg	BF638R_2401	NA	putative phosphoserine phosphatase	md:bfg_M00020	I	2814662	2815885	-
Bacteroides fragilis 638R	bfg	BF638R_0086	NA	putative serine acetyltransferase	md:bfg_M00021	I	91775	92674	-
Bacteroides fragilis 638R	bfg	BF638R_2810	NA	putative acetyltransferase	md:bfg_M00021	I	3298061	3298300	+
Bacteroides fragilis 638R	bfg	BF638R_3285	NA	putative cysteine synthase	md:bfg_M00021	I	3875019	3875969	-
Bacteroides fragilis 638R	bfg	BF638R_4523	cysK	putative cysteine synthase	md:bfg_M00021	I	5354570	5355517	-
Bacteroides fragilis 638R	bfg	BF638R_0184	NA	putative shikimate kinase	md:bfg_M00022	I	199803	200342	+
Bacteroides fragilis 638R	bfg	BF638R_0708	aroA	putative 3-phosphoshikimate 1-carboxyvinyltransferase	md:bfg_M00022	I	859243	860475	-
Bacteroides fragilis 638R	bfg	BF638R_0714	aroB	putative 3-dehydroquinate synthase	md:bfg_M00022	I	867492	868553	-
Bacteroides fragilis 638R	bfg	BF638R_0896	aroE	putative shikimate 5-dehydrogenase	md:bfg_M00022	I	1085249	1085992	-
Bacteroides fragilis 638R	bfg	BF638R_3607	aroC	putative chorismate synthase	md:bfg_M00022	I	4261450	4262526	+
Bacteroides fragilis 638R	bfg	BF638R_4360	aroQ	putative type II 3-dehydroquinate dehydratase	md:bfg_M00022	I	5163475	5163894	-
Bacteroides fragilis 638R	bfg	BF638R_1259	trpB	putative tryptophan synthase beta subunit	md:bfg_M00023	I	1509893	1511260	-
Bacteroides fragilis 638R	bfg	BF638R_2678	trpB	tryptophan synthase beta chain	md:bfg_M00023	I	3149344	3150516	+
Bacteroides fragilis 638R	bfg	BF638R_2679	trpE	anthranilate synthase component I	md:bfg_M00023	I	3150651	3152057	+
Bacteroides fragilis 638R	bfg	BF638R_2680	trpG	glutamine amidotransferase	md:bfg_M00023	I	3152201	3152806	+
Bacteroides fragilis 638R	bfg	BF638R_2681	trpD	anthranilate phosphoribosyltransferase	md:bfg_M00023	I	3152853	3153848	+
Bacteroides fragilis 638R	bfg	BF638R_2682	trpC	indole-3-glycerol phosphate synthase	md:bfg_M00023	I	3153874	3154686	+
Bacteroides fragilis 638R	bfg	BF638R_2683	trpF	N-(5'-phosphoribosyl)anthranilate isomerase	md:bfg_M00023	I	3154777	3155397	+
Bacteroides fragilis 638R	bfg	BF638R_2684	trpA	tryptophan synthase alpha chain	md:bfg_M00023	I	3155457	3156248	+
Bacteroides fragilis 638R	bfg	BF638R_3790	NA	putative prefrenate dehydratase	md:bfg_M00024	I	4460781	4461626	+
Bacteroides fragilis 638R	bfg	BF638R_3792	NA	putative chorismate mutase	md:bfg_M00024	I	4462808	4463869	+
Bacteroides fragilis 638R	bfg	BF638R_3792	NA	putative chorismate mutase	md:bfg_M00025	I	4462808	4463869	+
Bacteroides fragilis 638R	bfg	BF638R_0939	hisK	putative histidinol-phosphatase	md:bfg_M00026	I	1150714	1151502	-
Bacteroides fragilis 638R	bfg	BF638R_1596	NA	possible histidinol-phosphatase	md:bfg_M00026	I	1863114	1863947	+
Bacteroides fragilis 638R	bfg	BF638R_2896	hisI	histidine biosynthesis bifunctional protein	md:bfg_M00026	I	3386098	3386709	-
Bacteroides fragilis 638R	bfg	BF638R_2897	hisF	imidazole glycerol phosphate synthase subunit	md:bfg_M00026	I	3386898	3387650	-
Bacteroides fragilis 638R	bfg	BF638R_2898	hisA	imidazole-4-carboxamide isomerase	md:bfg_M00026	I	3387752	3388471	-
Bacteroides fragilis 638R	bfg	BF638R_2899	hisH	imidazole glycerol phosphate synthase subunit	md:bfg_M00026	I	3388511	3389101	-
Bacteroides fragilis 638R	bfg	BF638R_3034	hisB	putative histidine biosynthesis bifunctional protein	md:bfg_M00026	I	3551269	3552393	-
Bacteroides fragilis 638R	bfg	BF638R_3035	NA	putative histidine biosynthesis-related aminotransferase	md:bfg_M00026	I	3552399	3553436	-
Bacteroides fragilis 638R	bfg	BF638R_3036	hisD	putative histidinol dehydrogenase	md:bfg_M00026	I	3553433	3554719	-
Bacteroides fragilis 638R	bfg	BF638R_3037	hisG	putative histidine biosynthesis ATP phosphoribosyltransferase	md:bfg_M00026	I	3554755	3555606	-
Bacteroides fragilis 638R	bfg	BF638R_0459	gadB	putative glutamate decarboxylase	md:bfg_M00027	I	547054	548496	+
Bacteroides fragilis 638R	bfg	BF638R_0189	NA	putative acetylglutamate kinase	md:bfg_M00028	I	207927	208712	+
Bacteroides fragilis 638R	bfg	BF638R_0376	NA	putative peptidase/deacetylase	md:bfg_M00028	I	427136	428197	-
Bacteroides fragilis 638R	bfg	BF638R_0528	argD	putative acetylornithine aminotransferase	md:bfg_M00028	I	612819	613943	-
Bacteroides fragilis 638R	bfg	BF638R_0529	argC	putative acetylglutamyl phosphate reductase	md:bfg_M00028	I	613953	614921	-
Bacteroides fragilis 638R	bfg	BF638R_0521	argH	putative argininosuccinate lyase	md:bfg_M00029	I	604261	605604	+
Bacteroides fragilis 638R	bfg	BF638R_0530	argG	putative argininosuccinate synthase	md:bfg_M00029	I	614918	616123	-
Bacteroides fragilis 638R	bfg	BF638R_1248	NA	conserved hypothetical protein	md:bfg_M00030	I	1495854	1497047	-
Bacteroides fragilis 638R	bfg	BF638R_0023	pdhD	putative dihydrolipoamide dehydrogenase	md:bfg_M00032	I	27844	29187	+
Bacteroides fragilis 638R	bfg	BF638R_1634	lpd	putative dihydrolipoamide dehydrogenase	md:bfg_M00032	I	1909274	1910623	+
Bacteroides fragilis 638R	bfg	BF638R_1636	NA	putative dihydrolipoamide acetyltransferase	md:bfg_M00032	I	1911832	1913199	+
Bacteroides fragilis 638R	bfg	BF638R_0450	asd	putative aspartate-semialdehyde dehydrogenase	md:bfg_M00033	I	536733	537743	-
Bacteroides fragilis 638R	bfg	BF638R_0573	lysC	putative aspartate kinase	md:bfg_M00033	I	672225	673643	-
Bacteroides fragilis 638R	bfg	BF638R_2894	NA	putative aspartokinase III	md:bfg_M00033	I	3384064	3385383	-
Bacteroides fragilis 638R	bfg	BF638R_0058	metK	putative S-adenosylmethionine synthetase	md:bfg_M00034	I	59814	61106	+
Bacteroides fragilis 638R	bfg	BF638R_1105	NA	conserved hypothetical protein	md:bfg_M00034	I	1343410	1344222	+
Bacteroides fragilis 638R	bfg	BF638R_3428	NA	conserved hypothetical protein	md:bfg_M00034	I	4049672	4050238	-
Bacteroides fragilis 638R	bfg	BF638R_0058	metK	putative S-adenosylmethionine synthetase	md:bfg_M00035	I	59814	61106	+
Bacteroides fragilis 638R	bfg	BF638R_4345	sahH	putative adenosylhomocysteinase	md:bfg_M00035	I	5145307	5146770	+
Bacteroides fragilis 638R	bfg	BF638R_0023	pdhD	putative dihydrolipoamide dehydrogenase	md:bfg_M00036	I	27844	29187	+
Bacteroides fragilis 638R	bfg	BF638R_1634	lpd	putative dihydrolipoamide dehydrogenase	md:bfg_M00036	I	1909274	1910623	+
Bacteroides fragilis 638R	bfg	BF638R_1637	NA	putative 2-oxoisovalerate dehydrogenase, alpha and beta subunits	md:bfg_M00036	I	1913343	1915379	+
Bacteroides fragilis 638R	bfg	BF638R_3846	NA	putative branched-chain amino acid aminotransferase	md:bfg_M00036	I	4535670	4536689	-
Bacteroides fragilis 638R	bfg	BF638R_4358	NA	putative O-methyltransferase	md:bfg_M00039	I	5161343	5161981	-
Bacteroides fragilis 638R	bfg	BF638R_4003	hutH	putative histidine ammonia-lyase	md:bfg_M00045	I	4732457	4733953	-
Bacteroides fragilis 638R	bfg	BF638R_4005	hutI	putative imidazolonepropionase	md:bfg_M00045	I	4734614	4735867	-
Bacteroides fragilis 638R	bfg	BF638R_4006	ftcD	putative formimidoyltransferase-cyclodeaminase	md:bfg_M00045	I	4735874	4736776	-
Bacteroides fragilis 638R	bfg	BF638R_4007	hutU	putative urocanate hydratase	md:bfg_M00045	I	4736845	4738830	-
Bacteroides fragilis 638R	bfg	BF638R_0083	purD	putative phosphoribosylamine--glycine ligase	md:bfg_M00048	I	86766	88040	-
Bacteroides fragilis 638R	bfg	BF638R_0170	purN	putative phosphoribosylglycinamide formyltransferase	md:bfg_M00048	I	186896	187519	+
Bacteroides fragilis 638R	bfg	BF638R_0891	purM	possible phosphoribosylformylglycinamidine cyclo-ligase	md:bfg_M00048	I	1080949	1082115	-
Bacteroides fragilis 638R	bfg	BF638R_0898	purC	putative succinoaminoimidazolecarboximide ribonucleotide (SAICAR) synthetase	md:bfg_M00048	I	1086878	1087822	-
Bacteroides fragilis 638R	bfg	BF638R_1303	purF	putative amidophosphoribosyltransferase precursor	md:bfg_M00048	I	1558402	1559808	+
Bacteroides fragilis 638R	bfg	BF638R_2284	purT	phosphoribosylglycinamide formyltransferase 2	md:bfg_M00048	I	2674792	2675958	+
Bacteroides fragilis 638R	bfg	BF638R_2651	NA	putative phosphoribosylpyrophosphate amidotransferase	md:bfg_M00048	I	3120905	3122788	-
Bacteroides fragilis 638R	bfg	BF638R_2695	NA	putative IMP cyclohydrolase	md:bfg_M00048	I	3165576	3166751	+
Bacteroides fragilis 638R	bfg	BF638R_3179	NA	putative phosphoribosylformylglycinamidine synthase	md:bfg_M00048	I	3732166	3735915	+
Bacteroides fragilis 638R	bfg	BF638R_3867	purB	putative adenylosuccinate lyase	md:bfg_M00048	I	4553010	4554386	-
Bacteroides fragilis 638R	bfg	BF638R_3956	purH	putative bifunctional purine biosynthesis protein	md:bfg_M00048	I	4662893	4664416	-
Bacteroides fragilis 638R	bfg	BF638R_4245	purE	putative transmembrane phosphoribosylaminoimidazole carboxylase	md:bfg_M00048	I	4989912	4990418	+
Bacteroides fragilis 638R	bfg	BF638R_1103	NA	putative adenylate kinase	md:bfg_M00049	I	1341594	1342163	+
Bacteroides fragilis 638R	bfg	BF638R_3275	purA	putative adenylosuccinate synthetase	md:bfg_M00049	I	3864768	3866039	-
Bacteroides fragilis 638R	bfg	BF638R_3808	NA	putative nucleoside diphosphate kinase	md:bfg_M00049	I	4482295	4482759	-
Bacteroides fragilis 638R	bfg	BF638R_3867	purB	putative adenylosuccinate lyase	md:bfg_M00049	I	4553010	4554386	-
Bacteroides fragilis 638R	bfg	BF638R_0947	guaA	putative GMP synthase [glutamine-hydrolyzing]	md:bfg_M00050	I	1158622	1160145	+
Bacteroides fragilis 638R	bfg	BF638R_3370	impDH	putative inosine-5'-monophosphate dehydrogenase (GMP biosynthesis)	md:bfg_M00050	I	3984950	3986443	-
Bacteroides fragilis 638R	bfg	BF638R_3524	gmk	putative guanylate kinase	md:bfg_M00050	I	4155863	4156477	+
Bacteroides fragilis 638R	bfg	BF638R_3808	NA	putative nucleoside diphosphate kinase	md:bfg_M00050	I	4482295	4482759	-
Bacteroides fragilis 638R	bfg	BF638R_3931	guaB	putative inosine-5'-monophosphate dehydrogenase	md:bfg_M00050	I	4629074	4630549	-
Bacteroides fragilis 638R	bfg	BF638R_0519	pyrE	putative orotate phosphoribosyltransferase	md:bfg_M00051	I	603107	603745	+
Bacteroides fragilis 638R	bfg	BF638R_0889	pyrF	putative orotidine 5'-phosphate decarboxylase	md:bfg_M00051	I	1078900	1079724	-
Bacteroides fragilis 638R	bfg	BF638R_2276	pyrD2	putative dihydroorotate dehydrogenase, catalytic subunit	md:bfg_M00051	I	2665691	2666686	+
Bacteroides fragilis 638R	bfg	BF638R_2319	pyrI	aspartate carbamoyltransferase regulatory chain	md:bfg_M00051	I	2716660	2717121	-
Bacteroides fragilis 638R	bfg	BF638R_2320	pyrB	aspartate carbamoyltransferase catalytic chain	md:bfg_M00051	I	2717126	2718052	-
Bacteroides fragilis 638R	bfg	BF638R_2442	pyrD1	putative dihydroorotate dehydrogenase, catalytic subunit	md:bfg_M00051	I	2869048	2869959	+
Bacteroides fragilis 638R	bfg	BF638R_2649	carB1	putative carbamoyl-phosphate synthase large chain 1	md:bfg_M00051	I	3116401	3119631	-
Bacteroides fragilis 638R	bfg	BF638R_2650	carA	putative carbamoyl-phosphate synthase small chain	md:bfg_M00051	I	3119794	3120870	-
Bacteroides fragilis 638R	bfg	BF638R_2834	NA	putative dihydroorotate dehydrogenase	md:bfg_M00051	I	3321762	3322736	+
Bacteroides fragilis 638R	bfg	BF638R_2972	NA	putative allantoinase	md:bfg_M00051	I	3479987	3481366	+
Bacteroides fragilis 638R	bfg	BF638R_3883	carB2	putative carbamoyl-phosphate synthase large chain 2	md:bfg_M00051	I	4575127	4578348	-
Bacteroides fragilis 638R	bfg	BF638R_0669	pyrH	putative uridylate kinase	md:bfg_M00052	I	815385	816095	-
Bacteroides fragilis 638R	bfg	BF638R_2618	NA	CTP synthase	md:bfg_M00052	I	3076277	3077878	+
Bacteroides fragilis 638R	bfg	BF638R_3808	NA	putative nucleoside diphosphate kinase	md:bfg_M00052	I	4482295	4482759	-
Bacteroides fragilis 638R	bfg	BF638R_2722	NA	putative ribonucleoside-diphosphate reductase alpha chain	md:bfg_M00053	I	3195374	3197893	+
Bacteroides fragilis 638R	bfg	BF638R_2723	NA	putative ribonucleoside-diphosphate reductase beta chain	md:bfg_M00053	I	3197919	3198968	+
Bacteroides fragilis 638R	bfg	BF638R_3692	NA	putative ribonucleoside reductase	md:bfg_M00053	I	4344146	4346794	+
Bacteroides fragilis 638R	bfg	BF638R_3808	NA	putative nucleoside diphosphate kinase	md:bfg_M00053	I	4482295	4482759	-
Bacteroides fragilis 638R	bfg	BF638R_0493	NA	putative UDP-2,3-diacylglucosamine hydrolase	md:bfg_M00060	I	578311	579075	+
Bacteroides fragilis 638R	bfg	BF638R_0742	lpxB	putative lipid-A-disaccharide synthase	md:bfg_M00060	I	905771	906904	+
Bacteroides fragilis 638R	bfg	BF638R_0885	lpxA	putative acyl-[acyl-carrier-protein]--UDP-N-acetylglucosamine O-acyltransferase	md:bfg_M00060	I	1074381	1075148	-
Bacteroides fragilis 638R	bfg	BF638R_0887	lpxD	putative UDP-3-O-[3-hydroxymyristoyl] glucosamine N-acyltransferase	md:bfg_M00060	I	1076548	1077588	-
Bacteroides fragilis 638R	bfg	BF638R_3307	NA	putative tetraacyldisaccharide kinase (lipid A biosynthesis) related protein	md:bfg_M00060	I	3908523	3909653	+
Bacteroides fragilis 638R	bfg	BF638R_3699	NA	putative lipd A biosynthesis related exported protein	md:bfg_M00060	I	4354831	4355727	-
Bacteroides fragilis 638R	bfg	BF638R_4066	kdtA	3-deoxy-D-manno-octulosonic-acid transferase	md:bfg_M00060	I	4782214	4783434	-
Bacteroides fragilis 638R	bfg	BF638R_0129	uxuA	putative mannonate dehydratase	md:bfg_M00061	I	135970	137178	-
Bacteroides fragilis 638R	bfg	BF638R_2394	uxaC	uronate isomerase	md:bfg_M00061	I	2806863	2808269	-
Bacteroides fragilis 638R	bfg	BF638R_2727	NA	putative glyoxylate-related aldolase	md:bfg_M00061	I	3201028	3201696	-
Bacteroides fragilis 638R	bfg	BF638R_2728	NA	putative kinase	md:bfg_M00061	I	3201743	3202768	-
Bacteroides fragilis 638R	bfg	BF638R_0124	NA	putative sugar isomerase SIS-domain protein	md:bfg_M00063	I	132044	132649	-
Bacteroides fragilis 638R	bfg	BF638R_1000	kdsA	putative 2-dehydro-3-deoxyphosphooctonate aldolase	md:bfg_M00063	I	1223222	1224025	-
Bacteroides fragilis 638R	bfg	BF638R_2334	NA	putative lipopolysaccharide biosynthesis	md:bfg_M00063	I	2735247	2736077	-
Bacteroides fragilis 638R	bfg	BF638R_3146	NA	putative lipopolysaccharide biosynthesis-related protein	md:bfg_M00063	I	3686679	3687200	-
Bacteroides fragilis 638R	bfg	BF638R_1443	NA	putative Nucleoside diphosphate sugar epimerase	md:bfg_M00064	I	1705985	1706941	+
Bacteroides fragilis 638R	bfg	BF638R_1444	NA	putative histidine biosynthesis protein	md:bfg_M00064	I	1707472	1708011	+
Bacteroides fragilis 638R	bfg	BF638R_1445	NA	putative phosphoheptose isomerase	md:bfg_M00064	I	1708016	1708660	+
Bacteroides fragilis 638R	bfg	BF638R_3871	NA	putative exported hyaluronidase	md:bfg_M00076	I	4558585	4560804	+
Bacteroides fragilis 638R	bfg	BF638R_3871	NA	putative exported hyaluronidase	md:bfg_M00077	I	4558585	4560804	+
Bacteroides fragilis 638R	bfg	BF638R_0648	nagLU	putative alpha-N-acetylglucosaminidase	md:bfg_M00078	I	785377	787533	+
Bacteroides fragilis 638R	bfg	BF638R_0386	nahA	putative exported beta-hexosaminidase	md:bfg_M00079	I	441313	442848	-
Bacteroides fragilis 638R	bfg	BF638R_0711	NA	putative glycosyl hydrolase, beta-N-acetylhexosaminidase	md:bfg_M00079	I	863095	865056	+
Bacteroides fragilis 638R	bfg	BF638R_1016	NA	putative beta-N-acetylhexosaminidase	md:bfg_M00079	I	1241936	1244380	-
Bacteroides fragilis 638R	bfg	BF638R_1733	nahB	beta-N-acetylhexosaminidase	md:bfg_M00079	I	2036265	2038589	+
Bacteroides fragilis 638R	bfg	BF638R_1735	nahC	beta-N-acetylhexosaminidase	md:bfg_M00079	I	2039882	2041954	+
Bacteroides fragilis 638R	bfg	BF638R_2251	NA	putative hydrolase exported protein	md:bfg_M00079	I	2626446	2628023	-
Bacteroides fragilis 638R	bfg	BF638R_3111	NA	putative exported glycosyl hydrolase	md:bfg_M00079	I	3636251	3638566	-
Bacteroides fragilis 638R	bfg	BF638R_3114	NA	putative exported hexosaminidase	md:bfg_M00079	I	3642198	3643847	-
Bacteroides fragilis 638R	bfg	BF638R_3685	NA	putative glycosyl hydrolase lipoprotein	md:bfg_M00079	I	4334980	4337286	+
Bacteroides fragilis 638R	bfg	BF638R_4105	NA	putative beta-hexosaminidase precursor	md:bfg_M00079	I	4828906	4831266	+
Bacteroides fragilis 638R	bfg	BF638R_1458	NA	putative 3-oxoacyl-[acyl-carrier-protein] synthase III	md:bfg_M00082	I	1717500	1718501	+
Bacteroides fragilis 638R	bfg	BF638R_1626	accC1	putative biotin carboxylase 1	md:bfg_M00082	I	1901183	1902694	+
Bacteroides fragilis 638R	bfg	BF638R_2362	fabD	malonyl CoA-acyl carrier protein transacylase	md:bfg_M00082	I	2769988	2770875	-
Bacteroides fragilis 638R	bfg	BF638R_3073	NA	putative 3-oxoacyl-(acyl-carrier-protein) synthase III	md:bfg_M00082	I	3588649	3589662	+
Bacteroides fragilis 638R	bfg	BF638R_3365	accC2	putative biotin carboxylase 2	md:bfg_M00082	I	3978194	3979708	+
Bacteroides fragilis 638R	bfg	BF638R_3944	fabH	Putative 3-oxoacyl-[acyl-carrier-protein] synthase II (EC 2.3.1.41)	md:bfg_M00082	I	4643733	4644737	-
Bacteroides fragilis 638R	bfg	BF638R_0168	NA	putative 3-oxoacyl-[acyl-carrier-protein] synthase II	md:bfg_M00083	I	185283	186545	-
Bacteroides fragilis 638R	bfg	BF638R_0886	lpxC	UDP-3-O-[3-hydroxymyristoyl] N-acetylglucosamine deacetylase	md:bfg_M00083	I	1075159	1076544	-
Bacteroides fragilis 638R	bfg	BF638R_0953	NA	putative enoyl-[acyl-carrier-protein] reductase [NADH]	md:bfg_M00083	I	1174407	1175264	+
Bacteroides fragilis 638R	bfg	BF638R_1489	NA	putative dioxygenase	md:bfg_M00083	I	1744800	1745744	+
Bacteroides fragilis 638R	bfg	BF638R_1554	NA	putative oxidoreductase	md:bfg_M00083	I	1820157	1820999	+
Bacteroides fragilis 638R	bfg	BF638R_3971	fabG	putative 3-oxoacyl-[acyl-carrier protein] reductase	md:bfg_M00083	I	4688607	4689353	-
Bacteroides fragilis 638R	bfg	BF638R_0377	fadD	putative AMP binding long chain acyl-CoA synthetase	md:bfg_M00086	I	428386	430191	+
Bacteroides fragilis 638R	bfg	BF638R_1855	NA	conserved hypothetical protein	md:bfg_M00086	I	2195423	2197081	-
Bacteroides fragilis 638R	bfg	BF638R_2259	NA	putative ligase	md:bfg_M00086	I	2640466	2642130	-
Bacteroides fragilis 638R	bfg	BF638R_3701	NA	putative long-chain-fatty-acid--CoA ligase	md:bfg_M00086	I	4357478	4359151	+
Bacteroides fragilis 638R	bfg	BF638R_2991	NA	putative phospholipids biosynthesis-related protein	md:bfg_M00089	I	3499210	3500058	+
Bacteroides fragilis 638R	bfg	BF638R_0681	NA	putative phosphatidylserine synthase	md:bfg_M00093	I	823825	824535	-
Bacteroides fragilis 638R	bfg	BF638R_0682	psd	putative phosphatidylserine decarboxylase proenzyme	md:bfg_M00093	I	824545	825231	-
Bacteroides fragilis 638R	bfg	BF638R_0744	cdsA	putative phosphatidate cytidylyltransferase	md:bfg_M00093	I	907850	908689	-
Bacteroides fragilis 638R	bfg	BF638R_3417	NA	putative cytidylyltransferase	md:bfg_M00093	I	4040237	4041193	-
Bacteroides fragilis 638R	bfg	BF638R_0854	dxs	putative 1-deoxy-D-xylulose 5-phosphate synthase	md:bfg_M00096	I	1029328	1031274	-
Bacteroides fragilis 638R	bfg	BF638R_2604	NA	putative terpenoid biosynthesis-related protein	md:bfg_M00096	I	3063097	3063921	+
Bacteroides fragilis 638R	bfg	BF638R_3515	NA	putative terpenoid biosynthesis related reductoisomerase	md:bfg_M00096	I	4148603	4149769	-
Bacteroides fragilis 638R	bfg	BF638R_3562	NA	putative isoprene biosynthesis related reductase protein	md:bfg_M00096	I	4193483	4194355	+
Bacteroides fragilis 638R	bfg	BF638R_3810	NA	putative terpenoid biosynthesis-related protein	md:bfg_M00096	I	4485074	4485733	-
Bacteroides fragilis 638R	bfg	BF638R_3855	NA	putative 2-C-methyl-D-erythritol 2,4-cyclodiphosphate synthase	md:bfg_M00096	I	4543594	4544073	-
Bacteroides fragilis 638R	bfg	BF638R_4171	NA	putative 1-deoxy-D-xylulose 5-phosphate synthase	md:bfg_M00096	I	4907776	4909536	-
Bacteroides fragilis 638R	bfg	BF638R_4246	NA	putative GcpE terpenoid biosynthesis protein	md:bfg_M00096	I	4990423	4992303	+
Bacteroides fragilis 638R	bfg	BF638R_1666	NA	putative mannose-6-phosphate isomerase	md:bfg_M00114	I	1944188	1945159	+
Bacteroides fragilis 638R	bfg	BF638R_0021	nadB	putative exported L-aspartate oxidase	md:bfg_M00115	I	25760	27331	-
Bacteroides fragilis 638R	bfg	BF638R_1484	nadC	putative nicotinate-nucleotide pyrophosphorylase [carboxylating] (quinolinate phosphoribosyltransferase [decarboxylating])	md:bfg_M00115	I	1740790	1741629	+
Bacteroides fragilis 638R	bfg	BF638R_3029	NA	putative glutamine-dependent NAD+ synthetase	md:bfg_M00115	I	3542798	3544723	+
Bacteroides fragilis 638R	bfg	BF638R_3525	nadD	putative nicotinate-nucleotide adenylyltransferase	md:bfg_M00115	I	4156509	4157114	+
Bacteroides fragilis 638R	bfg	BF638R_4535	nadA	putative quinolinate synthetase A	md:bfg_M00115	I	5371739	5372731	-
Bacteroides fragilis 638R	bfg	BF638R_0897	ubiE	putative ubiquinone/menaquinone biosynthesis methyltransferase	md:bfg_M00116	I	1086019	1086756	-
Bacteroides fragilis 638R	bfg	BF638R_1316	menD	putative menaquinone biosynthesis protein	md:bfg_M00116	I	1574873	1576540	+
Bacteroides fragilis 638R	bfg	BF638R_1318	menB	putative naphthoate synthase	md:bfg_M00116	I	1577568	1578392	+
Bacteroides fragilis 638R	bfg	BF638R_1320	menE	putative O-succinylbenzoate--CoA ligase	md:bfg_M00116	I	1579474	1580568	+
Bacteroides fragilis 638R	bfg	BF638R_3527	NA	putative prenyltransferase	md:bfg_M00116	I	4158270	4159166	+
Bacteroides fragilis 638R	bfg	BF638R_0897	ubiE	putative ubiquinone/menaquinone biosynthesis methyltransferase	md:bfg_M00117	I	1086019	1086756	-
Bacteroides fragilis 638R	bfg	BF638R_0985	panC	putative pantoate--beta-alanine ligase	md:bfg_M00119	I	1208632	1209480	+
Bacteroides fragilis 638R	bfg	BF638R_0986	panD	putative aspartate 1-decarboxylase precursor	md:bfg_M00119	I	1209503	1209856	+
Bacteroides fragilis 638R	bfg	BF638R_2278	panB	3-methyl-2-oxobutanoate hydroxymethyltransferase	md:bfg_M00119	I	2667521	2668342	+
Bacteroides fragilis 638R	bfg	BF638R_3846	NA	putative branched-chain amino acid aminotransferase	md:bfg_M00119	I	4535670	4536689	-
Bacteroides fragilis 638R	bfg	BF638R_4527	NA	putative 2-dehydropantoate 2-reductase	md:bfg_M00119	I	5359655	5360584	+
Bacteroides fragilis 638R	bfg	BF638R_1053	NA	putative regulatory protein	md:bfg_M00120	I	1291456	1292187	+
Bacteroides fragilis 638R	bfg	BF638R_1216	NA	putative dephospho-CoA kinase	md:bfg_M00120	I	1460524	1461141	+
Bacteroides fragilis 638R	bfg	BF638R_2863	dfp	DNA/pantothenate metabolism flavoprotein	md:bfg_M00120	I	3352889	3354082	-
Bacteroides fragilis 638R	bfg	BF638R_4495	NA	putative phosphopantetheine adenylyltransferase	md:bfg_M00120	I	5324908	5325360	+
Bacteroides fragilis 638R	bfg	BF638R_0061	NA	possible uroporphyrinogen-III synthase	md:bfg_M00121	I	62666	63418	+
Bacteroides fragilis 638R	bfg	BF638R_1914	NA	putative oxygen-independent coproporphyrinogen III oxidase	md:bfg_M00121	I	2257463	2258704	+
Bacteroides fragilis 638R	bfg	BF638R_1952	NA	putative protoporphyrinogen oxidase	md:bfg_M00121	I	2299654	2301042	-
Bacteroides fragilis 638R	bfg	BF638R_1953	hemN	putative oxygen-independent coproporphyrinogen III oxidase	md:bfg_M00121	I	2301045	2302409	-
Bacteroides fragilis 638R	bfg	BF638R_2911	NA	putative uroporphirinogen biosynthesis-related protein	md:bfg_M00121	I	3403849	3404853	-
Bacteroides fragilis 638R	bfg	BF638R_3764	NA	putative LPS biosynthesis related aminotransferase	md:bfg_M00121	I	4431273	4432580	-
Bacteroides fragilis 638R	bfg	BF638R_2479	cobP	bifunctional cobalamin biosynthesis protein	md:bfg_M00122	I	2917571	2918089	+
Bacteroides fragilis 638R	bfg	BF638R_2480	NA	putative phosphoribosyltransferase	md:bfg_M00122	I	2918112	2919149	+
Bacteroides fragilis 638R	bfg	BF638R_2481	NA	putative cobalamin 5'-phosphate synthase	md:bfg_M00122	I	2919162	2919905	+
Bacteroides fragilis 638R	bfg	BF638R_2482	NA	putative alpha-ribazole-5'-phosphate phosphatase	md:bfg_M00122	I	2919908	2920453	+
Bacteroides fragilis 638R	bfg	BF638R_2483	NA	putative cobalamin biosynthesis protein	md:bfg_M00122	I	2920431	2921363	-
Bacteroides fragilis 638R	bfg	BF638R_2485	cbiP	cobyric acid synthase	md:bfg_M00122	I	2922429	2923916	-
Bacteroides fragilis 638R	bfg	BF638R_2495	NA	putative cobalamin adenosyltransferase	md:bfg_M00122	I	2934358	2934933	-
Bacteroides fragilis 638R	bfg	BF638R_4133	NA	putative vitamin B12 related Cobalamin adenosyltransferase	md:bfg_M00122	I	4858077	4858640	-
Bacteroides fragilis 638R	bfg	BF638R_1615	bioD	putative dethiobiotin synthetase	md:bfg_M00123	I	1883863	1884504	-
Bacteroides fragilis 638R	bfg	BF638R_1617	bioF	putative 8-amino-7-oxononanoate synthase	md:bfg_M00123	I	1886019	1887212	-
Bacteroides fragilis 638R	bfg	BF638R_1618	bioA	putative adenosylmethionine-8-amino-7-oxononanoate aminotransferase	md:bfg_M00123	I	1887351	1889597	-
Bacteroides fragilis 638R	bfg	BF638R_2420	NA	putative 8-amino-7-oxononanoate synthase	md:bfg_M00123	I	2845862	2847046	-
Bacteroides fragilis 638R	bfg	BF638R_3734	NA	putative biotin biosynthesis-related protein	md:bfg_M00123	I	4393024	4394070	+
Bacteroides fragilis 638R	bfg	BF638R_0171	pdxB	putative erythronate-4-phosphate dehydrogenase	md:bfg_M00124	I	187557	188603	-
Bacteroides fragilis 638R	bfg	BF638R_1468	pdxH	putative pyridoxamine 5'-phosphate oxidase	md:bfg_M00124	I	1726807	1727514	-
Bacteroides fragilis 638R	bfg	BF638R_2143	serC	putative phosphoserine aminotransferase	md:bfg_M00124	I	2509605	2510672	+
Bacteroides fragilis 638R	bfg	BF638R_3815	NA	putative pyridoxine biosynthesis protein	md:bfg_M00124	I	4488415	4489128	-
Bacteroides fragilis 638R	bfg	BF638R_0516	ribD	putative riboflavin biosynthesis protein [includes: diaminohydroxyphosphoribosylaminopyrimidine deaminase	md:bfg_M00125	I	600620	601642	-
Bacteroides fragilis 638R	bfg	BF638R_0593	ribA	putative riboflavin biosynthesis protein [includes: GTP cyclohydrolase ii; 3,4-dihydroxy-2-butanone 4-phosphate synthase (dhbp synthase)]	md:bfg_M00125	I	701684	702898	+
Bacteroides fragilis 638R	bfg	BF638R_0935	ribH	putative 6,7-dimethyl-8-ribityllumazine synthase	md:bfg_M00125	I	1147768	1148262	-
Bacteroides fragilis 638R	bfg	BF638R_1124	NA	putative 3,4-dihydroxy-2-butanone 4-phosphate/shikimate 5-dehydrogenase fusion protein	md:bfg_M00125	I	1362431	1363921	-
Bacteroides fragilis 638R	bfg	BF638R_2776	ribE	riboflavin synthase alpha chain	md:bfg_M00125	I	3263023	3263625	-
Bacteroides fragilis 638R	bfg	BF638R_4227	NA	putative riboflavin biosynthesis protein RibF	md:bfg_M00125	I	4966303	4967244	-
Bacteroides fragilis 638R	bfg	BF638R_0057	NA	putative 2-amino-4-hydroxy-6-hydroxymethyldihydropteridine pyrophosphokinase (HPPK)	md:bfg_M00126	I	58970	59431	+
Bacteroides fragilis 638R	bfg	BF638R_0462	folP	putative dihydropteroate synthase	md:bfg_M00126	I	551690	552550	+
Bacteroides fragilis 638R	bfg	BF638R_0491	NA	putative alkaline phosphatase	md:bfg_M00126	I	576471	577871	+
Bacteroides fragilis 638R	bfg	BF638R_1755	NA	putative Alkaline phosphatase	md:bfg_M00126	I	2070622	2071773	+
Bacteroides fragilis 638R	bfg	BF638R_2337	NA	putative folic acid related biosynthesis protein (fragment)	md:bfg_M00126	I	2739959	2740327	+
Bacteroides fragilis 638R	bfg	BF638R_2858	NA	putative folylpolyglutamate synthase	md:bfg_M00126	I	3346656	3348032	+
Bacteroides fragilis 638R	bfg	BF638R_3549	dfrA	putative dihydrofolate reductase	md:bfg_M00126	I	4183660	4184160	+
Bacteroides fragilis 638R	bfg	BF638R_3695	NA	putative dihydroneopterin aldolase	md:bfg_M00126	I	4350906	4351274	+
Bacteroides fragilis 638R	bfg	BF638R_3802	folE	putative GTP cyclohydrolase I	md:bfg_M00126	I	4477506	4478090	-
Bacteroides fragilis 638R	bfg	BF638R_2363	thiD	phosphomethylpyrimidine kinase	md:bfg_M00127	I	2770979	2771812	-
Bacteroides fragilis 638R	bfg	BF638R_2546	NA	putative thiamine biosynthesis-related protein	md:bfg_M00127	I	3000628	3000825	+
Bacteroides fragilis 638R	bfg	BF638R_2547	NA	putative thiamine-phosphate pyrophosphorylase	md:bfg_M00127	I	3000829	3001443	+
Bacteroides fragilis 638R	bfg	BF638R_2548	thiG	thiazole biosynthesis protein ThiG	md:bfg_M00127	I	3001585	3002361	+
Bacteroides fragilis 638R	bfg	BF638R_2549	thiC	thiamine biosynthesis protein ThiC	md:bfg_M00127	I	3002447	3004141	+
Bacteroides fragilis 638R	bfg	BF638R_2551	thiH	thiazole biosynthesis protein ThiH	md:bfg_M00127	I	3004699	3005823	+
Bacteroides fragilis 638R	bfg	BF638R_2553	NA	putative thiamine phosphate pyrophosphorylase	md:bfg_M00127	I	3006609	3007217	+
Bacteroides fragilis 638R	bfg	BF638R_3309	NA	putative thiamine monophosphate kinase	md:bfg_M00127	I	3910429	3911463	+
Bacteroides fragilis 638R	bfg	BF638R_3735	NA	putative thiamine biosyntehsis related protein	md:bfg_M00127	I	4394083	4395501	+
Bacteroides fragilis 638R	bfg	BF638R_0778	NA	putative UDP-glucose 6-dehydrogenase	md:bfg_M00129	I	946722	948041	+
Bacteroides fragilis 638R	bfg	BF638R_1541	NA	UDP-glucose 6-dehydrogenase	md:bfg_M00129	I	1807265	1808602	+
Bacteroides fragilis 638R	bfg	BF638R_2398	rkpK	UDP-glucose 6-dehydrogenase	md:bfg_M00129	I	2810997	2812310	+
Bacteroides fragilis 638R	bfg	BF638R_4269	suhB	putative inositol-1-monophosphatase	md:bfg_M00131	I	5035489	5036295	-
Bacteroides fragilis 638R	bfg	BF638R_0188	NA	putative arginine decarboxylase	md:bfg_M00133	I	205907	207799	+
Bacteroides fragilis 638R	bfg	BF638R_2178	NA	putative acetyltransferase	md:bfg_M00135	I	2548261	2548800	+
Bacteroides fragilis 638R	bfg	BF638R_2314	fhs	formate--tetrahydrofolate ligase	md:bfg_M00140	I	2711037	2712704	+
Bacteroides fragilis 638R	bfg	BF638R_2316	glyA	serine hydroxymethyltransferase	md:bfg_M00140	I	2713892	2715172	-
Bacteroides fragilis 638R	bfg	BF638R_3084	NA	putative methenyltetrahydrofolate cyclohydrolase	md:bfg_M00140	I	3604332	3605213	+
Bacteroides fragilis 638R	bfg	BF638R_4004	NA	putative formiminotransferase-cyclodeaminase	md:bfg_M00140	I	4733950	4734579	-
Bacteroides fragilis 638R	bfg	BF638R_0841	nuoN	putative NADH dehydrogenase chain N	md:bfg_M00144	I	1015849	1017300	-
Bacteroides fragilis 638R	bfg	BF638R_0842	nuoM	putative NADH-ubiquinone oxidoreductase subunit	md:bfg_M00144	I	1017307	1018791	-
Bacteroides fragilis 638R	bfg	BF638R_0843	nuoL	putative NADH dehydrogenase chain L	md:bfg_M00144	I	1018804	1020714	-
Bacteroides fragilis 638R	bfg	BF638R_0844	nuoK	putative NADH dehydrogenase chain K	md:bfg_M00144	I	1020751	1021062	-
Bacteroides fragilis 638R	bfg	BF638R_0845	nuoJ	putative NADH dehydrogenase chain J	md:bfg_M00144	I	1021069	1021581	-
Bacteroides fragilis 638R	bfg	BF638R_0846	nuoI	putative NADH dehydrogenase I subunit I	md:bfg_M00144	I	1021588	1022067	-
Bacteroides fragilis 638R	bfg	BF638R_0847	nuoH	putative NADH dehydrogenase subunit H	md:bfg_M00144	I	1022084	1023160	-
Bacteroides fragilis 638R	bfg	BF638R_0848	nuoC	putative NADH-quinone oxidoreductase chain C/D	md:bfg_M00144	I	1023240	1024832	-
Bacteroides fragilis 638R	bfg	BF638R_0849	nuoB	NADH-quinone oxidoreductase chain B	md:bfg_M00144	I	1024854	1025444	-
Bacteroides fragilis 638R	bfg	BF638R_0850	nuoA	NADH-quinone oxidoreductase chain A	md:bfg_M00144	I	1025435	1025785	-
Bacteroides fragilis 638R	bfg	BF638R_4499	NA	fumarate reductase transmembrane cytochrome b subunit	md:bfg_M00149	I	5329376	5330068	+
Bacteroides fragilis 638R	bfg	BF638R_4500	NA	fumarate reductase	md:bfg_M00149	I	5330106	5332049	+
Bacteroides fragilis 638R	bfg	BF638R_4501	NA	fumarate reductase iron-sulfur protein	md:bfg_M00149	I	5332079	5332834	+
Bacteroides fragilis 638R	bfg	BF638R_1909	cydA	putative cytochrome d ubiquinol oxidase subunit I	md:bfg_M00153	I	2251659	2253212	+
Bacteroides fragilis 638R	bfg	BF638R_1910	cydB	putative cytochrome d ubiquinol oxidase subunit II	md:bfg_M00153	I	2253238	2254386	+
Bacteroides fragilis 638R	bfg	BF638R_2285	atpD	ATP synthase beta chain	md:bfg_M00157	I	2676601	2678118	+
Bacteroides fragilis 638R	bfg	BF638R_2286	atpC	ATP synthase epsilon chain	md:bfg_M00157	I	2678130	2678375	+
Bacteroides fragilis 638R	bfg	BF638R_2288	NA	putative ATP synthase A chain	md:bfg_M00157	I	2678821	2679972	+
Bacteroides fragilis 638R	bfg	BF638R_2289	atpE	ATP synthase C chain	md:bfg_M00157	I	2679999	2680256	+
Bacteroides fragilis 638R	bfg	BF638R_2290	NA	putative ATP synthase B chain	md:bfg_M00157	I	2680272	2680769	+
Bacteroides fragilis 638R	bfg	BF638R_2291	NA	putative ATP synthase delta chain	md:bfg_M00157	I	2680779	2681339	+
Bacteroides fragilis 638R	bfg	BF638R_2292	atpA	ATP synthase alpha chain	md:bfg_M00157	I	2681353	2682936	+
Bacteroides fragilis 638R	bfg	BF638R_2293	atpG	ATP synthase gamma chain	md:bfg_M00157	I	2682958	2683830	+
Bacteroides fragilis 638R	bfg	BF638R_2753	NA	putative V(vacuolar)-type Na+-ATP synthase subunit K	md:bfg_M00159	I	3231542	3232003	-
Bacteroides fragilis 638R	bfg	BF638R_2754	NA	putative V(vacuolar)-type Na+ ATP synthase subunit I	md:bfg_M00159	I	3232048	3233865	-
Bacteroides fragilis 638R	bfg	BF638R_2755	NA	putative V(vacuolar)-type ATP synthase subunit D	md:bfg_M00159	I	3233862	3234467	-
Bacteroides fragilis 638R	bfg	BF638R_2756	NA	putative V-type ATP synthase beta chain	md:bfg_M00159	I	3234480	3235799	-
Bacteroides fragilis 638R	bfg	BF638R_2757	NA	putative V-type ATP synthase alpha subunit	md:bfg_M00159	I	3235829	3237586	-
Bacteroides fragilis 638R	bfg	BF638R_2759	NA	putative V-type ATP synthase subunit E	md:bfg_M00159	I	3238474	3239064	-
Bacteroides fragilis 638R	bfg	BF638R_0945	gap	putative glyceraldehyde 3-phosphate dehydrogenase	md:bfg_M00165	I	1157010	1158011	-
Bacteroides fragilis 638R	bfg	BF638R_1661	rpiB	putative ribose 5-phosphate isomerase	md:bfg_M00165	I	1937580	1938014	-
Bacteroides fragilis 638R	bfg	BF638R_1662	tktB	putative transketolase	md:bfg_M00165	I	1938097	1940106	-
Bacteroides fragilis 638R	bfg	BF638R_3133	pgk	putative phosphoglycerate kinase	md:bfg_M00165	I	3672104	3673363	+
Bacteroides fragilis 638R	bfg	BF638R_3162	fba	putative fructose-bisphosphate aldolase	md:bfg_M00165	I	3704072	3705076	-
Bacteroides fragilis 638R	bfg	BF638R_3498	NA	putative ribose 5-phosphate isomerase	md:bfg_M00165	I	4132360	4133061	-
Bacteroides fragilis 638R	bfg	BF638R_0945	gap	putative glyceraldehyde 3-phosphate dehydrogenase	md:bfg_M00166	I	1157010	1158011	-
Bacteroides fragilis 638R	bfg	BF638R_3133	pgk	putative phosphoglycerate kinase	md:bfg_M00166	I	3672104	3673363	+
Bacteroides fragilis 638R	bfg	BF638R_1661	rpiB	putative ribose 5-phosphate isomerase	md:bfg_M00167	I	1937580	1938014	-
Bacteroides fragilis 638R	bfg	BF638R_1662	tktB	putative transketolase	md:bfg_M00167	I	1938097	1940106	-
Bacteroides fragilis 638R	bfg	BF638R_3162	fba	putative fructose-bisphosphate aldolase	md:bfg_M00167	I	3704072	3705076	-
Bacteroides fragilis 638R	bfg	BF638R_3498	NA	putative ribose 5-phosphate isomerase	md:bfg_M00167	I	4132360	4133061	-
Bacteroides fragilis 638R	bfg	BF638R_0537	mdh	putative malate dehydrogenase	md:bfg_M00168	I	622118	623119	-
Bacteroides fragilis 638R	bfg	BF638R_3828	mdh	putative malate dehydrogenase	md:bfg_M00168	I	4513149	4514090	-
Bacteroides fragilis 638R	bfg	BF638R_2565	ppdK	pyruvate,phosphate dikinase	md:bfg_M00169	I	3017574	3020294	-
Bacteroides fragilis 638R	bfg	BF638R_3435	maeB	putative NADP-dependent malic enzyme	md:bfg_M00169	I	4055662	4057950	+
Bacteroides fragilis 638R	bfg	BF638R_4326	pckA	putative phosphoenolpyruvate carboxykinase	md:bfg_M00170	I	5108095	5109702	+
Bacteroides fragilis 638R	bfg	BF638R_2565	ppdK	pyruvate,phosphate dikinase	md:bfg_M00171	I	3017574	3020294	-
Bacteroides fragilis 638R	bfg	BF638R_2565	ppdK	pyruvate,phosphate dikinase	md:bfg_M00172	I	3017574	3020294	-
Bacteroides fragilis 638R	bfg	BF638R_3435	maeB	putative NADP-dependent malic enzyme	md:bfg_M00172	I	4055662	4057950	+
Bacteroides fragilis 638R	bfg	BF638R_0537	mdh	putative malate dehydrogenase	md:bfg_M00173	I	622118	623119	-
Bacteroides fragilis 638R	bfg	BF638R_0646	fumB	putative fumarate hydratase class I, anaerobic	md:bfg_M00173	I	782428	784074	+
Bacteroides fragilis 638R	bfg	BF638R_1655	NA	putative 2-oxoglutarate synthase subunit	md:bfg_M00173	I	1934052	1934594	-
Bacteroides fragilis 638R	bfg	BF638R_1656	NA	putative 2-oxoglutarate synthase subunit	md:bfg_M00173	I	1934613	1935374	-
Bacteroides fragilis 638R	bfg	BF638R_1658	NA	putative 2-oxoglutarate oxidoreductase	md:bfg_M00173	I	1935655	1936737	-
Bacteroides fragilis 638R	bfg	BF638R_1659	NA	putative ferredoxin	md:bfg_M00173	I	1936749	1936976	-
Bacteroides fragilis 638R	bfg	BF638R_1927	NA	putative pyruvate carboxylase biotin-containing subunit	md:bfg_M00173	I	2273053	2274828	+
Bacteroides fragilis 638R	bfg	BF638R_2360	sucD	succinyl-CoA synthetase alpha chain	md:bfg_M00173	I	2767768	2768637	-
Bacteroides fragilis 638R	bfg	BF638R_2361	sucC	succinyl-CoA synthetase beta chain	md:bfg_M00173	I	2768634	2769782	-
Bacteroides fragilis 638R	bfg	BF638R_2565	ppdK	pyruvate,phosphate dikinase	md:bfg_M00173	I	3017574	3020294	-
Bacteroides fragilis 638R	bfg	BF638R_2828	NA	putative pyruvate carboxylase	md:bfg_M00173	I	3314404	3316239	-
Bacteroides fragilis 638R	bfg	BF638R_3194	nifJ	putative pyruvate-flavodoxin oxidoreductase	md:bfg_M00173	I	3756623	3760177	+
Bacteroides fragilis 638R	bfg	BF638R_3568	icd	putative isocitrate dehydrogenase [NADP]	md:bfg_M00173	I	4199905	4201095	-
Bacteroides fragilis 638R	bfg	BF638R_3569	NA	putative aconitase	md:bfg_M00173	I	4201258	4203501	-
Bacteroides fragilis 638R	bfg	BF638R_3828	mdh	putative malate dehydrogenase	md:bfg_M00173	I	4513149	4514090	-
Bacteroides fragilis 638R	bfg	BF638R_4321	porA	putative 2-oxoglutarate ferredoxin oxidoreductase subunit	md:bfg_M00173	I	5101033	5102883	+
Bacteroides fragilis 638R	bfg	BF638R_4322	porB	putative 2-oxoglutarate synthase subunit	md:bfg_M00173	I	5102887	5103897	+
Bacteroides fragilis 638R	bfg	BF638R_4499	NA	fumarate reductase transmembrane cytochrome b subunit	md:bfg_M00173	I	5329376	5330068	+
Bacteroides fragilis 638R	bfg	BF638R_4500	NA	fumarate reductase	md:bfg_M00173	I	5330106	5332049	+
Bacteroides fragilis 638R	bfg	BF638R_4501	NA	fumarate reductase iron-sulfur protein	md:bfg_M00173	I	5332079	5332834	+
Bacteroides fragilis 638R	bfg	BF638R_1678	cysC	putative adenylylsulfate kinase	md:bfg_M00176	I	1956365	1956973	+
Bacteroides fragilis 638R	bfg	BF638R_1679	cysD	putative sulfate adenylyltransferase subunit 2	md:bfg_M00176	I	1957001	1957912	+
Bacteroides fragilis 638R	bfg	BF638R_1680	cysN	putative sulfate adenylyltransferase subunit 1/adenylylsulfate kinase	md:bfg_M00176	I	1957924	1959354	+
Bacteroides fragilis 638R	bfg	BF638R_0023	pdhD	putative dihydrolipoamide dehydrogenase	md:bfg_M00307	I	27844	29187	+
Bacteroides fragilis 638R	bfg	BF638R_1634	lpd	putative dihydrolipoamide dehydrogenase	md:bfg_M00307	I	1909274	1910623	+
Bacteroides fragilis 638R	bfg	BF638R_3194	nifJ	putative pyruvate-flavodoxin oxidoreductase	md:bfg_M00307	I	3756623	3760177	+
Bacteroides fragilis 638R	bfg	BF638R_0945	gap	putative glyceraldehyde 3-phosphate dehydrogenase	md:bfg_M00308	I	1157010	1158011	-
Bacteroides fragilis 638R	bfg	BF638R_2727	NA	putative glyoxylate-related aldolase	md:bfg_M00308	I	3201028	3201696	-
Bacteroides fragilis 638R	bfg	BF638R_2728	NA	putative kinase	md:bfg_M00308	I	3201743	3202768	-
Bacteroides fragilis 638R	bfg	BF638R_3133	pgk	putative phosphoglycerate kinase	md:bfg_M00308	I	3672104	3673363	+
Bacteroides fragilis 638R	bfg	BF638R_3162	fba	putative fructose-bisphosphate aldolase	md:bfg_M00344	I	3704072	3705076	-
Bacteroides fragilis 638R	bfg	BF638R_3162	fba	putative fructose-bisphosphate aldolase	md:bfg_M00345	I	3704072	3705076	-
Bacteroides fragilis 638R	bfg	BF638R_3563	pfkA1	putative 6-phosphofructokinase 1	md:bfg_M00345	I	4194420	4195409	+
Bacteroides fragilis 638R	bfg	BF638R_0537	mdh	putative malate dehydrogenase	md:bfg_M00346	I	622118	623119	-
Bacteroides fragilis 638R	bfg	BF638R_1202	eno	putative heme-binding enolase	md:bfg_M00346	I	1447531	1448820	-
Bacteroides fragilis 638R	bfg	BF638R_1916	NA	putative glycerate dehydrogenase	md:bfg_M00346	I	2260232	2261188	-
Bacteroides fragilis 638R	bfg	BF638R_2316	glyA	serine hydroxymethyltransferase	md:bfg_M00346	I	2713892	2715172	-
Bacteroides fragilis 638R	bfg	BF638R_3828	mdh	putative malate dehydrogenase	md:bfg_M00346	I	4513149	4514090	-
Bacteroides fragilis 638R	bfg	BF638R_0489	ptaA	putative phosphate acetyltransferase	md:bfg_M00357	I	574014	575033	+
Bacteroides fragilis 638R	bfg	BF638R_0490	ackA	putative acetate kinase	md:bfg_M00357	I	575052	576248	+
Bacteroides fragilis 638R	bfg	BF638R_0525	NA	putative Acyl-CoA synthetase	md:bfg_M00357	I	609646	611301	-
Bacteroides fragilis 638R	bfg	BF638R_3559	NA	putative isoprenoid biosynthesis related protein	md:bfg_M00364	I	4190787	4191761	-
Bacteroides fragilis 638R	bfg	BF638R_0058	metK	putative S-adenosylmethionine synthetase	md:bfg_M00368	I	59814	61106	+
Bacteroides fragilis 638R	bfg	BF638R_1625	NA	putative propionyl-CoA carboxylase	md:bfg_M00373	I	1899620	1901164	+
Bacteroides fragilis 638R	bfg	BF638R_3151	NA	conserved hypothetical protein	md:bfg_M00373	I	3690923	3691327	+
Bacteroides fragilis 638R	bfg	BF638R_3367	NA	putative carboxyl transferase	md:bfg_M00373	I	3980233	3981768	+
Bacteroides fragilis 638R	bfg	BF638R_3615	mutB	putative methylmalonyl-CoA mutase large subunit	md:bfg_M00373	I	4270471	4272618	-
Bacteroides fragilis 638R	bfg	BF638R_3616	mutA	putative methylmalonyl-CoA mutase small subunit	md:bfg_M00373	I	4272620	4274518	-
Bacteroides fragilis 638R	bfg	BF638R_0537	mdh	putative malate dehydrogenase	md:bfg_M00374	I	622118	623119	-
Bacteroides fragilis 638R	bfg	BF638R_2360	sucD	succinyl-CoA synthetase alpha chain	md:bfg_M00374	I	2767768	2768637	-
Bacteroides fragilis 638R	bfg	BF638R_2361	sucC	succinyl-CoA synthetase beta chain	md:bfg_M00374	I	2768634	2769782	-
Bacteroides fragilis 638R	bfg	BF638R_3828	mdh	putative malate dehydrogenase	md:bfg_M00374	I	4513149	4514090	-
Bacteroides fragilis 638R	bfg	BF638R_4499	NA	fumarate reductase transmembrane cytochrome b subunit	md:bfg_M00374	I	5329376	5330068	+
Bacteroides fragilis 638R	bfg	BF638R_4500	NA	fumarate reductase	md:bfg_M00374	I	5330106	5332049	+
Bacteroides fragilis 638R	bfg	BF638R_4501	NA	fumarate reductase iron-sulfur protein	md:bfg_M00374	I	5332079	5332834	+
Bacteroides fragilis 638R	bfg	BF638R_3151	NA	conserved hypothetical protein	md:bfg_M00375	I	3690923	3691327	+
Bacteroides fragilis 638R	bfg	BF638R_1626	accC1	putative biotin carboxylase 1	md:bfg_M00376	I	1901183	1902694	+
Bacteroides fragilis 638R	bfg	BF638R_3151	NA	conserved hypothetical protein	md:bfg_M00376	I	3690923	3691327	+
Bacteroides fragilis 638R	bfg	BF638R_3365	accC2	putative biotin carboxylase 2	md:bfg_M00376	I	3978194	3979708	+
Bacteroides fragilis 638R	bfg	BF638R_3615	mutB	putative methylmalonyl-CoA mutase large subunit	md:bfg_M00376	I	4270471	4272618	-
Bacteroides fragilis 638R	bfg	BF638R_3616	mutA	putative methylmalonyl-CoA mutase small subunit	md:bfg_M00376	I	4272620	4274518	-
Bacteroides fragilis 638R	bfg	BF638R_4499	NA	fumarate reductase transmembrane cytochrome b subunit	md:bfg_M00376	I	5329376	5330068	+
Bacteroides fragilis 638R	bfg	BF638R_4500	NA	fumarate reductase	md:bfg_M00376	I	5330106	5332049	+
Bacteroides fragilis 638R	bfg	BF638R_4501	NA	fumarate reductase iron-sulfur protein	md:bfg_M00376	I	5332079	5332834	+
Bacteroides fragilis 638R	bfg	BF638R_2314	fhs	formate--tetrahydrofolate ligase	md:bfg_M00377	I	2711037	2712704	+
Bacteroides fragilis 638R	bfg	BF638R_3084	NA	putative methenyltetrahydrofolate cyclohydrolase	md:bfg_M00377	I	3604332	3605213	+
Bacteroides fragilis 638R	bfg	BF638R_3947	NA	putative 5,10-methylenetetrahydrofolate reductase	md:bfg_M00377	I	4653078	4654031	+
Bacteroides fragilis 638R	bfg	BF638R_4004	NA	putative formiminotransferase-cyclodeaminase	md:bfg_M00377	I	4733950	4734579	-
Bacteroides fragilis 638R	bfg	BF638R_3298	leuB	putative 3-isopropylmalate dehydrogenase	md:bfg_M00432	I	3892466	3893527	-
Bacteroides fragilis 638R	bfg	BF638R_3300	leuD	putative 3-isopropylmalate dehydratase small subunit	md:bfg_M00432	I	3895048	3895638	-
Bacteroides fragilis 638R	bfg	BF638R_3301	leuC	putative 3-isopropylmalate dehydratase large subunit	md:bfg_M00432	I	3895751	3897145	-
Bacteroides fragilis 638R	bfg	BF638R_3302	leuA	putative 2-isopropylmalate synthase 1	md:bfg_M00432	I	3897193	3898689	-
Bacteroides fragilis 638R	bfg	BF638R_0134	NA	putative dihydrodipicolinate reductase	md:bfg_M00525	I	141356	142084	-
Bacteroides fragilis 638R	bfg	BF638R_0450	asd	putative aspartate-semialdehyde dehydrogenase	md:bfg_M00525	I	536733	537743	-
Bacteroides fragilis 638R	bfg	BF638R_0573	lysC	putative aspartate kinase	md:bfg_M00525	I	672225	673643	-
Bacteroides fragilis 638R	bfg	BF638R_2446	dapA2	putative dihydrodipicolinate synthase	md:bfg_M00525	I	2873032	2873925	+
Bacteroides fragilis 638R	bfg	BF638R_2670	dapF	diaminopimelate epimerase	md:bfg_M00525	I	3140835	3141653	+
Bacteroides fragilis 638R	bfg	BF638R_2893	NA	putative diaminopimelate decarboxylase	md:bfg_M00525	I	3382744	3383907	-
Bacteroides fragilis 638R	bfg	BF638R_2894	NA	putative aspartokinase III	md:bfg_M00525	I	3384064	3385383	-
Bacteroides fragilis 638R	bfg	BF638R_0134	NA	putative dihydrodipicolinate reductase	md:bfg_M00526	I	141356	142084	-
Bacteroides fragilis 638R	bfg	BF638R_0450	asd	putative aspartate-semialdehyde dehydrogenase	md:bfg_M00526	I	536733	537743	-
Bacteroides fragilis 638R	bfg	BF638R_0573	lysC	putative aspartate kinase	md:bfg_M00526	I	672225	673643	-
Bacteroides fragilis 638R	bfg	BF638R_0605	thrA	putative aspartokinase I-homoserine dehydrogenase	md:bfg_M00526	I	720048	722483	+
Bacteroides fragilis 638R	bfg	BF638R_2446	dapA2	putative dihydrodipicolinate synthase	md:bfg_M00526	I	2873032	2873925	+
Bacteroides fragilis 638R	bfg	BF638R_2893	NA	putative diaminopimelate decarboxylase	md:bfg_M00526	I	3382744	3383907	-
Bacteroides fragilis 638R	bfg	BF638R_2894	NA	putative aspartokinase III	md:bfg_M00526	I	3384064	3385383	-
Bacteroides fragilis 638R	bfg	BF638R_3505	NA	putative oxidoreductase	md:bfg_M00526	I	4137445	4138344	+
Bacteroides fragilis 638R	bfg	BF638R_0134	NA	putative dihydrodipicolinate reductase	md:bfg_M00527	I	141356	142084	-
Bacteroides fragilis 638R	bfg	BF638R_0450	asd	putative aspartate-semialdehyde dehydrogenase	md:bfg_M00527	I	536733	537743	-
Bacteroides fragilis 638R	bfg	BF638R_0573	lysC	putative aspartate kinase	md:bfg_M00527	I	672225	673643	-
Bacteroides fragilis 638R	bfg	BF638R_0605	thrA	putative aspartokinase I-homoserine dehydrogenase	md:bfg_M00527	I	720048	722483	+
Bacteroides fragilis 638R	bfg	BF638R_2446	dapA2	putative dihydrodipicolinate synthase	md:bfg_M00527	I	2873032	2873925	+
Bacteroides fragilis 638R	bfg	BF638R_2670	dapF	diaminopimelate epimerase	md:bfg_M00527	I	3140835	3141653	+
Bacteroides fragilis 638R	bfg	BF638R_2671	NA	putative aminotransferase-related protein	md:bfg_M00527	I	3141706	3142938	+
Bacteroides fragilis 638R	bfg	BF638R_2893	NA	putative diaminopimelate decarboxylase	md:bfg_M00527	I	3382744	3383907	-
Bacteroides fragilis 638R	bfg	BF638R_2894	NA	putative aspartokinase III	md:bfg_M00527	I	3384064	3385383	-
Bacteroides fragilis 638R	bfg	BF638R_3791	NA	putative aminotransferase	md:bfg_M00527	I	4461601	4462785	+
Bacteroides fragilis 638R	bfg	BF638R_0417	NA	putative napC/nirT cytochrome c-type protein	md:bfg_M00530	I	487443	487838	+
Bacteroides fragilis 638R	bfg	BF638R_0427	nrfH	putative NapC/NirT cytochrome c-type protein	md:bfg_M00530	I	501874	502461	+
Bacteroides fragilis 638R	bfg	BF638R_0428	nrfA	putative exported cytochrome c552	md:bfg_M00530	I	502485	503966	+
Bacteroides fragilis 638R	bfg	BF638R_0023	pdhD	putative dihydrolipoamide dehydrogenase	md:bfg_M00532	I	27844	29187	+
Bacteroides fragilis 638R	bfg	BF638R_1262	katA	catalase	md:bfg_M00532	I	1514030	1515490	-
Bacteroides fragilis 638R	bfg	BF638R_1305	gcvT	putative aminomethyltransferase	md:bfg_M00532	I	1561197	1562282	+
Bacteroides fragilis 638R	bfg	BF638R_1634	lpd	putative dihydrolipoamide dehydrogenase	md:bfg_M00532	I	1909274	1910623	+
Bacteroides fragilis 638R	bfg	BF638R_2150	NA	putative glycine dehydrogenase [decarboxylating]	md:bfg_M00532	I	2516149	2518998	-
Bacteroides fragilis 638R	bfg	BF638R_2316	glyA	serine hydroxymethyltransferase	md:bfg_M00532	I	2713892	2715172	-
Bacteroides fragilis 638R	bfg	BF638R_4244	NA	putative glycine cleavage system H protein	md:bfg_M00532	I	4989340	4989720	+
Bacteroides fragilis 638R	bfg	BF638R_3298	leuB	putative 3-isopropylmalate dehydrogenase	md:bfg_M00535	I	3892466	3893527	-
Bacteroides fragilis 638R	bfg	BF638R_3299	NA	putative alpha-isopropylmalate synthase 2	md:bfg_M00535	I	3893540	3895042	-
Bacteroides fragilis 638R	bfg	BF638R_3300	leuD	putative 3-isopropylmalate dehydratase small subunit	md:bfg_M00535	I	3895048	3895638	-
Bacteroides fragilis 638R	bfg	BF638R_3301	leuC	putative 3-isopropylmalate dehydratase large subunit	md:bfg_M00535	I	3895751	3897145	-
Bacteroides fragilis 638R	bfg	BF638R_0558	glcK	putative ROK family transcriptional repressor	md:bfg_M00549	I	648496	649476	+
Bacteroides fragilis 638R	bfg	BF638R_1493	NA	putative phosphoglucomutase	md:bfg_M00549	I	1750584	1752329	+
Bacteroides fragilis 638R	bfg	BF638R_1750	NA	putative transcriptional repressor	md:bfg_M00549	I	2060956	2061813	+
Bacteroides fragilis 638R	bfg	BF638R_2514	NA	putative hexokinase	md:bfg_M00549	I	2961085	2962293	-
Bacteroides fragilis 638R	bfg	BF638R_0945	gap	putative glyceraldehyde 3-phosphate dehydrogenase	md:bfg_M00552	I	1157010	1158011	-
Bacteroides fragilis 638R	bfg	BF638R_3133	pgk	putative phosphoglycerate kinase	md:bfg_M00552	I	3672104	3673363	+
Bacteroides fragilis 638R	bfg	BF638R_1663	galK	putative galactokinase	md:bfg_M00554	I	1940261	1941415	-
Bacteroides fragilis 638R	bfg	BF638R_0984	glgA	putative glycogen synthase	md:bfg_M00565	I	1207561	1208253	-
Bacteroides fragilis 638R	bfg	BF638R_2348	NA	putative hydrolase	md:bfg_M00565	I	2755423	2757435	+
Bacteroides fragilis 638R	bfg	BF638R_1998	NA	putative tautomerase	md:bfg_M00569	I	2358583	2358768	-
Bacteroides fragilis 638R	bfg	BF638R_2594	NA	putative acetolactate synthase	md:bfg_M00570	I	3049941	3051677	-
Bacteroides fragilis 638R	bfg	BF638R_3572	NA	putative reductoisomerase	md:bfg_M00570	I	4207898	4208986	-
Bacteroides fragilis 638R	bfg	BF638R_3576	NA	putative acetohydroxyacid synthase small subunit	md:bfg_M00570	I	4210369	4210929	-
Bacteroides fragilis 638R	bfg	BF638R_3577	ilvB	putative acetolactate synthase large subunit	md:bfg_M00570	I	4210943	4212640	-
Bacteroides fragilis 638R	bfg	BF638R_3578	ilvD	putative dihydroxy-acid dehydratase	md:bfg_M00570	I	4212696	4214498	-
Bacteroides fragilis 638R	bfg	BF638R_3846	NA	putative branched-chain amino acid aminotransferase	md:bfg_M00570	I	4535670	4536689	-
Bacteroides fragilis 638R	bfg	BF638R_0168	NA	putative 3-oxoacyl-[acyl-carrier-protein] synthase II	md:bfg_M00572	I	185283	186545	-
Bacteroides fragilis 638R	bfg	BF638R_0953	NA	putative enoyl-[acyl-carrier-protein] reductase [NADH]	md:bfg_M00572	I	1174407	1175264	+
Bacteroides fragilis 638R	bfg	BF638R_1554	NA	putative oxidoreductase	md:bfg_M00572	I	1820157	1820999	+
Bacteroides fragilis 638R	bfg	BF638R_1616	NA	putative biotin synthesis-related fusion protein	md:bfg_M00572	I	1884539	1886011	-
Bacteroides fragilis 638R	bfg	BF638R_3971	fabG	putative 3-oxoacyl-[acyl-carrier protein] reductase	md:bfg_M00572	I	4688607	4689353	-
Bacteroides fragilis 638R	bfg	BF638R_1615	bioD	putative dethiobiotin synthetase	md:bfg_M00573	I	1883863	1884504	-
Bacteroides fragilis 638R	bfg	BF638R_1617	bioF	putative 8-amino-7-oxononanoate synthase	md:bfg_M00573	I	1886019	1887212	-
Bacteroides fragilis 638R	bfg	BF638R_2420	NA	putative 8-amino-7-oxononanoate synthase	md:bfg_M00573	I	2845862	2847046	-
Bacteroides fragilis 638R	bfg	BF638R_3734	NA	putative biotin biosynthesis-related protein	md:bfg_M00573	I	4393024	4394070	+
Bacteroides fragilis 638R	bfg	BF638R_0553	tolC	putative outer membrane transport/efflux protein	md:bfg_M00575	I	642500	643831	-
Bacteroides fragilis 638R	bfg	BF638R_0651	tolC	putative outer membrane protein	md:bfg_M00575	I	789821	791146	-
Bacteroides fragilis 638R	bfg	BF638R_1907	NA	putative outer membrane lipoprotein precursor	md:bfg_M00575	I	2249555	2250958	-
Bacteroides fragilis 638R	bfg	BF638R_4001	NA	putative outer membrane efflux protein	md:bfg_M00575	I	4730099	4731418	-
Bacteroides fragilis 638R	bfg	BF638R_1615	bioD	putative dethiobiotin synthetase	md:bfg_M00577	I	1883863	1884504	-
Bacteroides fragilis 638R	bfg	BF638R_1617	bioF	putative 8-amino-7-oxononanoate synthase	md:bfg_M00577	I	1886019	1887212	-
Bacteroides fragilis 638R	bfg	BF638R_1618	bioA	putative adenosylmethionine-8-amino-7-oxononanoate aminotransferase	md:bfg_M00577	I	1887351	1889597	-
Bacteroides fragilis 638R	bfg	BF638R_2420	NA	putative 8-amino-7-oxononanoate synthase	md:bfg_M00577	I	2845862	2847046	-
Bacteroides fragilis 638R	bfg	BF638R_3734	NA	putative biotin biosynthesis-related protein	md:bfg_M00577	I	4393024	4394070	+
Bacteroides fragilis 638R	bfg	BF638R_0489	ptaA	putative phosphate acetyltransferase	md:bfg_M00579	I	574014	575033	+
Bacteroides fragilis 638R	bfg	BF638R_0490	ackA	putative acetate kinase	md:bfg_M00579	I	575052	576248	+
Bacteroides fragilis 638R	bfg	BF638R_3498	NA	putative ribose 5-phosphate isomerase	md:bfg_M00580	I	4132360	4133061	-
Bacteroides fragilis 638R	bfg	BF638R_0058	metK	putative S-adenosylmethionine synthetase	md:bfg_M00609	I	59814	61106	+
Bacteroides fragilis 638R	bfg	BF638R_3428	NA	conserved hypothetical protein	md:bfg_M00609	I	4049672	4050238	-
Bacteroides fragilis 638R	bfg	BF638R_0537	mdh	putative malate dehydrogenase	md:bfg_M00620	I	622118	623119	-
Bacteroides fragilis 638R	bfg	BF638R_1655	NA	putative 2-oxoglutarate synthase subunit	md:bfg_M00620	I	1934052	1934594	-
Bacteroides fragilis 638R	bfg	BF638R_1656	NA	putative 2-oxoglutarate synthase subunit	md:bfg_M00620	I	1934613	1935374	-
Bacteroides fragilis 638R	bfg	BF638R_1658	NA	putative 2-oxoglutarate oxidoreductase	md:bfg_M00620	I	1935655	1936737	-
Bacteroides fragilis 638R	bfg	BF638R_1659	NA	putative ferredoxin	md:bfg_M00620	I	1936749	1936976	-
Bacteroides fragilis 638R	bfg	BF638R_1927	NA	putative pyruvate carboxylase biotin-containing subunit	md:bfg_M00620	I	2273053	2274828	+
Bacteroides fragilis 638R	bfg	BF638R_2360	sucD	succinyl-CoA synthetase alpha chain	md:bfg_M00620	I	2767768	2768637	-
Bacteroides fragilis 638R	bfg	BF638R_2361	sucC	succinyl-CoA synthetase beta chain	md:bfg_M00620	I	2768634	2769782	-
Bacteroides fragilis 638R	bfg	BF638R_2828	NA	putative pyruvate carboxylase	md:bfg_M00620	I	3314404	3316239	-
Bacteroides fragilis 638R	bfg	BF638R_3828	mdh	putative malate dehydrogenase	md:bfg_M00620	I	4513149	4514090	-
Bacteroides fragilis 638R	bfg	BF638R_4321	porA	putative 2-oxoglutarate ferredoxin oxidoreductase subunit	md:bfg_M00620	I	5101033	5102883	+
Bacteroides fragilis 638R	bfg	BF638R_4322	porB	putative 2-oxoglutarate synthase subunit	md:bfg_M00620	I	5102887	5103897	+
Bacteroides fragilis 638R	bfg	BF638R_1267	NA	beta-lactamase	md:bfg_M00627	I	1520422	1521324	-
Bacteroides fragilis 638R	bfg	BF638R_2394	uxaC	uronate isomerase	md:bfg_M00631	I	2806863	2808269	-
Bacteroides fragilis 638R	bfg	BF638R_2727	NA	putative glyoxylate-related aldolase	md:bfg_M00631	I	3201028	3201696	-
Bacteroides fragilis 638R	bfg	BF638R_2728	NA	putative kinase	md:bfg_M00631	I	3201743	3202768	-
Bacteroides fragilis 638R	bfg	BF638R_0357	galM	putative aldose 1-epimerase	md:bfg_M00632	I	404012	405148	+
Bacteroides fragilis 638R	bfg	BF638R_0782	NA	putative LPS biosynthesis related DNTP-hexose dehydratase-epimerase	md:bfg_M00632	I	950753	951664	+
Bacteroides fragilis 638R	bfg	BF638R_1663	galK	putative galactokinase	md:bfg_M00632	I	1940261	1941415	-
Bacteroides fragilis 638R	bfg	BF638R_1665	NA	putative aldose 1-epimerase precursor	md:bfg_M00632	I	1942827	1943951	-
Bacteroides fragilis 638R	bfg	BF638R_2595	NA	putative Nucleoside diphosphate sugar epimerase	md:bfg_M00632	I	3051664	3052584	-
Bacteroides fragilis 638R	bfg	BF638R_2607	galE	UDP-glucose 4-epimerase	md:bfg_M00632	I	3066906	3067940	-
Bacteroides fragilis 638R	bfg	BF638R_4265	NA	putative aldose 1-epimerase precursor	md:bfg_M00632	I	5031115	5032254	+
Bacteroides fragilis 638R	bfg	BF638R_2952	NA	putative puter membrane protein	md:bfg_M00642	I	3453696	3455072	-
Bacteroides fragilis 638R	bfg	BF638R_2952	NA	putative puter membrane protein	md:bfg_M00643	I	3453696	3455072	-
Bacteroides fragilis 638R	bfg	BF638R_4476	NA	putative D-Ala-D-Ala dipeptidase protein	md:bfg_M00651	I	5294412	5295203	+
Bacteroides fragilis 638R	bfg	BF638R_0553	tolC	putative outer membrane transport/efflux protein	md:bfg_M00696	I	642500	643831	-
Bacteroides fragilis 638R	bfg	BF638R_0651	tolC	putative outer membrane protein	md:bfg_M00696	I	789821	791146	-
Bacteroides fragilis 638R	bfg	BF638R_1907	NA	putative outer membrane lipoprotein precursor	md:bfg_M00696	I	2249555	2250958	-
Bacteroides fragilis 638R	bfg	BF638R_4001	NA	putative outer membrane efflux protein	md:bfg_M00696	I	4730099	4731418	-
Bacteroides fragilis 638R	bfg	BF638R_0144	NA	putative AcrA/AcrE RND transport or HlyD secretion family protein	md:bfg_M00697	I	152853	154007	-
Bacteroides fragilis 638R	bfg	BF638R_0553	tolC	putative outer membrane transport/efflux protein	md:bfg_M00697	I	642500	643831	-
Bacteroides fragilis 638R	bfg	BF638R_0651	tolC	putative outer membrane protein	md:bfg_M00697	I	789821	791146	-
Bacteroides fragilis 638R	bfg	BF638R_1907	NA	putative outer membrane lipoprotein precursor	md:bfg_M00697	I	2249555	2250958	-
Bacteroides fragilis 638R	bfg	BF638R_4001	NA	putative outer membrane efflux protein	md:bfg_M00697	I	4730099	4731418	-
Bacteroides fragilis 638R	bfg	BF638R_0652	mdtC	putative AcrB/AcrD/AcrF family efflux transporter	md:bfg_M00718	I	791143	794178	-
Bacteroides fragilis 638R	bfg	BF638R_0653	NA	putative HlyD-family efflux transporter component	md:bfg_M00718	I	794193	795275	-
Bacteroides fragilis 638R	bfg	BF638R_2952	NA	putative puter membrane protein	md:bfg_M00718	I	3453696	3455072	-
Bacteroides fragilis 638R	bfg	BF638R_2953	acrD	putative aminoglycoside efflux pump	md:bfg_M00718	I	3455076	3458222	-
Bacteroides fragilis 638R	bfg	BF638R_2954	NA	putative acriflavine resistance protein E precursor	md:bfg_M00718	I	3458316	3459506	-
Bacteroides fragilis 638R	bfg	BF638R_3375	NA	putative transport-related, exported protein	md:bfg_M00718	I	3988392	3989507	+
Bacteroides fragilis 638R	bfg	BF638R_3141	NA	putative non ribosome peptide synthase related, AMP-binding protein	md:bfg_M00725	I	3681150	3682670	+
Bacteroides fragilis 638R	bfg	BF638R_0537	mdh	putative malate dehydrogenase	md:bfg_M00740	I	622118	623119	-
Bacteroides fragilis 638R	bfg	BF638R_3567	NA	putative citrate synthase	md:bfg_M00740	I	4198549	4199892	-
Bacteroides fragilis 638R	bfg	BF638R_3568	icd	putative isocitrate dehydrogenase [NADP]	md:bfg_M00740	I	4199905	4201095	-
Bacteroides fragilis 638R	bfg	BF638R_3569	NA	putative aconitase	md:bfg_M00740	I	4201258	4203501	-
Bacteroides fragilis 638R	bfg	BF638R_3828	mdh	putative malate dehydrogenase	md:bfg_M00740	I	4513149	4514090	-
Bacteroides fragilis 638R	bfg	BF638R_1625	NA	putative propionyl-CoA carboxylase	md:bfg_M00741	I	1899620	1901164	+
Bacteroides fragilis 638R	bfg	BF638R_3151	NA	conserved hypothetical protein	md:bfg_M00741	I	3690923	3691327	+
Bacteroides fragilis 638R	bfg	BF638R_3367	NA	putative carboxyl transferase	md:bfg_M00741	I	3980233	3981768	+
Bacteroides fragilis 638R	bfg	BF638R_3615	mutB	putative methylmalonyl-CoA mutase large subunit	md:bfg_M00741	I	4270471	4272618	-
Bacteroides fragilis 638R	bfg	BF638R_3616	mutA	putative methylmalonyl-CoA mutase small subunit	md:bfg_M00741	I	4272620	4274518	-
Bacteroides fragilis 638R	bfg	BF638R_0781	NA	conserved hypothetical protein	md:bfg_M00793	I	950300	950740	+
Bacteroides fragilis 638R	bfg	BF638R_1076	NA	glucose-1-phosphate thymidyl transferase	md:bfg_M00793	I	1314126	1315010	+
Bacteroides fragilis 638R	bfg	BF638R_1311	rmlD	putative dTDP-dehydrorhamnose reductase	md:bfg_M00793	I	1569488	1570351	+
Bacteroides fragilis 638R	bfg	BF638R_1454	NA	putative LPS biosynthesis related glucose-1-phosphate thymidylyltransferase	md:bfg_M00793	I	1714830	1715711	+
Bacteroides fragilis 638R	bfg	BF638R_1539	NA	putative glucose-1-phosphate thymidyl transferase	md:bfg_M00793	I	1805684	1806574	+
Bacteroides fragilis 638R	bfg	BF638R_1545	NA	putative LPS biosynthesis related dTDP-4-dehydrorhamnose 3,5-epimerase	md:bfg_M00793	I	1810653	1811240	+
Bacteroides fragilis 638R	bfg	BF638R_1864	NA	putative glucose-1-phosphate thymidyl transferase	md:bfg_M00793	I	2204445	2205338	+
Bacteroides fragilis 638R	bfg	BF638R_1880	NA	putative LPS biosynthesis related reductase	md:bfg_M00793	I	2221813	2222676	+
Bacteroides fragilis 638R	bfg	BF638R_2307	NA	putative rhamnose biosynthesis-related protein	md:bfg_M00793	I	2701986	2702876	-
Bacteroides fragilis 638R	bfg	BF638R_2397	rfbC2	putative LPS biosynthesis related dTDP-4-dehydrorhamnose 3,5-epimerase	md:bfg_M00793	I	2810425	2810973	+
Bacteroides fragilis 638R	bfg	BF638R_3473	NA	putative LPS biosynthesis related dTDP-4-dehydrorhamnose 3,5-epimerase	md:bfg_M00793	I	4110754	4111296	-
Bacteroides fragilis 638R	bfg	BF638R_3474	NA	putative LPS biosynthesis related glucose-1-phosphate thymidylyltransferase	md:bfg_M00793	I	4111293	4112180	-
Bacteroides fragilis 638R	bfg	BF638R_3528	rffG	putative dTDP-glucose 4,6-dehydratase	md:bfg_M00793	I	4159171	4160310	-
Bacteroides fragilis 638R	bfg	BF638R_3529	rffH2	putative glucose-1-phosphate thymidylyltransferase	md:bfg_M00793	I	4160330	4161193	-
Bacteroides fragilis 638R	bfg	BF638R_3753	NA	putative LPS biosynthesis related protein	md:bfg_M00793	I	4417944	4418798	-
Bacteroides fragilis 638R	bfg	BF638R_0593	ribA	putative riboflavin biosynthesis protein [includes: GTP cyclohydrolase ii; 3,4-dihydroxy-2-butanone 4-phosphate synthase (dhbp synthase)]	md:bfg_M00840	I	701684	702898	+
Bacteroides fragilis 638R	bfg	BF638R_1124	NA	putative 3,4-dihydroxy-2-butanone 4-phosphate/shikimate 5-dehydrogenase fusion protein	md:bfg_M00840	I	1362431	1363921	-
Bacteroides fragilis 638R	bfg	BF638R_3549	dfrA	putative dihydrofolate reductase	md:bfg_M00840	I	4183660	4184160	+
Bacteroides fragilis 638R	bfg	BF638R_3695	NA	putative dihydroneopterin aldolase	md:bfg_M00840	I	4350906	4351274	+
Bacteroides fragilis 638R	bfg	BF638R_2858	NA	putative folylpolyglutamate synthase	md:bfg_M00841	I	3346656	3348032	+
Bacteroides fragilis 638R	bfg	BF638R_3802	folE	putative GTP cyclohydrolase I	md:bfg_M00841	I	4477506	4478090	-
Bacteroides fragilis 638R	bfg	BF638R_3426	NA	putative 6-pyruvoyl tetrahydropterin synthase	md:bfg_M00842	I	4048894	4049205	-
Bacteroides fragilis 638R	bfg	BF638R_3802	folE	putative GTP cyclohydrolase I	md:bfg_M00842	I	4477506	4478090	-
Bacteroides fragilis 638R	bfg	BF638R_3426	NA	putative 6-pyruvoyl tetrahydropterin synthase	md:bfg_M00843	I	4048894	4049205	-
Bacteroides fragilis 638R	bfg	BF638R_3802	folE	putative GTP cyclohydrolase I	md:bfg_M00843	I	4477506	4478090	-
Bacteroides fragilis 638R	bfg	BF638R_0521	argH	putative argininosuccinate lyase	md:bfg_M00844	I	604261	605604	+
Bacteroides fragilis 638R	bfg	BF638R_0530	argG	putative argininosuccinate synthase	md:bfg_M00844	I	614918	616123	-
Bacteroides fragilis 638R	bfg	BF638R_0376	NA	putative peptidase/deacetylase	md:bfg_M00845	I	427136	428197	-
Bacteroides fragilis 638R	bfg	BF638R_0521	argH	putative argininosuccinate lyase	md:bfg_M00845	I	604261	605604	+
Bacteroides fragilis 638R	bfg	BF638R_0528	argD	putative acetylornithine aminotransferase	md:bfg_M00845	I	612819	613943	-
Bacteroides fragilis 638R	bfg	BF638R_0529	argC	putative acetylglutamyl phosphate reductase	md:bfg_M00845	I	613953	614921	-
Bacteroides fragilis 638R	bfg	BF638R_0530	argG	putative argininosuccinate synthase	md:bfg_M00845	I	614918	616123	-
Bacteroides fragilis 638R	bfg	BF638R_0061	NA	possible uroporphyrinogen-III synthase	md:bfg_M00846	I	62666	63418	+
Bacteroides fragilis 638R	bfg	BF638R_3764	NA	putative LPS biosynthesis related aminotransferase	md:bfg_M00846	I	4431273	4432580	-
Bacteroides fragilis 638R	bfg	BF638R_0984	glgA	putative glycogen synthase	md:bfg_M00854	I	1207561	1208253	-
Bacteroides fragilis 638R	bfg	BF638R_2348	NA	putative hydrolase	md:bfg_M00854	I	2755423	2757435	+
Bacteroides fragilis 638R	bfg	BF638R_1493	NA	putative phosphoglucomutase	md:bfg_M00855	I	1750584	1752329	+
Bacteroides fragilis 638R	bfg	BF638R_2751	NA	putative glycogen phosphorylase	md:bfg_M00855	I	3227053	3229596	-
Bacteroides fragilis 638R	bfg	BF638R_3126	NA	putative exported amylase	md:bfg_M00855	I	3663746	3665746	-
Bacteroides fragilis 638R	bfg	BF638R_3693	NA	putative alpha-glucanotransferase	md:bfg_M00855	I	4346992	4349694	+
Bacteroides fragilis 638R	bfg	BF638R_0493	NA	putative UDP-2,3-diacylglucosamine hydrolase	md:bfg_M00866	I	578311	579075	+
Bacteroides fragilis 638R	bfg	BF638R_0742	lpxB	putative lipid-A-disaccharide synthase	md:bfg_M00866	I	905771	906904	+
Bacteroides fragilis 638R	bfg	BF638R_0885	lpxA	putative acyl-[acyl-carrier-protein]--UDP-N-acetylglucosamine O-acyltransferase	md:bfg_M00866	I	1074381	1075148	-
Bacteroides fragilis 638R	bfg	BF638R_0886	lpxC	UDP-3-O-[3-hydroxymyristoyl] N-acetylglucosamine deacetylase	md:bfg_M00866	I	1075159	1076544	-
Bacteroides fragilis 638R	bfg	BF638R_0887	lpxD	putative UDP-3-O-[3-hydroxymyristoyl] glucosamine N-acyltransferase	md:bfg_M00866	I	1076548	1077588	-
Bacteroides fragilis 638R	bfg	BF638R_3307	NA	putative tetraacyldisaccharide kinase (lipid A biosynthesis) related protein	md:bfg_M00866	I	3908523	3909653	+
Bacteroides fragilis 638R	bfg	BF638R_3699	NA	putative lipd A biosynthesis related exported protein	md:bfg_M00866	I	4354831	4355727	-
Bacteroides fragilis 638R	bfg	BF638R_4066	kdtA	3-deoxy-D-manno-octulosonic-acid transferase	md:bfg_M00866	I	4782214	4783434	-
Bacteroides fragilis 638R	bfg	BF638R_0061	NA	possible uroporphyrinogen-III synthase	md:bfg_M00868	I	62666	63418	+
Bacteroides fragilis 638R	bfg	BF638R_1952	NA	putative protoporphyrinogen oxidase	md:bfg_M00868	I	2299654	2301042	-
Bacteroides fragilis 638R	bfg	BF638R_2911	NA	putative uroporphirinogen biosynthesis-related protein	md:bfg_M00868	I	3403849	3404853	-
Bacteroides fragilis 638R	bfg	BF638R_0168	NA	putative 3-oxoacyl-[acyl-carrier-protein] synthase II	md:bfg_M00873	I	185283	186545	-
Bacteroides fragilis 638R	bfg	BF638R_2362	fabD	malonyl CoA-acyl carrier protein transacylase	md:bfg_M00873	I	2769988	2770875	-
Bacteroides fragilis 638R	bfg	BF638R_0168	NA	putative 3-oxoacyl-[acyl-carrier-protein] synthase II	md:bfg_M00874	I	185283	186545	-
Bacteroides fragilis 638R	bfg	BF638R_1554	NA	putative oxidoreductase	md:bfg_M00874	I	1820157	1820999	+
Bacteroides fragilis 638R	bfg	BF638R_2362	fabD	malonyl CoA-acyl carrier protein transacylase	md:bfg_M00874	I	2769988	2770875	-
Bacteroides fragilis 638R	bfg	BF638R_3971	fabG	putative 3-oxoacyl-[acyl-carrier protein] reductase	md:bfg_M00874	I	4688607	4689353	-
Bacteroides fragilis 638R	bfg	BF638R_1704	paaK2	putative phenylacetate-coenzyme A ligase	md:bfg_M00878	I	1984360	1985667	-
Bacteroides fragilis 638R	bfg	BF638R_2635	paaK1	putative phenylacetate-coenzyme A ligase	md:bfg_M00878	I	3097200	3098498	-
Bacteroides fragilis 638R	bfg	BF638R_0957	lipA	putative lipoic acid synthetase	md:bfg_M00881	I	1178162	1179028	-
Bacteroides fragilis 638R	bfg	BF638R_2159	NA	putative lipoate-protein ligase	md:bfg_M00881	I	2527902	2528567	+
Bacteroides fragilis 638R	bfg	BF638R_0957	lipA	putative lipoic acid synthetase	md:bfg_M00882	I	1178162	1179028	-
Bacteroides fragilis 638R	bfg	BF638R_0957	lipA	putative lipoic acid synthetase	md:bfg_M00883	I	1178162	1179028	-
Bacteroides fragilis 638R	bfg	BF638R_0957	lipA	putative lipoic acid synthetase	md:bfg_M00884	I	1178162	1179028	-
Bacteroides fragilis 638R	bfg	BF638R_2363	thiD	phosphomethylpyrimidine kinase	md:bfg_M00895	I	2770979	2771812	-
Bacteroides fragilis 638R	bfg	BF638R_2546	NA	putative thiamine biosynthesis-related protein	md:bfg_M00895	I	3000628	3000825	+
Bacteroides fragilis 638R	bfg	BF638R_2547	NA	putative thiamine-phosphate pyrophosphorylase	md:bfg_M00895	I	3000829	3001443	+
Bacteroides fragilis 638R	bfg	BF638R_2548	thiG	thiazole biosynthesis protein ThiG	md:bfg_M00895	I	3001585	3002361	+
Bacteroides fragilis 638R	bfg	BF638R_2549	thiC	thiamine biosynthesis protein ThiC	md:bfg_M00895	I	3002447	3004141	+
Bacteroides fragilis 638R	bfg	BF638R_2553	NA	putative thiamine phosphate pyrophosphorylase	md:bfg_M00895	I	3006609	3007217	+
Bacteroides fragilis 638R	bfg	BF638R_3309	NA	putative thiamine monophosphate kinase	md:bfg_M00895	I	3910429	3911463	+
Bacteroides fragilis 638R	bfg	BF638R_2363	thiD	phosphomethylpyrimidine kinase	md:bfg_M00896	I	2770979	2771812	-
Bacteroides fragilis 638R	bfg	BF638R_2547	NA	putative thiamine-phosphate pyrophosphorylase	md:bfg_M00896	I	3000829	3001443	+
Bacteroides fragilis 638R	bfg	BF638R_2549	thiC	thiamine biosynthesis protein ThiC	md:bfg_M00896	I	3002447	3004141	+
Bacteroides fragilis 638R	bfg	BF638R_2553	NA	putative thiamine phosphate pyrophosphorylase	md:bfg_M00896	I	3006609	3007217	+
Bacteroides fragilis 638R	bfg	BF638R_3309	NA	putative thiamine monophosphate kinase	md:bfg_M00896	I	3910429	3911463	+
Bacteroides fragilis 638R	bfg	BF638R_0609	NA	conserved hypothetical protein	md:bfg_M00897	I	726467	727090	-
Bacteroides fragilis 638R	bfg	BF638R_2549	thiC	thiamine biosynthesis protein ThiC	md:bfg_M00897	I	3002447	3004141	+
Bacteroides fragilis 638R	bfg	BF638R_0609	NA	conserved hypothetical protein	md:bfg_M00898	I	726467	727090	-
Bacteroides fragilis 638R	bfg	BF638R_2363	thiD	phosphomethylpyrimidine kinase	md:bfg_M00899	I	2770979	2771812	-
Bacteroides fragilis 638R	bfg	BF638R_2547	NA	putative thiamine-phosphate pyrophosphorylase	md:bfg_M00899	I	3000829	3001443	+
Bacteroides fragilis 638R	bfg	BF638R_2553	NA	putative thiamine phosphate pyrophosphorylase	md:bfg_M00899	I	3006609	3007217	+
Bacteroides fragilis 638R	bfg	BF638R_0558	glcK	putative ROK family transcriptional repressor	md:bfg_M00909	I	648496	649476	+
Bacteroides fragilis 638R	bfg	BF638R_1750	NA	putative transcriptional repressor	md:bfg_M00909	I	2060956	2061813	+
Bacteroides fragilis 638R	bfg	BF638R_3626	pgiA	putative glucose-6-phosphate isomerase	md:bfg_M00909	I	4287038	4288375	+
Bacteroides fragilis 638R	bfg	BF638R_0935	ribH	putative 6,7-dimethyl-8-ribityllumazine synthase	md:bfg_M00911	I	1147768	1148262	-
Bacteroides fragilis 638R	bfg	BF638R_2776	ribE	riboflavin synthase alpha chain	md:bfg_M00911	I	3263023	3263625	-
Bacteroides fragilis 638R	bfg	BF638R_1484	nadC	putative nicotinate-nucleotide pyrophosphorylase [carboxylating] (quinolinate phosphoribosyltransferase [decarboxylating])	md:bfg_M00912	I	1740790	1741629	+
Bacteroides fragilis 638R	bfg	BF638R_3029	NA	putative glutamine-dependent NAD+ synthetase	md:bfg_M00912	I	3542798	3544723	+
Bacteroides fragilis 638R	bfg	BF638R_3525	nadD	putative nicotinate-nucleotide adenylyltransferase	md:bfg_M00912	I	4156509	4157114	+
Bacteroides fragilis 638R	bfg	BF638R_0985	panC	putative pantoate--beta-alanine ligase	md:bfg_M00913	I	1208632	1209480	+
Bacteroides fragilis 638R	bfg	BF638R_2278	panB	3-methyl-2-oxobutanoate hydroxymethyltransferase	md:bfg_M00913	I	2667521	2668342	+
Bacteroides fragilis 638R	bfg	BF638R_4527	NA	putative 2-dehydropantoate 2-reductase	md:bfg_M00913	I	5359655	5360584	+
Bacteroides fragilis 638R	bfg	BF638R_2278	panB	3-methyl-2-oxobutanoate hydroxymethyltransferase	md:bfg_M00914	I	2667521	2668342	+
Bacteroides fragilis 638R	bfg	BF638R_2863	dfp	DNA/pantothenate metabolism flavoprotein	md:bfg_M00914	I	3352889	3354082	-
Bacteroides fragilis 638R	bfg	BF638R_4527	NA	putative 2-dehydropantoate 2-reductase	md:bfg_M00914	I	5359655	5360584	+
Bacteroides fragilis 638R	bfg	BF638R_1088	NA	putative LPS biosysnthesis related dehydratase	md:bfg_M00923	I	1326833	1327858	+
Bacteroides fragilis 638R	bfg	BF638R_1089	NA	conserved hypothetical protein	md:bfg_M00923	I	1327903	1329054	+
Bacteroides fragilis 638R	bfg	BF638R_1090	NA	putative epimerase	md:bfg_M00923	I	1329062	1330246	+
Bacteroides fragilis 638R	bfg	BF638R_1878	NA	putative LPS biosynthesis related dehydratase	md:bfg_M00923	I	2219652	2220674	+
Bacteroides fragilis 638R	bfg	BF638R_1879	NA	putative LPS biosynthesis related epimerase	md:bfg_M00923	I	2220674	2221792	+
Bacteroides fragilis 638R	bfg	BF638R_3768	NA	putative LPS biosynthesis related	md:bfg_M00923	I	4435381	4436406	-
Bacteroides fragilis 638R	bfg	BF638R_3769	NA	putative LPS biosynthesis related epimerase	md:bfg_M00923	I	4436411	4437541	-
Bacteroides fragilis 638R	bfg	BF638R_2303	NA	putative cobalamin synthesis related methyltransferase protein	md:bfg_M00924	I	2697802	2698509	-
Bacteroides fragilis 638R	bfg	BF638R_2496	cobB	cobyrinic acid A,C-diamide synthase	md:bfg_M00924	I	2934930	2936264	-
Bacteroides fragilis 638R	bfg	BF638R_2502	NA	putative cobalt chelatase	md:bfg_M00924	I	2943476	2944309	+
Bacteroides fragilis 638R	bfg	BF638R_2510	NA	putative bifunctional CbiE/CbiT cobalamin biosynthesis protein	md:bfg_M00924	I	2955133	2956437	+
Bacteroides fragilis 638R	bfg	BF638R_2512	NA	putative bifunctional CbiD/CbiJ cobalamin biosynthesis protein	md:bfg_M00924	I	2958246	2960174	+
Bacteroides fragilis 638R	bfg	BF638R_2303	NA	putative cobalamin synthesis related methyltransferase protein	md:bfg_M00925	I	2697802	2698509	-
Bacteroides fragilis 638R	bfg	BF638R_2496	cobB	cobyrinic acid A,C-diamide synthase	md:bfg_M00925	I	2934930	2936264	-
Bacteroides fragilis 638R	bfg	BF638R_2505	NA	putative cobalamin biosynthesis-related membrane protein	md:bfg_M00925	I	2948134	2952072	+
Bacteroides fragilis 638R	bfg	BF638R_2510	NA	putative bifunctional CbiE/CbiT cobalamin biosynthesis protein	md:bfg_M00925	I	2955133	2956437	+
Bacteroides fragilis 638R	bfg	BF638R_2718	NA	putative cobalamin biosynthesis-related protein	md:bfg_M00925	I	3188933	3193252	+
Bacteroides fragilis 638R	bfg	BF638R_0061	NA	possible uroporphyrinogen-III synthase	md:bfg_M00926	I	62666	63418	+
Bacteroides fragilis 638R	bfg	BF638R_1952	NA	putative protoporphyrinogen oxidase	md:bfg_M00926	I	2299654	2301042	-
Bacteroides fragilis 638R	bfg	BF638R_2911	NA	putative uroporphirinogen biosynthesis-related protein	md:bfg_M00926	I	3403849	3404853	-
Bacteroides fragilis 638R	bfg	BF638R_3764	NA	putative LPS biosynthesis related aminotransferase	md:bfg_M00926	I	4431273	4432580	-
Bacteroides fragilis 638R	bfg	BF638R_1316	menD	putative menaquinone biosynthesis protein	md:bfg_M00932	I	1574873	1576540	+
Bacteroides fragilis 638R	bfg	BF638R_1318	menB	putative naphthoate synthase	md:bfg_M00932	I	1577568	1578392	+
Bacteroides fragilis 638R	bfg	BF638R_1320	menE	putative O-succinylbenzoate--CoA ligase	md:bfg_M00932	I	1579474	1580568	+
Bacteroides fragilis 638R	bfg	BF638R_0329	dut	putative deoxyuridine 5'-triphosphate nucleotidohydrolase	md:bfg_M00938	I	353534	353968	+
Bacteroides fragilis 638R	bfg	BF638R_2722	NA	putative ribonucleoside-diphosphate reductase alpha chain	md:bfg_M00938	I	3195374	3197893	+
Bacteroides fragilis 638R	bfg	BF638R_2723	NA	putative ribonucleoside-diphosphate reductase beta chain	md:bfg_M00938	I	3197919	3198968	+
Bacteroides fragilis 638R	bfg	BF638R_3548	thyB	putative thymidylate synthase B	md:bfg_M00938	I	4182851	4183645	+
Bacteroides fragilis 638R	bfg	BF638R_3692	NA	putative ribonucleoside reductase	md:bfg_M00938	I	4344146	4346794	+
Bacteroides fragilis 638R	bfg	BF638R_3808	NA	putative nucleoside diphosphate kinase	md:bfg_M00938	I	4482295	4482759	-
Bacteroides fragilis 638R	bfg	BF638R_1671	NA	putative short-chain dehydrogenase	md:bfg_M00939	I	1947866	1948636	+
Bacteroides fragilis 638R	bfg	BF638R_1615	bioD	putative dethiobiotin synthetase	md:bfg_M00950	I	1883863	1884504	-
Bacteroides fragilis 638R	bfg	BF638R_1617	bioF	putative 8-amino-7-oxononanoate synthase	md:bfg_M00950	I	1886019	1887212	-
Bacteroides fragilis 638R	bfg	BF638R_2420	NA	putative 8-amino-7-oxononanoate synthase	md:bfg_M00950	I	2845862	2847046	-
Bacteroides fragilis 638R	bfg	BF638R_3734	NA	putative biotin biosynthesis-related protein	md:bfg_M00950	I	4393024	4394070	+
