Campylobacter jejuni 4031	cjx	BN867_03650	NA	Pyruvate kinase	md:cjx_M00001	I	349028	350470	-
Campylobacter jejuni 4031	cjx	BN867_04060	NA	2,3-bisphosphoglycerate-independent phosphoglycerate mutase	md:cjx_M00001	I	392733	394211	+
Campylobacter jejuni 4031	cjx	BN867_06060	NA	Fructose-bisphosphate aldolase class II	md:cjx_M00001	I	576757	577821	+
Campylobacter jejuni 4031	cjx	BN867_13810	NA	Triosephosphate isomerase	md:cjx_M00001	I	1371293	1371964	-
Campylobacter jejuni 4031	cjx	BN867_13820	NA	Phosphoglycerate kinase	md:cjx_M00001	I	1371961	1373163	-
Campylobacter jejuni 4031	cjx	BN867_13830	NA	NAD-dependent glyceraldehyde-3-phosphate dehydrogenase	md:cjx_M00001	I	1373166	1374164	-
Campylobacter jejuni 4031	cjx	BN867_13960	NA	Pyruvate kinase	md:cjx_M00001	I	1385514	1386473	-
Campylobacter jejuni 4031	cjx	BN867_15020	NA	Glucose-6-phosphate isomerase	md:cjx_M00001	I	1493368	1494588	-
Campylobacter jejuni 4031	cjx	BN867_16400	NA	Enolase	md:cjx_M00001	I	1621794	1623038	-
Campylobacter jejuni 4031	cjx	BN867_03650	NA	Pyruvate kinase	md:cjx_M00002	I	349028	350470	-
Campylobacter jejuni 4031	cjx	BN867_04060	NA	2,3-bisphosphoglycerate-independent phosphoglycerate mutase	md:cjx_M00002	I	392733	394211	+
Campylobacter jejuni 4031	cjx	BN867_13810	NA	Triosephosphate isomerase	md:cjx_M00002	I	1371293	1371964	-
Campylobacter jejuni 4031	cjx	BN867_13820	NA	Phosphoglycerate kinase	md:cjx_M00002	I	1371961	1373163	-
Campylobacter jejuni 4031	cjx	BN867_13830	NA	NAD-dependent glyceraldehyde-3-phosphate dehydrogenase	md:cjx_M00002	I	1373166	1374164	-
Campylobacter jejuni 4031	cjx	BN867_13960	NA	Pyruvate kinase	md:cjx_M00002	I	1385514	1386473	-
Campylobacter jejuni 4031	cjx	BN867_16400	NA	Enolase	md:cjx_M00002	I	1621794	1623038	-
Campylobacter jejuni 4031	cjx	BN867_04060	NA	2,3-bisphosphoglycerate-independent phosphoglycerate mutase	md:cjx_M00003	I	392733	394211	+
Campylobacter jejuni 4031	cjx	BN867_06060	NA	Fructose-bisphosphate aldolase class II	md:cjx_M00003	I	576757	577821	+
Campylobacter jejuni 4031	cjx	BN867_08370	NA	Fructose-1,6-bisphosphatase, type I	md:cjx_M00003	I	813104	813946	-
Campylobacter jejuni 4031	cjx	BN867_09180	NA	Phosphoenolpyruvate carboxykinase [ATP]	md:cjx_M00003	I	891956	893530	-
Campylobacter jejuni 4031	cjx	BN867_13810	NA	Triosephosphate isomerase	md:cjx_M00003	I	1371293	1371964	-
Campylobacter jejuni 4031	cjx	BN867_13820	NA	Phosphoglycerate kinase	md:cjx_M00003	I	1371961	1373163	-
Campylobacter jejuni 4031	cjx	BN867_13830	NA	NAD-dependent glyceraldehyde-3-phosphate dehydrogenase	md:cjx_M00003	I	1373166	1374164	-
Campylobacter jejuni 4031	cjx	BN867_16400	NA	Enolase	md:cjx_M00003	I	1621794	1623038	-
Campylobacter jejuni 4031	cjx	BN867_02580	NA	Transaldolase	md:cjx_M00004	I	250002	250979	-
Campylobacter jejuni 4031	cjx	BN867_04210	NA	Ribulose-phosphate 3-epimerase	md:cjx_M00004	I	407412	408059	+
Campylobacter jejuni 4031	cjx	BN867_09110	NA	Ribose 5-phosphate isomerase B	md:cjx_M00004	I	886065	886502	+
Campylobacter jejuni 4031	cjx	BN867_15020	NA	Glucose-6-phosphate isomerase	md:cjx_M00004	I	1493368	1494588	-
Campylobacter jejuni 4031	cjx	BN867_16140	NA	Transketolase	md:cjx_M00004	I	1598443	1600341	+
Campylobacter jejuni 4031	cjx	BN867_09040	NA	Ribose-phosphate pyrophosphokinase	md:cjx_M00005	I	880415	881344	-
Campylobacter jejuni 4031	cjx	BN867_02580	NA	Transaldolase	md:cjx_M00007	I	250002	250979	-
Campylobacter jejuni 4031	cjx	BN867_04210	NA	Ribulose-phosphate 3-epimerase	md:cjx_M00007	I	407412	408059	+
Campylobacter jejuni 4031	cjx	BN867_09110	NA	Ribose 5-phosphate isomerase B	md:cjx_M00007	I	886065	886502	+
Campylobacter jejuni 4031	cjx	BN867_16140	NA	Transketolase	md:cjx_M00007	I	1598443	1600341	+
Campylobacter jejuni 4031	cjx	BN867_03660	NA	Malate:quinone oxidoreductase	md:cjx_M00009	I	350519	351865	-
Campylobacter jejuni 4031	cjx	BN867_03810	NA	Fumarate reductase cytochrome b subunit	md:cjx_M00009	I	362865	363647	+
Campylobacter jejuni 4031	cjx	BN867_03820	NA	Succinate dehydrogenase flavoprotein subunit	md:cjx_M00009	I	363631	365622	+
Campylobacter jejuni 4031	cjx	BN867_03830	NA	Succinate dehydrogenase iron-sulfur protein	md:cjx_M00009	I	365615	366340	+
Campylobacter jejuni 4031	cjx	BN867_04090	NA	Succinate dehydrogenase flavoprotein subunit	md:cjx_M00009	I	395780	397615	+
Campylobacter jejuni 4031	cjx	BN867_04100	NA	Succinate dehydrogenase iron-sulfur protein	md:cjx_M00009	I	397612	398577	+
Campylobacter jejuni 4031	cjx	BN867_04110	NA	Putative succinate dehydrogenase cytochrome b subunit	md:cjx_M00009	I	398581	399438	+
Campylobacter jejuni 4031	cjx	BN867_05410	NA	Isocitrate dehydrogenase [NADP]; Monomeric isocitrate dehydrogenase [NADP]	md:cjx_M00009	I	517242	519446	+
Campylobacter jejuni 4031	cjx	BN867_05420	NA	Malate dehydrogenase	md:cjx_M00009	I	519443	520345	+
Campylobacter jejuni 4031	cjx	BN867_05430	NA	Succinyl-CoA ligase [ADP-forming] beta chain	md:cjx_M00009	I	520346	521509	+
Campylobacter jejuni 4031	cjx	BN867_05440	NA	Succinyl-CoA ligase [ADP-forming] alpha chain	md:cjx_M00009	I	521519	522388	+
Campylobacter jejuni 4031	cjx	BN867_05450	NA	2-oxoglutarate oxidoreductase, delta subunit, putative	md:cjx_M00009	I	522403	522714	+
Campylobacter jejuni 4031	cjx	BN867_05460	NA	2-oxoglutarate oxidoreductase, alpha subunit	md:cjx_M00009	I	522723	523847	+
Campylobacter jejuni 4031	cjx	BN867_05470	NA	2-oxoglutarate oxidoreductase, beta subunit	md:cjx_M00009	I	523848	524693	+
Campylobacter jejuni 4031	cjx	BN867_05480	NA	2-oxoglutarate oxidoreductase, gamma subunit	md:cjx_M00009	I	524690	525247	+
Campylobacter jejuni 4031	cjx	BN867_08320	NA	Aconitate hydratase 2	md:cjx_M00009	I	807028	809574	-
Campylobacter jejuni 4031	cjx	BN867_13500	NA	Fumarate hydratase class II	md:cjx_M00009	I	1335890	1337281	-
Campylobacter jejuni 4031	cjx	BN867_16470	NA	Citrate synthase (si)	md:cjx_M00009	I	1627768	1629036	-
Campylobacter jejuni 4031	cjx	BN867_05410	NA	Isocitrate dehydrogenase [NADP]; Monomeric isocitrate dehydrogenase [NADP]	md:cjx_M00010	I	517242	519446	+
Campylobacter jejuni 4031	cjx	BN867_08320	NA	Aconitate hydratase 2	md:cjx_M00010	I	807028	809574	-
Campylobacter jejuni 4031	cjx	BN867_16470	NA	Citrate synthase (si)	md:cjx_M00010	I	1627768	1629036	-
Campylobacter jejuni 4031	cjx	BN867_03660	NA	Malate:quinone oxidoreductase	md:cjx_M00011	I	350519	351865	-
Campylobacter jejuni 4031	cjx	BN867_03810	NA	Fumarate reductase cytochrome b subunit	md:cjx_M00011	I	362865	363647	+
Campylobacter jejuni 4031	cjx	BN867_03820	NA	Succinate dehydrogenase flavoprotein subunit	md:cjx_M00011	I	363631	365622	+
Campylobacter jejuni 4031	cjx	BN867_03830	NA	Succinate dehydrogenase iron-sulfur protein	md:cjx_M00011	I	365615	366340	+
Campylobacter jejuni 4031	cjx	BN867_04090	NA	Succinate dehydrogenase flavoprotein subunit	md:cjx_M00011	I	395780	397615	+
Campylobacter jejuni 4031	cjx	BN867_04100	NA	Succinate dehydrogenase iron-sulfur protein	md:cjx_M00011	I	397612	398577	+
Campylobacter jejuni 4031	cjx	BN867_04110	NA	Putative succinate dehydrogenase cytochrome b subunit	md:cjx_M00011	I	398581	399438	+
Campylobacter jejuni 4031	cjx	BN867_05420	NA	Malate dehydrogenase	md:cjx_M00011	I	519443	520345	+
Campylobacter jejuni 4031	cjx	BN867_05430	NA	Succinyl-CoA ligase [ADP-forming] beta chain	md:cjx_M00011	I	520346	521509	+
Campylobacter jejuni 4031	cjx	BN867_05440	NA	Succinyl-CoA ligase [ADP-forming] alpha chain	md:cjx_M00011	I	521519	522388	+
Campylobacter jejuni 4031	cjx	BN867_05450	NA	2-oxoglutarate oxidoreductase, delta subunit, putative	md:cjx_M00011	I	522403	522714	+
Campylobacter jejuni 4031	cjx	BN867_05460	NA	2-oxoglutarate oxidoreductase, alpha subunit	md:cjx_M00011	I	522723	523847	+
Campylobacter jejuni 4031	cjx	BN867_05470	NA	2-oxoglutarate oxidoreductase, beta subunit	md:cjx_M00011	I	523848	524693	+
Campylobacter jejuni 4031	cjx	BN867_05480	NA	2-oxoglutarate oxidoreductase, gamma subunit	md:cjx_M00011	I	524690	525247	+
Campylobacter jejuni 4031	cjx	BN867_13500	NA	Fumarate hydratase class II	md:cjx_M00011	I	1335890	1337281	-
Campylobacter jejuni 4031	cjx	BN867_05420	NA	Malate dehydrogenase	md:cjx_M00012	I	519443	520345	+
Campylobacter jejuni 4031	cjx	BN867_08320	NA	Aconitate hydratase 2	md:cjx_M00012	I	807028	809574	-
Campylobacter jejuni 4031	cjx	BN867_16470	NA	Citrate synthase (si)	md:cjx_M00012	I	1627768	1629036	-
Campylobacter jejuni 4031	cjx	BN867_14100	NA	UDP-glucose dehydrogenase	md:cjx_M00014	I	1401637	1402935	-
Campylobacter jejuni 4031	cjx	BN867_00880	NA	Glutamate 5-kinase	md:cjx_M00015	I	102963	103718	+
Campylobacter jejuni 4031	cjx	BN867_05680	NA	Gamma-glutamyl phosphate reductase	md:cjx_M00015	I	543401	544633	-
Campylobacter jejuni 4031	cjx	BN867_10680	NA	Pyrroline-5-carboxylate reductase	md:cjx_M00015	I	1048149	1048853	+
Campylobacter jejuni 4031	cjx	BN867_01810	NA	Dihydrodipicolinate reductase	md:cjx_M00016	I	183835	184563	-
Campylobacter jejuni 4031	cjx	BN867_02020	NA	Acetylornithine aminotransferase / N-succinyl-L,L-diaminopimelate aminotransferase	md:cjx_M00016	I	202734	203915	+
Campylobacter jejuni 4031	cjx	BN867_02890	NA	Diaminopimelate decarboxylase	md:cjx_M00016	I	275507	276715	+
Campylobacter jejuni 4031	cjx	BN867_05910	NA	Aspartokinase	md:cjx_M00016	I	564546	565748	+
Campylobacter jejuni 4031	cjx	BN867_08070	NA	Dihydrodipicolinate synthase	md:cjx_M00016	I	784132	785028	+
Campylobacter jejuni 4031	cjx	BN867_10110	NA	Aspartate-semialdehyde dehydrogenase	md:cjx_M00016	I	987666	988697	-
Campylobacter jejuni 4031	cjx	BN867_10410	NA	N-succinyl-L,L-diaminopimelate desuccinylase	md:cjx_M00016	I	1018846	1019943	-
Campylobacter jejuni 4031	cjx	BN867_14440	NA	MSHA biogenesis protein MshM	md:cjx_M00016	I	1434417	1435025	-
Campylobacter jejuni 4031	cjx	BN867_14980	NA	Diaminopimelate epimerase	md:cjx_M00016	I	1490238	1490987	+
Campylobacter jejuni 4031	cjx	BN867_15740	NA	2,3,4,5-tetrahydropyridine-2,6-dicarboxylate N-succinyltransferase	md:cjx_M00016	I	1561624	1562784	-
Campylobacter jejuni 4031	cjx	BN867_01410	NA	Homoserine dehydrogenase	md:cjx_M00017	I	149209	150456	-
Campylobacter jejuni 4031	cjx	BN867_05910	NA	Aspartokinase	md:cjx_M00017	I	564546	565748	+
Campylobacter jejuni 4031	cjx	BN867_10110	NA	Aspartate-semialdehyde dehydrogenase	md:cjx_M00017	I	987666	988697	-
Campylobacter jejuni 4031	cjx	BN867_11960	NA	5-methyltetrahydropteroyltriglutamate--homocysteine methyltransferase	md:cjx_M00017	I	1171903	1174167	+
Campylobacter jejuni 4031	cjx	BN867_13740	NA	Cystathionine beta-lyase	md:cjx_M00017	I	1362938	1364101	+
Campylobacter jejuni 4031	cjx	BN867_01250	NA	Homoserine kinase	md:cjx_M00018	I	133222	134100	+
Campylobacter jejuni 4031	cjx	BN867_01410	NA	Homoserine dehydrogenase	md:cjx_M00018	I	149209	150456	-
Campylobacter jejuni 4031	cjx	BN867_05910	NA	Aspartokinase	md:cjx_M00018	I	564546	565748	+
Campylobacter jejuni 4031	cjx	BN867_08130	NA	Threonine synthase	md:cjx_M00018	I	788503	789915	+
Campylobacter jejuni 4031	cjx	BN867_10110	NA	Aspartate-semialdehyde dehydrogenase	md:cjx_M00018	I	987666	988697	-
Campylobacter jejuni 4031	cjx	BN867_00120	NA	Dihydroxy-acid dehydratase	md:cjx_M00019	I	15808	17484	+
Campylobacter jejuni 4031	cjx	BN867_02470	NA	Branched-chain amino acid aminotransferase	md:cjx_M00019	I	238880	239794	-
Campylobacter jejuni 4031	cjx	BN867_05830	NA	Acetolactate synthase large subunit	md:cjx_M00019	I	557570	559270	+
Campylobacter jejuni 4031	cjx	BN867_05840	NA	Acetolactate synthase small subunit	md:cjx_M00019	I	559267	559731	+
Campylobacter jejuni 4031	cjx	BN867_06380	NA	Ketol-acid reductoisomerase	md:cjx_M00019	I	614353	615375	+
Campylobacter jejuni 4031	cjx	BN867_02590	NA	Phosphoserine phosphatase	md:cjx_M00020	I	250979	251602	-
Campylobacter jejuni 4031	cjx	BN867_03010	NA	Phosphoserine aminotransferase	md:cjx_M00020	I	288687	289763	+
Campylobacter jejuni 4031	cjx	BN867_08770	NA	D-3-phosphoglycerate dehydrogenase	md:cjx_M00020	I	855913	857496	-
Campylobacter jejuni 4031	cjx	BN867_07640	NA	Serine acetyltransferase	md:cjx_M00021	I	739493	740131	-
Campylobacter jejuni 4031	cjx	BN867_08980	NA	Cysteine synthase	md:cjx_M00021	I	874189	875088	-
Campylobacter jejuni 4031	cjx	BN867_00580	NA	3-dehydroquinate dehydratase II	md:cjx_M00022	I	75655	76134	-
Campylobacter jejuni 4031	cjx	BN867_03600	NA	Shikimate kinase I	md:cjx_M00022	I	343096	343590	+
Campylobacter jejuni 4031	cjx	BN867_03780	NA	Shikimate 5-dehydrogenase I alpha	md:cjx_M00022	I	360130	360918	+
Campylobacter jejuni 4031	cjx	BN867_07320	NA	2-keto-3-deoxy-D-arabino-heptulosonate-7-phosphate synthase II	md:cjx_M00022	I	698594	699934	+
Campylobacter jejuni 4031	cjx	BN867_08810	NA	5-Enolpyruvylshikimate-3-phosphate synthase	md:cjx_M00022	I	860606	861892	-
Campylobacter jejuni 4031	cjx	BN867_09960	NA	3-dehydroquinate synthase	md:cjx_M00022	I	972490	973545	-
Campylobacter jejuni 4031	cjx	BN867_16030	NA	Chorismate synthase	md:cjx_M00022	I	1588977	1590065	-
Campylobacter jejuni 4031	cjx	BN867_03200	NA	Anthranilate synthase, aminase component	md:cjx_M00023	I	306617	307867	+
Campylobacter jejuni 4031	cjx	BN867_03210	NA	Anthranilate synthase, amidotransferase component / Anthranilate phosphoribosyltransferase	md:cjx_M00023	I	307864	309465	+
Campylobacter jejuni 4031	cjx	BN867_03220	NA	Phosphoribosylanthranilate isomerase	md:cjx_M00023	I	309452	310051	+
Campylobacter jejuni 4031	cjx	BN867_03230	NA	Tryptophan synthase beta chain	md:cjx_M00023	I	310048	311226	+
Campylobacter jejuni 4031	cjx	BN867_03240	NA	Tryptophan synthase alpha chain	md:cjx_M00023	I	311219	311968	+
Campylobacter jejuni 4031	cjx	BN867_05080	NA	Indole-3-glycerol phosphate synthase	md:cjx_M00023	I	480674	481450	+
Campylobacter jejuni 4031	cjx	BN867_02910	NA	Chorismate mutase I / Prephenate dehydratase	md:cjx_M00024	I	277472	278545	+
Campylobacter jejuni 4031	cjx	BN867_01210	NA	Prephenate and/or arogenate dehydrogenase (unknown specificity)	md:cjx_M00025	I	129609	130436	+
Campylobacter jejuni 4031	cjx	BN867_02910	NA	Chorismate mutase I / Prephenate dehydratase	md:cjx_M00025	I	277472	278545	+
Campylobacter jejuni 4031	cjx	BN867_02920	NA	Biosynthetic Aromatic amino acid aminotransferase beta @ Histidinol-phosphate aminotransferase	md:cjx_M00026	I	278535	279629	+
Campylobacter jejuni 4031	cjx	BN867_13030	NA	Imidazole glycerol phosphate synthase cyclase subunit	md:cjx_M00026	I	1282079	1282825	-
Campylobacter jejuni 4031	cjx	BN867_13040	NA	Imidazole glycerol phosphate synthase amidotransferase subunit	md:cjx_M00026	I	1282826	1283431	-
Campylobacter jejuni 4031	cjx	BN867_15660	NA	ATP phosphoribosyltransferase	md:cjx_M00026	I	1554706	1555605	+
Campylobacter jejuni 4031	cjx	BN867_15670	NA	Histidinol dehydrogenase	md:cjx_M00026	I	1555613	1556899	+
Campylobacter jejuni 4031	cjx	BN867_15680	NA	Histidinol-phosphatase / Imidazoleglycerol-phosphate dehydratase	md:cjx_M00026	I	1556896	1557954	+
Campylobacter jejuni 4031	cjx	BN867_15690	NA	Imidazole glycerol phosphate synthase amidotransferase subunit	md:cjx_M00026	I	1557951	1558538	+
Campylobacter jejuni 4031	cjx	BN867_15700	NA	Phosphoribosylformimino-5-aminoimidazole carboxamide ribotide isomerase	md:cjx_M00026	I	1558535	1559266	+
Campylobacter jejuni 4031	cjx	BN867_15720	NA	Imidazole glycerol phosphate synthase cyclase subunit	md:cjx_M00026	I	1560208	1560975	+
Campylobacter jejuni 4031	cjx	BN867_15730	NA	Phosphoribosyl-AMP cyclohydrolase / Phosphoribosyl-ATP pyrophosphatase	md:cjx_M00026	I	1560977	1561600	+
Campylobacter jejuni 4031	cjx	BN867_01990	NA	N-acetyl-gamma-glutamyl-phosphate reductase	md:cjx_M00028	I	200391	201419	+
Campylobacter jejuni 4031	cjx	BN867_02000	NA	Predicted amino-acid acetyltransferase complementing ArgA function in Arginine Biosynthesis pathway	md:cjx_M00028	I	201429	201875	+
Campylobacter jejuni 4031	cjx	BN867_02010	NA	Acetylglutamate kinase	md:cjx_M00028	I	201885	202724	+
Campylobacter jejuni 4031	cjx	BN867_02020	NA	Acetylornithine aminotransferase / N-succinyl-L,L-diaminopimelate aminotransferase	md:cjx_M00028	I	202734	203915	+
Campylobacter jejuni 4031	cjx	BN867_06680	NA	Argininosuccinate synthase	md:cjx_M00029	I	643037	644257	-
Campylobacter jejuni 4031	cjx	BN867_09170	NA	Argininosuccinate lyase	md:cjx_M00029	I	890564	891946	-
Campylobacter jejuni 4031	cjx	BN867_09820	NA	Ornithine carbamoyltransferase	md:cjx_M00029	I	958689	959609	-
Campylobacter jejuni 4031	cjx	BN867_01610	NA	Carboxynorspermidine dehydrogenase	md:cjx_M00030	I	163869	165074	-
Campylobacter jejuni 4031	cjx	BN867_05910	NA	Aspartokinase	md:cjx_M00033	I	564546	565748	+
Campylobacter jejuni 4031	cjx	BN867_10110	NA	Aspartate-semialdehyde dehydrogenase	md:cjx_M00033	I	987666	988697	-
Campylobacter jejuni 4031	cjx	BN867_10880	NA	S-adenosylmethionine synthetase	md:cjx_M00034	I	1067729	1068838	-
Campylobacter jejuni 4031	cjx	BN867_12100	NA	COG1496: Uncharacterized conserved protein	md:cjx_M00034	I	1187103	1187783	-
Campylobacter jejuni 4031	cjx	BN867_10880	NA	S-adenosylmethionine synthetase	md:cjx_M00035	I	1067729	1068838	-
Campylobacter jejuni 4031	cjx	BN867_02470	NA	Branched-chain amino acid aminotransferase	md:cjx_M00036	I	238880	239794	-
Campylobacter jejuni 4031	cjx	BN867_02910	NA	Chorismate mutase I / Prephenate dehydratase	md:cjx_M00040	I	277472	278545	+
Campylobacter jejuni 4031	cjx	BN867_00220	NA	Adenylosuccinate lyase	md:cjx_M00048	I	26636	27964	+
Campylobacter jejuni 4031	cjx	BN867_01710	NA	Phosphoribosylglycinamide formyltransferase	md:cjx_M00048	I	173798	174364	-
Campylobacter jejuni 4031	cjx	BN867_01800	NA	Amidophosphoribosyltransferase	md:cjx_M00048	I	182496	183833	-
Campylobacter jejuni 4031	cjx	BN867_05250	NA	Phosphoribosylaminoimidazole-succinocarboxamide synthase	md:cjx_M00048	I	502248	502958	+
Campylobacter jejuni 4031	cjx	BN867_05260	NA	Phosphoribosylformylglycinamidine synthase, PurS subunit	md:cjx_M00048	I	502967	503212	+
Campylobacter jejuni 4031	cjx	BN867_05270	NA	Phosphoribosylformylglycinamidine synthase, glutamine amidotransferase subunit	md:cjx_M00048	I	503214	503861	+
Campylobacter jejuni 4031	cjx	BN867_07180	NA	Phosphoribosylaminoimidazole carboxylase catalytic subunit	md:cjx_M00048	I	689242	689736	+
Campylobacter jejuni 4031	cjx	BN867_09450	NA	IMP cyclohydrolase / Phosphoribosylaminoimidazolecarboxamide formyltransferase	md:cjx_M00048	I	924252	925784	-
Campylobacter jejuni 4031	cjx	BN867_09470	NA	Phosphoribosylformylglycinamidine synthase, synthetase subunit	md:cjx_M00048	I	926554	928740	-
Campylobacter jejuni 4031	cjx	BN867_12450	NA	Phosphoribosylamine--glycine ligase	md:cjx_M00048	I	1221659	1222909	+
Campylobacter jejuni 4031	cjx	BN867_14960	NA	Phosphoribosylformylglycinamidine cyclo-ligase	md:cjx_M00048	I	1488586	1489575	-
Campylobacter jejuni 4031	cjx	BN867_00220	NA	Adenylosuccinate lyase	md:cjx_M00049	I	26636	27964	+
Campylobacter jejuni 4031	cjx	BN867_03070	NA	Nucleoside diphosphate kinase	md:cjx_M00049	I	292590	293003	-
Campylobacter jejuni 4031	cjx	BN867_06450	NA	Adenylate kinase	md:cjx_M00049	I	619714	620292	-
Campylobacter jejuni 4031	cjx	BN867_14680	NA	Adenylosuccinate synthetase	md:cjx_M00049	I	1458216	1459466	-
Campylobacter jejuni 4031	cjx	BN867_03070	NA	Nucleoside diphosphate kinase	md:cjx_M00050	I	292590	293003	-
Campylobacter jejuni 4031	cjx	BN867_10520	NA	Inosine-5'-monophosphate dehydrogenase	md:cjx_M00050	I	1031960	1033417	-
Campylobacter jejuni 4031	cjx	BN867_11720	NA	Guanylate kinase	md:cjx_M00050	I	1145892	1146509	-
Campylobacter jejuni 4031	cjx	BN867_12430	NA	GMP synthase [glutamine-hydrolyzing]	md:cjx_M00050	I	1218338	1219873	+
Campylobacter jejuni 4031	cjx	BN867_02080	NA	Orotate phosphoribosyltransferase	md:cjx_M00051	I	207978	208586	-
Campylobacter jejuni 4031	cjx	BN867_02340	NA	Dihydroorotase	md:cjx_M00051	I	227847	228854	+
Campylobacter jejuni 4031	cjx	BN867_02560	NA	Carbamoyl-phosphate synthase large chain	md:cjx_M00051	I	246313	249582	+
Campylobacter jejuni 4031	cjx	BN867_03540	NA	Orotidine 5'-phosphate decarboxylase	md:cjx_M00051	I	338342	339022	-
Campylobacter jejuni 4031	cjx	BN867_08050	NA	Dihydroorotate dehydrogenase	md:cjx_M00051	I	781834	782892	+
Campylobacter jejuni 4031	cjx	BN867_10900	NA	Aspartate carbamoyltransferase	md:cjx_M00051	I	1070298	1071185	+
Campylobacter jejuni 4031	cjx	BN867_11900	NA	Amidohydrolase	md:cjx_M00051	I	1165699	1166877	-
Campylobacter jejuni 4031	cjx	BN867_14640	NA	Carbamoyl-phosphate synthase small chain	md:cjx_M00051	I	1455518	1456636	-
Campylobacter jejuni 4031	cjx	BN867_00260	NA	CTP synthase	md:cjx_M00052	I	32636	34267	+
Campylobacter jejuni 4031	cjx	BN867_03070	NA	Nucleoside diphosphate kinase	md:cjx_M00052	I	292590	293003	-
Campylobacter jejuni 4031	cjx	BN867_12680	NA	Uridylate kinase	md:cjx_M00052	I	1248659	1249378	-
Campylobacter jejuni 4031	cjx	BN867_00230	NA	Ribonucleotide reductase of class Ia (aerobic), alpha subunit	md:cjx_M00053	I	27980	30349	+
Campylobacter jejuni 4031	cjx	BN867_02060	NA	Ribonucleotide reductase of class Ia (aerobic), beta subunit	md:cjx_M00053	I	206530	207552	-
Campylobacter jejuni 4031	cjx	BN867_03070	NA	Nucleoside diphosphate kinase	md:cjx_M00053	I	292590	293003	-
Campylobacter jejuni 4031	cjx	BN867_01230	NA	UDP-3-O-[3-hydroxymyristoyl] N-acetylglucosamine deacetylase	md:cjx_M00060	I	131889	132773	+
Campylobacter jejuni 4031	cjx	BN867_02520	NA	Acyl-[acyl-carrier-protein]--UDP-N-acetylglucosamine O-acyltransferase	md:cjx_M00060	I	242255	243046	+
Campylobacter jejuni 4031	cjx	BN867_02630	NA	FIG022708: hypothetical protein	md:cjx_M00060	I	255390	256025	-
Campylobacter jejuni 4031	cjx	BN867_02650	NA	Lipid-A-disaccharide synthase	md:cjx_M00060	I	256655	257749	-
Campylobacter jejuni 4031	cjx	BN867_05850	NA	UDP-3-O-[3-hydroxymyristoyl] glucosamine N-acyltransferase	md:cjx_M00060	I	559728	560693	+
Campylobacter jejuni 4031	cjx	BN867_07230	NA	3-deoxy-D-manno-octulosonic-acid transferase	md:cjx_M00060	I	692592	693749	+
Campylobacter jejuni 4031	cjx	BN867_08120	NA	Tetraacyldisaccharide 4'-kinase	md:cjx_M00060	I	787580	788506	+
Campylobacter jejuni 4031	cjx	BN867_11250	NA	Lipid A biosynthesis lauroyl acyltransferase	md:cjx_M00060	I	1105325	1106203	+
Campylobacter jejuni 4031	cjx	BN867_03570	NA	2-Keto-3-deoxy-D-manno-octulosonate-8-phosphate synthase	md:cjx_M00063	I	339878	340693	-
Campylobacter jejuni 4031	cjx	BN867_06530	NA	3-deoxy-D-manno-octulosonate 8-phosphate phosphatase	md:cjx_M00063	I	628579	629067	+
Campylobacter jejuni 4031	cjx	BN867_08140	NA	3-deoxy-manno-octulosonate cytidylyltransferase	md:cjx_M00063	I	789900	790631	+
Campylobacter jejuni 4031	cjx	BN867_14150	NA	Capsular polysaccharide export system protein KpsF	md:cjx_M00063	I	1407991	1408938	-
Campylobacter jejuni 4031	cjx	BN867_11460	NA	Phosphoheptose isomerase 1	md:cjx_M00064	I	1123699	1124259	-
Campylobacter jejuni 4031	cjx	BN867_11470	NA	ADP-heptose synthase / D-glycero-beta-D-manno-heptose 7-phosphate kinase	md:cjx_M00064	I	1124256	1125641	-
Campylobacter jejuni 4031	cjx	BN867_11480	NA	ADP-L-glycero-D-manno-heptose-6-epimerase	md:cjx_M00064	I	1125634	1126587	-
Campylobacter jejuni 4031	cjx	BN867_11490	NA	D-glycero-D-manno-heptose 1,7-bisphosphate phosphatase	md:cjx_M00064	I	1126588	1127106	-
Campylobacter jejuni 4031	cjx	BN867_14010	NA	Phosphoheptose isomerase 2	md:cjx_M00064	I	1390541	1391146	-
Campylobacter jejuni 4031	cjx	BN867_01070	NA	Malonyl CoA-acyl carrier protein transacylase	md:cjx_M00082	I	117812	118684	+
Campylobacter jejuni 4031	cjx	BN867_01180	NA	Acetyl-coenzyme A carboxyl transferase beta chain	md:cjx_M00082	I	125740	126582	-
Campylobacter jejuni 4031	cjx	BN867_03030	NA	3-oxoacyl-[acyl-carrier-protein] synthase, KASIII	md:cjx_M00082	I	290107	291081	-
Campylobacter jejuni 4031	cjx	BN867_04150	NA	Acetyl-coenzyme A carboxyl transferase alpha chain	md:cjx_M00082	I	401715	402653	+
Campylobacter jejuni 4031	cjx	BN867_12830	NA	Biotin carboxylase of acetyl-CoA carboxylase	md:cjx_M00082	I	1263953	1265284	-
Campylobacter jejuni 4031	cjx	BN867_12840	NA	Biotin carboxyl carrier protein of acetyl-CoA carboxylase	md:cjx_M00082	I	1265286	1265741	-
Campylobacter jejuni 4031	cjx	BN867_12930	NA	3-oxoacyl-[acyl-carrier-protein] synthase, KASIII	md:cjx_M00082	I	1273395	1274456	+
Campylobacter jejuni 4031	cjx	BN867_02510	NA	(3R)-hydroxymyristoyl-[acyl carrier protein] dehydratase	md:cjx_M00083	I	241815	242255	+
Campylobacter jejuni 4031	cjx	BN867_04070	NA	3-oxoacyl-[acyl-carrier protein] reductase	md:cjx_M00083	I	394283	395026	+
Campylobacter jejuni 4031	cjx	BN867_04140	NA	3-oxoacyl-[acyl-carrier-protein] synthase, KASII	md:cjx_M00083	I	400499	401713	+
Campylobacter jejuni 4031	cjx	BN867_13800	NA	Enoyl-[acyl-carrier-protein] reductase [NADH]	md:cjx_M00083	I	1370465	1371283	-
Campylobacter jejuni 4031	cjx	BN867_05290	NA	1-acyl-sn-glycerol-3-phosphate acyltransferase	md:cjx_M00089	I	505035	505727	+
Campylobacter jejuni 4031	cjx	BN867_08430	NA	Phosphatidylserine decarboxylase	md:cjx_M00093	I	819325	820125	+
Campylobacter jejuni 4031	cjx	BN867_11060	NA	CDP-diacylglycerol--serine O-phosphatidyltransferase	md:cjx_M00093	I	1084583	1085311	-
Campylobacter jejuni 4031	cjx	BN867_11070	NA	Phosphatidylserine decarboxylase-related protein	md:cjx_M00093	I	1085321	1085938	-
Campylobacter jejuni 4031	cjx	BN867_13310	NA	Phosphatidate cytidylyltransferase	md:cjx_M00093	I	1316235	1316960	-
Campylobacter jejuni 4031	cjx	BN867_02960	NA	1-deoxy-D-xylulose 5-phosphate synthase	md:cjx_M00096	I	283222	285069	+
Campylobacter jejuni 4031	cjx	BN867_07030	NA	1-hydroxy-2-methyl-2-(E)-butenyl 4-diphosphate synthase	md:cjx_M00096	I	672625	673698	+
Campylobacter jejuni 4031	cjx	BN867_08800	NA	4-hydroxy-3-methylbut-2-enyl diphosphate reductase	md:cjx_M00096	I	859783	860616	-
Campylobacter jejuni 4031	cjx	BN867_10960	NA	4-diphosphocytidyl-2-C-methyl-D-erythritol kinase	md:cjx_M00096	I	1076446	1077213	+
Campylobacter jejuni 4031	cjx	BN867_13300	NA	1-deoxy-D-xylulose 5-phosphate reductoisomerase	md:cjx_M00096	I	1315168	1316238	-
Campylobacter jejuni 4031	cjx	BN867_15760	NA	2-C-methyl-D-erythritol 4-phosphate cytidylyltransferase / 2-C-methyl-D-erythritol 2,4-cyclodiphosphate synthase	md:cjx_M00096	I	1564039	1565154	+
Campylobacter jejuni 4031	cjx	BN867_08110	NA	NAD synthetase	md:cjx_M00115	I	786836	787576	+
Campylobacter jejuni 4031	cjx	BN867_13840	NA	Nicotinate-nucleotide adenylyltransferase	md:cjx_M00115	I	1374224	1374769	+
Campylobacter jejuni 4031	cjx	BN867_02990	NA	Ubiquinone/menaquinone biosynthesis methyltransferase UbiE @ 2-heptaprenyl-1,4-naphthoquinone methyltransferase	md:cjx_M00116	I	286810	287517	+
Campylobacter jejuni 4031	cjx	BN867_01560	NA	Menaquinone via futalosine polyprenyltransferase (MenA homolog)	md:cjx_M00117	I	159997	160881	-
Campylobacter jejuni 4031	cjx	BN867_02990	NA	Ubiquinone/menaquinone biosynthesis methyltransferase UbiE @ 2-heptaprenyl-1,4-naphthoquinone methyltransferase	md:cjx_M00117	I	286810	287517	+
Campylobacter jejuni 4031	cjx	BN867_05560	NA	UbiD family decarboxylase associated with menaquinone via futalosine	md:cjx_M00117	I	531389	533191	+
Campylobacter jejuni 4031	cjx	BN867_07690	NA	UbiX family decarboxylase associated with menaquinone via futalosine	md:cjx_M00117	I	744272	744835	-
Campylobacter jejuni 4031	cjx	BN867_02470	NA	Branched-chain amino acid aminotransferase	md:cjx_M00119	I	238880	239794	-
Campylobacter jejuni 4031	cjx	BN867_02710	NA	Aspartate 1-decarboxylase	md:cjx_M00119	I	262266	262646	-
Campylobacter jejuni 4031	cjx	BN867_02720	NA	Pantoate--beta-alanine ligase	md:cjx_M00119	I	262643	263491	-
Campylobacter jejuni 4031	cjx	BN867_02730	NA	3-methyl-2-oxobutanoate hydroxymethyltransferase	md:cjx_M00119	I	263502	264326	-
Campylobacter jejuni 4031	cjx	BN867_03670	NA	Pantothenate kinase type III, CoaX-like	md:cjx_M00120	I	351984	352613	-
Campylobacter jejuni 4031	cjx	BN867_07680	NA	Phosphopantetheine adenylyltransferase	md:cjx_M00120	I	743756	744232	-
Campylobacter jejuni 4031	cjx	BN867_08190	NA	Phosphopantothenoylcysteine decarboxylase / Phosphopantothenoylcysteine synthetase	md:cjx_M00120	I	795081	796235	+
Campylobacter jejuni 4031	cjx	BN867_14970	NA	Dephospho-CoA kinase	md:cjx_M00120	I	1489636	1490241	+
Campylobacter jejuni 4031	cjx	BN867_03360	NA	Protoporphyrinogen IX oxidase, novel form, HemJ	md:cjx_M00121	I	320145	320597	+
Campylobacter jejuni 4031	cjx	BN867_05160	NA	Ferrochelatase, protoheme ferro-lyase	md:cjx_M00121	I	489799	490728	-
Campylobacter jejuni 4031	cjx	BN867_05520	NA	Glutamyl-tRNA reductase	md:cjx_M00121	I	527095	528393	+
Campylobacter jejuni 4031	cjx	BN867_05550	NA	Porphobilinogen deaminase	md:cjx_M00121	I	530469	531392	+
Campylobacter jejuni 4031	cjx	BN867_08490	NA	Glutamate-1-semialdehyde aminotransferase	md:cjx_M00121	I	824636	825910	-
Campylobacter jejuni 4031	cjx	BN867_09800	NA	Coproporphyrinogen III oxidase, oxygen-independent	md:cjx_M00121	I	956859	958214	-
Campylobacter jejuni 4031	cjx	BN867_09830	NA	Porphobilinogen synthase	md:cjx_M00121	I	959606	960589	-
Campylobacter jejuni 4031	cjx	BN867_10720	NA	Uroporphyrinogen-III synthase	md:cjx_M00121	I	1050257	1050886	-
Campylobacter jejuni 4031	cjx	BN867_12370	NA	Uroporphyrinogen III decarboxylase	md:cjx_M00121	I	1212794	1213816	+
Campylobacter jejuni 4031	cjx	BN867_12810	NA	Glutamyl-tRNA synthetase	md:cjx_M00121	I	1261644	1263035	-
Campylobacter jejuni 4031	cjx	BN867_02810	NA	8-amino-7-oxononanoate synthase	md:cjx_M00123	I	269441	270583	-
Campylobacter jejuni 4031	cjx	BN867_02820	NA	Adenosylmethionine-8-amino-7-oxononanoate aminotransferase	md:cjx_M00123	I	270651	271934	+
Campylobacter jejuni 4031	cjx	BN867_02830	NA	Dethiobiotin synthetase	md:cjx_M00123	I	271921	272526	-
Campylobacter jejuni 4031	cjx	BN867_16490	NA	Biotin synthase	md:cjx_M00123	I	1630307	1631143	-
Campylobacter jejuni 4031	cjx	BN867_03010	NA	Phosphoserine aminotransferase	md:cjx_M00124	I	288687	289763	+
Campylobacter jejuni 4031	cjx	BN867_12310	NA	Pyridoxine 5'-phosphate synthase	md:cjx_M00124	I	1208470	1209243	+
Campylobacter jejuni 4031	cjx	BN867_12320	NA	4-hydroxythreonine-4-phosphate dehydrogenase	md:cjx_M00124	I	1209240	1210334	+
Campylobacter jejuni 4031	cjx	BN867_03560	NA	6,7-dimethyl-8-ribityllumazine synthase	md:cjx_M00125	I	339417	339881	-
Campylobacter jejuni 4031	cjx	BN867_05810	NA	3,4-dihydroxy-2-butanone 4-phosphate synthase / GTP cyclohydrolase II	md:cjx_M00125	I	556078	557097	+
Campylobacter jejuni 4031	cjx	BN867_05980	NA	Riboflavin kinase / FMN adenylyltransferase	md:cjx_M00125	I	571690	572541	+
Campylobacter jejuni 4031	cjx	BN867_09840	NA	GTP cyclohydrolase II	md:cjx_M00125	I	960646	961206	+
Campylobacter jejuni 4031	cjx	BN867_12110	NA	Riboflavin synthase eubacterial/eukaryotic	md:cjx_M00125	I	1187747	1188358	-
Campylobacter jejuni 4031	cjx	BN867_15910	NA	Diaminohydroxyphosphoribosylaminopyrimidine deaminase / 5-amino-6-(5-phosphoribosylamino)uracil reductase	md:cjx_M00125	I	1579518	1580498	+
Campylobacter jejuni 4031	cjx	BN867_00570	NA	2-amino-4-hydroxy-6-hydroxymethyldihydropteridinepyrophosphokinase	md:cjx_M00126	I	75179	75652	-
Campylobacter jejuni 4031	cjx	BN867_01780	NA	GTP cyclohydrolase I type 1	md:cjx_M00126	I	180524	181108	+
Campylobacter jejuni 4031	cjx	BN867_03310	NA	Dihydroneopterin aldolase	md:cjx_M00126	I	316132	316449	-
Campylobacter jejuni 4031	cjx	BN867_05940	NA	Alternative dihydrofolate reductase 2 / Dihydropteroate synthase	md:cjx_M00126	I	566892	568034	+
Campylobacter jejuni 4031	cjx	BN867_07210	NA	FIG137478: Hypothetical protein	md:cjx_M00126	I	691144	691869	+
Campylobacter jejuni 4031	cjx	BN867_10800	NA	Dihydrofolate synthase / Folylpolyglutamate synthase	md:cjx_M00126	I	1057898	1059058	-
Campylobacter jejuni 4031	cjx	BN867_04230	NA	Thiamin biosynthesis protein ThiC	md:cjx_M00127	I	409000	410292	+
Campylobacter jejuni 4031	cjx	BN867_10320	NA	Thiamin-phosphate pyrophosphorylase	md:cjx_M00127	I	1010459	1011064	-
Campylobacter jejuni 4031	cjx	BN867_10330	NA	Thiazole biosynthesis protein ThiH	md:cjx_M00127	I	1011054	1012199	-
Campylobacter jejuni 4031	cjx	BN867_10340	NA	Thiazole biosynthesis protein ThiG	md:cjx_M00127	I	1012202	1012978	-
Campylobacter jejuni 4031	cjx	BN867_10350	NA	Sulfur carrier protein adenylyltransferase ThiF	md:cjx_M00127	I	1012981	1013784	-
Campylobacter jejuni 4031	cjx	BN867_10360	NA	Sulfur carrier protein ThiS	md:cjx_M00127	I	1013781	1013972	-
Campylobacter jejuni 4031	cjx	BN867_10730	NA	Thiamin-phosphate pyrophosphorylase	md:cjx_M00127	I	1050864	1051496	-
Campylobacter jejuni 4031	cjx	BN867_10740	NA	Phosphomethylpyrimidine kinase	md:cjx_M00127	I	1051486	1052298	-
Campylobacter jejuni 4031	cjx	BN867_14300	NA	Thiamine-monophosphate kinase	md:cjx_M00127	I	1422499	1423320	-
Campylobacter jejuni 4031	cjx	BN867_14100	NA	UDP-glucose dehydrogenase	md:cjx_M00129	I	1401637	1402935	-
Campylobacter jejuni 4031	cjx	BN867_15030	NA	UTP--glucose-1-phosphate uridylyltransferase	md:cjx_M00129	I	1494582	1495406	-
Campylobacter jejuni 4031	cjx	BN867_01190	NA	Putative fructose-1,6-bisphosphatase or related enzymes of inositol monophosphatase family	md:cjx_M00131	I	126591	127313	-
Campylobacter jejuni 4031	cjx	BN867_07650	NA	Arginine decarboxylase	md:cjx_M00133	I	740132	741964	-
Campylobacter jejuni 4031	cjx	BN867_03750	NA	Serine hydroxymethyltransferase	md:cjx_M00140	I	357497	358741	+
Campylobacter jejuni 4031	cjx	BN867_08510	NA	Methylenetetrahydrofolate dehydrogenase (NADP+) / Methenyltetrahydrofolate cyclohydrolase	md:cjx_M00140	I	826334	827182	+
Campylobacter jejuni 4031	cjx	BN867_15310	NA	NADH-ubiquinone oxidoreductase chain N	md:cjx_M00144	I	1523917	1525305	-
Campylobacter jejuni 4031	cjx	BN867_15320	NA	NADH-ubiquinone oxidoreductase chain M	md:cjx_M00144	I	1525295	1526782	-
Campylobacter jejuni 4031	cjx	BN867_15330	NA	NADH-ubiquinone oxidoreductase chain L	md:cjx_M00144	I	1526784	1528574	-
Campylobacter jejuni 4031	cjx	BN867_15340	NA	NADH-ubiquinone oxidoreductase chain K	md:cjx_M00144	I	1528576	1528872	-
Campylobacter jejuni 4031	cjx	BN867_15350	NA	NADH-ubiquinone oxidoreductase chain J	md:cjx_M00144	I	1528869	1529387	-
Campylobacter jejuni 4031	cjx	BN867_15360	NA	NADH-ubiquinone oxidoreductase chain I	md:cjx_M00144	I	1529384	1530025	-
Campylobacter jejuni 4031	cjx	BN867_15370	NA	NADH-ubiquinone oxidoreductase chain H	md:cjx_M00144	I	1530035	1531033	-
Campylobacter jejuni 4031	cjx	BN867_15380	NA	NADH-ubiquinone oxidoreductase chain G	md:cjx_M00144	I	1531026	1533488	-
Campylobacter jejuni 4031	cjx	BN867_15390	NA	FIG00469845: hypothetical protein	md:cjx_M00144	I	1533485	1534177	-
Campylobacter jejuni 4031	cjx	BN867_15400	NA	NADH-ubiquinone oxidoreductase chain E	md:cjx_M00144	I	1534174	1534401	-
Campylobacter jejuni 4031	cjx	BN867_15410	NA	NADH-ubiquinone oxidoreductase chain D	md:cjx_M00144	I	1534398	1535624	-
Campylobacter jejuni 4031	cjx	BN867_15420	NA	NADH-ubiquinone oxidoreductase chain C	md:cjx_M00144	I	1535626	1536417	-
Campylobacter jejuni 4031	cjx	BN867_15430	NA	NADH-ubiquinone oxidoreductase chain B	md:cjx_M00144	I	1536417	1536920	-
Campylobacter jejuni 4031	cjx	BN867_15440	NA	NADH ubiquinone oxidoreductase chain A	md:cjx_M00144	I	1536902	1537291	-
Campylobacter jejuni 4031	cjx	BN867_04090	NA	Succinate dehydrogenase flavoprotein subunit	md:cjx_M00149	I	395780	397615	+
Campylobacter jejuni 4031	cjx	BN867_04100	NA	Succinate dehydrogenase iron-sulfur protein	md:cjx_M00149	I	397612	398577	+
Campylobacter jejuni 4031	cjx	BN867_04110	NA	Putative succinate dehydrogenase cytochrome b subunit	md:cjx_M00149	I	398581	399438	+
Campylobacter jejuni 4031	cjx	BN867_03810	NA	Fumarate reductase cytochrome b subunit	md:cjx_M00150	I	362865	363647	+
Campylobacter jejuni 4031	cjx	BN867_03820	NA	Succinate dehydrogenase flavoprotein subunit	md:cjx_M00150	I	363631	365622	+
Campylobacter jejuni 4031	cjx	BN867_03830	NA	Succinate dehydrogenase iron-sulfur protein	md:cjx_M00150	I	365615	366340	+
Campylobacter jejuni 4031	cjx	BN867_11790	NA	ubiquinol cytochrome C oxidoreductase, cytochrome C1 subunit	md:cjx_M00151	I	1152880	1154004	-
Campylobacter jejuni 4031	cjx	BN867_11800	NA	Ubiquinol--cytochrome c reductase, cytochrome B subunit	md:cjx_M00151	I	1154001	1155251	-
Campylobacter jejuni 4031	cjx	BN867_11810	NA	Ubiquinol-cytochrome C reductase iron-sulfur subunit	md:cjx_M00151	I	1155253	1155756	-
Campylobacter jejuni 4031	cjx	BN867_11790	NA	ubiquinol cytochrome C oxidoreductase, cytochrome C1 subunit	md:cjx_M00152	I	1152880	1154004	-
Campylobacter jejuni 4031	cjx	BN867_11800	NA	Ubiquinol--cytochrome c reductase, cytochrome B subunit	md:cjx_M00152	I	1154001	1155251	-
Campylobacter jejuni 4031	cjx	BN867_11810	NA	Ubiquinol-cytochrome C reductase iron-sulfur subunit	md:cjx_M00152	I	1155253	1155756	-
Campylobacter jejuni 4031	cjx	BN867_00740	NA	Cytochrome d ubiquinol oxidase subunit I	md:cjx_M00153	I	88416	89978	+
Campylobacter jejuni 4031	cjx	BN867_00750	NA	Cytochrome d ubiquinol oxidase subunit II	md:cjx_M00153	I	89978	91102	+
Campylobacter jejuni 4031	cjx	BN867_14570	NA	Cytochrome c oxidase subunit CcoP	md:cjx_M00156	I	1449570	1450433	-
Campylobacter jejuni 4031	cjx	BN867_14580	NA	Cytochrome c oxidase subunit CcoQ	md:cjx_M00156	I	1450433	1450696	-
Campylobacter jejuni 4031	cjx	BN867_14590	NA	Cytochrome c oxidase subunit CcoO	md:cjx_M00156	I	1450701	1451366	-
Campylobacter jejuni 4031	cjx	BN867_14600	NA	Cytochrome c oxidase subunit CcoN	md:cjx_M00156	I	1451379	1452845	-
Campylobacter jejuni 4031	cjx	BN867_00930	NA	ATP synthase B' chain	md:cjx_M00157	I	107010	107435	+
Campylobacter jejuni 4031	cjx	BN867_00940	NA	ATP synthase B chain	md:cjx_M00157	I	107446	107958	+
Campylobacter jejuni 4031	cjx	BN867_00950	NA	ATP synthase delta chain	md:cjx_M00157	I	107961	108482	+
Campylobacter jejuni 4031	cjx	BN867_00960	NA	ATP synthase alpha chain	md:cjx_M00157	I	108496	110001	+
Campylobacter jejuni 4031	cjx	BN867_00970	NA	ATP synthase gamma chain	md:cjx_M00157	I	110010	110894	+
Campylobacter jejuni 4031	cjx	BN867_00980	NA	ATP synthase beta chain	md:cjx_M00157	I	110919	112316	+
Campylobacter jejuni 4031	cjx	BN867_00990	NA	ATP synthase epsilon chain	md:cjx_M00157	I	112320	112709	+
Campylobacter jejuni 4031	cjx	BN867_09220	NA	ATP synthase C chain	md:cjx_M00157	I	898296	898634	+
Campylobacter jejuni 4031	cjx	BN867_11990	NA	ATP synthase A chain	md:cjx_M00157	I	1175235	1175915	-
Campylobacter jejuni 4031	cjx	BN867_06060	NA	Fructose-bisphosphate aldolase class II	md:cjx_M00165	I	576757	577821	+
Campylobacter jejuni 4031	cjx	BN867_08370	NA	Fructose-1,6-bisphosphatase, type I	md:cjx_M00165	I	813104	813946	-
Campylobacter jejuni 4031	cjx	BN867_09110	NA	Ribose 5-phosphate isomerase B	md:cjx_M00165	I	886065	886502	+
Campylobacter jejuni 4031	cjx	BN867_13820	NA	Phosphoglycerate kinase	md:cjx_M00165	I	1371961	1373163	-
Campylobacter jejuni 4031	cjx	BN867_13830	NA	NAD-dependent glyceraldehyde-3-phosphate dehydrogenase	md:cjx_M00165	I	1373166	1374164	-
Campylobacter jejuni 4031	cjx	BN867_16140	NA	Transketolase	md:cjx_M00165	I	1598443	1600341	+
Campylobacter jejuni 4031	cjx	BN867_13820	NA	Phosphoglycerate kinase	md:cjx_M00166	I	1371961	1373163	-
Campylobacter jejuni 4031	cjx	BN867_13830	NA	NAD-dependent glyceraldehyde-3-phosphate dehydrogenase	md:cjx_M00166	I	1373166	1374164	-
Campylobacter jejuni 4031	cjx	BN867_06060	NA	Fructose-bisphosphate aldolase class II	md:cjx_M00167	I	576757	577821	+
Campylobacter jejuni 4031	cjx	BN867_08370	NA	Fructose-1,6-bisphosphatase, type I	md:cjx_M00167	I	813104	813946	-
Campylobacter jejuni 4031	cjx	BN867_09110	NA	Ribose 5-phosphate isomerase B	md:cjx_M00167	I	886065	886502	+
Campylobacter jejuni 4031	cjx	BN867_16140	NA	Transketolase	md:cjx_M00167	I	1598443	1600341	+
Campylobacter jejuni 4031	cjx	BN867_05420	NA	Malate dehydrogenase	md:cjx_M00168	I	519443	520345	+
Campylobacter jejuni 4031	cjx	BN867_12800	NA	NADP-dependent malic enzyme	md:cjx_M00169	I	1260407	1261642	-
Campylobacter jejuni 4031	cjx	BN867_09180	NA	Phosphoenolpyruvate carboxykinase [ATP]	md:cjx_M00170	I	891956	893530	-
Campylobacter jejuni 4031	cjx	BN867_12800	NA	NADP-dependent malic enzyme	md:cjx_M00172	I	1260407	1261642	-
Campylobacter jejuni 4031	cjx	BN867_03810	NA	Fumarate reductase cytochrome b subunit	md:cjx_M00173	I	362865	363647	+
Campylobacter jejuni 4031	cjx	BN867_03820	NA	Succinate dehydrogenase flavoprotein subunit	md:cjx_M00173	I	363631	365622	+
Campylobacter jejuni 4031	cjx	BN867_03830	NA	Succinate dehydrogenase iron-sulfur protein	md:cjx_M00173	I	365615	366340	+
Campylobacter jejuni 4031	cjx	BN867_04090	NA	Succinate dehydrogenase flavoprotein subunit	md:cjx_M00173	I	395780	397615	+
Campylobacter jejuni 4031	cjx	BN867_04100	NA	Succinate dehydrogenase iron-sulfur protein	md:cjx_M00173	I	397612	398577	+
Campylobacter jejuni 4031	cjx	BN867_04110	NA	Putative succinate dehydrogenase cytochrome b subunit	md:cjx_M00173	I	398581	399438	+
Campylobacter jejuni 4031	cjx	BN867_05410	NA	Isocitrate dehydrogenase [NADP]; Monomeric isocitrate dehydrogenase [NADP]	md:cjx_M00173	I	517242	519446	+
Campylobacter jejuni 4031	cjx	BN867_05420	NA	Malate dehydrogenase	md:cjx_M00173	I	519443	520345	+
Campylobacter jejuni 4031	cjx	BN867_05430	NA	Succinyl-CoA ligase [ADP-forming] beta chain	md:cjx_M00173	I	520346	521509	+
Campylobacter jejuni 4031	cjx	BN867_05440	NA	Succinyl-CoA ligase [ADP-forming] alpha chain	md:cjx_M00173	I	521519	522388	+
Campylobacter jejuni 4031	cjx	BN867_05450	NA	2-oxoglutarate oxidoreductase, delta subunit, putative	md:cjx_M00173	I	522403	522714	+
Campylobacter jejuni 4031	cjx	BN867_05460	NA	2-oxoglutarate oxidoreductase, alpha subunit	md:cjx_M00173	I	522723	523847	+
Campylobacter jejuni 4031	cjx	BN867_05470	NA	2-oxoglutarate oxidoreductase, beta subunit	md:cjx_M00173	I	523848	524693	+
Campylobacter jejuni 4031	cjx	BN867_05480	NA	2-oxoglutarate oxidoreductase, gamma subunit	md:cjx_M00173	I	524690	525247	+
Campylobacter jejuni 4031	cjx	BN867_08320	NA	Aconitate hydratase 2	md:cjx_M00173	I	807028	809574	-
Campylobacter jejuni 4031	cjx	BN867_09190	NA	Pyruvate carboxyl transferase subunit B	md:cjx_M00173	I	893543	895342	-
Campylobacter jejuni 4031	cjx	BN867_10260	NA	Pyruvate carboxyl transferase subunit A	md:cjx_M00173	I	1003743	1005188	-
Campylobacter jejuni 4031	cjx	BN867_13500	NA	Fumarate hydratase class II	md:cjx_M00173	I	1335890	1337281	-
Campylobacter jejuni 4031	cjx	BN867_14470	NA	Pyruvate-flavodoxin oxidoreductase	md:cjx_M00173	I	1436743	1440303	-
Campylobacter jejuni 4031	cjx	BN867_13970	NA	Sulfate adenylyltransferase, dissimilatory-type	md:cjx_M00176	I	1386484	1387530	-
Campylobacter jejuni 4031	cjx	BN867_15780	NA	Sulfate adenylyltransferase, dissimilatory-type	md:cjx_M00176	I	1566016	1567176	+
Campylobacter jejuni 4031	cjx	BN867_14470	NA	Pyruvate-flavodoxin oxidoreductase	md:cjx_M00307	I	1436743	1440303	-
Campylobacter jejuni 4031	cjx	BN867_13820	NA	Phosphoglycerate kinase	md:cjx_M00308	I	1371961	1373163	-
Campylobacter jejuni 4031	cjx	BN867_13830	NA	NAD-dependent glyceraldehyde-3-phosphate dehydrogenase	md:cjx_M00308	I	1373166	1374164	-
Campylobacter jejuni 4031	cjx	BN867_06060	NA	Fructose-bisphosphate aldolase class II	md:cjx_M00344	I	576757	577821	+
Campylobacter jejuni 4031	cjx	BN867_08370	NA	Fructose-1,6-bisphosphatase, type I	md:cjx_M00344	I	813104	813946	-
Campylobacter jejuni 4031	cjx	BN867_06060	NA	Fructose-bisphosphate aldolase class II	md:cjx_M00345	I	576757	577821	+
Campylobacter jejuni 4031	cjx	BN867_03750	NA	Serine hydroxymethyltransferase	md:cjx_M00346	I	357497	358741	+
Campylobacter jejuni 4031	cjx	BN867_05420	NA	Malate dehydrogenase	md:cjx_M00346	I	519443	520345	+
Campylobacter jejuni 4031	cjx	BN867_16400	NA	Enolase	md:cjx_M00346	I	1621794	1623038	-
Campylobacter jejuni 4031	cjx	BN867_07060	NA	Acetate kinase	md:cjx_M00357	I	676035	677222	+
Campylobacter jejuni 4031	cjx	BN867_15040	NA	Acetyl-coenzyme A synthetase	md:cjx_M00357	I	1495488	1497461	-
Campylobacter jejuni 4031	cjx	BN867_16130	NA	Octaprenyl diphosphate synthase / Dimethylallyltransferase / (2E,6E)-farnesyl diphosphate synthase / Geranylgeranyl diphosphate synthase	md:cjx_M00364	I	1597588	1598433	+
Campylobacter jejuni 4031	cjx	BN867_10880	NA	S-adenosylmethionine synthetase	md:cjx_M00368	I	1067729	1068838	-
Campylobacter jejuni 4031	cjx	BN867_04090	NA	Succinate dehydrogenase flavoprotein subunit	md:cjx_M00374	I	395780	397615	+
Campylobacter jejuni 4031	cjx	BN867_04100	NA	Succinate dehydrogenase iron-sulfur protein	md:cjx_M00374	I	397612	398577	+
Campylobacter jejuni 4031	cjx	BN867_04110	NA	Putative succinate dehydrogenase cytochrome b subunit	md:cjx_M00374	I	398581	399438	+
Campylobacter jejuni 4031	cjx	BN867_05420	NA	Malate dehydrogenase	md:cjx_M00374	I	519443	520345	+
Campylobacter jejuni 4031	cjx	BN867_05430	NA	Succinyl-CoA ligase [ADP-forming] beta chain	md:cjx_M00374	I	520346	521509	+
Campylobacter jejuni 4031	cjx	BN867_05440	NA	Succinyl-CoA ligase [ADP-forming] alpha chain	md:cjx_M00374	I	521519	522388	+
Campylobacter jejuni 4031	cjx	BN867_01180	NA	Acetyl-coenzyme A carboxyl transferase beta chain	md:cjx_M00376	I	125740	126582	-
Campylobacter jejuni 4031	cjx	BN867_04090	NA	Succinate dehydrogenase flavoprotein subunit	md:cjx_M00376	I	395780	397615	+
Campylobacter jejuni 4031	cjx	BN867_04100	NA	Succinate dehydrogenase iron-sulfur protein	md:cjx_M00376	I	397612	398577	+
Campylobacter jejuni 4031	cjx	BN867_04110	NA	Putative succinate dehydrogenase cytochrome b subunit	md:cjx_M00376	I	398581	399438	+
Campylobacter jejuni 4031	cjx	BN867_04150	NA	Acetyl-coenzyme A carboxyl transferase alpha chain	md:cjx_M00376	I	401715	402653	+
Campylobacter jejuni 4031	cjx	BN867_12830	NA	Biotin carboxylase of acetyl-CoA carboxylase	md:cjx_M00376	I	1263953	1265284	-
Campylobacter jejuni 4031	cjx	BN867_12840	NA	Biotin carboxyl carrier protein of acetyl-CoA carboxylase	md:cjx_M00376	I	1265286	1265741	-
Campylobacter jejuni 4031	cjx	BN867_13500	NA	Fumarate hydratase class II	md:cjx_M00376	I	1335890	1337281	-
Campylobacter jejuni 4031	cjx	BN867_08510	NA	Methylenetetrahydrofolate dehydrogenase (NADP+) / Methenyltetrahydrofolate cyclohydrolase	md:cjx_M00377	I	826334	827182	+
Campylobacter jejuni 4031	cjx	BN867_11970	NA	5,10-methylenetetrahydrofolate reductase	md:cjx_M00377	I	1174177	1175025	+
Campylobacter jejuni 4031	cjx	BN867_05540	NA	Putative integral memnbrane protein	md:cjx_M00432	I	530083	530472	+
Campylobacter jejuni 4031	cjx	BN867_16890	NA	3-isopropylmalate dehydratase small subunit	md:cjx_M00432	I	1658944	1659546	-
Campylobacter jejuni 4031	cjx	BN867_16900	NA	3-isopropylmalate dehydratase large subunit	md:cjx_M00432	I	1659548	1660954	-
Campylobacter jejuni 4031	cjx	BN867_16910	NA	3-isopropylmalate dehydrogenase	md:cjx_M00432	I	1660947	1662023	-
Campylobacter jejuni 4031	cjx	BN867_16920	NA	2-isopropylmalate synthase	md:cjx_M00432	I	1662020	1663555	-
Campylobacter jejuni 4031	cjx	BN867_01810	NA	Dihydrodipicolinate reductase	md:cjx_M00525	I	183835	184563	-
Campylobacter jejuni 4031	cjx	BN867_02890	NA	Diaminopimelate decarboxylase	md:cjx_M00525	I	275507	276715	+
Campylobacter jejuni 4031	cjx	BN867_05910	NA	Aspartokinase	md:cjx_M00525	I	564546	565748	+
Campylobacter jejuni 4031	cjx	BN867_08070	NA	Dihydrodipicolinate synthase	md:cjx_M00525	I	784132	785028	+
Campylobacter jejuni 4031	cjx	BN867_10110	NA	Aspartate-semialdehyde dehydrogenase	md:cjx_M00525	I	987666	988697	-
Campylobacter jejuni 4031	cjx	BN867_14440	NA	MSHA biogenesis protein MshM	md:cjx_M00525	I	1434417	1435025	-
Campylobacter jejuni 4031	cjx	BN867_14980	NA	Diaminopimelate epimerase	md:cjx_M00525	I	1490238	1490987	+
Campylobacter jejuni 4031	cjx	BN867_01810	NA	Dihydrodipicolinate reductase	md:cjx_M00526	I	183835	184563	-
Campylobacter jejuni 4031	cjx	BN867_02890	NA	Diaminopimelate decarboxylase	md:cjx_M00526	I	275507	276715	+
Campylobacter jejuni 4031	cjx	BN867_05910	NA	Aspartokinase	md:cjx_M00526	I	564546	565748	+
Campylobacter jejuni 4031	cjx	BN867_08070	NA	Dihydrodipicolinate synthase	md:cjx_M00526	I	784132	785028	+
Campylobacter jejuni 4031	cjx	BN867_10110	NA	Aspartate-semialdehyde dehydrogenase	md:cjx_M00526	I	987666	988697	-
Campylobacter jejuni 4031	cjx	BN867_14440	NA	MSHA biogenesis protein MshM	md:cjx_M00526	I	1434417	1435025	-
Campylobacter jejuni 4031	cjx	BN867_01810	NA	Dihydrodipicolinate reductase	md:cjx_M00527	I	183835	184563	-
Campylobacter jejuni 4031	cjx	BN867_02890	NA	Diaminopimelate decarboxylase	md:cjx_M00527	I	275507	276715	+
Campylobacter jejuni 4031	cjx	BN867_05910	NA	Aspartokinase	md:cjx_M00527	I	564546	565748	+
Campylobacter jejuni 4031	cjx	BN867_08070	NA	Dihydrodipicolinate synthase	md:cjx_M00527	I	784132	785028	+
Campylobacter jejuni 4031	cjx	BN867_10110	NA	Aspartate-semialdehyde dehydrogenase	md:cjx_M00527	I	987666	988697	-
Campylobacter jejuni 4031	cjx	BN867_14440	NA	MSHA biogenesis protein MshM	md:cjx_M00527	I	1434417	1435025	-
Campylobacter jejuni 4031	cjx	BN867_14980	NA	Diaminopimelate epimerase	md:cjx_M00527	I	1490238	1490987	+
Campylobacter jejuni 4031	cjx	BN867_07810	NA	Periplasmic nitrate reductase precursor	md:cjx_M00529	I	757591	760365	+
Campylobacter jejuni 4031	cjx	BN867_07840	NA	Nitrate reductase cytochrome c550-type subunit	md:cjx_M00529	I	761902	762423	+
Campylobacter jejuni 4031	cjx	BN867_07810	NA	Periplasmic nitrate reductase precursor	md:cjx_M00530	I	757591	760365	+
Campylobacter jejuni 4031	cjx	BN867_07840	NA	Nitrate reductase cytochrome c550-type subunit	md:cjx_M00530	I	761902	762423	+
Campylobacter jejuni 4031	cjx	BN867_13430	NA	Cytochrome c552 precursor	md:cjx_M00530	I	1325692	1327524	-
Campylobacter jejuni 4031	cjx	BN867_13440	NA	Cytochrome c nitrite reductase, small subunit NrfH	md:cjx_M00530	I	1327539	1328030	-
Campylobacter jejuni 4031	cjx	BN867_03750	NA	Serine hydroxymethyltransferase	md:cjx_M00532	I	357497	358741	+
Campylobacter jejuni 4031	cjx	BN867_13690	NA	Catalase	md:cjx_M00532	I	1358344	1359768	+
Campylobacter jejuni 4031	cjx	BN867_16890	NA	3-isopropylmalate dehydratase small subunit	md:cjx_M00535	I	1658944	1659546	-
Campylobacter jejuni 4031	cjx	BN867_16900	NA	3-isopropylmalate dehydratase large subunit	md:cjx_M00535	I	1659548	1660954	-
Campylobacter jejuni 4031	cjx	BN867_16910	NA	3-isopropylmalate dehydrogenase	md:cjx_M00535	I	1660947	1662023	-
Campylobacter jejuni 4031	cjx	BN867_07310	NA	Transthyretin-like periplasmic protein	md:cjx_M00546	I	698157	698570	+
Campylobacter jejuni 4031	cjx	BN867_13870	NA	Phosphomannomutase / Phosphoglucomutase / Phosphoglucosamine mutase	md:cjx_M00549	I	1375579	1376949	-
Campylobacter jejuni 4031	cjx	BN867_15030	NA	UTP--glucose-1-phosphate uridylyltransferase	md:cjx_M00549	I	1494582	1495406	-
Campylobacter jejuni 4031	cjx	BN867_13820	NA	Phosphoglycerate kinase	md:cjx_M00552	I	1371961	1373163	-
Campylobacter jejuni 4031	cjx	BN867_13830	NA	NAD-dependent glyceraldehyde-3-phosphate dehydrogenase	md:cjx_M00552	I	1373166	1374164	-
Campylobacter jejuni 4031	cjx	BN867_02480	NA	4-oxalocrotonate tautomerase	md:cjx_M00569	I	239971	240177	+
Campylobacter jejuni 4031	cjx	BN867_00120	NA	Dihydroxy-acid dehydratase	md:cjx_M00570	I	15808	17484	+
Campylobacter jejuni 4031	cjx	BN867_02470	NA	Branched-chain amino acid aminotransferase	md:cjx_M00570	I	238880	239794	-
Campylobacter jejuni 4031	cjx	BN867_05830	NA	Acetolactate synthase large subunit	md:cjx_M00570	I	557570	559270	+
Campylobacter jejuni 4031	cjx	BN867_05840	NA	Acetolactate synthase small subunit	md:cjx_M00570	I	559267	559731	+
Campylobacter jejuni 4031	cjx	BN867_06380	NA	Ketol-acid reductoisomerase	md:cjx_M00570	I	614353	615375	+
Campylobacter jejuni 4031	cjx	BN867_08250	NA	Threonine dehydratase	md:cjx_M00570	I	800038	801249	-
Campylobacter jejuni 4031	cjx	BN867_02510	NA	(3R)-hydroxymyristoyl-[acyl carrier protein] dehydratase	md:cjx_M00572	I	241815	242255	+
Campylobacter jejuni 4031	cjx	BN867_02790	NA	Biotin synthesis protein BioC	md:cjx_M00572	I	268150	268836	-
Campylobacter jejuni 4031	cjx	BN867_02800	NA	Biotin synthesis protein BioG	md:cjx_M00572	I	268833	269444	-
Campylobacter jejuni 4031	cjx	BN867_04070	NA	3-oxoacyl-[acyl-carrier protein] reductase	md:cjx_M00572	I	394283	395026	+
Campylobacter jejuni 4031	cjx	BN867_04140	NA	3-oxoacyl-[acyl-carrier-protein] synthase, KASII	md:cjx_M00572	I	400499	401713	+
Campylobacter jejuni 4031	cjx	BN867_13800	NA	Enoyl-[acyl-carrier-protein] reductase [NADH]	md:cjx_M00572	I	1370465	1371283	-
Campylobacter jejuni 4031	cjx	BN867_02810	NA	8-amino-7-oxononanoate synthase	md:cjx_M00573	I	269441	270583	-
Campylobacter jejuni 4031	cjx	BN867_02830	NA	Dethiobiotin synthetase	md:cjx_M00573	I	271921	272526	-
Campylobacter jejuni 4031	cjx	BN867_16490	NA	Biotin synthase	md:cjx_M00573	I	1630307	1631143	-
Campylobacter jejuni 4031	cjx	BN867_10190	NA	Probable outer membrane component of multidrug efflux pump	md:cjx_M00575	I	996906	998180	+
Campylobacter jejuni 4031	cjx	BN867_02810	NA	8-amino-7-oxononanoate synthase	md:cjx_M00577	I	269441	270583	-
Campylobacter jejuni 4031	cjx	BN867_02820	NA	Adenosylmethionine-8-amino-7-oxononanoate aminotransferase	md:cjx_M00577	I	270651	271934	+
Campylobacter jejuni 4031	cjx	BN867_02830	NA	Dethiobiotin synthetase	md:cjx_M00577	I	271921	272526	-
Campylobacter jejuni 4031	cjx	BN867_16490	NA	Biotin synthase	md:cjx_M00577	I	1630307	1631143	-
Campylobacter jejuni 4031	cjx	BN867_07050	NA	Phosphate acetyltransferase	md:cjx_M00579	I	674519	676021	+
Campylobacter jejuni 4031	cjx	BN867_07060	NA	Acetate kinase	md:cjx_M00579	I	676035	677222	+
Campylobacter jejuni 4031	cjx	BN867_13970	NA	Sulfate adenylyltransferase, dissimilatory-type	md:cjx_M00596	I	1386484	1387530	-
Campylobacter jejuni 4031	cjx	BN867_15780	NA	Sulfate adenylyltransferase, dissimilatory-type	md:cjx_M00596	I	1566016	1567176	+
Campylobacter jejuni 4031	cjx	BN867_10880	NA	S-adenosylmethionine synthetase	md:cjx_M00609	I	1067729	1068838	-
Campylobacter jejuni 4031	cjx	BN867_11930	NA	S-ribosylhomocysteine lyase / Autoinducer-2 production protein LuxS	md:cjx_M00609	I	1169313	1169807	+
Campylobacter jejuni 4031	cjx	BN867_05420	NA	Malate dehydrogenase	md:cjx_M00620	I	519443	520345	+
Campylobacter jejuni 4031	cjx	BN867_05430	NA	Succinyl-CoA ligase [ADP-forming] beta chain	md:cjx_M00620	I	520346	521509	+
Campylobacter jejuni 4031	cjx	BN867_05440	NA	Succinyl-CoA ligase [ADP-forming] alpha chain	md:cjx_M00620	I	521519	522388	+
Campylobacter jejuni 4031	cjx	BN867_05450	NA	2-oxoglutarate oxidoreductase, delta subunit, putative	md:cjx_M00620	I	522403	522714	+
Campylobacter jejuni 4031	cjx	BN867_05460	NA	2-oxoglutarate oxidoreductase, alpha subunit	md:cjx_M00620	I	522723	523847	+
Campylobacter jejuni 4031	cjx	BN867_05470	NA	2-oxoglutarate oxidoreductase, beta subunit	md:cjx_M00620	I	523848	524693	+
Campylobacter jejuni 4031	cjx	BN867_05480	NA	2-oxoglutarate oxidoreductase, gamma subunit	md:cjx_M00620	I	524690	525247	+
Campylobacter jejuni 4031	cjx	BN867_09190	NA	Pyruvate carboxyl transferase subunit B	md:cjx_M00620	I	893543	895342	-
Campylobacter jejuni 4031	cjx	BN867_10260	NA	Pyruvate carboxyl transferase subunit A	md:cjx_M00620	I	1003743	1005188	-
Campylobacter jejuni 4031	cjx	BN867_11220	NA	UDP-glucose 4-epimerase	md:cjx_M00632	I	1102402	1103388	-
Campylobacter jejuni 4031	cjx	BN867_14090	NA	UDP-glucose 4-epimerase	md:cjx_M00632	I	1400666	1401640	-
Campylobacter jejuni 4031	cjx	BN867_03390	NA	RND efflux system, outer membrane lipoprotein CmeC	md:cjx_M00642	I	322342	323820	-
Campylobacter jejuni 4031	cjx	BN867_03390	NA	RND efflux system, outer membrane lipoprotein CmeC	md:cjx_M00643	I	322342	323820	-
Campylobacter jejuni 4031	cjx	BN867_10190	NA	Probable outer membrane component of multidrug efflux pump	md:cjx_M00696	I	996906	998180	+
Campylobacter jejuni 4031	cjx	BN867_10190	NA	Probable outer membrane component of multidrug efflux pump	md:cjx_M00697	I	996906	998180	+
Campylobacter jejuni 4031	cjx	BN867_03390	NA	RND efflux system, outer membrane lipoprotein CmeC	md:cjx_M00718	I	322342	323820	-
Campylobacter jejuni 4031	cjx	BN867_03400	NA	RND efflux system, inner membrane transporter CmeB	md:cjx_M00718	I	323813	326935	-
Campylobacter jejuni 4031	cjx	BN867_03410	NA	RND efflux system, membrane fusion protein CmeA	md:cjx_M00718	I	326935	328038	-
Campylobacter jejuni 4031	cjx	BN867_12960	NA	Long-chain-fatty-acid--CoA ligase	md:cjx_M00725	I	1275981	1277489	+
Campylobacter jejuni 4031	cjx	BN867_05410	NA	Isocitrate dehydrogenase [NADP]; Monomeric isocitrate dehydrogenase [NADP]	md:cjx_M00740	I	517242	519446	+
Campylobacter jejuni 4031	cjx	BN867_05420	NA	Malate dehydrogenase	md:cjx_M00740	I	519443	520345	+
Campylobacter jejuni 4031	cjx	BN867_16470	NA	Citrate synthase (si)	md:cjx_M00740	I	1627768	1629036	-
Campylobacter jejuni 4031	cjx	BN867_11270	NA	Glucose-1-phosphate thymidylyltransferase	md:cjx_M00793	I	1106912	1107790	+
Campylobacter jejuni 4031	cjx	BN867_11280	NA	dTDP-glucose 4,6-dehydratase	md:cjx_M00793	I	1107790	1108821	+
Campylobacter jejuni 4031	cjx	BN867_14050	NA	dTDP-4-dehydrorhamnose 3,5-epimerase	md:cjx_M00793	I	1394251	1394796	-
Campylobacter jejuni 4031	cjx	BN867_03310	NA	Dihydroneopterin aldolase	md:cjx_M00840	I	316132	316449	-
Campylobacter jejuni 4031	cjx	BN867_05810	NA	3,4-dihydroxy-2-butanone 4-phosphate synthase / GTP cyclohydrolase II	md:cjx_M00840	I	556078	557097	+
Campylobacter jejuni 4031	cjx	BN867_01780	NA	GTP cyclohydrolase I type 1	md:cjx_M00841	I	180524	181108	+
Campylobacter jejuni 4031	cjx	BN867_10800	NA	Dihydrofolate synthase / Folylpolyglutamate synthase	md:cjx_M00841	I	1057898	1059058	-
Campylobacter jejuni 4031	cjx	BN867_01510	NA	Queuosine biosynthesis QueD, PTPS-I	md:cjx_M00842	I	156698	157279	-
Campylobacter jejuni 4031	cjx	BN867_01780	NA	GTP cyclohydrolase I type 1	md:cjx_M00842	I	180524	181108	+
Campylobacter jejuni 4031	cjx	BN867_01510	NA	Queuosine biosynthesis QueD, PTPS-I	md:cjx_M00843	I	156698	157279	-
Campylobacter jejuni 4031	cjx	BN867_01780	NA	GTP cyclohydrolase I type 1	md:cjx_M00843	I	180524	181108	+
Campylobacter jejuni 4031	cjx	BN867_06680	NA	Argininosuccinate synthase	md:cjx_M00844	I	643037	644257	-
Campylobacter jejuni 4031	cjx	BN867_09170	NA	Argininosuccinate lyase	md:cjx_M00844	I	890564	891946	-
Campylobacter jejuni 4031	cjx	BN867_09820	NA	Ornithine carbamoyltransferase	md:cjx_M00844	I	958689	959609	-
Campylobacter jejuni 4031	cjx	BN867_01990	NA	N-acetyl-gamma-glutamyl-phosphate reductase	md:cjx_M00845	I	200391	201419	+
Campylobacter jejuni 4031	cjx	BN867_02020	NA	Acetylornithine aminotransferase / N-succinyl-L,L-diaminopimelate aminotransferase	md:cjx_M00845	I	202734	203915	+
Campylobacter jejuni 4031	cjx	BN867_06680	NA	Argininosuccinate synthase	md:cjx_M00845	I	643037	644257	-
Campylobacter jejuni 4031	cjx	BN867_09170	NA	Argininosuccinate lyase	md:cjx_M00845	I	890564	891946	-
Campylobacter jejuni 4031	cjx	BN867_05520	NA	Glutamyl-tRNA reductase	md:cjx_M00846	I	527095	528393	+
Campylobacter jejuni 4031	cjx	BN867_05550	NA	Porphobilinogen deaminase	md:cjx_M00846	I	530469	531392	+
Campylobacter jejuni 4031	cjx	BN867_08490	NA	Glutamate-1-semialdehyde aminotransferase	md:cjx_M00846	I	824636	825910	-
Campylobacter jejuni 4031	cjx	BN867_09830	NA	Porphobilinogen synthase	md:cjx_M00846	I	959606	960589	-
Campylobacter jejuni 4031	cjx	BN867_10720	NA	Uroporphyrinogen-III synthase	md:cjx_M00846	I	1050257	1050886	-
Campylobacter jejuni 4031	cjx	BN867_07690	NA	UbiX family decarboxylase associated with menaquinone via futalosine	md:cjx_M00849	I	744272	744835	-
Campylobacter jejuni 4031	cjx	BN867_15030	NA	UTP--glucose-1-phosphate uridylyltransferase	md:cjx_M00854	I	1494582	1495406	-
Campylobacter jejuni 4031	cjx	BN867_13870	NA	Phosphomannomutase / Phosphoglucomutase / Phosphoglucosamine mutase	md:cjx_M00855	I	1375579	1376949	-
Campylobacter jejuni 4031	cjx	BN867_00710	NA	Cytolethal distending toxin subunit B	md:cjx_M00856	I	86468	87265	-
Campylobacter jejuni 4031	cjx	BN867_01230	NA	UDP-3-O-[3-hydroxymyristoyl] N-acetylglucosamine deacetylase	md:cjx_M00866	I	131889	132773	+
Campylobacter jejuni 4031	cjx	BN867_02520	NA	Acyl-[acyl-carrier-protein]--UDP-N-acetylglucosamine O-acyltransferase	md:cjx_M00866	I	242255	243046	+
Campylobacter jejuni 4031	cjx	BN867_02630	NA	FIG022708: hypothetical protein	md:cjx_M00866	I	255390	256025	-
Campylobacter jejuni 4031	cjx	BN867_02650	NA	Lipid-A-disaccharide synthase	md:cjx_M00866	I	256655	257749	-
Campylobacter jejuni 4031	cjx	BN867_05850	NA	UDP-3-O-[3-hydroxymyristoyl] glucosamine N-acyltransferase	md:cjx_M00866	I	559728	560693	+
Campylobacter jejuni 4031	cjx	BN867_07230	NA	3-deoxy-D-manno-octulosonic-acid transferase	md:cjx_M00866	I	692592	693749	+
Campylobacter jejuni 4031	cjx	BN867_08120	NA	Tetraacyldisaccharide 4'-kinase	md:cjx_M00866	I	787580	788506	+
Campylobacter jejuni 4031	cjx	BN867_11250	NA	Lipid A biosynthesis lauroyl acyltransferase	md:cjx_M00866	I	1105325	1106203	+
Campylobacter jejuni 4031	cjx	BN867_02310	NA	membrane protein	md:cjx_M00867	I	225724	227262	+
Campylobacter jejuni 4031	cjx	BN867_05160	NA	Ferrochelatase, protoheme ferro-lyase	md:cjx_M00868	I	489799	490728	-
Campylobacter jejuni 4031	cjx	BN867_05550	NA	Porphobilinogen deaminase	md:cjx_M00868	I	530469	531392	+
Campylobacter jejuni 4031	cjx	BN867_09830	NA	Porphobilinogen synthase	md:cjx_M00868	I	959606	960589	-
Campylobacter jejuni 4031	cjx	BN867_10720	NA	Uroporphyrinogen-III synthase	md:cjx_M00868	I	1050257	1050886	-
Campylobacter jejuni 4031	cjx	BN867_12370	NA	Uroporphyrinogen III decarboxylase	md:cjx_M00868	I	1212794	1213816	+
Campylobacter jejuni 4031	cjx	BN867_01070	NA	Malonyl CoA-acyl carrier protein transacylase	md:cjx_M00873	I	117812	118684	+
Campylobacter jejuni 4031	cjx	BN867_04140	NA	3-oxoacyl-[acyl-carrier-protein] synthase, KASII	md:cjx_M00873	I	400499	401713	+
Campylobacter jejuni 4031	cjx	BN867_01070	NA	Malonyl CoA-acyl carrier protein transacylase	md:cjx_M00874	I	117812	118684	+
Campylobacter jejuni 4031	cjx	BN867_04070	NA	3-oxoacyl-[acyl-carrier protein] reductase	md:cjx_M00874	I	394283	395026	+
Campylobacter jejuni 4031	cjx	BN867_04140	NA	3-oxoacyl-[acyl-carrier-protein] synthase, KASII	md:cjx_M00874	I	400499	401713	+
Campylobacter jejuni 4031	cjx	BN867_01530	NA	Molybdenum cofactor biosynthesis protein MoaA	md:cjx_M00880	I	158022	158900	-
Campylobacter jejuni 4031	cjx	BN867_02270	NA	Molybdenum cofactor biosynthesis protein MoaC	md:cjx_M00880	I	222965	223438	+
Campylobacter jejuni 4031	cjx	BN867_07410	NA	Molybdopterin biosynthesis Mog protein, molybdochelatase	md:cjx_M00880	I	708559	709101	-
Campylobacter jejuni 4031	cjx	BN867_08530	NA	Molybdopterin biosynthesis protein MoeA	md:cjx_M00880	I	828062	829222	-
Campylobacter jejuni 4031	cjx	BN867_14880	NA	Molybdenum cofactor biosynthesis protein MoaE	md:cjx_M00880	I	1480493	1480939	+
Campylobacter jejuni 4031	cjx	BN867_14890	NA	Molybdopterin biosynthesis protein MoeA	md:cjx_M00880	I	1480943	1482133	+
Campylobacter jejuni 4031	cjx	BN867_04230	NA	Thiamin biosynthesis protein ThiC	md:cjx_M00895	I	409000	410292	+
Campylobacter jejuni 4031	cjx	BN867_10320	NA	Thiamin-phosphate pyrophosphorylase	md:cjx_M00895	I	1010459	1011064	-
Campylobacter jejuni 4031	cjx	BN867_10340	NA	Thiazole biosynthesis protein ThiG	md:cjx_M00895	I	1012202	1012978	-
Campylobacter jejuni 4031	cjx	BN867_10350	NA	Sulfur carrier protein adenylyltransferase ThiF	md:cjx_M00895	I	1012981	1013784	-
Campylobacter jejuni 4031	cjx	BN867_10360	NA	Sulfur carrier protein ThiS	md:cjx_M00895	I	1013781	1013972	-
Campylobacter jejuni 4031	cjx	BN867_10730	NA	Thiamin-phosphate pyrophosphorylase	md:cjx_M00895	I	1050864	1051496	-
Campylobacter jejuni 4031	cjx	BN867_10740	NA	Phosphomethylpyrimidine kinase	md:cjx_M00895	I	1051486	1052298	-
Campylobacter jejuni 4031	cjx	BN867_14300	NA	Thiamine-monophosphate kinase	md:cjx_M00895	I	1422499	1423320	-
Campylobacter jejuni 4031	cjx	BN867_04230	NA	Thiamin biosynthesis protein ThiC	md:cjx_M00896	I	409000	410292	+
Campylobacter jejuni 4031	cjx	BN867_10320	NA	Thiamin-phosphate pyrophosphorylase	md:cjx_M00896	I	1010459	1011064	-
Campylobacter jejuni 4031	cjx	BN867_10730	NA	Thiamin-phosphate pyrophosphorylase	md:cjx_M00896	I	1050864	1051496	-
Campylobacter jejuni 4031	cjx	BN867_10740	NA	Phosphomethylpyrimidine kinase	md:cjx_M00896	I	1051486	1052298	-
Campylobacter jejuni 4031	cjx	BN867_14300	NA	Thiamine-monophosphate kinase	md:cjx_M00896	I	1422499	1423320	-
Campylobacter jejuni 4031	cjx	BN867_04230	NA	Thiamin biosynthesis protein ThiC	md:cjx_M00897	I	409000	410292	+
Campylobacter jejuni 4031	cjx	BN867_10320	NA	Thiamin-phosphate pyrophosphorylase	md:cjx_M00899	I	1010459	1011064	-
Campylobacter jejuni 4031	cjx	BN867_10730	NA	Thiamin-phosphate pyrophosphorylase	md:cjx_M00899	I	1050864	1051496	-
Campylobacter jejuni 4031	cjx	BN867_10740	NA	Phosphomethylpyrimidine kinase	md:cjx_M00899	I	1051486	1052298	-
Campylobacter jejuni 4031	cjx	BN867_03340	NA	Phosphoglucosamine mutase	md:cjx_M00909	I	318361	319698	+
Campylobacter jejuni 4031	cjx	BN867_08180	NA	N-acetylglucosamine-1-phosphate uridyltransferase / Glucosamine-1-phosphate N-acetyltransferase	md:cjx_M00909	I	793795	795084	+
Campylobacter jejuni 4031	cjx	BN867_13510	NA	Glucosamine--fructose-6-phosphate aminotransferase [isomerizing]	md:cjx_M00909	I	1337416	1339212	-
Campylobacter jejuni 4031	cjx	BN867_15020	NA	Glucose-6-phosphate isomerase	md:cjx_M00909	I	1493368	1494588	-
Campylobacter jejuni 4031	cjx	BN867_03560	NA	6,7-dimethyl-8-ribityllumazine synthase	md:cjx_M00911	I	339417	339881	-
Campylobacter jejuni 4031	cjx	BN867_09840	NA	GTP cyclohydrolase II	md:cjx_M00911	I	960646	961206	+
Campylobacter jejuni 4031	cjx	BN867_12110	NA	Riboflavin synthase eubacterial/eukaryotic	md:cjx_M00911	I	1187747	1188358	-
Campylobacter jejuni 4031	cjx	BN867_08110	NA	NAD synthetase	md:cjx_M00912	I	786836	787576	+
Campylobacter jejuni 4031	cjx	BN867_13840	NA	Nicotinate-nucleotide adenylyltransferase	md:cjx_M00912	I	1374224	1374769	+
Campylobacter jejuni 4031	cjx	BN867_02720	NA	Pantoate--beta-alanine ligase	md:cjx_M00913	I	262643	263491	-
Campylobacter jejuni 4031	cjx	BN867_02730	NA	3-methyl-2-oxobutanoate hydroxymethyltransferase	md:cjx_M00913	I	263502	264326	-
Campylobacter jejuni 4031	cjx	BN867_02730	NA	3-methyl-2-oxobutanoate hydroxymethyltransferase	md:cjx_M00914	I	263502	264326	-
Campylobacter jejuni 4031	cjx	BN867_08190	NA	Phosphopantothenoylcysteine decarboxylase / Phosphopantothenoylcysteine synthetase	md:cjx_M00914	I	795081	796235	+
Campylobacter jejuni 4031	cjx	BN867_12860	NA	UDP-GlcNAc-specific C4,6 dehydratase/C5 epimerase (PseB, first step of pseudaminic acid biosynthesis)	md:cjx_M00923	I	1266499	1267503	+
Campylobacter jejuni 4031	cjx	BN867_05160	NA	Ferrochelatase, protoheme ferro-lyase	md:cjx_M00926	I	489799	490728	-
Campylobacter jejuni 4031	cjx	BN867_05520	NA	Glutamyl-tRNA reductase	md:cjx_M00926	I	527095	528393	+
Campylobacter jejuni 4031	cjx	BN867_05550	NA	Porphobilinogen deaminase	md:cjx_M00926	I	530469	531392	+
Campylobacter jejuni 4031	cjx	BN867_08490	NA	Glutamate-1-semialdehyde aminotransferase	md:cjx_M00926	I	824636	825910	-
Campylobacter jejuni 4031	cjx	BN867_09830	NA	Porphobilinogen synthase	md:cjx_M00926	I	959606	960589	-
Campylobacter jejuni 4031	cjx	BN867_10720	NA	Uroporphyrinogen-III synthase	md:cjx_M00926	I	1050257	1050886	-
Campylobacter jejuni 4031	cjx	BN867_12370	NA	Uroporphyrinogen III decarboxylase	md:cjx_M00926	I	1212794	1213816	+
Campylobacter jejuni 4031	cjx	BN867_00590	NA	Chlorohydrolase/deaminase family protein	md:cjx_M00930	I	76225	77454	+
Campylobacter jejuni 4031	cjx	BN867_04320	NA	Menaquinone via futalosine step 3	md:cjx_M00930	I	416923	417969	+
Campylobacter jejuni 4031	cjx	BN867_12780	NA	Menaquinone via 6-amino-6-deoxyfutalosine step 1	md:cjx_M00930	I	1259107	1259778	-
Campylobacter jejuni 4031	cjx	BN867_13530	NA	Gene SCO4494, often clustered with other genes in menaquinone via futalosine pathway	md:cjx_M00930	I	1341708	1342772	+
Campylobacter jejuni 4031	cjx	BN867_16420	NA	Menaquinone via futalosine step 4	md:cjx_M00930	I	1624175	1625035	+
Campylobacter jejuni 4031	cjx	BN867_01080	NA	Menaquinone via 6-amino-6-deoxyfutalosine step 2	md:cjx_M00931	I	118684	119370	+
Campylobacter jejuni 4031	cjx	BN867_04320	NA	Menaquinone via futalosine step 3	md:cjx_M00931	I	416923	417969	+
Campylobacter jejuni 4031	cjx	BN867_12780	NA	Menaquinone via 6-amino-6-deoxyfutalosine step 1	md:cjx_M00931	I	1259107	1259778	-
Campylobacter jejuni 4031	cjx	BN867_13530	NA	Gene SCO4494, often clustered with other genes in menaquinone via futalosine pathway	md:cjx_M00931	I	1341708	1342772	+
Campylobacter jejuni 4031	cjx	BN867_16420	NA	Menaquinone via futalosine step 4	md:cjx_M00931	I	1624175	1625035	+
Campylobacter jejuni 4031	cjx	BN867_00230	NA	Ribonucleotide reductase of class Ia (aerobic), alpha subunit	md:cjx_M00938	I	27980	30349	+
Campylobacter jejuni 4031	cjx	BN867_00250	NA	Thymidylate synthase thyX	md:cjx_M00938	I	31893	32516	-
Campylobacter jejuni 4031	cjx	BN867_02060	NA	Ribonucleotide reductase of class Ia (aerobic), beta subunit	md:cjx_M00938	I	206530	207552	-
Campylobacter jejuni 4031	cjx	BN867_03070	NA	Nucleoside diphosphate kinase	md:cjx_M00938	I	292590	293003	-
Campylobacter jejuni 4031	cjx	BN867_07670	NA	Thymidylate kinase	md:cjx_M00938	I	743187	743765	-
Campylobacter jejuni 4031	cjx	BN867_08300	NA	Oxidoreductase	md:cjx_M00939	I	804984	805733	-
Campylobacter jejuni 4031	cjx	BN867_02810	NA	8-amino-7-oxononanoate synthase	md:cjx_M00950	I	269441	270583	-
Campylobacter jejuni 4031	cjx	BN867_02830	NA	Dethiobiotin synthetase	md:cjx_M00950	I	271921	272526	-
Campylobacter jejuni 4031	cjx	BN867_16490	NA	Biotin synthase	md:cjx_M00950	I	1630307	1631143	-
