Chlamydia trachomatis A/HAR-13	cta	CTA_0223	pfkA_1	pyrophosphate--fructose 6-phosphate 1-phosphotransferase	md:cta_M00001	I	232338	233999	+
Chlamydia trachomatis A/HAR-13	cta	CTA_0235	dhnA	fructose-bisphosphate aldolase	md:cta_M00001	I	245735	246781	+
Chlamydia trachomatis A/HAR-13	cta	CTA_0355	tpiS	triosephosphate isomerase	md:cta_M00001	I	371692	372516	+
Chlamydia trachomatis A/HAR-13	cta	CTA_0360	pykF	pyruvate kinase	md:cta_M00001	I	376577	378034	+
Chlamydia trachomatis A/HAR-13	cta	CTA_0412	pgi	glucose-6-phosphate isomerase	md:cta_M00001	I	432965	434542	-
Chlamydia trachomatis A/HAR-13	cta	CTA_0554	gapA	glyceraldehyde 3-phosphate dehydrogenase	md:cta_M00001	I	585774	586778	-
Chlamydia trachomatis A/HAR-13	cta	CTA_0637	eno	enolase	md:cta_M00001	I	664559	665833	+
Chlamydia trachomatis A/HAR-13	cta	CTA_0754	pgk	phosphoglycerate kinase	md:cta_M00001	I	797688	798899	+
Chlamydia trachomatis A/HAR-13	cta	CTA_0784	pgmA	phosphoglycerate mutase	md:cta_M00001	I	836606	837286	-
Chlamydia trachomatis A/HAR-13	cta	CTA_0355	tpiS	triosephosphate isomerase	md:cta_M00002	I	371692	372516	+
Chlamydia trachomatis A/HAR-13	cta	CTA_0360	pykF	pyruvate kinase	md:cta_M00002	I	376577	378034	+
Chlamydia trachomatis A/HAR-13	cta	CTA_0554	gapA	glyceraldehyde 3-phosphate dehydrogenase	md:cta_M00002	I	585774	586778	-
Chlamydia trachomatis A/HAR-13	cta	CTA_0637	eno	enolase	md:cta_M00002	I	664559	665833	+
Chlamydia trachomatis A/HAR-13	cta	CTA_0754	pgk	phosphoglycerate kinase	md:cta_M00002	I	797688	798899	+
Chlamydia trachomatis A/HAR-13	cta	CTA_0784	pgmA	phosphoglycerate mutase	md:cta_M00002	I	836606	837286	-
Chlamydia trachomatis A/HAR-13	cta	CTA_0235	dhnA	fructose-bisphosphate aldolase	md:cta_M00003	I	245735	246781	+
Chlamydia trachomatis A/HAR-13	cta	CTA_0355	tpiS	triosephosphate isomerase	md:cta_M00003	I	371692	372516	+
Chlamydia trachomatis A/HAR-13	cta	CTA_0554	gapA	glyceraldehyde 3-phosphate dehydrogenase	md:cta_M00003	I	585774	586778	-
Chlamydia trachomatis A/HAR-13	cta	CTA_0637	eno	enolase	md:cta_M00003	I	664559	665833	+
Chlamydia trachomatis A/HAR-13	cta	CTA_0754	pgk	phosphoglycerate kinase	md:cta_M00003	I	797688	798899	+
Chlamydia trachomatis A/HAR-13	cta	CTA_0772	pckA	phosphoenolpyruvate carboxykinase (GTP)	md:cta_M00003	I	822202	824001	+
Chlamydia trachomatis A/HAR-13	cta	CTA_0784	pgmA	phosphoglycerate mutase	md:cta_M00003	I	836606	837286	-
Chlamydia trachomatis A/HAR-13	cta	CTA_0068	gnd	6-phosphogluconate dehydrogenase	md:cta_M00004	I	73882	75324	+
Chlamydia trachomatis A/HAR-13	cta	CTA_0128	araD	ribulose-phosphate 3-epimerase	md:cta_M00004	I	138847	139548	+
Chlamydia trachomatis A/HAR-13	cta	CTA_0203	zwf	glucose-6-phosphate 1-dehydrogenase	md:cta_M00004	I	209060	210379	+
Chlamydia trachomatis A/HAR-13	cta	CTA_0204	devB	6-phosphogluconolactonase	md:cta_M00004	I	210404	211174	+
Chlamydia trachomatis A/HAR-13	cta	CTA_0233	rpiA	ribose 5-phosphate isomerase	md:cta_M00004	I	242962	243690	-
Chlamydia trachomatis A/HAR-13	cta	CTA_0335	tal	transaldolase	md:cta_M00004	I	351642	352625	-
Chlamydia trachomatis A/HAR-13	cta	CTA_0412	pgi	glucose-6-phosphate isomerase	md:cta_M00004	I	432965	434542	-
Chlamydia trachomatis A/HAR-13	cta	CTA_0819	tktB	transketolase	md:cta_M00004	I	884168	886168	+
Chlamydia trachomatis A/HAR-13	cta	CTA_0068	gnd	6-phosphogluconate dehydrogenase	md:cta_M00006	I	73882	75324	+
Chlamydia trachomatis A/HAR-13	cta	CTA_0203	zwf	glucose-6-phosphate 1-dehydrogenase	md:cta_M00006	I	209060	210379	+
Chlamydia trachomatis A/HAR-13	cta	CTA_0204	devB	6-phosphogluconolactonase	md:cta_M00006	I	210404	211174	+
Chlamydia trachomatis A/HAR-13	cta	CTA_0128	araD	ribulose-phosphate 3-epimerase	md:cta_M00007	I	138847	139548	+
Chlamydia trachomatis A/HAR-13	cta	CTA_0233	rpiA	ribose 5-phosphate isomerase	md:cta_M00007	I	242962	243690	-
Chlamydia trachomatis A/HAR-13	cta	CTA_0335	tal	transaldolase	md:cta_M00007	I	351642	352625	-
Chlamydia trachomatis A/HAR-13	cta	CTA_0819	tktB	transketolase	md:cta_M00007	I	884168	886168	+
Chlamydia trachomatis A/HAR-13	cta	CTA_0203	zwf	glucose-6-phosphate 1-dehydrogenase	md:cta_M00008	I	209060	210379	+
Chlamydia trachomatis A/HAR-13	cta	CTA_0204	devB	6-phosphogluconolactonase	md:cta_M00008	I	210404	211174	+
Chlamydia trachomatis A/HAR-13	cta	CTA_0058	sucA	2-oxoglutarate dehydrogenase E1 component	md:cta_M00009	I	61609	64320	+
Chlamydia trachomatis A/HAR-13	cta	CTA_0059	sucB_1	dihydrolipoamide succinyltransferase component (E2) of 2-oxoglutarate dehydrogenase complex	md:cta_M00009	I	64324	65421	+
Chlamydia trachomatis A/HAR-13	cta	CTA_0410	mdhC	malate dehydrogenase	md:cta_M00009	I	431539	432519	-
Chlamydia trachomatis A/HAR-13	cta	CTA_0435	sucB_2	lipoamide acyltransferase component (E2) of branched-chain alpha-keto acid dehydrogenase complex	md:cta_M00009	I	460790	461956	-
Chlamydia trachomatis A/HAR-13	cta	CTA_0607	lpdA	dihydrolipoamide dehydrogenase	md:cta_M00009	I	631726	633123	+
Chlamydia trachomatis A/HAR-13	cta	CTA_0641	sdhB	succinate dehydrogenase iron-sulfur protein	md:cta_M00009	I	672821	673519	-
Chlamydia trachomatis A/HAR-13	cta	CTA_0642	sdhA	succinate dehydrogenase flavoprotein subunit	md:cta_M00009	I	673598	675478	-
Chlamydia trachomatis A/HAR-13	cta	CTA_0643	sdhC	succinate dehydrogenase cytochrome b558 subunit	md:cta_M00009	I	675475	676044	-
Chlamydia trachomatis A/HAR-13	cta	CTA_0644	NA	succinate dehydrogenase cytochrome b558 subunit	md:cta_M00009	I	676070	676261	-
Chlamydia trachomatis A/HAR-13	cta	CTA_0895	sucC	succinyl-CoA synthetase beta chain	md:cta_M00009	I	967579	968739	+
Chlamydia trachomatis A/HAR-13	cta	CTA_0896	sucD	succinyl-CoA synthetase alpha chain	md:cta_M00009	I	968754	969629	+
Chlamydia trachomatis A/HAR-13	cta	CTA_0932	fumC	fumarate hydratase	md:cta_M00009	I	1007281	1008672	+
Chlamydia trachomatis A/HAR-13	cta	CTA_0058	sucA	2-oxoglutarate dehydrogenase E1 component	md:cta_M00011	I	61609	64320	+
Chlamydia trachomatis A/HAR-13	cta	CTA_0059	sucB_1	dihydrolipoamide succinyltransferase component (E2) of 2-oxoglutarate dehydrogenase complex	md:cta_M00011	I	64324	65421	+
Chlamydia trachomatis A/HAR-13	cta	CTA_0410	mdhC	malate dehydrogenase	md:cta_M00011	I	431539	432519	-
Chlamydia trachomatis A/HAR-13	cta	CTA_0435	sucB_2	lipoamide acyltransferase component (E2) of branched-chain alpha-keto acid dehydrogenase complex	md:cta_M00011	I	460790	461956	-
Chlamydia trachomatis A/HAR-13	cta	CTA_0607	lpdA	dihydrolipoamide dehydrogenase	md:cta_M00011	I	631726	633123	+
Chlamydia trachomatis A/HAR-13	cta	CTA_0641	sdhB	succinate dehydrogenase iron-sulfur protein	md:cta_M00011	I	672821	673519	-
Chlamydia trachomatis A/HAR-13	cta	CTA_0642	sdhA	succinate dehydrogenase flavoprotein subunit	md:cta_M00011	I	673598	675478	-
Chlamydia trachomatis A/HAR-13	cta	CTA_0643	sdhC	succinate dehydrogenase cytochrome b558 subunit	md:cta_M00011	I	675475	676044	-
Chlamydia trachomatis A/HAR-13	cta	CTA_0644	NA	succinate dehydrogenase cytochrome b558 subunit	md:cta_M00011	I	676070	676261	-
Chlamydia trachomatis A/HAR-13	cta	CTA_0895	sucC	succinyl-CoA synthetase beta chain	md:cta_M00011	I	967579	968739	+
Chlamydia trachomatis A/HAR-13	cta	CTA_0896	sucD	succinyl-CoA synthetase alpha chain	md:cta_M00011	I	968754	969629	+
Chlamydia trachomatis A/HAR-13	cta	CTA_0932	fumC	fumarate hydratase	md:cta_M00011	I	1007281	1008672	+
Chlamydia trachomatis A/HAR-13	cta	CTA_0410	mdhC	malate dehydrogenase	md:cta_M00012	I	431539	432519	-
Chlamydia trachomatis A/HAR-13	cta	CTA_0393	dapA	dihydrodipicolinate synthase	md:cta_M00016	I	414425	415285	-
Chlamydia trachomatis A/HAR-13	cta	CTA_0394	lysC	aspartokinase	md:cta_M00016	I	415295	416590	-
Chlamydia trachomatis A/HAR-13	cta	CTA_0395	asd	aspartate-semialdehyde dehydrogenase	md:cta_M00016	I	416583	417587	-
Chlamydia trachomatis A/HAR-13	cta	CTA_0396	dapB	dihydrodipicolinate reductase	md:cta_M00016	I	417597	418358	-
Chlamydia trachomatis A/HAR-13	cta	CTA_0470	dapF	diaminopimelate epimerase	md:cta_M00016	I	501963	502790	-
Chlamydia trachomatis A/HAR-13	cta	CTA_0394	lysC	aspartokinase	md:cta_M00017	I	415295	416590	-
Chlamydia trachomatis A/HAR-13	cta	CTA_0395	asd	aspartate-semialdehyde dehydrogenase	md:cta_M00017	I	416583	417587	-
Chlamydia trachomatis A/HAR-13	cta	CTA_0394	lysC	aspartokinase	md:cta_M00018	I	415295	416590	-
Chlamydia trachomatis A/HAR-13	cta	CTA_0395	asd	aspartate-semialdehyde dehydrogenase	md:cta_M00018	I	416583	417587	-
Chlamydia trachomatis A/HAR-13	cta	CTA_0398	aroA	3-phosphoshikimate 1-carboxyvinyltransferase	md:cta_M00022	I	420432	421754	+
Chlamydia trachomatis A/HAR-13	cta	CTA_0399	aroL	shikimate kinase	md:cta_M00022	I	421696	422250	+
Chlamydia trachomatis A/HAR-13	cta	CTA_0400	aroC	chorismate synthase	md:cta_M00022	I	422243	423316	+
Chlamydia trachomatis A/HAR-13	cta	CTA_0401	aroB	3-dehydroquinate synthase	md:cta_M00022	I	423313	424434	+
Chlamydia trachomatis A/HAR-13	cta	CTA_0402	aroE	shikimate 5-dehydrogenase	md:cta_M00022	I	424415	425851	+
Chlamydia trachomatis A/HAR-13	cta	CTA_0416	aroG	phospho-2-dehydro-3-deoxyheptonate aldolase	md:cta_M00022	I	437681	438517	-
Chlamydia trachomatis A/HAR-13	cta	CTA_0184	trpB_2	tryptophan synthase beta chain	md:cta_M00023	I	195174	195362	+
Chlamydia trachomatis A/HAR-13	cta	CTA_0185	trpB_1	tryptophan synthase beta chain	md:cta_M00023	I	195405	196352	+
Chlamydia trachomatis A/HAR-13	cta	CTA_0186	trpA	tryptophan synthase alpha chain	md:cta_M00023	I	196345	196896	+
Chlamydia trachomatis A/HAR-13	cta	CTA_0059	sucB_1	dihydrolipoamide succinyltransferase component (E2) of 2-oxoglutarate dehydrogenase complex	md:cta_M00032	I	64324	65421	+
Chlamydia trachomatis A/HAR-13	cta	CTA_0435	sucB_2	lipoamide acyltransferase component (E2) of branched-chain alpha-keto acid dehydrogenase complex	md:cta_M00032	I	460790	461956	-
Chlamydia trachomatis A/HAR-13	cta	CTA_0607	lpdA	dihydrolipoamide dehydrogenase	md:cta_M00032	I	631726	633123	+
Chlamydia trachomatis A/HAR-13	cta	CTA_0394	lysC	aspartokinase	md:cta_M00033	I	415295	416590	-
Chlamydia trachomatis A/HAR-13	cta	CTA_0395	asd	aspartate-semialdehyde dehydrogenase	md:cta_M00033	I	416583	417587	-
Chlamydia trachomatis A/HAR-13	cta	CTA_0060	NA	hypothetical cytosolic protein	md:cta_M00034	I	65450	66208	-
Chlamydia trachomatis A/HAR-13	cta	CTA_0369	pdhA_2	2-oxoisovalerate dehydrogenase alpha subunit	md:cta_M00036	I	389856	391892	-
Chlamydia trachomatis A/HAR-13	cta	CTA_0607	lpdA	dihydrolipoamide dehydrogenase	md:cta_M00036	I	631726	633123	+
Chlamydia trachomatis A/HAR-13	cta	CTA_0135	adk	adenylate kinase	md:cta_M00049	I	144061	144798	-
Chlamydia trachomatis A/HAR-13	cta	CTA_0548	ndk	nucleoside diphosphate kinase	md:cta_M00049	I	582229	582654	-
Chlamydia trachomatis A/HAR-13	cta	CTA_0032	gmk	guanylate kinase	md:cta_M00050	I	34394	35011	+
Chlamydia trachomatis A/HAR-13	cta	CTA_0548	ndk	nucleoside diphosphate kinase	md:cta_M00050	I	582229	582654	-
Chlamydia trachomatis A/HAR-13	cta	CTA_0201	pyrG	CTP synthase	md:cta_M00052	I	206687	208306	+
Chlamydia trachomatis A/HAR-13	cta	CTA_0548	ndk	nucleoside diphosphate kinase	md:cta_M00052	I	582229	582654	-
Chlamydia trachomatis A/HAR-13	cta	CTA_0738	pyrH	uridylate kinase	md:cta_M00052	I	778796	779533	-
Chlamydia trachomatis A/HAR-13	cta	CTA_0548	ndk	nucleoside diphosphate kinase	md:cta_M00053	I	582229	582654	-
Chlamydia trachomatis A/HAR-13	cta	CTA_0901	nrdA	ribonucleoside-diphosphate reductase alpha chain	md:cta_M00053	I	977111	980254	+
Chlamydia trachomatis A/HAR-13	cta	CTA_0902	nrdB	ribonucleoside-diphosphate reductase beta chain	md:cta_M00053	I	980292	981332	+
Chlamydia trachomatis A/HAR-13	cta	CTA_0011	htrB	lipid A biosynthesis lauroyl acyltransferase	md:cta_M00060	I	10386	11753	-
Chlamydia trachomatis A/HAR-13	cta	CTA_0228	gseA	3-deoxy-D-manno-octulosonic-acid transferase	md:cta_M00060	I	236730	238025	-
Chlamydia trachomatis A/HAR-13	cta	CTA_0265	lpxD	UDP-3-O-[3-hydroxymyristoyl] glucosamine N-acyltransferase	md:cta_M00060	I	273337	274401	+
Chlamydia trachomatis A/HAR-13	cta	CTA_0437	lpxK	tetraacyldisaccharide 4'-kinase	md:cta_M00060	I	463741	464697	-
Chlamydia trachomatis A/HAR-13	cta	CTA_0446	lpxB	lipid-A-disaccharide synthase	md:cta_M00060	I	471704	473527	+
Chlamydia trachomatis A/HAR-13	cta	CTA_0580	lpxA	acyl-[acyl-carrier-protein]--UDP-N-acetylglucosamine O-acyltransferase	md:cta_M00060	I	601488	602330	-
Chlamydia trachomatis A/HAR-13	cta	CTA_0582	lpxC	UDP-3-O-[3-hydroxymyristoyl] N-acetylglucosamine deacetylase	md:cta_M00060	I	602800	603660	-
Chlamydia trachomatis A/HAR-13	cta	CTA_0200	kdsB	3-deoxy-manno-octulosonate cytidylyltransferase	md:cta_M00063	I	205947	206711	+
Chlamydia trachomatis A/HAR-13	cta	CTA_0434	yrbH	carbohydrate isomerase, KpsF/GutQ family	md:cta_M00063	I	459772	460758	-
Chlamydia trachomatis A/HAR-13	cta	CTA_0711	kdsA	2-dehydro-3-deoxyphosphooctonate aldolase	md:cta_M00063	I	754282	755091	-
Chlamydia trachomatis A/HAR-13	cta	CTA_0130	accB	biotin carboxyl carrier protein of acetyl-CoA carboxylase	md:cta_M00082	I	140105	140599	+
Chlamydia trachomatis A/HAR-13	cta	CTA_0131	accC	biotin carboxylase	md:cta_M00082	I	140603	141976	+
Chlamydia trachomatis A/HAR-13	cta	CTA_0260	fabD	malonyl-CoA-[acyl-carrier-protein] transacylase	md:cta_M00082	I	267300	268226	-
Chlamydia trachomatis A/HAR-13	cta	CTA_0261	fabH	3-oxoacyl-[acyl-carrier-protein] synthase III	md:cta_M00082	I	268243	269226	-
Chlamydia trachomatis A/HAR-13	cta	CTA_0287	accA	acetyl-coenzyme A carboxylase carboxyl transferase subunit alpha	md:cta_M00082	I	298656	299630	-
Chlamydia trachomatis A/HAR-13	cta	CTA_0315	accD	acetyl-coenzyme A carboxylase carboxyl transferase subunit beta	md:cta_M00082	I	328680	329606	-
Chlamydia trachomatis A/HAR-13	cta	CTA_0110	fabI	FabL	md:cta_M00083	I	120038	120934	-
Chlamydia trachomatis A/HAR-13	cta	CTA_0259	fabG	3-oxoacyl-[acyl-carrier protein] reductase	md:cta_M00083	I	266557	267303	-
Chlamydia trachomatis A/HAR-13	cta	CTA_0581	fabZ	(3R)-hydroxymyristoyl-[acyl carrier protein] dehydratase	md:cta_M00083	I	602342	602803	-
Chlamydia trachomatis A/HAR-13	cta	CTA_0840	fabF	3-oxoacyl-[acyl-carrier-protein] synthase	md:cta_M00083	I	906700	907956	+
Chlamydia trachomatis A/HAR-13	cta	CTA_0495	plsC	1-acyl-sn-glycerol-3-phosphate acyltransferase	md:cta_M00089	I	529371	530021	+
Chlamydia trachomatis A/HAR-13	cta	CTA_0845	NA	1-acyl-sn-glycerol-3-phosphate acyltransferase	md:cta_M00089	I	911696	912457	+
Chlamydia trachomatis A/HAR-13	cta	CTA_0879	plsB	glycerol-3-phosphate acyltransferase	md:cta_M00089	I	948214	949209	-
Chlamydia trachomatis A/HAR-13	cta	CTA_0493	cdsA	phosphatidate cytidylyltransferase	md:cta_M00093	I	527810	528727	+
Chlamydia trachomatis A/HAR-13	cta	CTA_0760	psdD	phosphatidylserine decarboxylase	md:cta_M00093	I	804880	805785	+
Chlamydia trachomatis A/HAR-13	cta	CTA_0900	pssA	CDP-diacylglycerol--serine O-phosphatidyltransferase	md:cta_M00093	I	975684	976475	-
Chlamydia trachomatis A/HAR-13	cta	CTA_0061	gcpE	1-hydroxy-2-methyl-2-(E)-butenyl 4-diphosphate synthase	md:cta_M00096	I	66190	67998	-
Chlamydia trachomatis A/HAR-13	cta	CTA_0076	dxr	1-deoxy-D-xylulose 5-phosphate reductoisomerase	md:cta_M00096	I	84526	85665	+
Chlamydia trachomatis A/HAR-13	cta	CTA_0359	dxs	1-deoxy-D-xylulose 5-phosphate synthase	md:cta_M00096	I	374558	376480	+
Chlamydia trachomatis A/HAR-13	cta	CTA_0474	ispF	2-C-methyl-D-erythritol 2,4-cyclodiphosphate synthase	md:cta_M00096	I	505980	506516	+
Chlamydia trachomatis A/HAR-13	cta	CTA_0505	ispD	2-C-methyl-D-erythritol 4-phosphate cytidylyltransferase	md:cta_M00096	I	540808	541467	+
Chlamydia trachomatis A/HAR-13	cta	CTA_0876	ispE	4-diphosphocytidyl-2-C-methyl-D-erythritol kinase	md:cta_M00096	I	942587	943453	+
Chlamydia trachomatis A/HAR-13	cta	CTA_0937	ispH	4-hydroxy-3-methylbut-2-enyl diphosphate reductase	md:cta_M00096	I	1014366	1015289	+
Chlamydia trachomatis A/HAR-13	cta	CTA_0468	ubiE	ubiquinone/menaquinone biosynthesis methyltransferase UbiE	md:cta_M00116	I	500198	500887	+
Chlamydia trachomatis A/HAR-13	cta	CTA_0239	ubiA	4-hydroxybenzoate polyprenyltransferase	md:cta_M00117	I	250147	251055	+
Chlamydia trachomatis A/HAR-13	cta	CTA_0240	ubiX	UbiX	md:cta_M00117	I	251052	251630	+
Chlamydia trachomatis A/HAR-13	cta	CTA_0468	ubiE	ubiquinone/menaquinone biosynthesis methyltransferase UbiE	md:cta_M00117	I	500198	500887	+
Chlamydia trachomatis A/HAR-13	cta	CTA_0539	yacE	dephospho-CoA kinase	md:cta_M00120	I	570729	571337	-
Chlamydia trachomatis A/HAR-13	cta	CTA_0056	hemN_1	coproporphyrinogen oxidase (NAD)	md:cta_M00121	I	59705	60841	-
Chlamydia trachomatis A/HAR-13	cta	CTA_0230	hemL	glutamate-1-semialdehyde 2,1-aminomutase	md:cta_M00121	I	240678	241946	+
Chlamydia trachomatis A/HAR-13	cta	CTA_0321	hemC	porphobilinogen deaminase	md:cta_M00121	I	334960	335685	+
Chlamydia trachomatis A/HAR-13	cta	CTA_0473	NA	uroporphyrin-III C-methyltransferase	md:cta_M00121	I	505206	505877	+
Chlamydia trachomatis A/HAR-13	cta	CTA_0486	gltX	glutamyl-tRNA synthetase	md:cta_M00121	I	517007	518527	-
Chlamydia trachomatis A/HAR-13	cta	CTA_0532	hemZ	ferrochelatase	md:cta_M00121	I	564370	565314	-
Chlamydia trachomatis A/HAR-13	cta	CTA_0687	hemB	delta-aminolevulinic acid dehydratase	md:cta_M00121	I	722990	724006	+
Chlamydia trachomatis A/HAR-13	cta	CTA_0719	hemA	glutamyl-tRNA reductase	md:cta_M00121	I	761435	762442	+
Chlamydia trachomatis A/HAR-13	cta	CTA_0811	hemG	protoporphyrinogen oxidase	md:cta_M00121	I	868859	870133	-
Chlamydia trachomatis A/HAR-13	cta	CTA_0812	hemN_2	coproporphyrinogen oxidase (NAD)	md:cta_M00121	I	870130	871503	-
Chlamydia trachomatis A/HAR-13	cta	CTA_0813	hemE	uroporphyrinogen decarboxylase	md:cta_M00121	I	871476	872486	-
Chlamydia trachomatis A/HAR-13	cta	CTA_0847	bioF	8-amino-7-oxononanoate synthase	md:cta_M00123	I	914121	915254	+
Chlamydia trachomatis A/HAR-13	cta	CTA_0098	ribF	riboflavin kinase	md:cta_M00125	I	108624	109529	-
Chlamydia trachomatis A/HAR-13	cta	CTA_0440	ribC	riboflavin synthase alpha chain	md:cta_M00125	I	466334	466933	-
Chlamydia trachomatis A/HAR-13	cta	CTA_0792	ribD	diaminohydroxyphosphoribosylaminopyrimidine deaminase	md:cta_M00125	I	844883	846010	+
Chlamydia trachomatis A/HAR-13	cta	CTA_0793	ribA	GTP cyclohydrolase II	md:cta_M00125	I	846120	847394	+
Chlamydia trachomatis A/HAR-13	cta	CTA_0794	ribE	6,7-dimethyl-8-ribityllumazine synthase	md:cta_M00125	I	847363	847836	+
Chlamydia trachomatis A/HAR-13	cta	CTA_0665	folA	dihydrofolate reductase	md:cta_M00126	I	694530	695009	-
Chlamydia trachomatis A/HAR-13	cta	CTA_0666	folP	2-amino-4-hydroxy-6-hydroxymethyldihydropteridine pyrophosphokinase	md:cta_M00126	I	695006	696358	-
Chlamydia trachomatis A/HAR-13	cta	CTA_0667	folX	dihydroneopterin aldolase	md:cta_M00126	I	696355	696729	-
Chlamydia trachomatis A/HAR-13	cta	CTA_0405	NA	hypothetical protein	md:cta_M00133	I	428216	428803	+
Chlamydia trachomatis A/HAR-13	cta	CTA_0083	folD	methylenetetrahydrofolate dehydrogenase (NADP+)	md:cta_M00140	I	92632	93495	-
Chlamydia trachomatis A/HAR-13	cta	CTA_0472	glyA	serine hydroxymethyltransferase	md:cta_M00140	I	503349	504842	-
Chlamydia trachomatis A/HAR-13	cta	CTA_0641	sdhB	succinate dehydrogenase iron-sulfur protein	md:cta_M00149	I	672821	673519	-
Chlamydia trachomatis A/HAR-13	cta	CTA_0642	sdhA	succinate dehydrogenase flavoprotein subunit	md:cta_M00149	I	673598	675478	-
Chlamydia trachomatis A/HAR-13	cta	CTA_0643	sdhC	succinate dehydrogenase cytochrome b558 subunit	md:cta_M00149	I	675475	676044	-
Chlamydia trachomatis A/HAR-13	cta	CTA_0644	NA	succinate dehydrogenase cytochrome b558 subunit	md:cta_M00149	I	676070	676261	-
Chlamydia trachomatis A/HAR-13	cta	CTA_0014	cydA	cytochrome d ubiquinol oxidase subunit I	md:cta_M00153	I	14207	15547	+
Chlamydia trachomatis A/HAR-13	cta	CTA_0015	cydB	cytochrome d ubiquinol oxidase subunit II	md:cta_M00153	I	15559	16620	+
Chlamydia trachomatis A/HAR-13	cta	CTA_0326	atpK	V-type sodium ATP synthase subunit K	md:cta_M00159	I	342679	343104	-
Chlamydia trachomatis A/HAR-13	cta	CTA_0327	atpI	V-type sodium ATP synthase subunit I	md:cta_M00159	I	343167	345116	-
Chlamydia trachomatis A/HAR-13	cta	CTA_0328	atpD	V-type ATP synthase subunit D	md:cta_M00159	I	345122	345733	-
Chlamydia trachomatis A/HAR-13	cta	CTA_0329	atpB	V-type sodium ATP synthase subunit B	md:cta_M00159	I	345718	347034	-
Chlamydia trachomatis A/HAR-13	cta	CTA_0330	atpA	V-type ATP synthase alpha chain	md:cta_M00159	I	347037	348812	-
Chlamydia trachomatis A/HAR-13	cta	CTA_0332	atpE	V-type ATP synthase subunit E	md:cta_M00159	I	349773	350399	-
Chlamydia trachomatis A/HAR-13	cta	CTA_0233	rpiA	ribose 5-phosphate isomerase	md:cta_M00165	I	242962	243690	-
Chlamydia trachomatis A/HAR-13	cta	CTA_0554	gapA	glyceraldehyde 3-phosphate dehydrogenase	md:cta_M00165	I	585774	586778	-
Chlamydia trachomatis A/HAR-13	cta	CTA_0754	pgk	phosphoglycerate kinase	md:cta_M00165	I	797688	798899	+
Chlamydia trachomatis A/HAR-13	cta	CTA_0819	tktB	transketolase	md:cta_M00165	I	884168	886168	+
Chlamydia trachomatis A/HAR-13	cta	CTA_0554	gapA	glyceraldehyde 3-phosphate dehydrogenase	md:cta_M00166	I	585774	586778	-
Chlamydia trachomatis A/HAR-13	cta	CTA_0754	pgk	phosphoglycerate kinase	md:cta_M00166	I	797688	798899	+
Chlamydia trachomatis A/HAR-13	cta	CTA_0233	rpiA	ribose 5-phosphate isomerase	md:cta_M00167	I	242962	243690	-
Chlamydia trachomatis A/HAR-13	cta	CTA_0819	tktB	transketolase	md:cta_M00167	I	884168	886168	+
Chlamydia trachomatis A/HAR-13	cta	CTA_0410	mdhC	malate dehydrogenase	md:cta_M00168	I	431539	432519	-
Chlamydia trachomatis A/HAR-13	cta	CTA_0410	mdhC	malate dehydrogenase	md:cta_M00173	I	431539	432519	-
Chlamydia trachomatis A/HAR-13	cta	CTA_0641	sdhB	succinate dehydrogenase iron-sulfur protein	md:cta_M00173	I	672821	673519	-
Chlamydia trachomatis A/HAR-13	cta	CTA_0642	sdhA	succinate dehydrogenase flavoprotein subunit	md:cta_M00173	I	673598	675478	-
Chlamydia trachomatis A/HAR-13	cta	CTA_0643	sdhC	succinate dehydrogenase cytochrome b558 subunit	md:cta_M00173	I	675475	676044	-
Chlamydia trachomatis A/HAR-13	cta	CTA_0644	NA	succinate dehydrogenase cytochrome b558 subunit	md:cta_M00173	I	676070	676261	-
Chlamydia trachomatis A/HAR-13	cta	CTA_0895	sucC	succinyl-CoA synthetase beta chain	md:cta_M00173	I	967579	968739	+
Chlamydia trachomatis A/HAR-13	cta	CTA_0896	sucD	succinyl-CoA synthetase alpha chain	md:cta_M00173	I	968754	969629	+
Chlamydia trachomatis A/HAR-13	cta	CTA_0932	fumC	fumarate hydratase	md:cta_M00173	I	1007281	1008672	+
Chlamydia trachomatis A/HAR-13	cta	CTA_0475	cysJ	NADPH-cytochrome P450 reductase	md:cta_M00176	I	506513	507565	-
Chlamydia trachomatis A/HAR-13	cta	CTA_0267	pdhA_1	pyruvate dehydrogenase E1 component alpha subunit	md:cta_M00307	I	275815	276837	+
Chlamydia trachomatis A/HAR-13	cta	CTA_0268	pdhB	pyruvate dehydrogenase E1 component beta subunit	md:cta_M00307	I	276830	277816	+
Chlamydia trachomatis A/HAR-13	cta	CTA_0269	pdhC	dihydrolipoamide acetyltransferase component of pyruvate dehydrogenase complex	md:cta_M00307	I	277821	279110	+
Chlamydia trachomatis A/HAR-13	cta	CTA_0607	lpdA	dihydrolipoamide dehydrogenase	md:cta_M00307	I	631726	633123	+
Chlamydia trachomatis A/HAR-13	cta	CTA_0554	gapA	glyceraldehyde 3-phosphate dehydrogenase	md:cta_M00308	I	585774	586778	-
Chlamydia trachomatis A/HAR-13	cta	CTA_0754	pgk	phosphoglycerate kinase	md:cta_M00308	I	797688	798899	+
Chlamydia trachomatis A/HAR-13	cta	CTA_0223	pfkA_1	pyrophosphate--fructose 6-phosphate 1-phosphotransferase	md:cta_M00345	I	232338	233999	+
Chlamydia trachomatis A/HAR-13	cta	CTA_0410	mdhC	malate dehydrogenase	md:cta_M00346	I	431539	432519	-
Chlamydia trachomatis A/HAR-13	cta	CTA_0472	glyA	serine hydroxymethyltransferase	md:cta_M00346	I	503349	504842	-
Chlamydia trachomatis A/HAR-13	cta	CTA_0637	eno	enolase	md:cta_M00346	I	664559	665833	+
Chlamydia trachomatis A/HAR-13	cta	CTA_0681	ispA	dimethylallyltransferase	md:cta_M00364	I	718205	719080	-
Chlamydia trachomatis A/HAR-13	cta	CTA_0410	mdhC	malate dehydrogenase	md:cta_M00374	I	431539	432519	-
Chlamydia trachomatis A/HAR-13	cta	CTA_0641	sdhB	succinate dehydrogenase iron-sulfur protein	md:cta_M00374	I	672821	673519	-
Chlamydia trachomatis A/HAR-13	cta	CTA_0642	sdhA	succinate dehydrogenase flavoprotein subunit	md:cta_M00374	I	673598	675478	-
Chlamydia trachomatis A/HAR-13	cta	CTA_0643	sdhC	succinate dehydrogenase cytochrome b558 subunit	md:cta_M00374	I	675475	676044	-
Chlamydia trachomatis A/HAR-13	cta	CTA_0644	NA	succinate dehydrogenase cytochrome b558 subunit	md:cta_M00374	I	676070	676261	-
Chlamydia trachomatis A/HAR-13	cta	CTA_0895	sucC	succinyl-CoA synthetase beta chain	md:cta_M00374	I	967579	968739	+
Chlamydia trachomatis A/HAR-13	cta	CTA_0896	sucD	succinyl-CoA synthetase alpha chain	md:cta_M00374	I	968754	969629	+
Chlamydia trachomatis A/HAR-13	cta	CTA_0130	accB	biotin carboxyl carrier protein of acetyl-CoA carboxylase	md:cta_M00376	I	140105	140599	+
Chlamydia trachomatis A/HAR-13	cta	CTA_0131	accC	biotin carboxylase	md:cta_M00376	I	140603	141976	+
Chlamydia trachomatis A/HAR-13	cta	CTA_0287	accA	acetyl-coenzyme A carboxylase carboxyl transferase subunit alpha	md:cta_M00376	I	298656	299630	-
Chlamydia trachomatis A/HAR-13	cta	CTA_0315	accD	acetyl-coenzyme A carboxylase carboxyl transferase subunit beta	md:cta_M00376	I	328680	329606	-
Chlamydia trachomatis A/HAR-13	cta	CTA_0641	sdhB	succinate dehydrogenase iron-sulfur protein	md:cta_M00376	I	672821	673519	-
Chlamydia trachomatis A/HAR-13	cta	CTA_0642	sdhA	succinate dehydrogenase flavoprotein subunit	md:cta_M00376	I	673598	675478	-
Chlamydia trachomatis A/HAR-13	cta	CTA_0643	sdhC	succinate dehydrogenase cytochrome b558 subunit	md:cta_M00376	I	675475	676044	-
Chlamydia trachomatis A/HAR-13	cta	CTA_0644	NA	succinate dehydrogenase cytochrome b558 subunit	md:cta_M00376	I	676070	676261	-
Chlamydia trachomatis A/HAR-13	cta	CTA_0932	fumC	fumarate hydratase	md:cta_M00376	I	1007281	1008672	+
Chlamydia trachomatis A/HAR-13	cta	CTA_0083	folD	methylenetetrahydrofolate dehydrogenase (NADP+)	md:cta_M00377	I	92632	93495	-
Chlamydia trachomatis A/HAR-13	cta	CTA_0393	dapA	dihydrodipicolinate synthase	md:cta_M00525	I	414425	415285	-
Chlamydia trachomatis A/HAR-13	cta	CTA_0394	lysC	aspartokinase	md:cta_M00525	I	415295	416590	-
Chlamydia trachomatis A/HAR-13	cta	CTA_0395	asd	aspartate-semialdehyde dehydrogenase	md:cta_M00525	I	416583	417587	-
Chlamydia trachomatis A/HAR-13	cta	CTA_0396	dapB	dihydrodipicolinate reductase	md:cta_M00525	I	417597	418358	-
Chlamydia trachomatis A/HAR-13	cta	CTA_0470	dapF	diaminopimelate epimerase	md:cta_M00525	I	501963	502790	-
Chlamydia trachomatis A/HAR-13	cta	CTA_0393	dapA	dihydrodipicolinate synthase	md:cta_M00526	I	414425	415285	-
Chlamydia trachomatis A/HAR-13	cta	CTA_0394	lysC	aspartokinase	md:cta_M00526	I	415295	416590	-
Chlamydia trachomatis A/HAR-13	cta	CTA_0395	asd	aspartate-semialdehyde dehydrogenase	md:cta_M00526	I	416583	417587	-
Chlamydia trachomatis A/HAR-13	cta	CTA_0396	dapB	dihydrodipicolinate reductase	md:cta_M00526	I	417597	418358	-
Chlamydia trachomatis A/HAR-13	cta	CTA_0393	dapA	dihydrodipicolinate synthase	md:cta_M00527	I	414425	415285	-
Chlamydia trachomatis A/HAR-13	cta	CTA_0394	lysC	aspartokinase	md:cta_M00527	I	415295	416590	-
Chlamydia trachomatis A/HAR-13	cta	CTA_0395	asd	aspartate-semialdehyde dehydrogenase	md:cta_M00527	I	416583	417587	-
Chlamydia trachomatis A/HAR-13	cta	CTA_0396	dapB	dihydrodipicolinate reductase	md:cta_M00527	I	417597	418358	-
Chlamydia trachomatis A/HAR-13	cta	CTA_0425	aspC	aspartate aminotransferase	md:cta_M00527	I	446844	448028	+
Chlamydia trachomatis A/HAR-13	cta	CTA_0470	dapF	diaminopimelate epimerase	md:cta_M00527	I	501963	502790	-
Chlamydia trachomatis A/HAR-13	cta	CTA_0304	gcsH	glycine cleavage system H protein	md:cta_M00532	I	315167	315520	-
Chlamydia trachomatis A/HAR-13	cta	CTA_0472	glyA	serine hydroxymethyltransferase	md:cta_M00532	I	503349	504842	-
Chlamydia trachomatis A/HAR-13	cta	CTA_0607	lpdA	dihydrolipoamide dehydrogenase	md:cta_M00532	I	631726	633123	+
Chlamydia trachomatis A/HAR-13	cta	CTA_0095	lcrD	low calcium response protein D	md:cta_M00542	I	104050	106176	-
Chlamydia trachomatis A/HAR-13	cta	CTA_0096	sctU	SctU	md:cta_M00542	I	106176	107258	-
Chlamydia trachomatis A/HAR-13	cta	CTA_0609	sctJ	SctJ	md:cta_M00542	I	634159	635139	+
Chlamydia trachomatis A/HAR-13	cta	CTA_0612	sctR	SctR	md:cta_M00542	I	636936	637856	+
Chlamydia trachomatis A/HAR-13	cta	CTA_0613	sctS	SctS	md:cta_M00542	I	637868	638152	+
Chlamydia trachomatis A/HAR-13	cta	CTA_0614	sctT	SctT	md:cta_M00542	I	638159	639028	+
Chlamydia trachomatis A/HAR-13	cta	CTA_0726	sctN	SctN	md:cta_M00542	I	767789	769117	+
Chlamydia trachomatis A/HAR-13	cta	CTA_0731	gspD_2	general secretion pathway protein D	md:cta_M00542	I	773236	776001	+
Chlamydia trachomatis A/HAR-13	cta	CTA_0554	gapA	glyceraldehyde 3-phosphate dehydrogenase	md:cta_M00552	I	585774	586778	-
Chlamydia trachomatis A/HAR-13	cta	CTA_0754	pgk	phosphoglycerate kinase	md:cta_M00552	I	797688	798899	+
Chlamydia trachomatis A/HAR-13	cta	CTA_0046	glgX	isoamylase	md:cta_M00565	I	46561	48561	-
Chlamydia trachomatis A/HAR-13	cta	CTA_0536	glgC	glucose-1-phosphate adenylyltransferase	md:cta_M00565	I	567559	568884	-
Chlamydia trachomatis A/HAR-13	cta	CTA_0869	glgA	glycogen synthase	md:cta_M00565	I	938156	939580	-
Chlamydia trachomatis A/HAR-13	cta	CTA_0946	glgB	1,4-alpha-glucan branching enzyme	md:cta_M00565	I	1023363	1025579	+
Chlamydia trachomatis A/HAR-13	cta	CTA_0110	fabI	FabL	md:cta_M00572	I	120038	120934	-
Chlamydia trachomatis A/HAR-13	cta	CTA_0259	fabG	3-oxoacyl-[acyl-carrier protein] reductase	md:cta_M00572	I	266557	267303	-
Chlamydia trachomatis A/HAR-13	cta	CTA_0581	fabZ	(3R)-hydroxymyristoyl-[acyl carrier protein] dehydratase	md:cta_M00572	I	602342	602803	-
Chlamydia trachomatis A/HAR-13	cta	CTA_0840	fabF	3-oxoacyl-[acyl-carrier-protein] synthase	md:cta_M00572	I	906700	907956	+
Chlamydia trachomatis A/HAR-13	cta	CTA_0847	bioF	8-amino-7-oxononanoate synthase	md:cta_M00573	I	914121	915254	+
Chlamydia trachomatis A/HAR-13	cta	CTA_0847	bioF	8-amino-7-oxononanoate synthase	md:cta_M00577	I	914121	915254	+
Chlamydia trachomatis A/HAR-13	cta	CTA_0233	rpiA	ribose 5-phosphate isomerase	md:cta_M00580	I	242962	243690	-
Chlamydia trachomatis A/HAR-13	cta	CTA_0410	mdhC	malate dehydrogenase	md:cta_M00620	I	431539	432519	-
Chlamydia trachomatis A/HAR-13	cta	CTA_0895	sucC	succinyl-CoA synthetase beta chain	md:cta_M00620	I	967579	968739	+
Chlamydia trachomatis A/HAR-13	cta	CTA_0896	sucD	succinyl-CoA synthetase alpha chain	md:cta_M00620	I	968754	969629	+
Chlamydia trachomatis A/HAR-13	cta	CTA_0095	lcrD	low calcium response protein D	md:cta_M00660	I	104050	106176	-
Chlamydia trachomatis A/HAR-13	cta	CTA_0096	sctU	SctU	md:cta_M00660	I	106176	107258	-
Chlamydia trachomatis A/HAR-13	cta	CTA_0609	sctJ	SctJ	md:cta_M00660	I	634159	635139	+
Chlamydia trachomatis A/HAR-13	cta	CTA_0611	sctL	SctL	md:cta_M00660	I	636252	636923	+
Chlamydia trachomatis A/HAR-13	cta	CTA_0612	sctR	SctR	md:cta_M00660	I	636936	637856	+
Chlamydia trachomatis A/HAR-13	cta	CTA_0613	sctS	SctS	md:cta_M00660	I	637868	638152	+
Chlamydia trachomatis A/HAR-13	cta	CTA_0614	sctT	SctT	md:cta_M00660	I	638159	639028	+
Chlamydia trachomatis A/HAR-13	cta	CTA_0726	sctN	SctN	md:cta_M00660	I	767789	769117	+
Chlamydia trachomatis A/HAR-13	cta	CTA_0410	mdhC	malate dehydrogenase	md:cta_M00740	I	431539	432519	-
Chlamydia trachomatis A/HAR-13	cta	CTA_0354	trpC	N-(5'-phosphoribosyl)anthranilate isomerase	md:cta_M00840	I	370869	371495	-
Chlamydia trachomatis A/HAR-13	cta	CTA_0664	NA	hypothetical protein	md:cta_M00840	I	693827	694558	-
Chlamydia trachomatis A/HAR-13	cta	CTA_0665	folA	dihydrofolate reductase	md:cta_M00840	I	694530	695009	-
Chlamydia trachomatis A/HAR-13	cta	CTA_0666	folP	2-amino-4-hydroxy-6-hydroxymethyldihydropteridine pyrophosphokinase	md:cta_M00840	I	695006	696358	-
Chlamydia trachomatis A/HAR-13	cta	CTA_0667	folX	dihydroneopterin aldolase	md:cta_M00840	I	696355	696729	-
Chlamydia trachomatis A/HAR-13	cta	CTA_0793	ribA	GTP cyclohydrolase II	md:cta_M00840	I	846120	847394	+
Chlamydia trachomatis A/HAR-13	cta	CTA_0666	folP	2-amino-4-hydroxy-6-hydroxymethyldihydropteridine pyrophosphokinase	md:cta_M00841	I	695006	696358	-
Chlamydia trachomatis A/HAR-13	cta	CTA_0230	hemL	glutamate-1-semialdehyde 2,1-aminomutase	md:cta_M00846	I	240678	241946	+
Chlamydia trachomatis A/HAR-13	cta	CTA_0321	hemC	porphobilinogen deaminase	md:cta_M00846	I	334960	335685	+
Chlamydia trachomatis A/HAR-13	cta	CTA_0473	NA	uroporphyrin-III C-methyltransferase	md:cta_M00846	I	505206	505877	+
Chlamydia trachomatis A/HAR-13	cta	CTA_0687	hemB	delta-aminolevulinic acid dehydratase	md:cta_M00846	I	722990	724006	+
Chlamydia trachomatis A/HAR-13	cta	CTA_0719	hemA	glutamyl-tRNA reductase	md:cta_M00846	I	761435	762442	+
Chlamydia trachomatis A/HAR-13	cta	CTA_0240	ubiX	UbiX	md:cta_M00849	I	251052	251630	+
Chlamydia trachomatis A/HAR-13	cta	CTA_0536	glgC	glucose-1-phosphate adenylyltransferase	md:cta_M00854	I	567559	568884	-
Chlamydia trachomatis A/HAR-13	cta	CTA_0869	glgA	glycogen synthase	md:cta_M00854	I	938156	939580	-
Chlamydia trachomatis A/HAR-13	cta	CTA_0946	glgB	1,4-alpha-glucan branching enzyme	md:cta_M00854	I	1023363	1025579	+
Chlamydia trachomatis A/HAR-13	cta	CTA_0092	malQ	4-alpha-glucanotransferase	md:cta_M00855	I	100702	102285	-
Chlamydia trachomatis A/HAR-13	cta	CTA_0270	glgP	glycogen phosphorylase	md:cta_M00855	I	279137	281581	-
Chlamydia trachomatis A/HAR-13	cta	CTA_0011	htrB	lipid A biosynthesis lauroyl acyltransferase	md:cta_M00866	I	10386	11753	-
Chlamydia trachomatis A/HAR-13	cta	CTA_0228	gseA	3-deoxy-D-manno-octulosonic-acid transferase	md:cta_M00866	I	236730	238025	-
Chlamydia trachomatis A/HAR-13	cta	CTA_0265	lpxD	UDP-3-O-[3-hydroxymyristoyl] glucosamine N-acyltransferase	md:cta_M00866	I	273337	274401	+
Chlamydia trachomatis A/HAR-13	cta	CTA_0437	lpxK	tetraacyldisaccharide 4'-kinase	md:cta_M00866	I	463741	464697	-
Chlamydia trachomatis A/HAR-13	cta	CTA_0446	lpxB	lipid-A-disaccharide synthase	md:cta_M00866	I	471704	473527	+
Chlamydia trachomatis A/HAR-13	cta	CTA_0580	lpxA	acyl-[acyl-carrier-protein]--UDP-N-acetylglucosamine O-acyltransferase	md:cta_M00866	I	601488	602330	-
Chlamydia trachomatis A/HAR-13	cta	CTA_0582	lpxC	UDP-3-O-[3-hydroxymyristoyl] N-acetylglucosamine deacetylase	md:cta_M00866	I	602800	603660	-
Chlamydia trachomatis A/HAR-13	cta	CTA_0321	hemC	porphobilinogen deaminase	md:cta_M00868	I	334960	335685	+
Chlamydia trachomatis A/HAR-13	cta	CTA_0473	NA	uroporphyrin-III C-methyltransferase	md:cta_M00868	I	505206	505877	+
Chlamydia trachomatis A/HAR-13	cta	CTA_0532	hemZ	ferrochelatase	md:cta_M00868	I	564370	565314	-
Chlamydia trachomatis A/HAR-13	cta	CTA_0687	hemB	delta-aminolevulinic acid dehydratase	md:cta_M00868	I	722990	724006	+
Chlamydia trachomatis A/HAR-13	cta	CTA_0811	hemG	protoporphyrinogen oxidase	md:cta_M00868	I	868859	870133	-
Chlamydia trachomatis A/HAR-13	cta	CTA_0813	hemE	uroporphyrinogen decarboxylase	md:cta_M00868	I	871476	872486	-
Chlamydia trachomatis A/HAR-13	cta	CTA_0260	fabD	malonyl-CoA-[acyl-carrier-protein] transacylase	md:cta_M00873	I	267300	268226	-
Chlamydia trachomatis A/HAR-13	cta	CTA_0840	fabF	3-oxoacyl-[acyl-carrier-protein] synthase	md:cta_M00873	I	906700	907956	+
Chlamydia trachomatis A/HAR-13	cta	CTA_0259	fabG	3-oxoacyl-[acyl-carrier protein] reductase	md:cta_M00874	I	266557	267303	-
Chlamydia trachomatis A/HAR-13	cta	CTA_0260	fabD	malonyl-CoA-[acyl-carrier-protein] transacylase	md:cta_M00874	I	267300	268226	-
Chlamydia trachomatis A/HAR-13	cta	CTA_0840	fabF	3-oxoacyl-[acyl-carrier-protein] synthase	md:cta_M00874	I	906700	907956	+
Chlamydia trachomatis A/HAR-13	cta	CTA_0608	lipA	lipoic acid synthetase	md:cta_M00881	I	633120	634055	+
Chlamydia trachomatis A/HAR-13	cta	CTA_0608	lipA	lipoic acid synthetase	md:cta_M00882	I	633120	634055	+
Chlamydia trachomatis A/HAR-13	cta	CTA_0608	lipA	lipoic acid synthetase	md:cta_M00883	I	633120	634055	+
Chlamydia trachomatis A/HAR-13	cta	CTA_0608	lipA	lipoic acid synthetase	md:cta_M00884	I	633120	634055	+
Chlamydia trachomatis A/HAR-13	cta	CTA_0412	pgi	glucose-6-phosphate isomerase	md:cta_M00909	I	432965	434542	-
Chlamydia trachomatis A/HAR-13	cta	CTA_0888	mrsA_2	phosphoglucosamine mutase	md:cta_M00909	I	959928	961304	+
Chlamydia trachomatis A/HAR-13	cta	CTA_0889	glmS	glucosamine--fructose-6-phosphate aminotransferase (isomerizing)	md:cta_M00909	I	961315	963135	+
Chlamydia trachomatis A/HAR-13	cta	CTA_0440	ribC	riboflavin synthase alpha chain	md:cta_M00911	I	466334	466933	-
Chlamydia trachomatis A/HAR-13	cta	CTA_0794	ribE	6,7-dimethyl-8-ribityllumazine synthase	md:cta_M00911	I	847363	847836	+
Chlamydia trachomatis A/HAR-13	cta	CTA_0230	hemL	glutamate-1-semialdehyde 2,1-aminomutase	md:cta_M00926	I	240678	241946	+
Chlamydia trachomatis A/HAR-13	cta	CTA_0321	hemC	porphobilinogen deaminase	md:cta_M00926	I	334960	335685	+
Chlamydia trachomatis A/HAR-13	cta	CTA_0473	NA	uroporphyrin-III C-methyltransferase	md:cta_M00926	I	505206	505877	+
Chlamydia trachomatis A/HAR-13	cta	CTA_0532	hemZ	ferrochelatase	md:cta_M00926	I	564370	565314	-
Chlamydia trachomatis A/HAR-13	cta	CTA_0687	hemB	delta-aminolevulinic acid dehydratase	md:cta_M00926	I	722990	724006	+
Chlamydia trachomatis A/HAR-13	cta	CTA_0719	hemA	glutamyl-tRNA reductase	md:cta_M00926	I	761435	762442	+
Chlamydia trachomatis A/HAR-13	cta	CTA_0811	hemG	protoporphyrinogen oxidase	md:cta_M00926	I	868859	870133	-
Chlamydia trachomatis A/HAR-13	cta	CTA_0813	hemE	uroporphyrinogen decarboxylase	md:cta_M00926	I	871476	872486	-
Chlamydia trachomatis A/HAR-13	cta	CTA_0466	NA	biotin synthase	md:cta_M00930	I	498359	499468	+
Chlamydia trachomatis A/HAR-13	cta	CTA_0837	NA	biotin synthase	md:cta_M00930	I	903046	904098	-
Chlamydia trachomatis A/HAR-13	cta	CTA_0466	NA	biotin synthase	md:cta_M00931	I	498359	499468	+
Chlamydia trachomatis A/HAR-13	cta	CTA_0837	NA	biotin synthase	md:cta_M00931	I	903046	904098	-
Chlamydia trachomatis A/HAR-13	cta	CTA_0206	tdk	thymidylate kinase	md:cta_M00938	I	212057	212668	-
Chlamydia trachomatis A/HAR-13	cta	CTA_0314	dut	deoxyuridine 5'-triphosphate nucleotidohydrolase	md:cta_M00938	I	328206	328643	-
Chlamydia trachomatis A/HAR-13	cta	CTA_0548	ndk	nucleoside diphosphate kinase	md:cta_M00938	I	582229	582654	-
Chlamydia trachomatis A/HAR-13	cta	CTA_0901	nrdA	ribonucleoside-diphosphate reductase alpha chain	md:cta_M00938	I	977111	980254	+
Chlamydia trachomatis A/HAR-13	cta	CTA_0902	nrdB	ribonucleoside-diphosphate reductase beta chain	md:cta_M00938	I	980292	981332	+
Chlamydia trachomatis A/HAR-13	cta	CTA_0847	bioF	8-amino-7-oxononanoate synthase	md:cta_M00950	I	914121	915254	+
