Campylobacter jejuni subsp. jejuni PT14	cjp	A911_01905	NA	pyruvate kinase	md:cjp_M00001	I	358549	359991	-
Campylobacter jejuni subsp. jejuni PT14	cjp	A911_02115	NA	phosphoglyceromutase	md:cjp_M00001	I	402048	403526	+
Campylobacter jejuni subsp. jejuni PT14	cjp	A911_02915	NA	fructose-bisphosphate aldolase	md:cjp_M00001	I	553849	554913	+
Campylobacter jejuni subsp. jejuni PT14	cjp	A911_06815	tpiA	triosephosphate isomerase	md:cjp_M00001	I	1334937	1335608	-
Campylobacter jejuni subsp. jejuni PT14	cjp	A911_06820	pgk	phosphoglycerate kinase	md:cjp_M00001	I	1335605	1336807	-
Campylobacter jejuni subsp. jejuni PT14	cjp	A911_06825	NA	glyceraldehyde 3-phosphate dehydrogenase A	md:cjp_M00001	I	1336810	1337808	-
Campylobacter jejuni subsp. jejuni PT14	cjp	A911_07390	NA	glucose-6-phosphate isomerase	md:cjp_M00001	I	1459697	1460917	-
Campylobacter jejuni subsp. jejuni PT14	cjp	A911_08055	eno	enolase	md:cjp_M00001	I	1586901	1588145	-
Campylobacter jejuni subsp. jejuni PT14	cjp	A911_01905	NA	pyruvate kinase	md:cjp_M00002	I	358549	359991	-
Campylobacter jejuni subsp. jejuni PT14	cjp	A911_02115	NA	phosphoglyceromutase	md:cjp_M00002	I	402048	403526	+
Campylobacter jejuni subsp. jejuni PT14	cjp	A911_06815	tpiA	triosephosphate isomerase	md:cjp_M00002	I	1334937	1335608	-
Campylobacter jejuni subsp. jejuni PT14	cjp	A911_06820	pgk	phosphoglycerate kinase	md:cjp_M00002	I	1335605	1336807	-
Campylobacter jejuni subsp. jejuni PT14	cjp	A911_06825	NA	glyceraldehyde 3-phosphate dehydrogenase A	md:cjp_M00002	I	1336810	1337808	-
Campylobacter jejuni subsp. jejuni PT14	cjp	A911_08055	eno	enolase	md:cjp_M00002	I	1586901	1588145	-
Campylobacter jejuni subsp. jejuni PT14	cjp	A911_02115	NA	phosphoglyceromutase	md:cjp_M00003	I	402048	403526	+
Campylobacter jejuni subsp. jejuni PT14	cjp	A911_02915	NA	fructose-bisphosphate aldolase	md:cjp_M00003	I	553849	554913	+
Campylobacter jejuni subsp. jejuni PT14	cjp	A911_04075	NA	fructose-1,6-bisphosphatase	md:cjp_M00003	I	789853	790695	-
Campylobacter jejuni subsp. jejuni PT14	cjp	A911_04505	NA	phosphoenolpyruvate carboxykinase	md:cjp_M00003	I	867043	868617	-
Campylobacter jejuni subsp. jejuni PT14	cjp	A911_06815	tpiA	triosephosphate isomerase	md:cjp_M00003	I	1334937	1335608	-
Campylobacter jejuni subsp. jejuni PT14	cjp	A911_06820	pgk	phosphoglycerate kinase	md:cjp_M00003	I	1335605	1336807	-
Campylobacter jejuni subsp. jejuni PT14	cjp	A911_06825	NA	glyceraldehyde 3-phosphate dehydrogenase A	md:cjp_M00003	I	1336810	1337808	-
Campylobacter jejuni subsp. jejuni PT14	cjp	A911_08055	eno	enolase	md:cjp_M00003	I	1586901	1588145	-
Campylobacter jejuni subsp. jejuni PT14	cjp	A911_01355	NA	transaldolase	md:cjp_M00004	I	258577	259554	-
Campylobacter jejuni subsp. jejuni PT14	cjp	A911_02200	NA	ribulose-phosphate 3-epimerase	md:cjp_M00004	I	416751	417398	+
Campylobacter jejuni subsp. jejuni PT14	cjp	A911_04470	NA	ribose 5-phosphate isomerase B	md:cjp_M00004	I	861152	861589	+
Campylobacter jejuni subsp. jejuni PT14	cjp	A911_07390	NA	glucose-6-phosphate isomerase	md:cjp_M00004	I	1459697	1460917	-
Campylobacter jejuni subsp. jejuni PT14	cjp	A911_07925	NA	transketolase	md:cjp_M00004	I	1563570	1565468	+
Campylobacter jejuni subsp. jejuni PT14	cjp	A911_04435	NA	ribose-phosphate pyrophosphokinase	md:cjp_M00005	I	855502	856431	-
Campylobacter jejuni subsp. jejuni PT14	cjp	A911_01355	NA	transaldolase	md:cjp_M00007	I	258577	259554	-
Campylobacter jejuni subsp. jejuni PT14	cjp	A911_02200	NA	ribulose-phosphate 3-epimerase	md:cjp_M00007	I	416751	417398	+
Campylobacter jejuni subsp. jejuni PT14	cjp	A911_04470	NA	ribose 5-phosphate isomerase B	md:cjp_M00007	I	861152	861589	+
Campylobacter jejuni subsp. jejuni PT14	cjp	A911_07925	NA	transketolase	md:cjp_M00007	I	1563570	1565468	+
Campylobacter jejuni subsp. jejuni PT14	cjp	A911_01910	NA	putative malate:quinone oxidoreductase	md:cjp_M00009	I	360040	361386	-
Campylobacter jejuni subsp. jejuni PT14	cjp	A911_01985	NA	fumarate reductase cytochrome b-556 subunit	md:cjp_M00009	I	372355	373137	+
Campylobacter jejuni subsp. jejuni PT14	cjp	A911_01990	NA	fumarate reductase flavoprotein subunit	md:cjp_M00009	I	373121	375112	+
Campylobacter jejuni subsp. jejuni PT14	cjp	A911_01995	frdB	fumarate reductase iron-sulfur subunit	md:cjp_M00009	I	375105	375830	+
Campylobacter jejuni subsp. jejuni PT14	cjp	A911_02130	NA	succinate dehydrogenase flavoprotein subunit	md:cjp_M00009	I	405096	406931	+
Campylobacter jejuni subsp. jejuni PT14	cjp	A911_02135	NA	succinate dehydrogenase, iron-sulfur protein subunit	md:cjp_M00009	I	406928	407893	+
Campylobacter jejuni subsp. jejuni PT14	cjp	A911_02140	NA	succinate dehydrogenase subunit C	md:cjp_M00009	I	407897	408754	+
Campylobacter jejuni subsp. jejuni PT14	cjp	A911_02585	NA	isocitrate dehydrogenase	md:cjp_M00009	I	493875	496079	+
Campylobacter jejuni subsp. jejuni PT14	cjp	A911_02590	NA	malate dehydrogenase	md:cjp_M00009	I	496076	496978	+
Campylobacter jejuni subsp. jejuni PT14	cjp	A911_02595	sucC	succinyl-CoA synthetase subunit beta	md:cjp_M00009	I	496979	498142	+
Campylobacter jejuni subsp. jejuni PT14	cjp	A911_02600	NA	succinyl-CoA synthase, alpha subunit	md:cjp_M00009	I	498152	499021	+
Campylobacter jejuni subsp. jejuni PT14	cjp	A911_02605	oorD	2-oxoglutarate-acceptor oxidoreductase subunit OorD	md:cjp_M00009	I	499036	499347	+
Campylobacter jejuni subsp. jejuni PT14	cjp	A911_02610	oorA	2-oxoglutarate-acceptor oxidoreductase subunit OorA	md:cjp_M00009	I	499356	500480	+
Campylobacter jejuni subsp. jejuni PT14	cjp	A911_02615	oorB	2-oxoglutarate-acceptor oxidoreductase subunit OorB	md:cjp_M00009	I	500481	501326	+
Campylobacter jejuni subsp. jejuni PT14	cjp	A911_02620	oorC	2-oxoglutarate-acceptor oxidoreductase subunit OorC	md:cjp_M00009	I	501323	501880	+
Campylobacter jejuni subsp. jejuni PT14	cjp	A911_04050	NA	bifunctional aconitate hydratase 2/2-methylisocitrate dehydratase	md:cjp_M00009	I	783777	786323	-
Campylobacter jejuni subsp. jejuni PT14	cjp	A911_06625	fumC	fumarate hydratase	md:cjp_M00009	I	1295711	1297102	-
Campylobacter jejuni subsp. jejuni PT14	cjp	A911_08105	NA	citrate synthase	md:cjp_M00009	I	1598442	1599710	-
Campylobacter jejuni subsp. jejuni PT14	cjp	A911_02585	NA	isocitrate dehydrogenase	md:cjp_M00010	I	493875	496079	+
Campylobacter jejuni subsp. jejuni PT14	cjp	A911_04050	NA	bifunctional aconitate hydratase 2/2-methylisocitrate dehydratase	md:cjp_M00010	I	783777	786323	-
Campylobacter jejuni subsp. jejuni PT14	cjp	A911_08105	NA	citrate synthase	md:cjp_M00010	I	1598442	1599710	-
Campylobacter jejuni subsp. jejuni PT14	cjp	A911_01910	NA	putative malate:quinone oxidoreductase	md:cjp_M00011	I	360040	361386	-
Campylobacter jejuni subsp. jejuni PT14	cjp	A911_01985	NA	fumarate reductase cytochrome b-556 subunit	md:cjp_M00011	I	372355	373137	+
Campylobacter jejuni subsp. jejuni PT14	cjp	A911_01990	NA	fumarate reductase flavoprotein subunit	md:cjp_M00011	I	373121	375112	+
Campylobacter jejuni subsp. jejuni PT14	cjp	A911_01995	frdB	fumarate reductase iron-sulfur subunit	md:cjp_M00011	I	375105	375830	+
Campylobacter jejuni subsp. jejuni PT14	cjp	A911_02130	NA	succinate dehydrogenase flavoprotein subunit	md:cjp_M00011	I	405096	406931	+
Campylobacter jejuni subsp. jejuni PT14	cjp	A911_02135	NA	succinate dehydrogenase, iron-sulfur protein subunit	md:cjp_M00011	I	406928	407893	+
Campylobacter jejuni subsp. jejuni PT14	cjp	A911_02140	NA	succinate dehydrogenase subunit C	md:cjp_M00011	I	407897	408754	+
Campylobacter jejuni subsp. jejuni PT14	cjp	A911_02590	NA	malate dehydrogenase	md:cjp_M00011	I	496076	496978	+
Campylobacter jejuni subsp. jejuni PT14	cjp	A911_02595	sucC	succinyl-CoA synthetase subunit beta	md:cjp_M00011	I	496979	498142	+
Campylobacter jejuni subsp. jejuni PT14	cjp	A911_02600	NA	succinyl-CoA synthase, alpha subunit	md:cjp_M00011	I	498152	499021	+
Campylobacter jejuni subsp. jejuni PT14	cjp	A911_02605	oorD	2-oxoglutarate-acceptor oxidoreductase subunit OorD	md:cjp_M00011	I	499036	499347	+
Campylobacter jejuni subsp. jejuni PT14	cjp	A911_02610	oorA	2-oxoglutarate-acceptor oxidoreductase subunit OorA	md:cjp_M00011	I	499356	500480	+
Campylobacter jejuni subsp. jejuni PT14	cjp	A911_02615	oorB	2-oxoglutarate-acceptor oxidoreductase subunit OorB	md:cjp_M00011	I	500481	501326	+
Campylobacter jejuni subsp. jejuni PT14	cjp	A911_02620	oorC	2-oxoglutarate-acceptor oxidoreductase subunit OorC	md:cjp_M00011	I	501323	501880	+
Campylobacter jejuni subsp. jejuni PT14	cjp	A911_06625	fumC	fumarate hydratase	md:cjp_M00011	I	1295711	1297102	-
Campylobacter jejuni subsp. jejuni PT14	cjp	A911_02590	NA	malate dehydrogenase	md:cjp_M00012	I	496076	496978	+
Campylobacter jejuni subsp. jejuni PT14	cjp	A911_04050	NA	bifunctional aconitate hydratase 2/2-methylisocitrate dehydratase	md:cjp_M00012	I	783777	786323	-
Campylobacter jejuni subsp. jejuni PT14	cjp	A911_08105	NA	citrate synthase	md:cjp_M00012	I	1598442	1599710	-
Campylobacter jejuni subsp. jejuni PT14	cjp	A911_00460	NA	gamma-glutamyl kinase	md:cjp_M00015	I	106421	107176	+
Campylobacter jejuni subsp. jejuni PT14	cjp	A911_02720	proA	gamma-glutamyl phosphate reductase	md:cjp_M00015	I	520039	521271	-
Campylobacter jejuni subsp. jejuni PT14	cjp	A911_05205	NA	pyrroline-5-carboxylate reductase	md:cjp_M00015	I	1010369	1011100	+
Campylobacter jejuni subsp. jejuni PT14	cjp	A911_00955	NA	dihydrodipicolinate reductase	md:cjp_M00016	I	192700	193428	-
Campylobacter jejuni subsp. jejuni PT14	cjp	A911_01095	NA	acetylornithine/succinyldiaminopimelate aminotransferase	md:cjp_M00016	I	211427	212608	+
Campylobacter jejuni subsp. jejuni PT14	cjp	A911_01515	NA	diaminopimelate decarboxylase	md:cjp_M00016	I	284082	285290	+
Campylobacter jejuni subsp. jejuni PT14	cjp	A911_02350	NA	dihydrodipicolinate synthase	md:cjp_M00016	I	448462	449370	+
Campylobacter jejuni subsp. jejuni PT14	cjp	A911_02840	NA	aspartate kinase	md:cjp_M00016	I	541639	542841	+
Campylobacter jejuni subsp. jejuni PT14	cjp	A911_03910	NA	dihydrodipicolinate synthase	md:cjp_M00016	I	760341	761237	+
Campylobacter jejuni subsp. jejuni PT14	cjp	A911_04940	NA	aspartate-semialdehyde dehydrogenase	md:cjp_M00016	I	954799	955830	-
Campylobacter jejuni subsp. jejuni PT14	cjp	A911_05070	NA	succinyl-diaminopimelate desuccinylase	md:cjp_M00016	I	981113	982210	-
Campylobacter jejuni subsp. jejuni PT14	cjp	A911_07095	NA	putative ATP/GTP-binding protein	md:cjp_M00016	I	1400745	1401353	-
Campylobacter jejuni subsp. jejuni PT14	cjp	A911_07370	dapF	diaminopimelate epimerase	md:cjp_M00016	I	1456564	1457313	+
Campylobacter jejuni subsp. jejuni PT14	cjp	A911_07725	NA	2,3,4,5-tetrahydropyridine-2,6-carboxylate N-succinyltransferase	md:cjp_M00016	I	1526739	1527899	-
Campylobacter jejuni subsp. jejuni PT14	cjp	A911_00720	NA	homoserine dehydrogenase	md:cjp_M00017	I	152211	153458	-
Campylobacter jejuni subsp. jejuni PT14	cjp	A911_02840	NA	aspartate kinase	md:cjp_M00017	I	541639	542841	+
Campylobacter jejuni subsp. jejuni PT14	cjp	A911_04940	NA	aspartate-semialdehyde dehydrogenase	md:cjp_M00017	I	954799	955830	-
Campylobacter jejuni subsp. jejuni PT14	cjp	A911_05825	NA	5-methyltetrahydropteroyltriglutamate--homocysteine S-methyltransferase	md:cjp_M00017	I	1130416	1132680	+
Campylobacter jejuni subsp. jejuni PT14	cjp	A911_06770	NA	cystathionine beta-lyase	md:cjp_M00017	I	1326702	1327748	+
Campylobacter jejuni subsp. jejuni PT14	cjp	A911_08310	NA	homoserine O-succinyltransferase	md:cjp_M00017	I	1629299	1630180	-
Campylobacter jejuni subsp. jejuni PT14	cjp	A911_00645	NA	homoserine kinase	md:cjp_M00018	I	136174	137052	+
Campylobacter jejuni subsp. jejuni PT14	cjp	A911_00720	NA	homoserine dehydrogenase	md:cjp_M00018	I	152211	153458	-
Campylobacter jejuni subsp. jejuni PT14	cjp	A911_02840	NA	aspartate kinase	md:cjp_M00018	I	541639	542841	+
Campylobacter jejuni subsp. jejuni PT14	cjp	A911_03940	NA	threonine synthase	md:cjp_M00018	I	764711	766123	+
Campylobacter jejuni subsp. jejuni PT14	cjp	A911_04940	NA	aspartate-semialdehyde dehydrogenase	md:cjp_M00018	I	954799	955830	-
Campylobacter jejuni subsp. jejuni PT14	cjp	A911_00060	NA	dihydroxy-acid dehydratase	md:cjp_M00019	I	15806	17482	+
Campylobacter jejuni subsp. jejuni PT14	cjp	A911_01300	NA	branched-chain amino acid aminotransferase	md:cjp_M00019	I	247455	248369	-
Campylobacter jejuni subsp. jejuni PT14	cjp	A911_02800	NA	acetolactate synthase 3 catalytic subunit	md:cjp_M00019	I	534661	536361	+
Campylobacter jejuni subsp. jejuni PT14	cjp	A911_02805	ilvH	acetolactate synthase 3 regulatory subunit	md:cjp_M00019	I	536358	536822	+
Campylobacter jejuni subsp. jejuni PT14	cjp	A911_03085	NA	ketol-acid reductoisomerase	md:cjp_M00019	I	594338	595360	+
Campylobacter jejuni subsp. jejuni PT14	cjp	A911_01360	NA	phosphoserine phosphatase SerB	md:cjp_M00020	I	259554	260177	-
Campylobacter jejuni subsp. jejuni PT14	cjp	A911_01575	NA	3-phosphoserine/phosphohydroxythreonine aminotransferase	md:cjp_M00020	I	297262	298338	+
Campylobacter jejuni subsp. jejuni PT14	cjp	A911_04305	NA	D-3-phosphoglycerate dehydrogenase	md:cjp_M00020	I	831000	832583	-
Campylobacter jejuni subsp. jejuni PT14	cjp	A911_03695	NA	serine acetyltransferase	md:cjp_M00021	I	715773	716411	-
Campylobacter jejuni subsp. jejuni PT14	cjp	A911_04405	NA	cysteine synthase A	md:cjp_M00021	I	849275	850174	-
Campylobacter jejuni subsp. jejuni PT14	cjp	A911_00315	NA	3-dehydroquinate dehydratase	md:cjp_M00022	I	79723	80202	-
Campylobacter jejuni subsp. jejuni PT14	cjp	A911_01880	aroK	shikimate kinase	md:cjp_M00022	I	352617	353111	+
Campylobacter jejuni subsp. jejuni PT14	cjp	A911_01970	aroE	shikimate 5-dehydrogenase	md:cjp_M00022	I	369618	370406	+
Campylobacter jejuni subsp. jejuni PT14	cjp	A911_03495	NA	phospho-2-dehydro-3-deoxyheptonate aldolase	md:cjp_M00022	I	671451	672791	+
Campylobacter jejuni subsp. jejuni PT14	cjp	A911_04325	NA	3-phosphoshikimate 1-carboxyvinyltransferase	md:cjp_M00022	I	835693	836979	-
Campylobacter jejuni subsp. jejuni PT14	cjp	A911_04865	aroB	3-dehydroquinate synthase	md:cjp_M00022	I	939623	940678	-
Campylobacter jejuni subsp. jejuni PT14	cjp	A911_07870	NA	chorismate synthase	md:cjp_M00022	I	1554103	1555191	-
Campylobacter jejuni subsp. jejuni PT14	cjp	A911_01670	NA	anthranilate synthase component I	md:cjp_M00023	I	315197	316447	+
Campylobacter jejuni subsp. jejuni PT14	cjp	A911_01675	NA	anthranilate synthase component II	md:cjp_M00023	I	316444	318045	+
Campylobacter jejuni subsp. jejuni PT14	cjp	A911_01680	NA	N-(5'phosphoribosyl)anthranilate isomerase	md:cjp_M00023	I	318032	318631	+
Campylobacter jejuni subsp. jejuni PT14	cjp	A911_01685	NA	tryptophan synthase subunit beta	md:cjp_M00023	I	318628	319806	+
Campylobacter jejuni subsp. jejuni PT14	cjp	A911_01690	trpA	tryptophan synthase subunit alpha	md:cjp_M00023	I	319799	320548	+
Campylobacter jejuni subsp. jejuni PT14	cjp	A911_02435	trpC	indole-3-glycerol-phosphate synthase	md:cjp_M00023	I	462609	463385	+
Campylobacter jejuni subsp. jejuni PT14	cjp	A911_01525	NA	chorismate mutase/prephenate dehydratase	md:cjp_M00024	I	286047	287120	+
Campylobacter jejuni subsp. jejuni PT14	cjp	A911_00625	NA	prephenate dehydrogenase	md:cjp_M00025	I	132561	133388	+
Campylobacter jejuni subsp. jejuni PT14	cjp	A911_01525	NA	chorismate mutase/prephenate dehydratase	md:cjp_M00025	I	286047	287120	+
Campylobacter jejuni subsp. jejuni PT14	cjp	A911_01530	NA	histidinol-phosphate aminotransferase	md:cjp_M00026	I	287110	288204	+
Campylobacter jejuni subsp. jejuni PT14	cjp	A911_06390	NA	imidazole glycerol phosphate synthase subunit HisF	md:cjp_M00026	I	1244319	1245065	-
Campylobacter jejuni subsp. jejuni PT14	cjp	A911_06395	hisH	imidazole glycerol phosphate synthase subunit HisH	md:cjp_M00026	I	1245066	1245671	-
Campylobacter jejuni subsp. jejuni PT14	cjp	A911_07685	hisG	ATP phosphoribosyltransferase	md:cjp_M00026	I	1519820	1520719	+
Campylobacter jejuni subsp. jejuni PT14	cjp	A911_07690	hisD	bifunctional histidinal dehydrogenase/histidinol dehydrogenase	md:cjp_M00026	I	1520727	1522013	+
Campylobacter jejuni subsp. jejuni PT14	cjp	A911_07695	NA	imidazole glycerol-phosphate dehydratase/histidinol phosphatase	md:cjp_M00026	I	1522010	1523068	+
Campylobacter jejuni subsp. jejuni PT14	cjp	A911_07700	NA	imidazole glycerol phosphate synthase subunit	md:cjp_M00026	I	1523065	1523652	+
Campylobacter jejuni subsp. jejuni PT14	cjp	A911_07705	NA	1-(5-phosphoribosyl)-5-[(5-phosphoribosylamino)methylideneamino] imidazole-4-carboxamide isomerase	md:cjp_M00026	I	1523649	1524380	+
Campylobacter jejuni subsp. jejuni PT14	cjp	A911_07715	NA	imidazole glycerol phosphate synthase subunit HisF	md:cjp_M00026	I	1525322	1526089	+
Campylobacter jejuni subsp. jejuni PT14	cjp	A911_07720	NA	bifunctional phosphoribosyl-AMP cyclohydrolase/phosphoribosyl-ATP pyrophosphatase protein	md:cjp_M00026	I	1526091	1526714	+
Campylobacter jejuni subsp. jejuni PT14	cjp	A911_01080	argC	N-acetyl-gamma-glutamyl-phosphate reductase	md:cjp_M00028	I	209084	210112	+
Campylobacter jejuni subsp. jejuni PT14	cjp	A911_01085	NA	acetyltransferase	md:cjp_M00028	I	210122	210568	+
Campylobacter jejuni subsp. jejuni PT14	cjp	A911_01090	NA	acetylglutamate kinase	md:cjp_M00028	I	210578	211417	+
Campylobacter jejuni subsp. jejuni PT14	cjp	A911_01095	NA	acetylornithine/succinyldiaminopimelate aminotransferase	md:cjp_M00028	I	211427	212608	+
Campylobacter jejuni subsp. jejuni PT14	cjp	A911_03240	NA	argininosuccinate synthase	md:cjp_M00029	I	623014	624234	-
Campylobacter jejuni subsp. jejuni PT14	cjp	A911_04500	NA	argininosuccinate lyase	md:cjp_M00029	I	865651	867033	-
Campylobacter jejuni subsp. jejuni PT14	cjp	A911_04795	NA	ornithine carbamoyltransferase	md:cjp_M00029	I	925809	926729	-
Campylobacter jejuni subsp. jejuni PT14	cjp	A911_00830	NA	saccharopine dehydrogenase	md:cjp_M00030	I	167614	168819	-
Campylobacter jejuni subsp. jejuni PT14	cjp	A911_02840	NA	aspartate kinase	md:cjp_M00033	I	541639	542841	+
Campylobacter jejuni subsp. jejuni PT14	cjp	A911_04940	NA	aspartate-semialdehyde dehydrogenase	md:cjp_M00033	I	954799	955830	-
Campylobacter jejuni subsp. jejuni PT14	cjp	A911_05305	NA	S-adenosylmethionine synthetase	md:cjp_M00034	I	1029975	1031171	-
Campylobacter jejuni subsp. jejuni PT14	cjp	A911_05905	NA	hypothetical protein	md:cjp_M00034	I	1145616	1146296	-
Campylobacter jejuni subsp. jejuni PT14	cjp	A911_05305	NA	S-adenosylmethionine synthetase	md:cjp_M00035	I	1029975	1031171	-
Campylobacter jejuni subsp. jejuni PT14	cjp	A911_01300	NA	branched-chain amino acid aminotransferase	md:cjp_M00036	I	247455	248369	-
Campylobacter jejuni subsp. jejuni PT14	cjp	A911_01525	NA	chorismate mutase/prephenate dehydratase	md:cjp_M00040	I	286047	287120	+
Campylobacter jejuni subsp. jejuni PT14	cjp	A911_00110	NA	adenylosuccinate lyase	md:cjp_M00048	I	26635	27963	+
Campylobacter jejuni subsp. jejuni PT14	cjp	A911_00905	NA	phosphoribosylglycinamide formyltransferase	md:cjp_M00048	I	182664	183230	-
Campylobacter jejuni subsp. jejuni PT14	cjp	A911_00950	NA	amidophosphoribosyltransferase	md:cjp_M00048	I	191361	192698	-
Campylobacter jejuni subsp. jejuni PT14	cjp	A911_02500	NA	phosphoribosylaminoimidazole-succinocarboxamide synthase	md:cjp_M00048	I	478881	479591	+
Campylobacter jejuni subsp. jejuni PT14	cjp	A911_02505	NA	phosphoribosylformylglycinamidine synthase subunit PurS	md:cjp_M00048	I	479600	479845	+
Campylobacter jejuni subsp. jejuni PT14	cjp	A911_02510	NA	phosphoribosylformylglycinamidine synthase I	md:cjp_M00048	I	479847	480494	+
Campylobacter jejuni subsp. jejuni PT14	cjp	A911_03425	NA	phosphoribosylaminoimidazole carboxylase catalytic subunit	md:cjp_M00048	I	662099	662593	+
Campylobacter jejuni subsp. jejuni PT14	cjp	A911_04605	purH	bifunctional phosphoribosylaminoimidazolecarboxamide formyltransferase/IMP cyclohydrolase	md:cjp_M00048	I	893063	894595	-
Campylobacter jejuni subsp. jejuni PT14	cjp	A911_04615	NA	phosphoribosylformylglycinamidine synthase II	md:cjp_M00048	I	895365	897551	-
Campylobacter jejuni subsp. jejuni PT14	cjp	A911_06075	NA	phosphoribosylamine--glycine ligase	md:cjp_M00048	I	1180176	1181426	+
Campylobacter jejuni subsp. jejuni PT14	cjp	A911_07360	NA	phosphoribosylaminoimidazole synthetase	md:cjp_M00048	I	1454912	1455901	-
Campylobacter jejuni subsp. jejuni PT14	cjp	A911_00110	NA	adenylosuccinate lyase	md:cjp_M00049	I	26635	27963	+
Campylobacter jejuni subsp. jejuni PT14	cjp	A911_01605	ndk	multifunctional nucleoside diphosphate kinase/apyrimidinic endonuclease/3'-phosphodiesterase	md:cjp_M00049	I	301165	301578	-
Campylobacter jejuni subsp. jejuni PT14	cjp	A911_03120	adk	adenylate kinase	md:cjp_M00049	I	599699	600277	-
Campylobacter jejuni subsp. jejuni PT14	cjp	A911_07220	NA	adenylosuccinate synthetase	md:cjp_M00049	I	1424544	1425794	-
Campylobacter jejuni subsp. jejuni PT14	cjp	A911_01605	ndk	multifunctional nucleoside diphosphate kinase/apyrimidinic endonuclease/3'-phosphodiesterase	md:cjp_M00050	I	301165	301578	-
Campylobacter jejuni subsp. jejuni PT14	cjp	A911_05120	NA	inosine 5'-monophosphate dehydrogenase	md:cjp_M00050	I	994210	995667	-
Campylobacter jejuni subsp. jejuni PT14	cjp	A911_05705	gmk	guanylate kinase	md:cjp_M00050	I	1104399	1105016	-
Campylobacter jejuni subsp. jejuni PT14	cjp	A911_06060	NA	GMP synthase	md:cjp_M00050	I	1176855	1178390	+
Campylobacter jejuni subsp. jejuni PT14	cjp	A911_01125	pyrE	orotate phosphoribosyltransferase	md:cjp_M00051	I	216671	217279	-
Campylobacter jejuni subsp. jejuni PT14	cjp	A911_01250	NA	dihydroorotase	md:cjp_M00051	I	236531	237538	+
Campylobacter jejuni subsp. jejuni PT14	cjp	A911_01345	carB	carbamoyl phosphate synthase large subunit	md:cjp_M00051	I	254888	258157	+
Campylobacter jejuni subsp. jejuni PT14	cjp	A911_01850	NA	orotidine 5'-phosphate decarboxylase	md:cjp_M00051	I	347704	348543	-
Campylobacter jejuni subsp. jejuni PT14	cjp	A911_03900	NA	dihydroorotate dehydrogenase 2	md:cjp_M00051	I	758043	759101	+
Campylobacter jejuni subsp. jejuni PT14	cjp	A911_05315	pyrB	aspartate carbamoyltransferase catalytic subunit	md:cjp_M00051	I	1032545	1033432	+
Campylobacter jejuni subsp. jejuni PT14	cjp	A911_05795	NA	dihydroorotase	md:cjp_M00051	I	1124211	1125389	-
Campylobacter jejuni subsp. jejuni PT14	cjp	A911_07200	NA	carbamoyl phosphate synthase small subunit	md:cjp_M00051	I	1421846	1422964	-
Campylobacter jejuni subsp. jejuni PT14	cjp	A911_00130	pyrG	CTP synthetase	md:cjp_M00052	I	32635	34266	+
Campylobacter jejuni subsp. jejuni PT14	cjp	A911_01605	ndk	multifunctional nucleoside diphosphate kinase/apyrimidinic endonuclease/3'-phosphodiesterase	md:cjp_M00052	I	301165	301578	-
Campylobacter jejuni subsp. jejuni PT14	cjp	A911_06190	pyrH	uridylate kinase	md:cjp_M00052	I	1207195	1207914	-
Campylobacter jejuni subsp. jejuni PT14	cjp	A911_00115	NA	ribonucleotide-diphosphate reductase subunit alpha	md:cjp_M00053	I	27979	30348	+
Campylobacter jejuni subsp. jejuni PT14	cjp	A911_01115	nrdF	ribonucleotide-diphosphate reductase subunit beta	md:cjp_M00053	I	215223	216245	-
Campylobacter jejuni subsp. jejuni PT14	cjp	A911_01605	ndk	multifunctional nucleoside diphosphate kinase/apyrimidinic endonuclease/3'-phosphodiesterase	md:cjp_M00053	I	301165	301578	-
Campylobacter jejuni subsp. jejuni PT14	cjp	A911_00635	lpxC	UDP-3-O-[3-hydroxymyristoyl] N-acetylglucosamine deacetylase	md:cjp_M00060	I	134841	135725	+
Campylobacter jejuni subsp. jejuni PT14	cjp	A911_01325	NA	UDP-N-acetylglucosamine acyltransferase	md:cjp_M00060	I	250829	251620	+
Campylobacter jejuni subsp. jejuni PT14	cjp	A911_01380	NA	hypothetical protein	md:cjp_M00060	I	263965	264582	-
Campylobacter jejuni subsp. jejuni PT14	cjp	A911_01390	NA	ipid-A-disaccharide synthase	md:cjp_M00060	I	265230	266324	-
Campylobacter jejuni subsp. jejuni PT14	cjp	A911_02810	lpxD	UDP-3-O-[3-hydroxymyristoyl] glucosamine N-acyltransferase	md:cjp_M00060	I	536819	537784	+
Campylobacter jejuni subsp. jejuni PT14	cjp	A911_03450	NA	3-deoxy-D-manno-octulosonic-acid transferase	md:cjp_M00060	I	665449	666606	+
Campylobacter jejuni subsp. jejuni PT14	cjp	A911_03935	lpxK	tetraacyldisaccharide 4'-kinase	md:cjp_M00060	I	763788	764714	+
Campylobacter jejuni subsp. jejuni PT14	cjp	A911_05495	NA	lipid A biosynthesis lauroyl acyltransferase	md:cjp_M00060	I	1068176	1069063	+
Campylobacter jejuni subsp. jejuni PT14	cjp	A911_01865	NA	2-dehydro-3-deoxyphosphooctonate aldolase	md:cjp_M00063	I	349399	350214	-
Campylobacter jejuni subsp. jejuni PT14	cjp	A911_03160	NA	HAD-superfamily hydrolase	md:cjp_M00063	I	608566	609054	+
Campylobacter jejuni subsp. jejuni PT14	cjp	A911_03945	NA	3-deoxy-manno-octulosonate cytidylyltransferase	md:cjp_M00063	I	766120	766839	+
Campylobacter jejuni subsp. jejuni PT14	cjp	A911_06940	NA	arabinose 5-phosphate isomerase	md:cjp_M00063	I	1374204	1375151	-
Campylobacter jejuni subsp. jejuni PT14	cjp	A911_05565	NA	phosphoheptose isomerase	md:cjp_M00064	I	1082215	1082775	-
Campylobacter jejuni subsp. jejuni PT14	cjp	A911_05570	NA	D,D-heptose 1-phosphate adenosyltransferase/7-phosphate kinase	md:cjp_M00064	I	1082772	1084157	-
Campylobacter jejuni subsp. jejuni PT14	cjp	A911_05575	NA	ADP-L-glycero-D-manno-heptose-6-epimerase	md:cjp_M00064	I	1084150	1085103	-
Campylobacter jejuni subsp. jejuni PT14	cjp	A911_05580	NA	D,D-heptose 1,7-bisphosphate phosphatase	md:cjp_M00064	I	1085104	1085664	-
Campylobacter jejuni subsp. jejuni PT14	cjp	A911_00555	NA	malonyl CoA-acyl carrier protein transacylase	md:cjp_M00082	I	121229	122149	+
Campylobacter jejuni subsp. jejuni PT14	cjp	A911_00610	NA	acetyl-CoA carboxylase subunit beta	md:cjp_M00082	I	128692	129534	-
Campylobacter jejuni subsp. jejuni PT14	cjp	A911_01585	NA	3-oxoacyl-(acyl carrier protein) synthase III	md:cjp_M00082	I	298682	299656	-
Campylobacter jejuni subsp. jejuni PT14	cjp	A911_02160	NA	acetyl-CoA carboxylase carboxyltransferase subunit alpha	md:cjp_M00082	I	411032	411970	+
Campylobacter jejuni subsp. jejuni PT14	cjp	A911_06265	NA	biotin carboxylase	md:cjp_M00082	I	1222488	1223819	-
Campylobacter jejuni subsp. jejuni PT14	cjp	A911_06270	NA	acetyl-CoA carboxylase, biotin carboxyl carrier protein	md:cjp_M00082	I	1223821	1224276	-
Campylobacter jejuni subsp. jejuni PT14	cjp	A911_06330	NA	3-oxoacyl-(acyl carrier protein) synthase III	md:cjp_M00082	I	1233181	1234242	+
Campylobacter jejuni subsp. jejuni PT14	cjp	A911_01320	fabZ	(3R)-hydroxymyristoyl-ACP dehydratase	md:cjp_M00083	I	250389	250829	+
Campylobacter jejuni subsp. jejuni PT14	cjp	A911_02120	fabG	3-ketoacyl-(acyl-carrier-protein) reductase	md:cjp_M00083	I	403598	404341	+
Campylobacter jejuni subsp. jejuni PT14	cjp	A911_02155	NA	3-oxoacyl-(acyl carrier protein) synthase II	md:cjp_M00083	I	409816	411030	+
Campylobacter jejuni subsp. jejuni PT14	cjp	A911_06810	NA	enoyl-(acyl carrier protein) reductase	md:cjp_M00083	I	1334109	1334933	-
Campylobacter jejuni subsp. jejuni PT14	cjp	A911_02520	NA	1-acyl-sn-glycerol-3-phosphate acyltransferase	md:cjp_M00089	I	481668	482360	+
Campylobacter jejuni subsp. jejuni PT14	cjp	A911_04110	NA	phosphatidylserine decarboxylase	md:cjp_M00093	I	796074	796874	+
Campylobacter jejuni subsp. jejuni PT14	cjp	A911_05395	NA	CDP-diacylglycerol--serine O-phosphatidyltransferase	md:cjp_M00093	I	1046830	1047558	-
Campylobacter jejuni subsp. jejuni PT14	cjp	A911_05400	NA	phosphatidylserine decarboxylase-related protein	md:cjp_M00093	I	1047568	1048185	-
Campylobacter jejuni subsp. jejuni PT14	cjp	A911_06545	NA	phosphatidate cytidylyltransferase	md:cjp_M00093	I	1279385	1280110	-
Campylobacter jejuni subsp. jejuni PT14	cjp	A911_01550	NA	1-deoxy-D-xylulose-5-phosphate synthase	md:cjp_M00096	I	291797	293644	+
Campylobacter jejuni subsp. jejuni PT14	cjp	A911_03340	ispG	4-hydroxy-3-methylbut-2-en-1-yl diphosphate synthase	md:cjp_M00096	I	641617	642690	+
Campylobacter jejuni subsp. jejuni PT14	cjp	A911_04320	ispH	4-hydroxy-3-methylbut-2-enyl diphosphate reductase	md:cjp_M00096	I	834870	835703	-
Campylobacter jejuni subsp. jejuni PT14	cjp	A911_05345	NA	4-diphosphocytidyl-2-C-methyl-D-erythritol kinase	md:cjp_M00096	I	1038693	1039460	+
Campylobacter jejuni subsp. jejuni PT14	cjp	A911_06540	NA	1-deoxy-D-xylulose 5-phosphate reductoisomerase	md:cjp_M00096	I	1278318	1279388	-
Campylobacter jejuni subsp. jejuni PT14	cjp	A911_07735	ispDF	bifunctional 2-C-methyl-D-erythritol 4-phosphate cytidylyltransferase/2-C-methyl-D-erythritol 2,4-cyclodiphosphate synthase protein	md:cjp_M00096	I	1529154	1530269	+
Campylobacter jejuni subsp. jejuni PT14	cjp	A911_03930	NA	NAD synthetase	md:cjp_M00115	I	763044	763784	+
Campylobacter jejuni subsp. jejuni PT14	cjp	A911_06830	NA	nicotinate (nicotinamide) nucleotide adenylyltransferase	md:cjp_M00115	I	1337868	1338413	+
Campylobacter jejuni subsp. jejuni PT14	cjp	A911_01565	ubiE	ubiquinone/menaquinone biosynthesis methyltransferase	md:cjp_M00116	I	295385	296092	+
Campylobacter jejuni subsp. jejuni PT14	cjp	A911_00795	ubiA	prenyltransferase	md:cjp_M00117	I	162999	163883	-
Campylobacter jejuni subsp. jejuni PT14	cjp	A911_01565	ubiE	ubiquinone/menaquinone biosynthesis methyltransferase	md:cjp_M00117	I	295385	296092	+
Campylobacter jejuni subsp. jejuni PT14	cjp	A911_02660	NA	3-octaprenyl-4-hydroxybenzoate carboxy-lyase	md:cjp_M00117	I	508022	509824	+
Campylobacter jejuni subsp. jejuni PT14	cjp	A911_03720	NA	3-octaprenyl-4-hydroxybenzoate carboxy-lyase	md:cjp_M00117	I	720552	721115	-
Campylobacter jejuni subsp. jejuni PT14	cjp	A911_01300	NA	branched-chain amino acid aminotransferase	md:cjp_M00119	I	247455	248369	-
Campylobacter jejuni subsp. jejuni PT14	cjp	A911_01425	NA	aspartate alpha-decarboxylase	md:cjp_M00119	I	270840	271220	-
Campylobacter jejuni subsp. jejuni PT14	cjp	A911_01430	panC	pantoate--beta-alanine ligase	md:cjp_M00119	I	271217	272065	-
Campylobacter jejuni subsp. jejuni PT14	cjp	A911_01435	panB	3-methyl-2-oxobutanoate hydroxymethyltransferase	md:cjp_M00119	I	272076	272900	-
Campylobacter jejuni subsp. jejuni PT14	cjp	A911_01915	NA	pantothenate kinase	md:cjp_M00120	I	361505	362134	-
Campylobacter jejuni subsp. jejuni PT14	cjp	A911_03715	coaD	phosphopantetheine adenylyltransferase	md:cjp_M00120	I	720036	720512	-
Campylobacter jejuni subsp. jejuni PT14	cjp	A911_03985	NA	bifunctional phosphopantothenoylcysteine decarboxylase/phosphopantothenate synthase	md:cjp_M00120	I	771840	772994	+
Campylobacter jejuni subsp. jejuni PT14	cjp	A911_07365	coaE	dephospho-CoA kinase	md:cjp_M00120	I	1455962	1456567	+
Campylobacter jejuni subsp. jejuni PT14	cjp	A911_01755	NA	hypothetical protein	md:cjp_M00121	I	328726	329178	+
Campylobacter jejuni subsp. jejuni PT14	cjp	A911_02455	hemH	ferrochelatase	md:cjp_M00121	I	466450	467361	-
Campylobacter jejuni subsp. jejuni PT14	cjp	A911_02640	hemA	glutamyl-tRNA reductase	md:cjp_M00121	I	503728	505026	+
Campylobacter jejuni subsp. jejuni PT14	cjp	A911_02655	hemC	porphobilinogen deaminase	md:cjp_M00121	I	507102	508025	+
Campylobacter jejuni subsp. jejuni PT14	cjp	A911_04100	NA	glutamylglutaminyl-tRNA ligase	md:cjp_M00121	I	793572	794867	-
Campylobacter jejuni subsp. jejuni PT14	cjp	A911_04140	NA	glutamate-1-semialdehyde aminotransferase	md:cjp_M00121	I	801295	802569	-
Campylobacter jejuni subsp. jejuni PT14	cjp	A911_04785	NA	coproporphyrinogen III oxidase	md:cjp_M00121	I	923979	925334	-
Campylobacter jejuni subsp. jejuni PT14	cjp	A911_04800	NA	delta-aminolevulinic acid dehydratase	md:cjp_M00121	I	926726	927709	-
Campylobacter jejuni subsp. jejuni PT14	cjp	A911_05225	hemD	uroporphyrinogen-III synthase	md:cjp_M00121	I	1012504	1013133	-
Campylobacter jejuni subsp. jejuni PT14	cjp	A911_06035	hemE	uroporphyrinogen decarboxylase	md:cjp_M00121	I	1171311	1172333	+
Campylobacter jejuni subsp. jejuni PT14	cjp	A911_06255	gltX	glutamyl-tRNA ligase	md:cjp_M00121	I	1220180	1221571	-
Campylobacter jejuni subsp. jejuni PT14	cjp	A911_01475	NA	8-amino-7-oxononanoate synthase	md:cjp_M00123	I	278015	279157	-
Campylobacter jejuni subsp. jejuni PT14	cjp	A911_01480	NA	adenosylmethionine--8-amino-7-oxononanoate transaminase	md:cjp_M00123	I	279225	280508	+
Campylobacter jejuni subsp. jejuni PT14	cjp	A911_01485	NA	dethiobiotin synthetase	md:cjp_M00123	I	280495	281100	-
Campylobacter jejuni subsp. jejuni PT14	cjp	A911_08115	NA	biotin synthase	md:cjp_M00123	I	1600981	1601817	-
Campylobacter jejuni subsp. jejuni PT14	cjp	A911_01575	NA	3-phosphoserine/phosphohydroxythreonine aminotransferase	md:cjp_M00124	I	297262	298338	+
Campylobacter jejuni subsp. jejuni PT14	cjp	A911_06010	NA	pyridoxine 5'-phosphate synthase	md:cjp_M00124	I	1166983	1167756	+
Campylobacter jejuni subsp. jejuni PT14	cjp	A911_06015	pdxA	4-hydroxythreonine-4-phosphate dehydrogenase	md:cjp_M00124	I	1167753	1168847	+
Campylobacter jejuni subsp. jejuni PT14	cjp	A911_01860	ribH	6,7-dimethyl-8-ribityllumazine synthase	md:cjp_M00125	I	348938	349402	-
Campylobacter jejuni subsp. jejuni PT14	cjp	A911_02790	NA	bifunctional 3,4-dihydroxy-2-butanone 4-phosphate synthase/GTP cyclohydrolase II protein	md:cjp_M00125	I	533169	534188	+
Campylobacter jejuni subsp. jejuni PT14	cjp	A911_02875	NA	bifunctional riboflavin kinase/FMN adenylyltransferase	md:cjp_M00125	I	548780	549634	+
Campylobacter jejuni subsp. jejuni PT14	cjp	A911_04805	ribA	GTP cyclohydrolase II	md:cjp_M00125	I	927767	928327	+
Campylobacter jejuni subsp. jejuni PT14	cjp	A911_05910	NA	riboflavin synthase subunit alpha	md:cjp_M00125	I	1146260	1146871	-
Campylobacter jejuni subsp. jejuni PT14	cjp	A911_07810	NA	riboflavin-specific deaminase/reductase	md:cjp_M00125	I	1544645	1545625	+
Campylobacter jejuni subsp. jejuni PT14	cjp	A911_00310	NA	2-amino-4-hydroxy-6-hydroxymethyldihydropteridine pyrophosphokinase	md:cjp_M00126	I	79247	79582	-
Campylobacter jejuni subsp. jejuni PT14	cjp	A911_00940	folE	GTP cyclohydrolase I	md:cjp_M00126	I	189401	189973	+
Campylobacter jejuni subsp. jejuni PT14	cjp	A911_01725	NA	putative dihydroneopterin aldolase	md:cjp_M00126	I	324712	325029	-
Campylobacter jejuni subsp. jejuni PT14	cjp	A911_02855	NA	dihydropteroate synthase	md:cjp_M00126	I	543985	545127	+
Campylobacter jejuni subsp. jejuni PT14	cjp	A911_03440	NA	hypothetical protein	md:cjp_M00126	I	664001	664726	+
Campylobacter jejuni subsp. jejuni PT14	cjp	A911_05265	NA	folylpolyglutamate synthase/dihydrofolate synthase	md:cjp_M00126	I	1020145	1021305	-
Campylobacter jejuni subsp. jejuni PT14	cjp	A911_02210	NA	phosphomethylpyrimidine synthase ThiC	md:cjp_M00127	I	418339	419631	+
Campylobacter jejuni subsp. jejuni PT14	cjp	A911_05045	NA	Thiamin-phosphate pyrophosphorylase	md:cjp_M00127	I	977590	978195	-
Campylobacter jejuni subsp. jejuni PT14	cjp	A911_05050	thiH	thiamine biosynthesis protein ThiH	md:cjp_M00127	I	978185	979330	-
Campylobacter jejuni subsp. jejuni PT14	cjp	A911_05055	thiG	thiazole synthase	md:cjp_M00127	I	979333	980109	-
Campylobacter jejuni subsp. jejuni PT14	cjp	A911_05060	NA	thiamine biosynthesis protein ThiF	md:cjp_M00127	I	980112	980912	-
Campylobacter jejuni subsp. jejuni PT14	cjp	A911_05065	NA	thiamine biosynthesis protein ThiS	md:cjp_M00127	I	980912	981103	-
Campylobacter jejuni subsp. jejuni PT14	cjp	A911_05230	NA	thiamine-phosphate pyrophosphorylase	md:cjp_M00127	I	1013111	1013743	-
Campylobacter jejuni subsp. jejuni PT14	cjp	A911_05235	NA	phosphomethylpyrimidine kinase	md:cjp_M00127	I	1013733	1014545	-
Campylobacter jejuni subsp. jejuni PT14	cjp	A911_07025	NA	thiamine monophosphate kinase	md:cjp_M00127	I	1388829	1389650	-
Campylobacter jejuni subsp. jejuni PT14	cjp	A911_07395	NA	UTP-glucose-1-phosphate uridylyltransferase	md:cjp_M00129	I	1460911	1461735	-
Campylobacter jejuni subsp. jejuni PT14	cjp	A911_00615	NA	inositol monophosphatase family protein	md:cjp_M00131	I	129543	130265	-
Campylobacter jejuni subsp. jejuni PT14	cjp	A911_03700	NA	arginine decarboxylase	md:cjp_M00133	I	716412	718244	-
Campylobacter jejuni subsp. jejuni PT14	cjp	A911_01955	NA	serine hydroxymethyltransferase	md:cjp_M00140	I	367018	368262	+
Campylobacter jejuni subsp. jejuni PT14	cjp	A911_04150	NA	bifunctional 5,10-methylene-tetrahydrofolate dehydrogenase/5,10-methylene-tetrahydrofolate cyclohydrolase	md:cjp_M00140	I	802993	803841	+
Campylobacter jejuni subsp. jejuni PT14	cjp	A911_07530	NA	NADH-quinone oxidoreductase, N subunit	md:cjp_M00144	I	1490802	1492190	-
Campylobacter jejuni subsp. jejuni PT14	cjp	A911_07535	NA	NADH-quinone oxidoreductase, M subunit	md:cjp_M00144	I	1492180	1493667	-
Campylobacter jejuni subsp. jejuni PT14	cjp	A911_07540	NA	NADH:ubiquinone oxidoreductase subunit L	md:cjp_M00144	I	1493669	1495459	-
Campylobacter jejuni subsp. jejuni PT14	cjp	A911_07545	NA	NADH-ubiquinone oxidoreductase subunit K	md:cjp_M00144	I	1495461	1495757	-
Campylobacter jejuni subsp. jejuni PT14	cjp	A911_07550	NA	NADH:ubiquinone oxidoreductase subunit J	md:cjp_M00144	I	1495754	1496272	-
Campylobacter jejuni subsp. jejuni PT14	cjp	A911_07555	NA	NADH dehydrogenase subunit I	md:cjp_M00144	I	1496269	1496910	-
Campylobacter jejuni subsp. jejuni PT14	cjp	A911_07560	NA	NADH:ubiquinone oxidoreductase subunit H	md:cjp_M00144	I	1496920	1497918	-
Campylobacter jejuni subsp. jejuni PT14	cjp	A911_07565	NA	NADH dehydrogenase subunit G	md:cjp_M00144	I	1497911	1500373	-
Campylobacter jejuni subsp. jejuni PT14	cjp	A911_07570	NA	hypothetical protein	md:cjp_M00144	I	1500370	1501062	-
Campylobacter jejuni subsp. jejuni PT14	cjp	A911_07575	NA	NADH-ubiquinone oxidoreductase subunit E	md:cjp_M00144	I	1501059	1501286	-
Campylobacter jejuni subsp. jejuni PT14	cjp	A911_07580	NA	NADH dehydrogenase subunit D	md:cjp_M00144	I	1501283	1502509	-
Campylobacter jejuni subsp. jejuni PT14	cjp	A911_07585	NA	NADH dehydrogenase subunit C	md:cjp_M00144	I	1502511	1503302	-
Campylobacter jejuni subsp. jejuni PT14	cjp	A911_07590	NA	NADH dehydrogenase subunit B	md:cjp_M00144	I	1503302	1503805	-
Campylobacter jejuni subsp. jejuni PT14	cjp	A911_07595	NA	NADH dehydrogenase subunit A	md:cjp_M00144	I	1503787	1504176	-
Campylobacter jejuni subsp. jejuni PT14	cjp	A911_02130	NA	succinate dehydrogenase flavoprotein subunit	md:cjp_M00149	I	405096	406931	+
Campylobacter jejuni subsp. jejuni PT14	cjp	A911_02135	NA	succinate dehydrogenase, iron-sulfur protein subunit	md:cjp_M00149	I	406928	407893	+
Campylobacter jejuni subsp. jejuni PT14	cjp	A911_02140	NA	succinate dehydrogenase subunit C	md:cjp_M00149	I	407897	408754	+
Campylobacter jejuni subsp. jejuni PT14	cjp	A911_01985	NA	fumarate reductase cytochrome b-556 subunit	md:cjp_M00150	I	372355	373137	+
Campylobacter jejuni subsp. jejuni PT14	cjp	A911_01990	NA	fumarate reductase flavoprotein subunit	md:cjp_M00150	I	373121	375112	+
Campylobacter jejuni subsp. jejuni PT14	cjp	A911_01995	frdB	fumarate reductase iron-sulfur subunit	md:cjp_M00150	I	375105	375830	+
Campylobacter jejuni subsp. jejuni PT14	cjp	A911_05740	NA	ubiquinol cytochrome c oxidoreductase, cytochrome c1 subunit	md:cjp_M00151	I	1111377	1112501	-
Campylobacter jejuni subsp. jejuni PT14	cjp	A911_05745	NA	putative ubiquinol-cytochrome C reductase cytochrome B subunit	md:cjp_M00151	I	1112498	1113748	-
Campylobacter jejuni subsp. jejuni PT14	cjp	A911_05750	NA	ubiquinol-cytochrome c reductase, iron-sulfur subunit	md:cjp_M00151	I	1113750	1114253	-
Campylobacter jejuni subsp. jejuni PT14	cjp	A911_05740	NA	ubiquinol cytochrome c oxidoreductase, cytochrome c1 subunit	md:cjp_M00152	I	1111377	1112501	-
Campylobacter jejuni subsp. jejuni PT14	cjp	A911_05745	NA	putative ubiquinol-cytochrome C reductase cytochrome B subunit	md:cjp_M00152	I	1112498	1113748	-
Campylobacter jejuni subsp. jejuni PT14	cjp	A911_05750	NA	ubiquinol-cytochrome c reductase, iron-sulfur subunit	md:cjp_M00152	I	1113750	1114253	-
Campylobacter jejuni subsp. jejuni PT14	cjp	A911_00385	NA	cytochrome d ubiquinol oxidase, subunit I	md:cjp_M00153	I	91883	93445	+
Campylobacter jejuni subsp. jejuni PT14	cjp	A911_00390	NA	cytochrome d ubiquinol oxidase, subunit II	md:cjp_M00153	I	93445	94569	+
Campylobacter jejuni subsp. jejuni PT14	cjp	A911_07165	NA	cytochrome c oxidase, cbb3-type, subunit III	md:cjp_M00156	I	1415898	1416761	-
Campylobacter jejuni subsp. jejuni PT14	cjp	A911_07170	NA	cytochrome c oxidase, cbb3-type, subunit IV	md:cjp_M00156	I	1416761	1417024	-
Campylobacter jejuni subsp. jejuni PT14	cjp	A911_07175	NA	cbb3-type cytochrome c oxidase subunit II	md:cjp_M00156	I	1417029	1417694	-
Campylobacter jejuni subsp. jejuni PT14	cjp	A911_07180	NA	cbb3-type cytochrome c oxidase subunit I	md:cjp_M00156	I	1417707	1419173	-
Campylobacter jejuni subsp. jejuni PT14	cjp	A911_00485	NA	F0F1 ATP synthase subunit B'	md:cjp_M00157	I	110468	110893	+
Campylobacter jejuni subsp. jejuni PT14	cjp	A911_00490	NA	F0F1 ATP synthase subunit B	md:cjp_M00157	I	110904	111416	+
Campylobacter jejuni subsp. jejuni PT14	cjp	A911_00495	NA	F0F1 ATP synthase subunit delta	md:cjp_M00157	I	111419	111940	+
Campylobacter jejuni subsp. jejuni PT14	cjp	A911_00500	NA	F0F1 ATP synthase subunit alpha	md:cjp_M00157	I	111954	113459	+
Campylobacter jejuni subsp. jejuni PT14	cjp	A911_00505	NA	F0F1 ATP synthase subunit gamma	md:cjp_M00157	I	113468	114352	+
Campylobacter jejuni subsp. jejuni PT14	cjp	A911_00510	NA	F0F1 ATP synthase subunit beta	md:cjp_M00157	I	114378	115775	+
Campylobacter jejuni subsp. jejuni PT14	cjp	A911_00515	atpC	F0F1 ATP synthase subunit epsilon	md:cjp_M00157	I	115779	116168	+
Campylobacter jejuni subsp. jejuni PT14	cjp	A911_04525	NA	F0F1 ATP synthase subunit C	md:cjp_M00157	I	873381	873719	+
Campylobacter jejuni subsp. jejuni PT14	cjp	A911_05840	NA	F0F1 ATP synthase subunit A	md:cjp_M00157	I	1133748	1134428	-
Campylobacter jejuni subsp. jejuni PT14	cjp	A911_02915	NA	fructose-bisphosphate aldolase	md:cjp_M00165	I	553849	554913	+
Campylobacter jejuni subsp. jejuni PT14	cjp	A911_04075	NA	fructose-1,6-bisphosphatase	md:cjp_M00165	I	789853	790695	-
Campylobacter jejuni subsp. jejuni PT14	cjp	A911_04470	NA	ribose 5-phosphate isomerase B	md:cjp_M00165	I	861152	861589	+
Campylobacter jejuni subsp. jejuni PT14	cjp	A911_06820	pgk	phosphoglycerate kinase	md:cjp_M00165	I	1335605	1336807	-
Campylobacter jejuni subsp. jejuni PT14	cjp	A911_06825	NA	glyceraldehyde 3-phosphate dehydrogenase A	md:cjp_M00165	I	1336810	1337808	-
Campylobacter jejuni subsp. jejuni PT14	cjp	A911_07925	NA	transketolase	md:cjp_M00165	I	1563570	1565468	+
Campylobacter jejuni subsp. jejuni PT14	cjp	A911_06820	pgk	phosphoglycerate kinase	md:cjp_M00166	I	1335605	1336807	-
Campylobacter jejuni subsp. jejuni PT14	cjp	A911_06825	NA	glyceraldehyde 3-phosphate dehydrogenase A	md:cjp_M00166	I	1336810	1337808	-
Campylobacter jejuni subsp. jejuni PT14	cjp	A911_02915	NA	fructose-bisphosphate aldolase	md:cjp_M00167	I	553849	554913	+
Campylobacter jejuni subsp. jejuni PT14	cjp	A911_04075	NA	fructose-1,6-bisphosphatase	md:cjp_M00167	I	789853	790695	-
Campylobacter jejuni subsp. jejuni PT14	cjp	A911_04470	NA	ribose 5-phosphate isomerase B	md:cjp_M00167	I	861152	861589	+
Campylobacter jejuni subsp. jejuni PT14	cjp	A911_07925	NA	transketolase	md:cjp_M00167	I	1563570	1565468	+
Campylobacter jejuni subsp. jejuni PT14	cjp	A911_02590	NA	malate dehydrogenase	md:cjp_M00168	I	496076	496978	+
Campylobacter jejuni subsp. jejuni PT14	cjp	A911_06250	NA	NADP-dependent malic enzyme	md:cjp_M00169	I	1218943	1220178	-
Campylobacter jejuni subsp. jejuni PT14	cjp	A911_04505	NA	phosphoenolpyruvate carboxykinase	md:cjp_M00170	I	867043	868617	-
Campylobacter jejuni subsp. jejuni PT14	cjp	A911_06250	NA	NADP-dependent malic enzyme	md:cjp_M00172	I	1218943	1220178	-
Campylobacter jejuni subsp. jejuni PT14	cjp	A911_01985	NA	fumarate reductase cytochrome b-556 subunit	md:cjp_M00173	I	372355	373137	+
Campylobacter jejuni subsp. jejuni PT14	cjp	A911_01990	NA	fumarate reductase flavoprotein subunit	md:cjp_M00173	I	373121	375112	+
Campylobacter jejuni subsp. jejuni PT14	cjp	A911_01995	frdB	fumarate reductase iron-sulfur subunit	md:cjp_M00173	I	375105	375830	+
Campylobacter jejuni subsp. jejuni PT14	cjp	A911_02130	NA	succinate dehydrogenase flavoprotein subunit	md:cjp_M00173	I	405096	406931	+
Campylobacter jejuni subsp. jejuni PT14	cjp	A911_02135	NA	succinate dehydrogenase, iron-sulfur protein subunit	md:cjp_M00173	I	406928	407893	+
Campylobacter jejuni subsp. jejuni PT14	cjp	A911_02140	NA	succinate dehydrogenase subunit C	md:cjp_M00173	I	407897	408754	+
Campylobacter jejuni subsp. jejuni PT14	cjp	A911_02585	NA	isocitrate dehydrogenase	md:cjp_M00173	I	493875	496079	+
Campylobacter jejuni subsp. jejuni PT14	cjp	A911_02590	NA	malate dehydrogenase	md:cjp_M00173	I	496076	496978	+
Campylobacter jejuni subsp. jejuni PT14	cjp	A911_02595	sucC	succinyl-CoA synthetase subunit beta	md:cjp_M00173	I	496979	498142	+
Campylobacter jejuni subsp. jejuni PT14	cjp	A911_02600	NA	succinyl-CoA synthase, alpha subunit	md:cjp_M00173	I	498152	499021	+
Campylobacter jejuni subsp. jejuni PT14	cjp	A911_02605	oorD	2-oxoglutarate-acceptor oxidoreductase subunit OorD	md:cjp_M00173	I	499036	499347	+
Campylobacter jejuni subsp. jejuni PT14	cjp	A911_02610	oorA	2-oxoglutarate-acceptor oxidoreductase subunit OorA	md:cjp_M00173	I	499356	500480	+
Campylobacter jejuni subsp. jejuni PT14	cjp	A911_02615	oorB	2-oxoglutarate-acceptor oxidoreductase subunit OorB	md:cjp_M00173	I	500481	501326	+
Campylobacter jejuni subsp. jejuni PT14	cjp	A911_02620	oorC	2-oxoglutarate-acceptor oxidoreductase subunit OorC	md:cjp_M00173	I	501323	501880	+
Campylobacter jejuni subsp. jejuni PT14	cjp	A911_04050	NA	bifunctional aconitate hydratase 2/2-methylisocitrate dehydratase	md:cjp_M00173	I	783777	786323	-
Campylobacter jejuni subsp. jejuni PT14	cjp	A911_04510	NA	oxaloacetate decarboxylase, alpha subunit	md:cjp_M00173	I	868630	870429	-
Campylobacter jejuni subsp. jejuni PT14	cjp	A911_05010	NA	acetyl-CoA carboxylase subunit A	md:cjp_M00173	I	970875	972320	-
Campylobacter jejuni subsp. jejuni PT14	cjp	A911_06625	fumC	fumarate hydratase	md:cjp_M00173	I	1295711	1297102	-
Campylobacter jejuni subsp. jejuni PT14	cjp	A911_07110	NA	pyruvate:ferredoxin oxidoreductase	md:cjp_M00173	I	1403071	1406631	-
Campylobacter jejuni subsp. jejuni PT14	cjp	A911_07745	NA	sulfate adenylyltransferase	md:cjp_M00176	I	1531131	1532291	+
Campylobacter jejuni subsp. jejuni PT14	cjp	A911_07110	NA	pyruvate:ferredoxin oxidoreductase	md:cjp_M00307	I	1403071	1406631	-
Campylobacter jejuni subsp. jejuni PT14	cjp	A911_06820	pgk	phosphoglycerate kinase	md:cjp_M00308	I	1335605	1336807	-
Campylobacter jejuni subsp. jejuni PT14	cjp	A911_06825	NA	glyceraldehyde 3-phosphate dehydrogenase A	md:cjp_M00308	I	1336810	1337808	-
Campylobacter jejuni subsp. jejuni PT14	cjp	A911_02915	NA	fructose-bisphosphate aldolase	md:cjp_M00344	I	553849	554913	+
Campylobacter jejuni subsp. jejuni PT14	cjp	A911_04075	NA	fructose-1,6-bisphosphatase	md:cjp_M00344	I	789853	790695	-
Campylobacter jejuni subsp. jejuni PT14	cjp	A911_02915	NA	fructose-bisphosphate aldolase	md:cjp_M00345	I	553849	554913	+
Campylobacter jejuni subsp. jejuni PT14	cjp	A911_01955	NA	serine hydroxymethyltransferase	md:cjp_M00346	I	367018	368262	+
Campylobacter jejuni subsp. jejuni PT14	cjp	A911_02590	NA	malate dehydrogenase	md:cjp_M00346	I	496076	496978	+
Campylobacter jejuni subsp. jejuni PT14	cjp	A911_08055	eno	enolase	md:cjp_M00346	I	1586901	1588145	-
Campylobacter jejuni subsp. jejuni PT14	cjp	A911_03355	NA	acetate kinase A/propionate kinase 2	md:cjp_M00357	I	645028	646218	+
Campylobacter jejuni subsp. jejuni PT14	cjp	A911_07400	NA	acetyl-CoA synthetase	md:cjp_M00357	I	1461817	1463790	-
Campylobacter jejuni subsp. jejuni PT14	cjp	A911_07920	NA	geranyltranstransferase	md:cjp_M00364	I	1562714	1563559	+
Campylobacter jejuni subsp. jejuni PT14	cjp	A911_05305	NA	S-adenosylmethionine synthetase	md:cjp_M00368	I	1029975	1031171	-
Campylobacter jejuni subsp. jejuni PT14	cjp	A911_06320	NA	hypothetical protein	md:cjp_M00373	I	1231216	1231632	+
Campylobacter jejuni subsp. jejuni PT14	cjp	A911_02130	NA	succinate dehydrogenase flavoprotein subunit	md:cjp_M00374	I	405096	406931	+
Campylobacter jejuni subsp. jejuni PT14	cjp	A911_02135	NA	succinate dehydrogenase, iron-sulfur protein subunit	md:cjp_M00374	I	406928	407893	+
Campylobacter jejuni subsp. jejuni PT14	cjp	A911_02140	NA	succinate dehydrogenase subunit C	md:cjp_M00374	I	407897	408754	+
Campylobacter jejuni subsp. jejuni PT14	cjp	A911_02590	NA	malate dehydrogenase	md:cjp_M00374	I	496076	496978	+
Campylobacter jejuni subsp. jejuni PT14	cjp	A911_02595	sucC	succinyl-CoA synthetase subunit beta	md:cjp_M00374	I	496979	498142	+
Campylobacter jejuni subsp. jejuni PT14	cjp	A911_02600	NA	succinyl-CoA synthase, alpha subunit	md:cjp_M00374	I	498152	499021	+
Campylobacter jejuni subsp. jejuni PT14	cjp	A911_06320	NA	hypothetical protein	md:cjp_M00375	I	1231216	1231632	+
Campylobacter jejuni subsp. jejuni PT14	cjp	A911_00610	NA	acetyl-CoA carboxylase subunit beta	md:cjp_M00376	I	128692	129534	-
Campylobacter jejuni subsp. jejuni PT14	cjp	A911_02130	NA	succinate dehydrogenase flavoprotein subunit	md:cjp_M00376	I	405096	406931	+
Campylobacter jejuni subsp. jejuni PT14	cjp	A911_02135	NA	succinate dehydrogenase, iron-sulfur protein subunit	md:cjp_M00376	I	406928	407893	+
Campylobacter jejuni subsp. jejuni PT14	cjp	A911_02140	NA	succinate dehydrogenase subunit C	md:cjp_M00376	I	407897	408754	+
Campylobacter jejuni subsp. jejuni PT14	cjp	A911_02160	NA	acetyl-CoA carboxylase carboxyltransferase subunit alpha	md:cjp_M00376	I	411032	411970	+
Campylobacter jejuni subsp. jejuni PT14	cjp	A911_06265	NA	biotin carboxylase	md:cjp_M00376	I	1222488	1223819	-
Campylobacter jejuni subsp. jejuni PT14	cjp	A911_06270	NA	acetyl-CoA carboxylase, biotin carboxyl carrier protein	md:cjp_M00376	I	1223821	1224276	-
Campylobacter jejuni subsp. jejuni PT14	cjp	A911_06320	NA	hypothetical protein	md:cjp_M00376	I	1231216	1231632	+
Campylobacter jejuni subsp. jejuni PT14	cjp	A911_06625	fumC	fumarate hydratase	md:cjp_M00376	I	1295711	1297102	-
Campylobacter jejuni subsp. jejuni PT14	cjp	A911_04150	NA	bifunctional 5,10-methylene-tetrahydrofolate dehydrogenase/5,10-methylene-tetrahydrofolate cyclohydrolase	md:cjp_M00377	I	802993	803841	+
Campylobacter jejuni subsp. jejuni PT14	cjp	A911_05830	NA	5,10-methylenetetrahydrofolate reductase	md:cjp_M00377	I	1132690	1133538	+
Campylobacter jejuni subsp. jejuni PT14	cjp	A911_02650	NA	hypothetical protein	md:cjp_M00432	I	506716	507105	+
Campylobacter jejuni subsp. jejuni PT14	cjp	A911_08270	leuD	isopropylmalate isomerase small subunit	md:cjp_M00432	I	1621774	1622376	-
Campylobacter jejuni subsp. jejuni PT14	cjp	A911_08275	NA	isopropylmalate isomerase large subunit	md:cjp_M00432	I	1622378	1623784	-
Campylobacter jejuni subsp. jejuni PT14	cjp	A911_08280	NA	3-isopropylmalate dehydrogenase	md:cjp_M00432	I	1623777	1624853	-
Campylobacter jejuni subsp. jejuni PT14	cjp	A911_08285	NA	2-isopropylmalate synthase	md:cjp_M00432	I	1624850	1626385	-
Campylobacter jejuni subsp. jejuni PT14	cjp	A911_00955	NA	dihydrodipicolinate reductase	md:cjp_M00525	I	192700	193428	-
Campylobacter jejuni subsp. jejuni PT14	cjp	A911_01515	NA	diaminopimelate decarboxylase	md:cjp_M00525	I	284082	285290	+
Campylobacter jejuni subsp. jejuni PT14	cjp	A911_02350	NA	dihydrodipicolinate synthase	md:cjp_M00525	I	448462	449370	+
Campylobacter jejuni subsp. jejuni PT14	cjp	A911_02840	NA	aspartate kinase	md:cjp_M00525	I	541639	542841	+
Campylobacter jejuni subsp. jejuni PT14	cjp	A911_03910	NA	dihydrodipicolinate synthase	md:cjp_M00525	I	760341	761237	+
Campylobacter jejuni subsp. jejuni PT14	cjp	A911_04940	NA	aspartate-semialdehyde dehydrogenase	md:cjp_M00525	I	954799	955830	-
Campylobacter jejuni subsp. jejuni PT14	cjp	A911_07095	NA	putative ATP/GTP-binding protein	md:cjp_M00525	I	1400745	1401353	-
Campylobacter jejuni subsp. jejuni PT14	cjp	A911_07370	dapF	diaminopimelate epimerase	md:cjp_M00525	I	1456564	1457313	+
Campylobacter jejuni subsp. jejuni PT14	cjp	A911_00955	NA	dihydrodipicolinate reductase	md:cjp_M00526	I	192700	193428	-
Campylobacter jejuni subsp. jejuni PT14	cjp	A911_01515	NA	diaminopimelate decarboxylase	md:cjp_M00526	I	284082	285290	+
Campylobacter jejuni subsp. jejuni PT14	cjp	A911_02350	NA	dihydrodipicolinate synthase	md:cjp_M00526	I	448462	449370	+
Campylobacter jejuni subsp. jejuni PT14	cjp	A911_02840	NA	aspartate kinase	md:cjp_M00526	I	541639	542841	+
Campylobacter jejuni subsp. jejuni PT14	cjp	A911_03910	NA	dihydrodipicolinate synthase	md:cjp_M00526	I	760341	761237	+
Campylobacter jejuni subsp. jejuni PT14	cjp	A911_04940	NA	aspartate-semialdehyde dehydrogenase	md:cjp_M00526	I	954799	955830	-
Campylobacter jejuni subsp. jejuni PT14	cjp	A911_07095	NA	putative ATP/GTP-binding protein	md:cjp_M00526	I	1400745	1401353	-
Campylobacter jejuni subsp. jejuni PT14	cjp	A911_00955	NA	dihydrodipicolinate reductase	md:cjp_M00527	I	192700	193428	-
Campylobacter jejuni subsp. jejuni PT14	cjp	A911_01515	NA	diaminopimelate decarboxylase	md:cjp_M00527	I	284082	285290	+
Campylobacter jejuni subsp. jejuni PT14	cjp	A911_02350	NA	dihydrodipicolinate synthase	md:cjp_M00527	I	448462	449370	+
Campylobacter jejuni subsp. jejuni PT14	cjp	A911_02840	NA	aspartate kinase	md:cjp_M00527	I	541639	542841	+
Campylobacter jejuni subsp. jejuni PT14	cjp	A911_03910	NA	dihydrodipicolinate synthase	md:cjp_M00527	I	760341	761237	+
Campylobacter jejuni subsp. jejuni PT14	cjp	A911_04940	NA	aspartate-semialdehyde dehydrogenase	md:cjp_M00527	I	954799	955830	-
Campylobacter jejuni subsp. jejuni PT14	cjp	A911_07095	NA	putative ATP/GTP-binding protein	md:cjp_M00527	I	1400745	1401353	-
Campylobacter jejuni subsp. jejuni PT14	cjp	A911_07370	dapF	diaminopimelate epimerase	md:cjp_M00527	I	1456564	1457313	+
Campylobacter jejuni subsp. jejuni PT14	cjp	A911_03780	NA	nitrate reductase catalytic subunit	md:cjp_M00529	I	733816	736587	+
Campylobacter jejuni subsp. jejuni PT14	cjp	A911_03795	NA	periplasmic nitrate reductase small subunit (cytochrome C-type protein)	md:cjp_M00529	I	738124	738645	+
Campylobacter jejuni subsp. jejuni PT14	cjp	A911_03780	NA	nitrate reductase catalytic subunit	md:cjp_M00530	I	733816	736587	+
Campylobacter jejuni subsp. jejuni PT14	cjp	A911_03795	NA	periplasmic nitrate reductase small subunit (cytochrome C-type protein)	md:cjp_M00530	I	738124	738645	+
Campylobacter jejuni subsp. jejuni PT14	cjp	A911_06595	NA	Cytochrome c552	md:cjp_M00530	I	1288047	1289879	-
Campylobacter jejuni subsp. jejuni PT14	cjp	A911_06600	NA	putative periplasmic cytochrome C	md:cjp_M00530	I	1289894	1290385	-
Campylobacter jejuni subsp. jejuni PT14	cjp	A911_01955	NA	serine hydroxymethyltransferase	md:cjp_M00532	I	367018	368262	+
Campylobacter jejuni subsp. jejuni PT14	cjp	A911_06730	NA	catalase	md:cjp_M00532	I	1321992	1323416	+
Campylobacter jejuni subsp. jejuni PT14	cjp	A911_08270	leuD	isopropylmalate isomerase small subunit	md:cjp_M00535	I	1621774	1622376	-
Campylobacter jejuni subsp. jejuni PT14	cjp	A911_08275	NA	isopropylmalate isomerase large subunit	md:cjp_M00535	I	1622378	1623784	-
Campylobacter jejuni subsp. jejuni PT14	cjp	A911_08280	NA	3-isopropylmalate dehydrogenase	md:cjp_M00535	I	1623777	1624853	-
Campylobacter jejuni subsp. jejuni PT14	cjp	A911_03490	NA	transthyretin-like periplasmic protein	md:cjp_M00546	I	671014	671427	+
Campylobacter jejuni subsp. jejuni PT14	cjp	A911_06845	NA	phosphomannomutase	md:cjp_M00549	I	1339223	1340593	-
Campylobacter jejuni subsp. jejuni PT14	cjp	A911_07395	NA	UTP-glucose-1-phosphate uridylyltransferase	md:cjp_M00549	I	1460911	1461735	-
Campylobacter jejuni subsp. jejuni PT14	cjp	A911_06820	pgk	phosphoglycerate kinase	md:cjp_M00552	I	1335605	1336807	-
Campylobacter jejuni subsp. jejuni PT14	cjp	A911_06825	NA	glyceraldehyde 3-phosphate dehydrogenase A	md:cjp_M00552	I	1336810	1337808	-
Campylobacter jejuni subsp. jejuni PT14	cjp	A911_01305	NA	4-oxalocrotonate tautomerase	md:cjp_M00569	I	248546	248752	+
Campylobacter jejuni subsp. jejuni PT14	cjp	A911_00060	NA	dihydroxy-acid dehydratase	md:cjp_M00570	I	15806	17482	+
Campylobacter jejuni subsp. jejuni PT14	cjp	A911_01300	NA	branched-chain amino acid aminotransferase	md:cjp_M00570	I	247455	248369	-
Campylobacter jejuni subsp. jejuni PT14	cjp	A911_02800	NA	acetolactate synthase 3 catalytic subunit	md:cjp_M00570	I	534661	536361	+
Campylobacter jejuni subsp. jejuni PT14	cjp	A911_02805	ilvH	acetolactate synthase 3 regulatory subunit	md:cjp_M00570	I	536358	536822	+
Campylobacter jejuni subsp. jejuni PT14	cjp	A911_03085	NA	ketol-acid reductoisomerase	md:cjp_M00570	I	594338	595360	+
Campylobacter jejuni subsp. jejuni PT14	cjp	A911_04015	NA	threonine dehydratase	md:cjp_M00570	I	776797	778008	-
Campylobacter jejuni subsp. jejuni PT14	cjp	A911_01320	fabZ	(3R)-hydroxymyristoyl-ACP dehydratase	md:cjp_M00572	I	250389	250829	+
Campylobacter jejuni subsp. jejuni PT14	cjp	A911_01465	NA	biotin biosynthesis protein BioC	md:cjp_M00572	I	276724	277410	-
Campylobacter jejuni subsp. jejuni PT14	cjp	A911_01470	NA	hypothetical protein	md:cjp_M00572	I	277407	278018	-
Campylobacter jejuni subsp. jejuni PT14	cjp	A911_02120	fabG	3-ketoacyl-(acyl-carrier-protein) reductase	md:cjp_M00572	I	403598	404341	+
Campylobacter jejuni subsp. jejuni PT14	cjp	A911_02155	NA	3-oxoacyl-(acyl carrier protein) synthase II	md:cjp_M00572	I	409816	411030	+
Campylobacter jejuni subsp. jejuni PT14	cjp	A911_06810	NA	enoyl-(acyl carrier protein) reductase	md:cjp_M00572	I	1334109	1334933	-
Campylobacter jejuni subsp. jejuni PT14	cjp	A911_01475	NA	8-amino-7-oxononanoate synthase	md:cjp_M00573	I	278015	279157	-
Campylobacter jejuni subsp. jejuni PT14	cjp	A911_01485	NA	dethiobiotin synthetase	md:cjp_M00573	I	280495	281100	-
Campylobacter jejuni subsp. jejuni PT14	cjp	A911_08115	NA	biotin synthase	md:cjp_M00573	I	1600981	1601817	-
Campylobacter jejuni subsp. jejuni PT14	cjp	A911_04980	NA	hypothetical protein	md:cjp_M00575	I	964040	965314	+
Campylobacter jejuni subsp. jejuni PT14	cjp	A911_01475	NA	8-amino-7-oxononanoate synthase	md:cjp_M00577	I	278015	279157	-
Campylobacter jejuni subsp. jejuni PT14	cjp	A911_01480	NA	adenosylmethionine--8-amino-7-oxononanoate transaminase	md:cjp_M00577	I	279225	280508	+
Campylobacter jejuni subsp. jejuni PT14	cjp	A911_01485	NA	dethiobiotin synthetase	md:cjp_M00577	I	280495	281100	-
Campylobacter jejuni subsp. jejuni PT14	cjp	A911_08115	NA	biotin synthase	md:cjp_M00577	I	1600981	1601817	-
Campylobacter jejuni subsp. jejuni PT14	cjp	A911_03350	NA	phosphate acetyltransferase	md:cjp_M00579	I	643512	645014	+
Campylobacter jejuni subsp. jejuni PT14	cjp	A911_03355	NA	acetate kinase A/propionate kinase 2	md:cjp_M00579	I	645028	646218	+
Campylobacter jejuni subsp. jejuni PT14	cjp	A911_07745	NA	sulfate adenylyltransferase	md:cjp_M00596	I	1531131	1532291	+
Campylobacter jejuni subsp. jejuni PT14	cjp	A911_05305	NA	S-adenosylmethionine synthetase	md:cjp_M00609	I	1029975	1031171	-
Campylobacter jejuni subsp. jejuni PT14	cjp	A911_05810	NA	S-ribosylhomocysteinase	md:cjp_M00609	I	1127825	1128319	+
Campylobacter jejuni subsp. jejuni PT14	cjp	A911_02590	NA	malate dehydrogenase	md:cjp_M00620	I	496076	496978	+
Campylobacter jejuni subsp. jejuni PT14	cjp	A911_02595	sucC	succinyl-CoA synthetase subunit beta	md:cjp_M00620	I	496979	498142	+
Campylobacter jejuni subsp. jejuni PT14	cjp	A911_02600	NA	succinyl-CoA synthase, alpha subunit	md:cjp_M00620	I	498152	499021	+
Campylobacter jejuni subsp. jejuni PT14	cjp	A911_02605	oorD	2-oxoglutarate-acceptor oxidoreductase subunit OorD	md:cjp_M00620	I	499036	499347	+
Campylobacter jejuni subsp. jejuni PT14	cjp	A911_02610	oorA	2-oxoglutarate-acceptor oxidoreductase subunit OorA	md:cjp_M00620	I	499356	500480	+
Campylobacter jejuni subsp. jejuni PT14	cjp	A911_02615	oorB	2-oxoglutarate-acceptor oxidoreductase subunit OorB	md:cjp_M00620	I	500481	501326	+
Campylobacter jejuni subsp. jejuni PT14	cjp	A911_02620	oorC	2-oxoglutarate-acceptor oxidoreductase subunit OorC	md:cjp_M00620	I	501323	501880	+
Campylobacter jejuni subsp. jejuni PT14	cjp	A911_04510	NA	oxaloacetate decarboxylase, alpha subunit	md:cjp_M00620	I	868630	870429	-
Campylobacter jejuni subsp. jejuni PT14	cjp	A911_05010	NA	acetyl-CoA carboxylase subunit A	md:cjp_M00620	I	970875	972320	-
Campylobacter jejuni subsp. jejuni PT14	cjp	A911_02355	NA	putative altronate hydrolase N-terminus	md:cjp_M00631	I	449367	449630	+
Campylobacter jejuni subsp. jejuni PT14	cjp	A911_02360	NA	altronate hydrolase	md:cjp_M00631	I	449633	450799	+
Campylobacter jejuni subsp. jejuni PT14	cjp	A911_05480	NA	UDP-glucose 4-epimerase	md:cjp_M00632	I	1065254	1066240	-
Campylobacter jejuni subsp. jejuni PT14	cjp	A911_01770	NA	RND efflux system, outer membrane lipoprotein CmeC	md:cjp_M00642	I	330924	332402	-
Campylobacter jejuni subsp. jejuni PT14	cjp	A911_01770	NA	RND efflux system, outer membrane lipoprotein CmeC	md:cjp_M00643	I	330924	332402	-
Campylobacter jejuni subsp. jejuni PT14	cjp	A911_04980	NA	hypothetical protein	md:cjp_M00696	I	964040	965314	+
Campylobacter jejuni subsp. jejuni PT14	cjp	A911_04980	NA	hypothetical protein	md:cjp_M00697	I	964040	965314	+
Campylobacter jejuni subsp. jejuni PT14	cjp	A911_01770	NA	RND efflux system, outer membrane lipoprotein CmeC	md:cjp_M00718	I	330924	332402	-
Campylobacter jejuni subsp. jejuni PT14	cjp	A911_01775	NA	RND efflux system, inner membrane transporter CmeB	md:cjp_M00718	I	332395	335517	-
Campylobacter jejuni subsp. jejuni PT14	cjp	A911_01780	NA	RND efflux system, membrane fusion protein CmeA	md:cjp_M00718	I	335517	336620	-
Campylobacter jejuni subsp. jejuni PT14	cjp	A911_06350	NA	amino acid activating enzyme	md:cjp_M00725	I	1236994	1238502	+
Campylobacter jejuni subsp. jejuni PT14	cjp	A911_02585	NA	isocitrate dehydrogenase	md:cjp_M00740	I	493875	496079	+
Campylobacter jejuni subsp. jejuni PT14	cjp	A911_02590	NA	malate dehydrogenase	md:cjp_M00740	I	496076	496978	+
Campylobacter jejuni subsp. jejuni PT14	cjp	A911_08105	NA	citrate synthase	md:cjp_M00740	I	1598442	1599710	-
Campylobacter jejuni subsp. jejuni PT14	cjp	A911_06320	NA	hypothetical protein	md:cjp_M00741	I	1231216	1231632	+
Campylobacter jejuni subsp. jejuni PT14	cjp	A911_01725	NA	putative dihydroneopterin aldolase	md:cjp_M00840	I	324712	325029	-
Campylobacter jejuni subsp. jejuni PT14	cjp	A911_02790	NA	bifunctional 3,4-dihydroxy-2-butanone 4-phosphate synthase/GTP cyclohydrolase II protein	md:cjp_M00840	I	533169	534188	+
Campylobacter jejuni subsp. jejuni PT14	cjp	A911_00940	folE	GTP cyclohydrolase I	md:cjp_M00841	I	189401	189973	+
Campylobacter jejuni subsp. jejuni PT14	cjp	A911_05265	NA	folylpolyglutamate synthase/dihydrofolate synthase	md:cjp_M00841	I	1020145	1021305	-
Campylobacter jejuni subsp. jejuni PT14	cjp	A911_00770	NA	6-pyruvoyl tetrahydrobiopterin synthase	md:cjp_M00842	I	159700	160281	-
Campylobacter jejuni subsp. jejuni PT14	cjp	A911_00940	folE	GTP cyclohydrolase I	md:cjp_M00842	I	189401	189973	+
Campylobacter jejuni subsp. jejuni PT14	cjp	A911_00770	NA	6-pyruvoyl tetrahydrobiopterin synthase	md:cjp_M00843	I	159700	160281	-
Campylobacter jejuni subsp. jejuni PT14	cjp	A911_00940	folE	GTP cyclohydrolase I	md:cjp_M00843	I	189401	189973	+
Campylobacter jejuni subsp. jejuni PT14	cjp	A911_03240	NA	argininosuccinate synthase	md:cjp_M00844	I	623014	624234	-
Campylobacter jejuni subsp. jejuni PT14	cjp	A911_04500	NA	argininosuccinate lyase	md:cjp_M00844	I	865651	867033	-
Campylobacter jejuni subsp. jejuni PT14	cjp	A911_04795	NA	ornithine carbamoyltransferase	md:cjp_M00844	I	925809	926729	-
Campylobacter jejuni subsp. jejuni PT14	cjp	A911_01080	argC	N-acetyl-gamma-glutamyl-phosphate reductase	md:cjp_M00845	I	209084	210112	+
Campylobacter jejuni subsp. jejuni PT14	cjp	A911_01095	NA	acetylornithine/succinyldiaminopimelate aminotransferase	md:cjp_M00845	I	211427	212608	+
Campylobacter jejuni subsp. jejuni PT14	cjp	A911_03240	NA	argininosuccinate synthase	md:cjp_M00845	I	623014	624234	-
Campylobacter jejuni subsp. jejuni PT14	cjp	A911_04500	NA	argininosuccinate lyase	md:cjp_M00845	I	865651	867033	-
Campylobacter jejuni subsp. jejuni PT14	cjp	A911_02640	hemA	glutamyl-tRNA reductase	md:cjp_M00846	I	503728	505026	+
Campylobacter jejuni subsp. jejuni PT14	cjp	A911_02655	hemC	porphobilinogen deaminase	md:cjp_M00846	I	507102	508025	+
Campylobacter jejuni subsp. jejuni PT14	cjp	A911_04140	NA	glutamate-1-semialdehyde aminotransferase	md:cjp_M00846	I	801295	802569	-
Campylobacter jejuni subsp. jejuni PT14	cjp	A911_04800	NA	delta-aminolevulinic acid dehydratase	md:cjp_M00846	I	926726	927709	-
Campylobacter jejuni subsp. jejuni PT14	cjp	A911_05225	hemD	uroporphyrinogen-III synthase	md:cjp_M00846	I	1012504	1013133	-
Campylobacter jejuni subsp. jejuni PT14	cjp	A911_03720	NA	3-octaprenyl-4-hydroxybenzoate carboxy-lyase	md:cjp_M00849	I	720552	721115	-
Campylobacter jejuni subsp. jejuni PT14	cjp	A911_07395	NA	UTP-glucose-1-phosphate uridylyltransferase	md:cjp_M00854	I	1460911	1461735	-
Campylobacter jejuni subsp. jejuni PT14	cjp	A911_06845	NA	phosphomannomutase	md:cjp_M00855	I	1339223	1340593	-
Campylobacter jejuni subsp. jejuni PT14	cjp	A911_00370	NA	cytolethal distending toxin subunit CdtB	md:cjp_M00856	I	89936	90733	-
Campylobacter jejuni subsp. jejuni PT14	cjp	A911_00635	lpxC	UDP-3-O-[3-hydroxymyristoyl] N-acetylglucosamine deacetylase	md:cjp_M00866	I	134841	135725	+
Campylobacter jejuni subsp. jejuni PT14	cjp	A911_01325	NA	UDP-N-acetylglucosamine acyltransferase	md:cjp_M00866	I	250829	251620	+
Campylobacter jejuni subsp. jejuni PT14	cjp	A911_01380	NA	hypothetical protein	md:cjp_M00866	I	263965	264582	-
Campylobacter jejuni subsp. jejuni PT14	cjp	A911_01390	NA	ipid-A-disaccharide synthase	md:cjp_M00866	I	265230	266324	-
Campylobacter jejuni subsp. jejuni PT14	cjp	A911_02810	lpxD	UDP-3-O-[3-hydroxymyristoyl] glucosamine N-acyltransferase	md:cjp_M00866	I	536819	537784	+
Campylobacter jejuni subsp. jejuni PT14	cjp	A911_03450	NA	3-deoxy-D-manno-octulosonic-acid transferase	md:cjp_M00866	I	665449	666606	+
Campylobacter jejuni subsp. jejuni PT14	cjp	A911_03935	lpxK	tetraacyldisaccharide 4'-kinase	md:cjp_M00866	I	763788	764714	+
Campylobacter jejuni subsp. jejuni PT14	cjp	A911_05495	NA	lipid A biosynthesis lauroyl acyltransferase	md:cjp_M00866	I	1068176	1069063	+
Campylobacter jejuni subsp. jejuni PT14	cjp	A911_01235	NA	sulfatase family protein	md:cjp_M00867	I	234408	235946	+
Campylobacter jejuni subsp. jejuni PT14	cjp	A911_02455	hemH	ferrochelatase	md:cjp_M00868	I	466450	467361	-
Campylobacter jejuni subsp. jejuni PT14	cjp	A911_02655	hemC	porphobilinogen deaminase	md:cjp_M00868	I	507102	508025	+
Campylobacter jejuni subsp. jejuni PT14	cjp	A911_04800	NA	delta-aminolevulinic acid dehydratase	md:cjp_M00868	I	926726	927709	-
Campylobacter jejuni subsp. jejuni PT14	cjp	A911_05225	hemD	uroporphyrinogen-III synthase	md:cjp_M00868	I	1012504	1013133	-
Campylobacter jejuni subsp. jejuni PT14	cjp	A911_06035	hemE	uroporphyrinogen decarboxylase	md:cjp_M00868	I	1171311	1172333	+
Campylobacter jejuni subsp. jejuni PT14	cjp	A911_00555	NA	malonyl CoA-acyl carrier protein transacylase	md:cjp_M00873	I	121229	122149	+
Campylobacter jejuni subsp. jejuni PT14	cjp	A911_02155	NA	3-oxoacyl-(acyl carrier protein) synthase II	md:cjp_M00873	I	409816	411030	+
Campylobacter jejuni subsp. jejuni PT14	cjp	A911_00555	NA	malonyl CoA-acyl carrier protein transacylase	md:cjp_M00874	I	121229	122149	+
Campylobacter jejuni subsp. jejuni PT14	cjp	A911_02120	fabG	3-ketoacyl-(acyl-carrier-protein) reductase	md:cjp_M00874	I	403598	404341	+
Campylobacter jejuni subsp. jejuni PT14	cjp	A911_02155	NA	3-oxoacyl-(acyl carrier protein) synthase II	md:cjp_M00874	I	409816	411030	+
Campylobacter jejuni subsp. jejuni PT14	cjp	A911_00780	moaA	molybdenum cofactor biosynthesis protein A	md:cjp_M00880	I	161024	161986	-
Campylobacter jejuni subsp. jejuni PT14	cjp	A911_01215	moaC	molybdenum cofactor biosynthesis protein MoaC	md:cjp_M00880	I	231649	232122	+
Campylobacter jejuni subsp. jejuni PT14	cjp	A911_03540	mogA	molybdenum cofactor biosynthesis protein MogA	md:cjp_M00880	I	681425	681967	-
Campylobacter jejuni subsp. jejuni PT14	cjp	A911_04160	NA	molybdopterin biosynthesis MoeA protein	md:cjp_M00880	I	804721	805881	-
Campylobacter jejuni subsp. jejuni PT14	cjp	A911_07315	NA	molybdopterin converting factor, subunit 2	md:cjp_M00880	I	1446817	1447263	+
Campylobacter jejuni subsp. jejuni PT14	cjp	A911_07320	NA	molybdopterin biosynthesis protein	md:cjp_M00880	I	1447267	1448457	+
Campylobacter jejuni subsp. jejuni PT14	cjp	A911_02210	NA	phosphomethylpyrimidine synthase ThiC	md:cjp_M00895	I	418339	419631	+
Campylobacter jejuni subsp. jejuni PT14	cjp	A911_05045	NA	Thiamin-phosphate pyrophosphorylase	md:cjp_M00895	I	977590	978195	-
Campylobacter jejuni subsp. jejuni PT14	cjp	A911_05055	thiG	thiazole synthase	md:cjp_M00895	I	979333	980109	-
Campylobacter jejuni subsp. jejuni PT14	cjp	A911_05060	NA	thiamine biosynthesis protein ThiF	md:cjp_M00895	I	980112	980912	-
Campylobacter jejuni subsp. jejuni PT14	cjp	A911_05065	NA	thiamine biosynthesis protein ThiS	md:cjp_M00895	I	980912	981103	-
Campylobacter jejuni subsp. jejuni PT14	cjp	A911_05230	NA	thiamine-phosphate pyrophosphorylase	md:cjp_M00895	I	1013111	1013743	-
Campylobacter jejuni subsp. jejuni PT14	cjp	A911_05235	NA	phosphomethylpyrimidine kinase	md:cjp_M00895	I	1013733	1014545	-
Campylobacter jejuni subsp. jejuni PT14	cjp	A911_07025	NA	thiamine monophosphate kinase	md:cjp_M00895	I	1388829	1389650	-
Campylobacter jejuni subsp. jejuni PT14	cjp	A911_02210	NA	phosphomethylpyrimidine synthase ThiC	md:cjp_M00896	I	418339	419631	+
Campylobacter jejuni subsp. jejuni PT14	cjp	A911_05045	NA	Thiamin-phosphate pyrophosphorylase	md:cjp_M00896	I	977590	978195	-
Campylobacter jejuni subsp. jejuni PT14	cjp	A911_05230	NA	thiamine-phosphate pyrophosphorylase	md:cjp_M00896	I	1013111	1013743	-
Campylobacter jejuni subsp. jejuni PT14	cjp	A911_05235	NA	phosphomethylpyrimidine kinase	md:cjp_M00896	I	1013733	1014545	-
Campylobacter jejuni subsp. jejuni PT14	cjp	A911_07025	NA	thiamine monophosphate kinase	md:cjp_M00896	I	1388829	1389650	-
Campylobacter jejuni subsp. jejuni PT14	cjp	A911_02210	NA	phosphomethylpyrimidine synthase ThiC	md:cjp_M00897	I	418339	419631	+
Campylobacter jejuni subsp. jejuni PT14	cjp	A911_05045	NA	Thiamin-phosphate pyrophosphorylase	md:cjp_M00899	I	977590	978195	-
Campylobacter jejuni subsp. jejuni PT14	cjp	A911_05230	NA	thiamine-phosphate pyrophosphorylase	md:cjp_M00899	I	1013111	1013743	-
Campylobacter jejuni subsp. jejuni PT14	cjp	A911_05235	NA	phosphomethylpyrimidine kinase	md:cjp_M00899	I	1013733	1014545	-
Campylobacter jejuni subsp. jejuni PT14	cjp	A911_01745	glmM	phosphoglucosamine mutase	md:cjp_M00909	I	326942	328279	+
Campylobacter jejuni subsp. jejuni PT14	cjp	A911_03980	glmU	bifunctional N-acetylglucosamine-1-phosphate uridyltransferase/glucosamine-1-phosphate acetyltransferase	md:cjp_M00909	I	770554	771843	+
Campylobacter jejuni subsp. jejuni PT14	cjp	A911_06635	NA	glucosamine--fructose-6-phosphate aminotransferase	md:cjp_M00909	I	1300286	1302082	-
Campylobacter jejuni subsp. jejuni PT14	cjp	A911_07390	NA	glucose-6-phosphate isomerase	md:cjp_M00909	I	1459697	1460917	-
Campylobacter jejuni subsp. jejuni PT14	cjp	A911_01860	ribH	6,7-dimethyl-8-ribityllumazine synthase	md:cjp_M00911	I	348938	349402	-
Campylobacter jejuni subsp. jejuni PT14	cjp	A911_04805	ribA	GTP cyclohydrolase II	md:cjp_M00911	I	927767	928327	+
Campylobacter jejuni subsp. jejuni PT14	cjp	A911_05910	NA	riboflavin synthase subunit alpha	md:cjp_M00911	I	1146260	1146871	-
Campylobacter jejuni subsp. jejuni PT14	cjp	A911_03930	NA	NAD synthetase	md:cjp_M00912	I	763044	763784	+
Campylobacter jejuni subsp. jejuni PT14	cjp	A911_06830	NA	nicotinate (nicotinamide) nucleotide adenylyltransferase	md:cjp_M00912	I	1337868	1338413	+
Campylobacter jejuni subsp. jejuni PT14	cjp	A911_01430	panC	pantoate--beta-alanine ligase	md:cjp_M00913	I	271217	272065	-
Campylobacter jejuni subsp. jejuni PT14	cjp	A911_01435	panB	3-methyl-2-oxobutanoate hydroxymethyltransferase	md:cjp_M00913	I	272076	272900	-
Campylobacter jejuni subsp. jejuni PT14	cjp	A911_01435	panB	3-methyl-2-oxobutanoate hydroxymethyltransferase	md:cjp_M00914	I	272076	272900	-
Campylobacter jejuni subsp. jejuni PT14	cjp	A911_03985	NA	bifunctional phosphopantothenoylcysteine decarboxylase/phosphopantothenate synthase	md:cjp_M00914	I	771840	772994	+
Campylobacter jejuni subsp. jejuni PT14	cjp	A911_05530	NA	sialic acid synthase	md:cjp_M00922	I	1075812	1076843	+
Campylobacter jejuni subsp. jejuni PT14	cjp	A911_05540	NA	bifunctional beta-1,4-N-acetylgalactosaminyltransferase/CMP-Neu5Ac synthase	md:cjp_M00922	I	1077952	1079562	+
Campylobacter jejuni subsp. jejuni PT14	cjp	A911_06280	NA	UDP-GlcNAc-specific C4,6 dehydratase/C5 epimerase	md:cjp_M00923	I	1225036	1226040	+
Campylobacter jejuni subsp. jejuni PT14	cjp	A911_02455	hemH	ferrochelatase	md:cjp_M00926	I	466450	467361	-
Campylobacter jejuni subsp. jejuni PT14	cjp	A911_02640	hemA	glutamyl-tRNA reductase	md:cjp_M00926	I	503728	505026	+
Campylobacter jejuni subsp. jejuni PT14	cjp	A911_02655	hemC	porphobilinogen deaminase	md:cjp_M00926	I	507102	508025	+
Campylobacter jejuni subsp. jejuni PT14	cjp	A911_04140	NA	glutamate-1-semialdehyde aminotransferase	md:cjp_M00926	I	801295	802569	-
Campylobacter jejuni subsp. jejuni PT14	cjp	A911_04800	NA	delta-aminolevulinic acid dehydratase	md:cjp_M00926	I	926726	927709	-
Campylobacter jejuni subsp. jejuni PT14	cjp	A911_05225	hemD	uroporphyrinogen-III synthase	md:cjp_M00926	I	1012504	1013133	-
Campylobacter jejuni subsp. jejuni PT14	cjp	A911_06035	hemE	uroporphyrinogen decarboxylase	md:cjp_M00926	I	1171311	1172333	+
Campylobacter jejuni subsp. jejuni PT14	cjp	A911_00320	NA	chlorohydrolase	md:cjp_M00930	I	80293	81522	+
Campylobacter jejuni subsp. jejuni PT14	cjp	A911_02255	NA	hypothetical protein	md:cjp_M00930	I	426262	427308	+
Campylobacter jejuni subsp. jejuni PT14	cjp	A911_06240	NA	hypothetical protein	md:cjp_M00930	I	1217643	1218314	-
Campylobacter jejuni subsp. jejuni PT14	cjp	A911_06645	NA	hypothetical protein	md:cjp_M00930	I	1304578	1305642	+
Campylobacter jejuni subsp. jejuni PT14	cjp	A911_08065	NA	hypothetical protein	md:cjp_M00930	I	1589282	1590142	+
Campylobacter jejuni subsp. jejuni PT14	cjp	A911_00560	NA	5'-methylthioadenosine/S-adenosylhomocysteine nucleosidase	md:cjp_M00931	I	122149	122835	+
Campylobacter jejuni subsp. jejuni PT14	cjp	A911_02255	NA	hypothetical protein	md:cjp_M00931	I	426262	427308	+
Campylobacter jejuni subsp. jejuni PT14	cjp	A911_06240	NA	hypothetical protein	md:cjp_M00931	I	1217643	1218314	-
Campylobacter jejuni subsp. jejuni PT14	cjp	A911_06645	NA	hypothetical protein	md:cjp_M00931	I	1304578	1305642	+
Campylobacter jejuni subsp. jejuni PT14	cjp	A911_08065	NA	hypothetical protein	md:cjp_M00931	I	1589282	1590142	+
Campylobacter jejuni subsp. jejuni PT14	cjp	A911_00115	NA	ribonucleotide-diphosphate reductase subunit alpha	md:cjp_M00938	I	27979	30348	+
Campylobacter jejuni subsp. jejuni PT14	cjp	A911_00125	thyX	FAD-dependent thymidylate synthase	md:cjp_M00938	I	31892	32515	-
Campylobacter jejuni subsp. jejuni PT14	cjp	A911_01115	nrdF	ribonucleotide-diphosphate reductase subunit beta	md:cjp_M00938	I	215223	216245	-
Campylobacter jejuni subsp. jejuni PT14	cjp	A911_01605	ndk	multifunctional nucleoside diphosphate kinase/apyrimidinic endonuclease/3'-phosphodiesterase	md:cjp_M00938	I	301165	301578	-
Campylobacter jejuni subsp. jejuni PT14	cjp	A911_03710	tmk	thymidylate kinase	md:cjp_M00938	I	719467	720045	-
Campylobacter jejuni subsp. jejuni PT14	cjp	A911_04040	NA	putative oxidoreductase	md:cjp_M00939	I	781743	782492	-
Campylobacter jejuni subsp. jejuni PT14	cjp	A911_01475	NA	8-amino-7-oxononanoate synthase	md:cjp_M00950	I	278015	279157	-
Campylobacter jejuni subsp. jejuni PT14	cjp	A911_01485	NA	dethiobiotin synthetase	md:cjp_M00950	I	280495	281100	-
Campylobacter jejuni subsp. jejuni PT14	cjp	A911_08115	NA	biotin synthase	md:cjp_M00950	I	1600981	1601817	-
