Chlamydia psittaci 84/55	cpsb	B595_0078	pgk	phosphoglycerate kinase	md:cpsb_M00001	I	76122	77324	+
Chlamydia psittaci 84/55	cpsb	B595_0134	gap	glyceraldehyde-3-phosphate dehydrogenase, type I	md:cpsb_M00001	I	120765	121772	+
Chlamydia psittaci 84/55	cpsb	B595_0360	tpiA	triose-phosphate isomerase	md:cpsb_M00001	I	361094	361858	+
Chlamydia psittaci 84/55	cpsb	B595_0579	NA	fructose bisphosphate aldolase	md:cpsb_M00001	I	567686	568735	-
Chlamydia psittaci 84/55	cpsb	B595_0701	NA	diphosphate--fructose-6-phosphate 1-phosphotransferase	md:cpsb_M00001	I	683770	685428	+
Chlamydia psittaci 84/55	cpsb	B595_0779	pyk	pyruvate kinase	md:cpsb_M00001	I	770837	771868	-
Chlamydia psittaci 84/55	cpsb	B595_0843	NA	phosphoglucose isomerase family protein	md:cpsb_M00001	I	841740	843332	-
Chlamydia psittaci 84/55	cpsb	B595_1035	gpm1	phosphoglycerate mutase	md:cpsb_M00001	I	1043644	1044312	+
Chlamydia psittaci 84/55	cpsb	B595_1104	eno	phosphopyruvate hydratase	md:cpsb_M00001	I	1115764	1117038	+
Chlamydia psittaci 84/55	cpsb	B595_0078	pgk	phosphoglycerate kinase	md:cpsb_M00002	I	76122	77324	+
Chlamydia psittaci 84/55	cpsb	B595_0134	gap	glyceraldehyde-3-phosphate dehydrogenase, type I	md:cpsb_M00002	I	120765	121772	+
Chlamydia psittaci 84/55	cpsb	B595_0360	tpiA	triose-phosphate isomerase	md:cpsb_M00002	I	361094	361858	+
Chlamydia psittaci 84/55	cpsb	B595_0779	pyk	pyruvate kinase	md:cpsb_M00002	I	770837	771868	-
Chlamydia psittaci 84/55	cpsb	B595_1035	gpm1	phosphoglycerate mutase	md:cpsb_M00002	I	1043644	1044312	+
Chlamydia psittaci 84/55	cpsb	B595_1104	eno	phosphopyruvate hydratase	md:cpsb_M00002	I	1115764	1117038	+
Chlamydia psittaci 84/55	cpsb	B595_0078	pgk	phosphoglycerate kinase	md:cpsb_M00003	I	76122	77324	+
Chlamydia psittaci 84/55	cpsb	B595_0134	gap	glyceraldehyde-3-phosphate dehydrogenase, type I	md:cpsb_M00003	I	120765	121772	+
Chlamydia psittaci 84/55	cpsb	B595_0360	tpiA	triose-phosphate isomerase	md:cpsb_M00003	I	361094	361858	+
Chlamydia psittaci 84/55	cpsb	B595_0579	NA	fructose bisphosphate aldolase	md:cpsb_M00003	I	567686	568735	-
Chlamydia psittaci 84/55	cpsb	B595_1035	gpm1	phosphoglycerate mutase	md:cpsb_M00003	I	1043644	1044312	+
Chlamydia psittaci 84/55	cpsb	B595_1050	NA	phosphoenolpyruvate carboxykinase family protein	md:cpsb_M00003	I	1057605	1058591	-
Chlamydia psittaci 84/55	cpsb	B595_1104	eno	phosphopyruvate hydratase	md:cpsb_M00003	I	1115764	1117038	+
Chlamydia psittaci 84/55	cpsb	B595_0505	gnd	6-phosphogluconate dehydrogenase, decarboxylating	md:cpsb_M00004	I	486180	487631	+
Chlamydia psittaci 84/55	cpsb	B595_0626	pgl	6-phosphogluconolactonase	md:cpsb_M00004	I	607005	607781	-
Chlamydia psittaci 84/55	cpsb	B595_0627	zwf	glucose-6-phosphate dehydrogenase	md:cpsb_M00004	I	607805	609346	-
Chlamydia psittaci 84/55	cpsb	B595_0639	rpe	ribulose-phosphate 3-epimerase	md:cpsb_M00004	I	622756	623451	+
Chlamydia psittaci 84/55	cpsb	B595_0735	rpiA	ribose 5-phosphate isomerase A	md:cpsb_M00004	I	723492	724193	-
Chlamydia psittaci 84/55	cpsb	B595_0794	tal	transaldolase	md:cpsb_M00004	I	792701	793684	-
Chlamydia psittaci 84/55	cpsb	B595_0843	NA	phosphoglucose isomerase family protein	md:cpsb_M00004	I	841740	843332	-
Chlamydia psittaci 84/55	cpsb	B595_0996	NA	transketolase, C-terminal domain protein	md:cpsb_M00004	I	998828	999481	-
Chlamydia psittaci 84/55	cpsb	B595_0998	NA	transketolase, thiamine diphosphate binding domain protein	md:cpsb_M00004	I	1000142	1000828	-
Chlamydia psittaci 84/55	cpsb	B595_0505	gnd	6-phosphogluconate dehydrogenase, decarboxylating	md:cpsb_M00006	I	486180	487631	+
Chlamydia psittaci 84/55	cpsb	B595_0626	pgl	6-phosphogluconolactonase	md:cpsb_M00006	I	607005	607781	-
Chlamydia psittaci 84/55	cpsb	B595_0627	zwf	glucose-6-phosphate dehydrogenase	md:cpsb_M00006	I	607805	609346	-
Chlamydia psittaci 84/55	cpsb	B595_0639	rpe	ribulose-phosphate 3-epimerase	md:cpsb_M00007	I	622756	623451	+
Chlamydia psittaci 84/55	cpsb	B595_0735	rpiA	ribose 5-phosphate isomerase A	md:cpsb_M00007	I	723492	724193	-
Chlamydia psittaci 84/55	cpsb	B595_0794	tal	transaldolase	md:cpsb_M00007	I	792701	793684	-
Chlamydia psittaci 84/55	cpsb	B595_0996	NA	transketolase, C-terminal domain protein	md:cpsb_M00007	I	998828	999481	-
Chlamydia psittaci 84/55	cpsb	B595_0998	NA	transketolase, thiamine diphosphate binding domain protein	md:cpsb_M00007	I	1000142	1000828	-
Chlamydia psittaci 84/55	cpsb	B595_0626	pgl	6-phosphogluconolactonase	md:cpsb_M00008	I	607005	607781	-
Chlamydia psittaci 84/55	cpsb	B595_0627	zwf	glucose-6-phosphate dehydrogenase	md:cpsb_M00008	I	607805	609346	-
Chlamydia psittaci 84/55	cpsb	B595_0252	NA	2-oxoacid dehydrogenases acyltransferase family protein	md:cpsb_M00009	I	234774	235943	+
Chlamydia psittaci 84/55	cpsb	B595_0488	sucA	oxoglutarate dehydrogenase (succinyl-transferring), E1 component	md:cpsb_M00009	I	470409	473135	+
Chlamydia psittaci 84/55	cpsb	B595_0489	sucB	dihydrolipoamide succinyltransferase component of 2-oxoglutarate dehydrogenase	md:cpsb_M00009	I	473132	474229	+
Chlamydia psittaci 84/55	cpsb	B595_0841	mdh	malate dehydrogenase	md:cpsb_M00009	I	840161	841147	-
Chlamydia psittaci 84/55	cpsb	B595_0858	fumC	fumarate hydratase, class II	md:cpsb_M00009	I	856844	858226	-
Chlamydia psittaci 84/55	cpsb	B595_0897	sucD	succinate-CoA ligase, alpha subunit	md:cpsb_M00009	I	897362	898237	-
Chlamydia psittaci 84/55	cpsb	B595_0898	sucC	succinyl-CoA ligase [ADP-forming] subunit beta	md:cpsb_M00009	I	898252	899412	-
Chlamydia psittaci 84/55	cpsb	B595_1068	lpdA	dihydrolipoyl dehydrogenase	md:cpsb_M00009	I	1083656	1085044	+
Chlamydia psittaci 84/55	cpsb	B595_1110	NA	succinate dehydrogenase and fumarate reductase iron-sulfur family protein	md:cpsb_M00009	I	1124465	1125256	-
Chlamydia psittaci 84/55	cpsb	B595_1111	sdhA	succinate dehydrogenase/fumarate reductase, flavoprotein subunit	md:cpsb_M00009	I	1125271	1127154	-
Chlamydia psittaci 84/55	cpsb	B595_1112	NA	putative membrane protein	md:cpsb_M00009	I	1127159	1128052	-
Chlamydia psittaci 84/55	cpsb	B595_0252	NA	2-oxoacid dehydrogenases acyltransferase family protein	md:cpsb_M00011	I	234774	235943	+
Chlamydia psittaci 84/55	cpsb	B595_0488	sucA	oxoglutarate dehydrogenase (succinyl-transferring), E1 component	md:cpsb_M00011	I	470409	473135	+
Chlamydia psittaci 84/55	cpsb	B595_0489	sucB	dihydrolipoamide succinyltransferase component of 2-oxoglutarate dehydrogenase	md:cpsb_M00011	I	473132	474229	+
Chlamydia psittaci 84/55	cpsb	B595_0841	mdh	malate dehydrogenase	md:cpsb_M00011	I	840161	841147	-
Chlamydia psittaci 84/55	cpsb	B595_0858	fumC	fumarate hydratase, class II	md:cpsb_M00011	I	856844	858226	-
Chlamydia psittaci 84/55	cpsb	B595_0897	sucD	succinate-CoA ligase, alpha subunit	md:cpsb_M00011	I	897362	898237	-
Chlamydia psittaci 84/55	cpsb	B595_0898	sucC	succinyl-CoA ligase [ADP-forming] subunit beta	md:cpsb_M00011	I	898252	899412	-
Chlamydia psittaci 84/55	cpsb	B595_1068	lpdA	dihydrolipoyl dehydrogenase	md:cpsb_M00011	I	1083656	1085044	+
Chlamydia psittaci 84/55	cpsb	B595_1110	NA	succinate dehydrogenase and fumarate reductase iron-sulfur family protein	md:cpsb_M00011	I	1124465	1125256	-
Chlamydia psittaci 84/55	cpsb	B595_1111	sdhA	succinate dehydrogenase/fumarate reductase, flavoprotein subunit	md:cpsb_M00011	I	1125271	1127154	-
Chlamydia psittaci 84/55	cpsb	B595_1112	NA	putative membrane protein	md:cpsb_M00011	I	1127159	1128052	-
Chlamydia psittaci 84/55	cpsb	B595_0841	mdh	malate dehydrogenase	md:cpsb_M00012	I	840161	841147	-
Chlamydia psittaci 84/55	cpsb	B595_0261	dapF	diaminopimelate epimerase	md:cpsb_M00016	I	243200	243982	+
Chlamydia psittaci 84/55	cpsb	B595_0818	NA	aspartate kinase domain protein	md:cpsb_M00016	I	816414	817736	-
Chlamydia psittaci 84/55	cpsb	B595_0819	asd	aspartate-semialdehyde dehydrogenase	md:cpsb_M00016	I	817724	818725	-
Chlamydia psittaci 84/55	cpsb	B595_0820	NA	dihydrodipicolinate reductase, family protein	md:cpsb_M00016	I	818908	819672	-
Chlamydia psittaci 84/55	cpsb	B595_0818	NA	aspartate kinase domain protein	md:cpsb_M00017	I	816414	817736	-
Chlamydia psittaci 84/55	cpsb	B595_0819	asd	aspartate-semialdehyde dehydrogenase	md:cpsb_M00017	I	817724	818725	-
Chlamydia psittaci 84/55	cpsb	B595_0818	NA	aspartate kinase domain protein	md:cpsb_M00018	I	816414	817736	-
Chlamydia psittaci 84/55	cpsb	B595_0819	asd	aspartate-semialdehyde dehydrogenase	md:cpsb_M00018	I	817724	818725	-
Chlamydia psittaci 84/55	cpsb	B595_0296	aroG	phospho-2-dehydro-3-deoxyheptonate aldolase	md:cpsb_M00022	I	276797	277486	-
Chlamydia psittaci 84/55	cpsb	B595_0830	aroA	3-phosphoshikimate 1-carboxyvinyltransferase	md:cpsb_M00022	I	828284	829648	+
Chlamydia psittaci 84/55	cpsb	B595_0831	NA	shikimate kinase family protein	md:cpsb_M00022	I	829626	830105	+
Chlamydia psittaci 84/55	cpsb	B595_0832	aroC	chorismate synthase	md:cpsb_M00022	I	830102	831181	+
Chlamydia psittaci 84/55	cpsb	B595_0833	aroB	3-dehydroquinate synthase	md:cpsb_M00022	I	831178	832317	+
Chlamydia psittaci 84/55	cpsb	B595_0834	aroE	shikimate 5-dehydrogenase	md:cpsb_M00022	I	832298	833731	+
Chlamydia psittaci 84/55	cpsb	B595_0252	NA	2-oxoacid dehydrogenases acyltransferase family protein	md:cpsb_M00032	I	234774	235943	+
Chlamydia psittaci 84/55	cpsb	B595_0489	sucB	dihydrolipoamide succinyltransferase component of 2-oxoglutarate dehydrogenase	md:cpsb_M00032	I	473132	474229	+
Chlamydia psittaci 84/55	cpsb	B595_1068	lpdA	dihydrolipoyl dehydrogenase	md:cpsb_M00032	I	1083656	1085044	+
Chlamydia psittaci 84/55	cpsb	B595_0818	NA	aspartate kinase domain protein	md:cpsb_M00033	I	816414	817736	-
Chlamydia psittaci 84/55	cpsb	B595_0819	asd	aspartate-semialdehyde dehydrogenase	md:cpsb_M00033	I	817724	818725	-
Chlamydia psittaci 84/55	cpsb	B595_0490	NA	hypothetical protein	md:cpsb_M00034	I	474240	474983	-
Chlamydia psittaci 84/55	cpsb	B595_0380	NA	transketolase, pyrimidine binding domain protein	md:cpsb_M00036	I	377578	379137	+
Chlamydia psittaci 84/55	cpsb	B595_1068	lpdA	dihydrolipoyl dehydrogenase	md:cpsb_M00036	I	1083656	1085044	+
Chlamydia psittaci 84/55	cpsb	B595_0140	ndk	nucleoside diphosphate kinase	md:cpsb_M00049	I	125325	125750	+
Chlamydia psittaci 84/55	cpsb	B595_0620	NA	adenylate kinase family protein	md:cpsb_M00049	I	603184	603798	-
Chlamydia psittaci 84/55	cpsb	B595_0140	ndk	nucleoside diphosphate kinase	md:cpsb_M00050	I	125325	125750	+
Chlamydia psittaci 84/55	cpsb	B595_0660	guaA	guaA GMP synthetase	md:cpsb_M00050	I	651258	652796	-
Chlamydia psittaci 84/55	cpsb	B595_0661	NA	inosine-5'-monophosphate dehydrogenase	md:cpsb_M00050	I	652831	653886	-
Chlamydia psittaci 84/55	cpsb	B595_0754	gmk	guanylate kinase	md:cpsb_M00050	I	744274	744888	-
Chlamydia psittaci 84/55	cpsb	B595_0152	NA	phosphoribosyl transferase domain protein	md:cpsb_M00051	I	139552	140172	+
Chlamydia psittaci 84/55	cpsb	B595_0058	pyrH	UMP kinase	md:cpsb_M00052	I	55359	56099	-
Chlamydia psittaci 84/55	cpsb	B595_0140	ndk	nucleoside diphosphate kinase	md:cpsb_M00052	I	125325	125750	+
Chlamydia psittaci 84/55	cpsb	B595_0140	ndk	nucleoside diphosphate kinase	md:cpsb_M00053	I	125325	125750	+
Chlamydia psittaci 84/55	cpsb	B595_0890	NA	ribonucleotide reductase, small chain family protein	md:cpsb_M00053	I	884440	885480	-
Chlamydia psittaci 84/55	cpsb	B595_0891	NA	ribonucleoside-diphosphate reductase, alpha subunit	md:cpsb_M00053	I	885504	888641	-
Chlamydia psittaci 84/55	cpsb	B595_0105	lpxC	UDP-3-O-[3-hydroxymyristoyl] N-acetylglucosamine deacetylase	md:cpsb_M00060	I	103950	104792	+
Chlamydia psittaci 84/55	cpsb	B595_0107	lpxA	acyl-[acyl-carrier-protein]-UDP-N-acetylglucosamine O-acyltransferase	md:cpsb_M00060	I	105281	106120	+
Chlamydia psittaci 84/55	cpsb	B595_0250	lpxK	tetraacyldisaccharide 4'-kinase	md:cpsb_M00060	I	232386	233489	+
Chlamydia psittaci 84/55	cpsb	B595_0557	lpxD	UDP-3-O-[3-hydroxymyristoyl] glucosamine N-acyltransferase	md:cpsb_M00060	I	544004	545086	-
Chlamydia psittaci 84/55	cpsb	B595_0707	NA	3-Deoxy-D-manno-octulosonic-acid transferase family protein	md:cpsb_M00060	I	688273	689472	-
Chlamydia psittaci 84/55	cpsb	B595_0776	NA	bacterial lipid A biosynthesis acyltransferase family protein	md:cpsb_M00060	I	768688	770025	+
Chlamydia psittaci 84/55	cpsb	B595_0907	lpxB	lipid-A-disaccharide synthase	md:cpsb_M00060	I	907494	909377	+
Chlamydia psittaci 84/55	cpsb	B595_0028	kdsA	3-deoxy-8-phosphooctulonate synthase	md:cpsb_M00063	I	30827	31636	-
Chlamydia psittaci 84/55	cpsb	B595_0253	NA	sugar isomerase, KpsF/GutQ family protein	md:cpsb_M00063	I	235975	236964	+
Chlamydia psittaci 84/55	cpsb	B595_0686	kdsB	3-deoxy-D-manno-octulosonate cytidylyltransferase	md:cpsb_M00063	I	669500	670264	+
Chlamydia psittaci 84/55	cpsb	B595_0399	accD	acetyl-CoA carboxylase, carboxyl transferase, beta subunit	md:cpsb_M00082	I	397270	398196	+
Chlamydia psittaci 84/55	cpsb	B595_0438	accA	acetyl-CoA carboxylase, carboxyl transferase, alpha subunit	md:cpsb_M00082	I	429881	430744	+
Chlamydia psittaci 84/55	cpsb	B595_0561	fabH	3-oxoacyl-(acyl-carrier-) synthase III family protein	md:cpsb_M00082	I	549030	550031	+
Chlamydia psittaci 84/55	cpsb	B595_0562	fabD	malonyl CoA-acyl carrier protein transacylase	md:cpsb_M00082	I	550032	550958	+
Chlamydia psittaci 84/55	cpsb	B595_0641	accB	acetyl-CoA carboxylase, biotin carboxyl carrier protein	md:cpsb_M00082	I	624027	624527	+
Chlamydia psittaci 84/55	cpsb	B595_0642	accC	acetyl-CoA carboxylase, biotin carboxylase	md:cpsb_M00082	I	624527	625882	+
Chlamydia psittaci 84/55	cpsb	B595_0106	fabZ	beta-hydroxyacyl-(acyl-carrier-protein) dehydratase FabZ	md:cpsb_M00083	I	104807	105271	+
Chlamydia psittaci 84/55	cpsb	B595_0447	NA	enoyl-acyl carrier reductase domain protein	md:cpsb_M00083	I	437031	437699	-
Chlamydia psittaci 84/55	cpsb	B595_0563	fabG	3-oxoacyl-(acyl-carrier-protein) reductase	md:cpsb_M00083	I	550963	551709	+
Chlamydia psittaci 84/55	cpsb	B595_0824	NA	short chain dehydrogenase family protein	md:cpsb_M00083	I	822498	823337	+
Chlamydia psittaci 84/55	cpsb	B595_0969	fabF	3-oxoacyl-[acyl-carrier-protein] synthase 2	md:cpsb_M00083	I	976380	977630	-
Chlamydia psittaci 84/55	cpsb	B595_0200	NA	acyltransferase family protein	md:cpsb_M00089	I	182586	183233	-
Chlamydia psittaci 84/55	cpsb	B595_0928	NA	acyltransferase family protein	md:cpsb_M00089	I	935310	936305	+
Chlamydia psittaci 84/55	cpsb	B595_0963	NA	acyltransferase family protein	md:cpsb_M00089	I	972171	972932	-
Chlamydia psittaci 84/55	cpsb	B595_0202	NA	cytidylyltransferase family protein	md:cpsb_M00093	I	183877	184386	-
Chlamydia psittaci 84/55	cpsb	B595_0892	NA	CDP-alcohol phosphatidyltransferase family protein	md:cpsb_M00093	I	889019	889825	+
Chlamydia psittaci 84/55	cpsb	B595_1062	psd	phosphatidylserine decarboxylase	md:cpsb_M00093	I	1074836	1075735	-
Chlamydia psittaci 84/55	cpsb	B595_0189	ispD	2-C-methyl-D-erythritol 4-phosphate cytidylyltransferase	md:cpsb_M00096	I	171547	172185	-
Chlamydia psittaci 84/55	cpsb	B595_0228	ispF	2C-methyl-D-erythritol 2,4-cyclodiphosphate synthase	md:cpsb_M00096	I	209666	210196	-
Chlamydia psittaci 84/55	cpsb	B595_0355	dxs	1-deoxy-D-xylulose-5-phosphate synthase	md:cpsb_M00096	I	356866	358800	-
Chlamydia psittaci 84/55	cpsb	B595_0491	ispG	4-hydroxy-3-methylbut-2-en-1-yl diphosphate synthase	md:cpsb_M00096	I	474997	476817	-
Chlamydia psittaci 84/55	cpsb	B595_0516	dxr	1-deoxy-D-xylulose 5-phosphate reductoisomerase	md:cpsb_M00096	I	498183	499322	+
Chlamydia psittaci 84/55	cpsb	B595_0853	ispH	4-hydroxy-3-methylbut-2-enyl diphosphate reductase	md:cpsb_M00096	I	850654	851583	-
Chlamydia psittaci 84/55	cpsb	B595_0933	ispE	4-(cytidine 5'-diphospho)-2-C-methyl-D-erythritol kinase	md:cpsb_M00096	I	940873	941748	-
Chlamydia psittaci 84/55	cpsb	B595_0263	NA	ubiquinone/menaquinone biosynthesis methyltransferases family protein	md:cpsb_M00116	I	245114	245770	-
Chlamydia psittaci 84/55	cpsb	B595_0263	NA	ubiquinone/menaquinone biosynthesis methyltransferases family protein	md:cpsb_M00117	I	245114	245770	-
Chlamydia psittaci 84/55	cpsb	B595_0599	NA	ubiA prenyltransferase family protein	md:cpsb_M00117	I	587558	588457	+
Chlamydia psittaci 84/55	cpsb	B595_0600	NA	polyprenyl P-hydroxybenzoate and phenylacrylic acid decarboxylase family protein	md:cpsb_M00117	I	588471	589049	+
Chlamydia psittaci 84/55	cpsb	B595_0149	coaE	dephospho-CoA kinase	md:cpsb_M00120	I	136965	137573	+
Chlamydia psittaci 84/55	cpsb	B595_0001	hemB	delta-aminolevulinic acid dehydratase	md:cpsb_M00121	I	310	1143	+
Chlamydia psittaci 84/55	cpsb	B595_0036	NA	glutamyl-tRNAGlu reductase, N-terminal domain protein	md:cpsb_M00121	I	38156	39070	+
Chlamydia psittaci 84/55	cpsb	B595_0157	NA	ferrochelatase	md:cpsb_M00121	I	144013	144825	-
Chlamydia psittaci 84/55	cpsb	B595_0212	gltX	glutamyl-tRNA synthetase	md:cpsb_M00121	I	196623	198140	+
Chlamydia psittaci 84/55	cpsb	B595_0258	NA	uroporphyrinogen-III synthase HemD family protein	md:cpsb_M00121	I	240160	240825	-
Chlamydia psittaci 84/55	cpsb	B595_0393	NA	porphobilinogen deaminase, dipyromethane cofactor binding domain protein	md:cpsb_M00121	I	391158	391895	-
Chlamydia psittaci 84/55	cpsb	B595_0732	NA	aminotransferase class-III family protein	md:cpsb_M00121	I	721058	722347	-
Chlamydia psittaci 84/55	cpsb	B595_1002	NA	uroporphyrinogen decarboxylase family protein	md:cpsb_M00121	I	1007037	1007960	+
Chlamydia psittaci 84/55	cpsb	B595_1003	hemN	oxygen-independent coproporphyrinogen III oxidase	md:cpsb_M00121	I	1007933	1009309	+
Chlamydia psittaci 84/55	cpsb	B595_1004	hemG	protoporphyrinogen oxidase	md:cpsb_M00121	I	1009306	1010574	+
Chlamydia psittaci 84/55	cpsb	B595_0825	bioB	biotin synthase	md:cpsb_M00123	I	823586	824581	+
Chlamydia psittaci 84/55	cpsb	B595_0826	NA	aminotransferase class I and II family protein	md:cpsb_M00123	I	824560	825708	+
Chlamydia psittaci 84/55	cpsb	B595_0827	bioD	dethiobiotin synthase	md:cpsb_M00123	I	825693	826310	+
Chlamydia psittaci 84/55	cpsb	B595_0828	NA	aminotransferase class-III family protein	md:cpsb_M00123	I	826729	827586	+
Chlamydia psittaci 84/55	cpsb	B595_0247	ribE	riboflavin synthase, alpha subunit	md:cpsb_M00125	I	229919	230512	+
Chlamydia psittaci 84/55	cpsb	B595_0537	ribF	riboflavin biosynthesis protein RibF	md:cpsb_M00125	I	521786	522700	-
Chlamydia psittaci 84/55	cpsb	B595_1025	ribH	6,7-dimethyl-8-ribityllumazine synthase	md:cpsb_M00125	I	1033520	1033984	-
Chlamydia psittaci 84/55	cpsb	B595_1026	ribB	3,4-dihydroxy-2-butanone 4-phosphate synthase	md:cpsb_M00125	I	1033997	1035259	-
Chlamydia psittaci 84/55	cpsb	B595_1027	ribD	riboflavin biosynthesis protein RibD	md:cpsb_M00125	I	1035344	1036450	-
Chlamydia psittaci 84/55	cpsb	B595_1145	NA	dihydrofolate reductase family protein	md:cpsb_M00126	I	1157326	1157769	-
Chlamydia psittaci 84/55	cpsb	B595_1146	folK	2-amino-4-hydroxy-6-hydroxymethyldihydropteridine pyrophosphokinase	md:cpsb_M00126	I	1157807	1159150	-
Chlamydia psittaci 84/55	cpsb	B595_1147	folB	dihydroneopterin aldolase	md:cpsb_M00126	I	1159147	1159482	-
Chlamydia psittaci 84/55	cpsb	B595_0237	thiE	thiamine-phosphate pyrophosphorylase	md:cpsb_M00127	I	215884	216522	+
Chlamydia psittaci 84/55	cpsb	B595_0837	aaxB	pyruvoyl-dependent arginine decarboxylase AaxB	md:cpsb_M00133	I	836060	836647	+
Chlamydia psittaci 84/55	cpsb	B595_0259	glyA	serine hydroxymethyltransferase	md:cpsb_M00140	I	241140	242633	+
Chlamydia psittaci 84/55	cpsb	B595_0522	NA	tetrahydrofolate dehydrogenase/cyclohydrolase, catalytic domain protein	md:cpsb_M00140	I	506034	506897	-
Chlamydia psittaci 84/55	cpsb	B595_1110	NA	succinate dehydrogenase and fumarate reductase iron-sulfur family protein	md:cpsb_M00149	I	1124465	1125256	-
Chlamydia psittaci 84/55	cpsb	B595_1111	sdhA	succinate dehydrogenase/fumarate reductase, flavoprotein subunit	md:cpsb_M00149	I	1125271	1127154	-
Chlamydia psittaci 84/55	cpsb	B595_1112	NA	putative membrane protein	md:cpsb_M00149	I	1127159	1128052	-
Chlamydia psittaci 84/55	cpsb	B595_0771	cydB	cytochrome d ubiquinol oxidase, subunit II	md:cpsb_M00153	I	763811	764872	-
Chlamydia psittaci 84/55	cpsb	B595_0772	NA	bacterial Cytochrome Ubiquinol Oxidase family protein	md:cpsb_M00153	I	764875	765948	-
Chlamydia psittaci 84/55	cpsb	B595_0785	NA	ATP synthase subunit C family protein	md:cpsb_M00159	I	783708	784133	-
Chlamydia psittaci 84/55	cpsb	B595_0786	NA	V-type ATP synthase subunit I	md:cpsb_M00159	I	784268	786217	-
Chlamydia psittaci 84/55	cpsb	B595_0787	NA	V-type ATPase, D subunit	md:cpsb_M00159	I	786208	786834	-
Chlamydia psittaci 84/55	cpsb	B595_0788	atpB	V-type ATP synthase beta chain	md:cpsb_M00159	I	786819	788135	-
Chlamydia psittaci 84/55	cpsb	B595_0789	NA	ATP synthase alpha/beta chain, C terminal domain protein	md:cpsb_M00159	I	788142	789917	-
Chlamydia psittaci 84/55	cpsb	B595_0791	atpE	V-type ATP synthase subunit E	md:cpsb_M00159	I	790756	791382	-
Chlamydia psittaci 84/55	cpsb	B595_0078	pgk	phosphoglycerate kinase	md:cpsb_M00165	I	76122	77324	+
Chlamydia psittaci 84/55	cpsb	B595_0134	gap	glyceraldehyde-3-phosphate dehydrogenase, type I	md:cpsb_M00165	I	120765	121772	+
Chlamydia psittaci 84/55	cpsb	B595_0735	rpiA	ribose 5-phosphate isomerase A	md:cpsb_M00165	I	723492	724193	-
Chlamydia psittaci 84/55	cpsb	B595_0996	NA	transketolase, C-terminal domain protein	md:cpsb_M00165	I	998828	999481	-
Chlamydia psittaci 84/55	cpsb	B595_0998	NA	transketolase, thiamine diphosphate binding domain protein	md:cpsb_M00165	I	1000142	1000828	-
Chlamydia psittaci 84/55	cpsb	B595_0078	pgk	phosphoglycerate kinase	md:cpsb_M00166	I	76122	77324	+
Chlamydia psittaci 84/55	cpsb	B595_0134	gap	glyceraldehyde-3-phosphate dehydrogenase, type I	md:cpsb_M00166	I	120765	121772	+
Chlamydia psittaci 84/55	cpsb	B595_0735	rpiA	ribose 5-phosphate isomerase A	md:cpsb_M00167	I	723492	724193	-
Chlamydia psittaci 84/55	cpsb	B595_0996	NA	transketolase, C-terminal domain protein	md:cpsb_M00167	I	998828	999481	-
Chlamydia psittaci 84/55	cpsb	B595_0998	NA	transketolase, thiamine diphosphate binding domain protein	md:cpsb_M00167	I	1000142	1000828	-
Chlamydia psittaci 84/55	cpsb	B595_0841	mdh	malate dehydrogenase	md:cpsb_M00168	I	840161	841147	-
Chlamydia psittaci 84/55	cpsb	B595_0841	mdh	malate dehydrogenase	md:cpsb_M00173	I	840161	841147	-
Chlamydia psittaci 84/55	cpsb	B595_0858	fumC	fumarate hydratase, class II	md:cpsb_M00173	I	856844	858226	-
Chlamydia psittaci 84/55	cpsb	B595_0897	sucD	succinate-CoA ligase, alpha subunit	md:cpsb_M00173	I	897362	898237	-
Chlamydia psittaci 84/55	cpsb	B595_0898	sucC	succinyl-CoA ligase [ADP-forming] subunit beta	md:cpsb_M00173	I	898252	899412	-
Chlamydia psittaci 84/55	cpsb	B595_1110	NA	succinate dehydrogenase and fumarate reductase iron-sulfur family protein	md:cpsb_M00173	I	1124465	1125256	-
Chlamydia psittaci 84/55	cpsb	B595_1111	sdhA	succinate dehydrogenase/fumarate reductase, flavoprotein subunit	md:cpsb_M00173	I	1125271	1127154	-
Chlamydia psittaci 84/55	cpsb	B595_1112	NA	putative membrane protein	md:cpsb_M00173	I	1127159	1128052	-
Chlamydia psittaci 84/55	cpsb	B595_0227	NA	oxidoreductase NAD-binding domain protein	md:cpsb_M00176	I	208620	209669	+
Chlamydia psittaci 84/55	cpsb	B595_0553	NA	pyruvate dehydrogenase complex dihydrolipoamide acetyltransferase	md:cpsb_M00307	I	539511	540797	-
Chlamydia psittaci 84/55	cpsb	B595_0554	pdhB	pyruvate dehydrogenase E1 component, beta subunit	md:cpsb_M00307	I	540802	541788	-
Chlamydia psittaci 84/55	cpsb	B595_0555	pdhA	pyruvate dehydrogenase (acetyl-transferring) E1 component, alpha subunit	md:cpsb_M00307	I	541781	542830	-
Chlamydia psittaci 84/55	cpsb	B595_1068	lpdA	dihydrolipoyl dehydrogenase	md:cpsb_M00307	I	1083656	1085044	+
Chlamydia psittaci 84/55	cpsb	B595_0078	pgk	phosphoglycerate kinase	md:cpsb_M00308	I	76122	77324	+
Chlamydia psittaci 84/55	cpsb	B595_0134	gap	glyceraldehyde-3-phosphate dehydrogenase, type I	md:cpsb_M00308	I	120765	121772	+
Chlamydia psittaci 84/55	cpsb	B595_0701	NA	diphosphate--fructose-6-phosphate 1-phosphotransferase	md:cpsb_M00345	I	683770	685428	+
Chlamydia psittaci 84/55	cpsb	B595_0259	glyA	serine hydroxymethyltransferase	md:cpsb_M00346	I	241140	242633	+
Chlamydia psittaci 84/55	cpsb	B595_0841	mdh	malate dehydrogenase	md:cpsb_M00346	I	840161	841147	-
Chlamydia psittaci 84/55	cpsb	B595_1104	eno	phosphopyruvate hydratase	md:cpsb_M00346	I	1115764	1117038	+
Chlamydia psittaci 84/55	cpsb	B595_1156	NA	geranylgeranyl pyrophosphate synthase family protein	md:cpsb_M00364	I	1169006	1169560	+
Chlamydia psittaci 84/55	cpsb	B595_0841	mdh	malate dehydrogenase	md:cpsb_M00374	I	840161	841147	-
Chlamydia psittaci 84/55	cpsb	B595_0897	sucD	succinate-CoA ligase, alpha subunit	md:cpsb_M00374	I	897362	898237	-
Chlamydia psittaci 84/55	cpsb	B595_0898	sucC	succinyl-CoA ligase [ADP-forming] subunit beta	md:cpsb_M00374	I	898252	899412	-
Chlamydia psittaci 84/55	cpsb	B595_1110	NA	succinate dehydrogenase and fumarate reductase iron-sulfur family protein	md:cpsb_M00374	I	1124465	1125256	-
Chlamydia psittaci 84/55	cpsb	B595_1111	sdhA	succinate dehydrogenase/fumarate reductase, flavoprotein subunit	md:cpsb_M00374	I	1125271	1127154	-
Chlamydia psittaci 84/55	cpsb	B595_1112	NA	putative membrane protein	md:cpsb_M00374	I	1127159	1128052	-
Chlamydia psittaci 84/55	cpsb	B595_0399	accD	acetyl-CoA carboxylase, carboxyl transferase, beta subunit	md:cpsb_M00376	I	397270	398196	+
Chlamydia psittaci 84/55	cpsb	B595_0438	accA	acetyl-CoA carboxylase, carboxyl transferase, alpha subunit	md:cpsb_M00376	I	429881	430744	+
Chlamydia psittaci 84/55	cpsb	B595_0641	accB	acetyl-CoA carboxylase, biotin carboxyl carrier protein	md:cpsb_M00376	I	624027	624527	+
Chlamydia psittaci 84/55	cpsb	B595_0642	accC	acetyl-CoA carboxylase, biotin carboxylase	md:cpsb_M00376	I	624527	625882	+
Chlamydia psittaci 84/55	cpsb	B595_0858	fumC	fumarate hydratase, class II	md:cpsb_M00376	I	856844	858226	-
Chlamydia psittaci 84/55	cpsb	B595_1110	NA	succinate dehydrogenase and fumarate reductase iron-sulfur family protein	md:cpsb_M00376	I	1124465	1125256	-
Chlamydia psittaci 84/55	cpsb	B595_1111	sdhA	succinate dehydrogenase/fumarate reductase, flavoprotein subunit	md:cpsb_M00376	I	1125271	1127154	-
Chlamydia psittaci 84/55	cpsb	B595_1112	NA	putative membrane protein	md:cpsb_M00376	I	1127159	1128052	-
Chlamydia psittaci 84/55	cpsb	B595_0522	NA	tetrahydrofolate dehydrogenase/cyclohydrolase, catalytic domain protein	md:cpsb_M00377	I	506034	506897	-
Chlamydia psittaci 84/55	cpsb	B595_0261	dapF	diaminopimelate epimerase	md:cpsb_M00525	I	243200	243982	+
Chlamydia psittaci 84/55	cpsb	B595_0818	NA	aspartate kinase domain protein	md:cpsb_M00525	I	816414	817736	-
Chlamydia psittaci 84/55	cpsb	B595_0819	asd	aspartate-semialdehyde dehydrogenase	md:cpsb_M00525	I	817724	818725	-
Chlamydia psittaci 84/55	cpsb	B595_0820	NA	dihydrodipicolinate reductase, family protein	md:cpsb_M00525	I	818908	819672	-
Chlamydia psittaci 84/55	cpsb	B595_0818	NA	aspartate kinase domain protein	md:cpsb_M00526	I	816414	817736	-
Chlamydia psittaci 84/55	cpsb	B595_0819	asd	aspartate-semialdehyde dehydrogenase	md:cpsb_M00526	I	817724	818725	-
Chlamydia psittaci 84/55	cpsb	B595_0820	NA	dihydrodipicolinate reductase, family protein	md:cpsb_M00526	I	818908	819672	-
Chlamydia psittaci 84/55	cpsb	B595_0261	dapF	diaminopimelate epimerase	md:cpsb_M00527	I	243200	243982	+
Chlamydia psittaci 84/55	cpsb	B595_0285	dapL	LL-diaminopimelate aminotransferase	md:cpsb_M00527	I	265369	266565	-
Chlamydia psittaci 84/55	cpsb	B595_0818	NA	aspartate kinase domain protein	md:cpsb_M00527	I	816414	817736	-
Chlamydia psittaci 84/55	cpsb	B595_0819	asd	aspartate-semialdehyde dehydrogenase	md:cpsb_M00527	I	817724	818725	-
Chlamydia psittaci 84/55	cpsb	B595_0820	NA	dihydrodipicolinate reductase, family protein	md:cpsb_M00527	I	818908	819672	-
Chlamydia psittaci 84/55	cpsb	B595_0259	glyA	serine hydroxymethyltransferase	md:cpsb_M00532	I	241140	242633	+
Chlamydia psittaci 84/55	cpsb	B595_0414	gcvH	glycine cleavage system H protein	md:cpsb_M00532	I	412649	412990	+
Chlamydia psittaci 84/55	cpsb	B595_1068	lpdA	dihydrolipoyl dehydrogenase	md:cpsb_M00532	I	1083656	1085044	+
Chlamydia psittaci 84/55	cpsb	B595_0044	NA	type III secretion apparatus H+-transporting two-sector ATPase	md:cpsb_M00542	I	44224	45456	+
Chlamydia psittaci 84/55	cpsb	B595_0050	NA	bacterial type II and III secretion system family protein	md:cpsb_M00542	I	49550	52207	+
Chlamydia psittaci 84/55	cpsb	B595_0534	NA	FHIPEP family protein	md:cpsb_M00542	I	518230	519255	-
Chlamydia psittaci 84/55	cpsb	B595_0535	NA	hypothetical protein	md:cpsb_M00542	I	519274	520356	-
Chlamydia psittaci 84/55	cpsb	B595_1070	NA	hypothetical protein	md:cpsb_M00542	I	1086184	1087176	+
Chlamydia psittaci 84/55	cpsb	B595_1074	NA	fliP family protein	md:cpsb_M00542	I	1089187	1089795	+
Chlamydia psittaci 84/55	cpsb	B595_1075	NA	type III secretion, HrpO family protein	md:cpsb_M00542	I	1089805	1090089	+
Chlamydia psittaci 84/55	cpsb	B595_1076	NA	bacterial export s, 1 family protein	md:cpsb_M00542	I	1090096	1090965	+
Chlamydia psittaci 84/55	cpsb	B595_0078	pgk	phosphoglycerate kinase	md:cpsb_M00552	I	76122	77324	+
Chlamydia psittaci 84/55	cpsb	B595_0134	gap	glyceraldehyde-3-phosphate dehydrogenase, type I	md:cpsb_M00552	I	120765	121772	+
Chlamydia psittaci 84/55	cpsb	B595_0153	glgC	glucose-1-phosphate adenylyltransferase	md:cpsb_M00565	I	140308	141636	+
Chlamydia psittaci 84/55	cpsb	B595_0304	glgB	1,4-alpha-glucan branching enzyme	md:cpsb_M00565	I	287781	289607	+
Chlamydia psittaci 84/55	cpsb	B595_0471	glgX	glycogen debranching enzyme GlgX	md:cpsb_M00565	I	457342	459333	-
Chlamydia psittaci 84/55	cpsb	B595_0941	glgA	glycogen/starch synthase	md:cpsb_M00565	I	944617	946044	+
Chlamydia psittaci 84/55	cpsb	B595_0106	fabZ	beta-hydroxyacyl-(acyl-carrier-protein) dehydratase FabZ	md:cpsb_M00572	I	104807	105271	+
Chlamydia psittaci 84/55	cpsb	B595_0447	NA	enoyl-acyl carrier reductase domain protein	md:cpsb_M00572	I	437031	437699	-
Chlamydia psittaci 84/55	cpsb	B595_0563	fabG	3-oxoacyl-(acyl-carrier-protein) reductase	md:cpsb_M00572	I	550963	551709	+
Chlamydia psittaci 84/55	cpsb	B595_0824	NA	short chain dehydrogenase family protein	md:cpsb_M00572	I	822498	823337	+
Chlamydia psittaci 84/55	cpsb	B595_0969	fabF	3-oxoacyl-[acyl-carrier-protein] synthase 2	md:cpsb_M00572	I	976380	977630	-
Chlamydia psittaci 84/55	cpsb	B595_0825	bioB	biotin synthase	md:cpsb_M00573	I	823586	824581	+
Chlamydia psittaci 84/55	cpsb	B595_0826	NA	aminotransferase class I and II family protein	md:cpsb_M00573	I	824560	825708	+
Chlamydia psittaci 84/55	cpsb	B595_0827	bioD	dethiobiotin synthase	md:cpsb_M00573	I	825693	826310	+
Chlamydia psittaci 84/55	cpsb	B595_0825	bioB	biotin synthase	md:cpsb_M00577	I	823586	824581	+
Chlamydia psittaci 84/55	cpsb	B595_0826	NA	aminotransferase class I and II family protein	md:cpsb_M00577	I	824560	825708	+
Chlamydia psittaci 84/55	cpsb	B595_0827	bioD	dethiobiotin synthase	md:cpsb_M00577	I	825693	826310	+
Chlamydia psittaci 84/55	cpsb	B595_0828	NA	aminotransferase class-III family protein	md:cpsb_M00577	I	826729	827586	+
Chlamydia psittaci 84/55	cpsb	B595_0735	rpiA	ribose 5-phosphate isomerase A	md:cpsb_M00580	I	723492	724193	-
Chlamydia psittaci 84/55	cpsb	B595_0841	mdh	malate dehydrogenase	md:cpsb_M00620	I	840161	841147	-
Chlamydia psittaci 84/55	cpsb	B595_0897	sucD	succinate-CoA ligase, alpha subunit	md:cpsb_M00620	I	897362	898237	-
Chlamydia psittaci 84/55	cpsb	B595_0898	sucC	succinyl-CoA ligase [ADP-forming] subunit beta	md:cpsb_M00620	I	898252	899412	-
Chlamydia psittaci 84/55	cpsb	B595_0044	NA	type III secretion apparatus H+-transporting two-sector ATPase	md:cpsb_M00660	I	44224	45456	+
Chlamydia psittaci 84/55	cpsb	B595_0534	NA	FHIPEP family protein	md:cpsb_M00660	I	518230	519255	-
Chlamydia psittaci 84/55	cpsb	B595_0535	NA	hypothetical protein	md:cpsb_M00660	I	519274	520356	-
Chlamydia psittaci 84/55	cpsb	B595_1070	NA	hypothetical protein	md:cpsb_M00660	I	1086184	1087176	+
Chlamydia psittaci 84/55	cpsb	B595_1072	NA	hypothetical protein	md:cpsb_M00660	I	1088175	1088864	+
Chlamydia psittaci 84/55	cpsb	B595_1074	NA	fliP family protein	md:cpsb_M00660	I	1089187	1089795	+
Chlamydia psittaci 84/55	cpsb	B595_1075	NA	type III secretion, HrpO family protein	md:cpsb_M00660	I	1089805	1090089	+
Chlamydia psittaci 84/55	cpsb	B595_1076	NA	bacterial export s, 1 family protein	md:cpsb_M00660	I	1090096	1090965	+
Chlamydia psittaci 84/55	cpsb	B595_0841	mdh	malate dehydrogenase	md:cpsb_M00740	I	840161	841147	-
Chlamydia psittaci 84/55	cpsb	B595_1026	ribB	3,4-dihydroxy-2-butanone 4-phosphate synthase	md:cpsb_M00840	I	1033997	1035259	-
Chlamydia psittaci 84/55	cpsb	B595_1144	NA	Gamma-glutamyl ligase family protein	md:cpsb_M00840	I	1156626	1157354	-
Chlamydia psittaci 84/55	cpsb	B595_1145	NA	dihydrofolate reductase family protein	md:cpsb_M00840	I	1157326	1157769	-
Chlamydia psittaci 84/55	cpsb	B595_1146	folK	2-amino-4-hydroxy-6-hydroxymethyldihydropteridine pyrophosphokinase	md:cpsb_M00840	I	1157807	1159150	-
Chlamydia psittaci 84/55	cpsb	B595_1147	folB	dihydroneopterin aldolase	md:cpsb_M00840	I	1159147	1159482	-
Chlamydia psittaci 84/55	cpsb	B595_1146	folK	2-amino-4-hydroxy-6-hydroxymethyldihydropteridine pyrophosphokinase	md:cpsb_M00841	I	1157807	1159150	-
Chlamydia psittaci 84/55	cpsb	B595_0001	hemB	delta-aminolevulinic acid dehydratase	md:cpsb_M00846	I	310	1143	+
Chlamydia psittaci 84/55	cpsb	B595_0036	NA	glutamyl-tRNAGlu reductase, N-terminal domain protein	md:cpsb_M00846	I	38156	39070	+
Chlamydia psittaci 84/55	cpsb	B595_0258	NA	uroporphyrinogen-III synthase HemD family protein	md:cpsb_M00846	I	240160	240825	-
Chlamydia psittaci 84/55	cpsb	B595_0393	NA	porphobilinogen deaminase, dipyromethane cofactor binding domain protein	md:cpsb_M00846	I	391158	391895	-
Chlamydia psittaci 84/55	cpsb	B595_0732	NA	aminotransferase class-III family protein	md:cpsb_M00846	I	721058	722347	-
Chlamydia psittaci 84/55	cpsb	B595_0600	NA	polyprenyl P-hydroxybenzoate and phenylacrylic acid decarboxylase family protein	md:cpsb_M00849	I	588471	589049	+
Chlamydia psittaci 84/55	cpsb	B595_0153	glgC	glucose-1-phosphate adenylyltransferase	md:cpsb_M00854	I	140308	141636	+
Chlamydia psittaci 84/55	cpsb	B595_0304	glgB	1,4-alpha-glucan branching enzyme	md:cpsb_M00854	I	287781	289607	+
Chlamydia psittaci 84/55	cpsb	B595_0941	glgA	glycogen/starch synthase	md:cpsb_M00854	I	944617	946044	+
Chlamydia psittaci 84/55	cpsb	B595_0530	malQ	4-alpha-glucanotransferase	md:cpsb_M00855	I	513838	515430	-
Chlamydia psittaci 84/55	cpsb	B595_0552	glgP	glycogen/starch/alpha-glucan phosphorylase family protein	md:cpsb_M00855	I	536986	539436	+
Chlamydia psittaci 84/55	cpsb	B595_0105	lpxC	UDP-3-O-[3-hydroxymyristoyl] N-acetylglucosamine deacetylase	md:cpsb_M00866	I	103950	104792	+
Chlamydia psittaci 84/55	cpsb	B595_0107	lpxA	acyl-[acyl-carrier-protein]-UDP-N-acetylglucosamine O-acyltransferase	md:cpsb_M00866	I	105281	106120	+
Chlamydia psittaci 84/55	cpsb	B595_0250	lpxK	tetraacyldisaccharide 4'-kinase	md:cpsb_M00866	I	232386	233489	+
Chlamydia psittaci 84/55	cpsb	B595_0557	lpxD	UDP-3-O-[3-hydroxymyristoyl] glucosamine N-acyltransferase	md:cpsb_M00866	I	544004	545086	-
Chlamydia psittaci 84/55	cpsb	B595_0707	NA	3-Deoxy-D-manno-octulosonic-acid transferase family protein	md:cpsb_M00866	I	688273	689472	-
Chlamydia psittaci 84/55	cpsb	B595_0776	NA	bacterial lipid A biosynthesis acyltransferase family protein	md:cpsb_M00866	I	768688	770025	+
Chlamydia psittaci 84/55	cpsb	B595_0907	lpxB	lipid-A-disaccharide synthase	md:cpsb_M00866	I	907494	909377	+
Chlamydia psittaci 84/55	cpsb	B595_0001	hemB	delta-aminolevulinic acid dehydratase	md:cpsb_M00868	I	310	1143	+
Chlamydia psittaci 84/55	cpsb	B595_0157	NA	ferrochelatase	md:cpsb_M00868	I	144013	144825	-
Chlamydia psittaci 84/55	cpsb	B595_0258	NA	uroporphyrinogen-III synthase HemD family protein	md:cpsb_M00868	I	240160	240825	-
Chlamydia psittaci 84/55	cpsb	B595_0393	NA	porphobilinogen deaminase, dipyromethane cofactor binding domain protein	md:cpsb_M00868	I	391158	391895	-
Chlamydia psittaci 84/55	cpsb	B595_1002	NA	uroporphyrinogen decarboxylase family protein	md:cpsb_M00868	I	1007037	1007960	+
Chlamydia psittaci 84/55	cpsb	B595_1004	hemG	protoporphyrinogen oxidase	md:cpsb_M00868	I	1009306	1010574	+
Chlamydia psittaci 84/55	cpsb	B595_0562	fabD	malonyl CoA-acyl carrier protein transacylase	md:cpsb_M00873	I	550032	550958	+
Chlamydia psittaci 84/55	cpsb	B595_0969	fabF	3-oxoacyl-[acyl-carrier-protein] synthase 2	md:cpsb_M00873	I	976380	977630	-
Chlamydia psittaci 84/55	cpsb	B595_0562	fabD	malonyl CoA-acyl carrier protein transacylase	md:cpsb_M00874	I	550032	550958	+
Chlamydia psittaci 84/55	cpsb	B595_0563	fabG	3-oxoacyl-(acyl-carrier-protein) reductase	md:cpsb_M00874	I	550963	551709	+
Chlamydia psittaci 84/55	cpsb	B595_0824	NA	short chain dehydrogenase family protein	md:cpsb_M00874	I	822498	823337	+
Chlamydia psittaci 84/55	cpsb	B595_0969	fabF	3-oxoacyl-[acyl-carrier-protein] synthase 2	md:cpsb_M00874	I	976380	977630	-
Chlamydia psittaci 84/55	cpsb	B595_1069	lipA	lipoic acid synthetase	md:cpsb_M00881	I	1085041	1085973	+
Chlamydia psittaci 84/55	cpsb	B595_1069	lipA	lipoic acid synthetase	md:cpsb_M00882	I	1085041	1085973	+
Chlamydia psittaci 84/55	cpsb	B595_1069	lipA	lipoic acid synthetase	md:cpsb_M00883	I	1085041	1085973	+
Chlamydia psittaci 84/55	cpsb	B595_1069	lipA	lipoic acid synthetase	md:cpsb_M00884	I	1085041	1085973	+
Chlamydia psittaci 84/55	cpsb	B595_0237	thiE	thiamine-phosphate pyrophosphorylase	md:cpsb_M00895	I	215884	216522	+
Chlamydia psittaci 84/55	cpsb	B595_0237	thiE	thiamine-phosphate pyrophosphorylase	md:cpsb_M00896	I	215884	216522	+
Chlamydia psittaci 84/55	cpsb	B595_0237	thiE	thiamine-phosphate pyrophosphorylase	md:cpsb_M00899	I	215884	216522	+
Chlamydia psittaci 84/55	cpsb	B595_0238	NA	hydroxyethylthiazole kinase family protein	md:cpsb_M00899	I	216516	217304	+
Chlamydia psittaci 84/55	cpsb	B595_0843	NA	phosphoglucose isomerase family protein	md:cpsb_M00909	I	841740	843332	-
Chlamydia psittaci 84/55	cpsb	B595_0904	glmS	glutamine-fructose-6-phosphate transaminase	md:cpsb_M00909	I	902373	904202	-
Chlamydia psittaci 84/55	cpsb	B595_0905	glmM	phosphoglucosamine mutase	md:cpsb_M00909	I	904211	905587	-
Chlamydia psittaci 84/55	cpsb	B595_0247	ribE	riboflavin synthase, alpha subunit	md:cpsb_M00911	I	229919	230512	+
Chlamydia psittaci 84/55	cpsb	B595_1025	ribH	6,7-dimethyl-8-ribityllumazine synthase	md:cpsb_M00911	I	1033520	1033984	-
Chlamydia psittaci 84/55	cpsb	B595_0001	hemB	delta-aminolevulinic acid dehydratase	md:cpsb_M00926	I	310	1143	+
Chlamydia psittaci 84/55	cpsb	B595_0036	NA	glutamyl-tRNAGlu reductase, N-terminal domain protein	md:cpsb_M00926	I	38156	39070	+
Chlamydia psittaci 84/55	cpsb	B595_0157	NA	ferrochelatase	md:cpsb_M00926	I	144013	144825	-
Chlamydia psittaci 84/55	cpsb	B595_0258	NA	uroporphyrinogen-III synthase HemD family protein	md:cpsb_M00926	I	240160	240825	-
Chlamydia psittaci 84/55	cpsb	B595_0393	NA	porphobilinogen deaminase, dipyromethane cofactor binding domain protein	md:cpsb_M00926	I	391158	391895	-
Chlamydia psittaci 84/55	cpsb	B595_0732	NA	aminotransferase class-III family protein	md:cpsb_M00926	I	721058	722347	-
Chlamydia psittaci 84/55	cpsb	B595_1002	NA	uroporphyrinogen decarboxylase family protein	md:cpsb_M00926	I	1007037	1007960	+
Chlamydia psittaci 84/55	cpsb	B595_1004	hemG	protoporphyrinogen oxidase	md:cpsb_M00926	I	1009306	1010574	+
Chlamydia psittaci 84/55	cpsb	B595_0265	NA	radical SAM superfamily protein	md:cpsb_M00930	I	246536	247648	-
Chlamydia psittaci 84/55	cpsb	B595_0974	NA	putative radical SAM domain protein	md:cpsb_M00930	I	980456	981517	+
Chlamydia psittaci 84/55	cpsb	B595_0265	NA	radical SAM superfamily protein	md:cpsb_M00931	I	246536	247648	-
Chlamydia psittaci 84/55	cpsb	B595_0974	NA	putative radical SAM domain protein	md:cpsb_M00931	I	980456	981517	+
Chlamydia psittaci 84/55	cpsb	B595_0140	ndk	nucleoside diphosphate kinase	md:cpsb_M00938	I	125325	125750	+
Chlamydia psittaci 84/55	cpsb	B595_0400	dut	dUTP diphosphatase family protein	md:cpsb_M00938	I	398239	398682	+
Chlamydia psittaci 84/55	cpsb	B595_0589	NA	thymidylate kinase	md:cpsb_M00938	I	579691	580092	+
Chlamydia psittaci 84/55	cpsb	B595_0890	NA	ribonucleotide reductase, small chain family protein	md:cpsb_M00938	I	884440	885480	-
Chlamydia psittaci 84/55	cpsb	B595_0891	NA	ribonucleoside-diphosphate reductase, alpha subunit	md:cpsb_M00938	I	885504	888641	-
Chlamydia psittaci 84/55	cpsb	B595_0825	bioB	biotin synthase	md:cpsb_M00950	I	823586	824581	+
Chlamydia psittaci 84/55	cpsb	B595_0826	NA	aminotransferase class I and II family protein	md:cpsb_M00950	I	824560	825708	+
Chlamydia psittaci 84/55	cpsb	B595_0827	bioD	dethiobiotin synthase	md:cpsb_M00950	I	825693	826310	+
