Clostridium perfringens ATCC 13124	cpf	CPF_0076	NA	putative glucokinase	md:cpf_M00001	I	90897	91844	+
Clostridium perfringens ATCC 13124	cpf	CPF_0081	NA	putative fructose-bisphosphate aldolase, class II	md:cpf_M00001	I	96656	97501	+
Clostridium perfringens ATCC 13124	cpf	CPF_0350	pfkA	6-phosphofructokinase	md:cpf_M00001	I	418374	419333	+
Clostridium perfringens ATCC 13124	cpf	CPF_0351	pyk	pyruvate kinase	md:cpf_M00001	I	419427	420830	+
Clostridium perfringens ATCC 13124	cpf	CPF_1281	NA	pyruvate kinase barrel domain protein	md:cpf_M00001	I	1453478	1454560	+
Clostridium perfringens ATCC 13124	cpf	CPF_1389	NA	phosphofructokinase family protein	md:cpf_M00001	I	1562304	1563401	-
Clostridium perfringens ATCC 13124	cpf	CPF_1505	eno	enolase	md:cpf_M00001	I	1718717	1720012	-
Clostridium perfringens ATCC 13124	cpf	CPF_1508	gpmI	phosphoglycerate mutase, 2,3-bisphosphoglycerate-independent	md:cpf_M00001	I	1722763	1724301	-
Clostridium perfringens ATCC 13124	cpf	CPF_1509	tpiA	triosephosphate isomerase	md:cpf_M00001	I	1724426	1725172	-
Clostridium perfringens ATCC 13124	cpf	CPF_1510	pgk	phosphoglycerate kinase	md:cpf_M00001	I	1725416	1726609	-
Clostridium perfringens ATCC 13124	cpf	CPF_1511	gap	glyceraldehyde-3-phosphate dehydrogenase, type I	md:cpf_M00001	I	1726753	1727751	-
Clostridium perfringens ATCC 13124	cpf	CPF_1557	fba	fructose-1,6-bisphosphate aldolase, class II	md:cpf_M00001	I	1777354	1778220	+
Clostridium perfringens ATCC 13124	cpf	CPF_1718	NA	phosphofructokinase family protein	md:cpf_M00001	I	1941146	1942348	+
Clostridium perfringens ATCC 13124	cpf	CPF_2404	pyk	pyruvate kinase	md:cpf_M00001	I	2674816	2676240	+
Clostridium perfringens ATCC 13124	cpf	CPF_2549	pgi	glucose-6-phosphate isomerase	md:cpf_M00001	I	2809141	2810493	-
Clostridium perfringens ATCC 13124	cpf	CPF_0351	pyk	pyruvate kinase	md:cpf_M00002	I	419427	420830	+
Clostridium perfringens ATCC 13124	cpf	CPF_1281	NA	pyruvate kinase barrel domain protein	md:cpf_M00002	I	1453478	1454560	+
Clostridium perfringens ATCC 13124	cpf	CPF_1505	eno	enolase	md:cpf_M00002	I	1718717	1720012	-
Clostridium perfringens ATCC 13124	cpf	CPF_1508	gpmI	phosphoglycerate mutase, 2,3-bisphosphoglycerate-independent	md:cpf_M00002	I	1722763	1724301	-
Clostridium perfringens ATCC 13124	cpf	CPF_1509	tpiA	triosephosphate isomerase	md:cpf_M00002	I	1724426	1725172	-
Clostridium perfringens ATCC 13124	cpf	CPF_1510	pgk	phosphoglycerate kinase	md:cpf_M00002	I	1725416	1726609	-
Clostridium perfringens ATCC 13124	cpf	CPF_1511	gap	glyceraldehyde-3-phosphate dehydrogenase, type I	md:cpf_M00002	I	1726753	1727751	-
Clostridium perfringens ATCC 13124	cpf	CPF_2404	pyk	pyruvate kinase	md:cpf_M00002	I	2674816	2676240	+
Clostridium perfringens ATCC 13124	cpf	CPF_0081	NA	putative fructose-bisphosphate aldolase, class II	md:cpf_M00003	I	96656	97501	+
Clostridium perfringens ATCC 13124	cpf	CPF_1505	eno	enolase	md:cpf_M00003	I	1718717	1720012	-
Clostridium perfringens ATCC 13124	cpf	CPF_1508	gpmI	phosphoglycerate mutase, 2,3-bisphosphoglycerate-independent	md:cpf_M00003	I	1722763	1724301	-
Clostridium perfringens ATCC 13124	cpf	CPF_1509	tpiA	triosephosphate isomerase	md:cpf_M00003	I	1724426	1725172	-
Clostridium perfringens ATCC 13124	cpf	CPF_1510	pgk	phosphoglycerate kinase	md:cpf_M00003	I	1725416	1726609	-
Clostridium perfringens ATCC 13124	cpf	CPF_1511	gap	glyceraldehyde-3-phosphate dehydrogenase, type I	md:cpf_M00003	I	1726753	1727751	-
Clostridium perfringens ATCC 13124	cpf	CPF_1557	fba	fructose-1,6-bisphosphate aldolase, class II	md:cpf_M00003	I	1777354	1778220	+
Clostridium perfringens ATCC 13124	cpf	CPF_0292	NA	putative transketolase, N-terminal subunit	md:cpf_M00004	I	348296	349120	+
Clostridium perfringens ATCC 13124	cpf	CPF_0293	NA	putative transketolase, C-terminal subunit	md:cpf_M00004	I	349120	350064	+
Clostridium perfringens ATCC 13124	cpf	CPF_0684	NA	putative transaldolase	md:cpf_M00004	I	816248	816895	+
Clostridium perfringens ATCC 13124	cpf	CPF_1232	NA	conserved hypothetical protein	md:cpf_M00004	I	1400550	1401569	-
Clostridium perfringens ATCC 13124	cpf	CPF_1989	rpe	ribulose-phosphate 3-epimerase	md:cpf_M00004	I	2227885	2228538	-
Clostridium perfringens ATCC 13124	cpf	CPF_2463	rpiB	ribose 5-phosphate isomerase B	md:cpf_M00004	I	2732648	2733097	-
Clostridium perfringens ATCC 13124	cpf	CPF_2549	pgi	glucose-6-phosphate isomerase	md:cpf_M00004	I	2809141	2810493	-
Clostridium perfringens ATCC 13124	cpf	CPF_1800	prs	ribose-phosphate pyrophosphokinase	md:cpf_M00005	I	2031504	2032598	+
Clostridium perfringens ATCC 13124	cpf	CPF_2812	prsA	ribose-phosphate pyrophosphokinase	md:cpf_M00005	I	3072782	3073741	-
Clostridium perfringens ATCC 13124	cpf	CPF_1232	NA	conserved hypothetical protein	md:cpf_M00006	I	1400550	1401569	-
Clostridium perfringens ATCC 13124	cpf	CPF_0292	NA	putative transketolase, N-terminal subunit	md:cpf_M00007	I	348296	349120	+
Clostridium perfringens ATCC 13124	cpf	CPF_0293	NA	putative transketolase, C-terminal subunit	md:cpf_M00007	I	349120	350064	+
Clostridium perfringens ATCC 13124	cpf	CPF_0684	NA	putative transaldolase	md:cpf_M00007	I	816248	816895	+
Clostridium perfringens ATCC 13124	cpf	CPF_1989	rpe	ribulose-phosphate 3-epimerase	md:cpf_M00007	I	2227885	2228538	-
Clostridium perfringens ATCC 13124	cpf	CPF_2463	rpiB	ribose 5-phosphate isomerase B	md:cpf_M00007	I	2732648	2733097	-
Clostridium perfringens ATCC 13124	cpf	CPF_0397	NA	2-dehydro-3-deoxyphosphogluconate aldolase/4-hydroxy-2-oxoglutarate aldolase	md:cpf_M00008	I	478427	479068	+
Clostridium perfringens ATCC 13124	cpf	CPF_1232	NA	conserved hypothetical protein	md:cpf_M00008	I	1400550	1401569	-
Clostridium perfringens ATCC 13124	cpf	CPF_0092	NA	butyryl-CoA dehydrogenase	md:cpf_M00013	I	110040	111176	+
Clostridium perfringens ATCC 13124	cpf	CPF_2584	bcd	butyryl-CoA dehydrogenase	md:cpf_M00013	I	2849283	2850422	-
Clostridium perfringens ATCC 13124	cpf	CPF_0732	NA	L-iditol 2-dehydrogenase	md:cpf_M00014	I	870578	871624	+
Clostridium perfringens ATCC 13124	cpf	CPF_2903	proA	gamma-glutamyl phosphate reductase	md:cpf_M00015	I	3175890	3177137	-
Clostridium perfringens ATCC 13124	cpf	CPF_2904	proB	glutamate 5-kinase	md:cpf_M00015	I	3177140	3177949	-
Clostridium perfringens ATCC 13124	cpf	CPF_2969	proC	pyrroline-5-carboxylate reductase	md:cpf_M00015	I	3231860	3232660	-
Clostridium perfringens ATCC 13124	cpf	CPF_0576	lysA	diaminopimelate decarboxylase	md:cpf_M00016	I	690485	691780	+
Clostridium perfringens ATCC 13124	cpf	CPF_1421	NA	putative dipeptidase	md:cpf_M00016	I	1602430	1603827	-
Clostridium perfringens ATCC 13124	cpf	CPF_1932	NA	aspartokinase	md:cpf_M00016	I	2169887	2171083	-
Clostridium perfringens ATCC 13124	cpf	CPF_2100	dapF	diaminopimelate epimerase	md:cpf_M00016	I	2331566	2332384	-
Clostridium perfringens ATCC 13124	cpf	CPF_2160	asd	aspartate-semialdehyde dehydrogenase	md:cpf_M00016	I	2397221	2398198	+
Clostridium perfringens ATCC 13124	cpf	CPF_2161	dapA	dihydrodipicolinate synthase	md:cpf_M00016	I	2398223	2399098	+
Clostridium perfringens ATCC 13124	cpf	CPF_2162	dapB	dihydrodipicolinate reductase	md:cpf_M00016	I	2399171	2399935	+
Clostridium perfringens ATCC 13124	cpf	CPF_2165	NA	putative 2,3,4,5-tetrahydropyridine-2,6-dicarboxylate N-succinyltransferase	md:cpf_M00016	I	2402101	2402811	+
Clostridium perfringens ATCC 13124	cpf	CPF_0169	metC	cystathionine beta-lyase	md:cpf_M00017	I	202974	204128	+
Clostridium perfringens ATCC 13124	cpf	CPF_1670	NA	homocysteine S-methyltransferase family protein	md:cpf_M00017	I	1888964	1889803	-
Clostridium perfringens ATCC 13124	cpf	CPF_1932	NA	aspartokinase	md:cpf_M00017	I	2169887	2171083	-
Clostridium perfringens ATCC 13124	cpf	CPF_2160	asd	aspartate-semialdehyde dehydrogenase	md:cpf_M00017	I	2397221	2398198	+
Clostridium perfringens ATCC 13124	cpf	CPF_1932	NA	aspartokinase	md:cpf_M00018	I	2169887	2171083	-
Clostridium perfringens ATCC 13124	cpf	CPF_2160	asd	aspartate-semialdehyde dehydrogenase	md:cpf_M00018	I	2397221	2398198	+
Clostridium perfringens ATCC 13124	cpf	CPF_1772	ilvE	branched-chain amino acid aminotransferase	md:cpf_M00019	I	1997463	1998488	+
Clostridium perfringens ATCC 13124	cpf	CPF_0061	NA	putative D-3-phosphoglycerate dehydrogenase	md:cpf_M00020	I	64678	65583	+
Clostridium perfringens ATCC 13124	cpf	CPF_0170	NA	cysteine synthase family protein	md:cpf_M00021	I	204115	205023	+
Clostridium perfringens ATCC 13124	cpf	CPF_1528	cysE	serine O-acetyltransferase	md:cpf_M00021	I	1745929	1746438	-
Clostridium perfringens ATCC 13124	cpf	CPF_1529	cysK	cysteine synthase A	md:cpf_M00021	I	1746457	1747359	-
Clostridium perfringens ATCC 13124	cpf	CPF_0687	aroF	phospho-2-dehydro-3-deoxyheptonate aldolase	md:cpf_M00022	I	822827	823840	+
Clostridium perfringens ATCC 13124	cpf	CPF_0688	aroB	3-dehydroquinate synthase	md:cpf_M00022	I	823961	825013	+
Clostridium perfringens ATCC 13124	cpf	CPF_0689	aroA	3-phosphoshikimate 1-carboxyvinyltransferase	md:cpf_M00022	I	825206	826480	+
Clostridium perfringens ATCC 13124	cpf	CPF_0690	aroC	chorismate synthase	md:cpf_M00022	I	826544	827617	+
Clostridium perfringens ATCC 13124	cpf	CPF_0693	aroE	shikimate 5-dehydrogenase	md:cpf_M00022	I	828901	829716	+
Clostridium perfringens ATCC 13124	cpf	CPF_0694	aroK	shikimate kinase	md:cpf_M00022	I	829970	830473	+
Clostridium perfringens ATCC 13124	cpf	CPF_0695	aroQ	3-dehydroquinate dehydratase, type II	md:cpf_M00022	I	830540	830974	+
Clostridium perfringens ATCC 13124	cpf	CPF_0691	NA	chorismate mutase	md:cpf_M00024	I	827786	828079	+
Clostridium perfringens ATCC 13124	cpf	CPF_1668	NA	ACT domain protein	md:cpf_M00024	I	1885332	1885769	-
Clostridium perfringens ATCC 13124	cpf	CPF_0691	NA	chorismate mutase	md:cpf_M00025	I	827786	828079	+
Clostridium perfringens ATCC 13124	cpf	CPF_1668	NA	ACT domain protein	md:cpf_M00025	I	1885332	1885769	-
Clostridium perfringens ATCC 13124	cpf	CPF_0801	NA	sensory box protein/histidinol phosphate phosphatase family protein	md:cpf_M00026	I	948869	950743	+
Clostridium perfringens ATCC 13124	cpf	CPF_1229	NA	histidinol phosphate phosphatase family protein	md:cpf_M00026	I	1399095	1399880	+
Clostridium perfringens ATCC 13124	cpf	CPF_1312	hisK	histidinol-phosphatase	md:cpf_M00026	I	1489189	1490013	+
Clostridium perfringens ATCC 13124	cpf	CPF_2137	NA	putative histidinol-phosphatase	md:cpf_M00026	I	2378459	2379247	+
Clostridium perfringens ATCC 13124	cpf	CPF_2315	NA	glutamate decarboxylase	md:cpf_M00027	I	2564797	2566191	-
Clostridium perfringens ATCC 13124	cpf	CPF_0162	argF	ornithine carbamoyltransferase	md:cpf_M00029	I	192972	193967	+
Clostridium perfringens ATCC 13124	cpf	CPF_0682	argH	argininosuccinate lyase	md:cpf_M00029	I	812918	814318	-
Clostridium perfringens ATCC 13124	cpf	CPF_0683	argG	argininosuccinate synthase	md:cpf_M00029	I	814412	815623	-
Clostridium perfringens ATCC 13124	cpf	CPF_1932	NA	aspartokinase	md:cpf_M00033	I	2169887	2171083	-
Clostridium perfringens ATCC 13124	cpf	CPF_2160	asd	aspartate-semialdehyde dehydrogenase	md:cpf_M00033	I	2397221	2398198	+
Clostridium perfringens ATCC 13124	cpf	CPF_0063	mtnN	MTA/SAH nucleosidase	md:cpf_M00034	I	67045	67740	-
Clostridium perfringens ATCC 13124	cpf	CPF_0527	speD	S-adenosylmethionine decarboxylase	md:cpf_M00034	I	624388	625203	+
Clostridium perfringens ATCC 13124	cpf	CPF_0529	speE	spermidine synthase	md:cpf_M00034	I	626690	627541	+
Clostridium perfringens ATCC 13124	cpf	CPF_0978	NA	phosphorylase family protein	md:cpf_M00034	I	1128751	1129536	-
Clostridium perfringens ATCC 13124	cpf	CPF_1305	mtnN	MTA/SAH nucleosidase	md:cpf_M00034	I	1483031	1483831	+
Clostridium perfringens ATCC 13124	cpf	CPF_2011	NA	conserved hypothetical protein	md:cpf_M00034	I	2253139	2253843	-
Clostridium perfringens ATCC 13124	cpf	CPF_2435	metK	S-adenosylmethionine synthetase	md:cpf_M00034	I	2712572	2713747	-
Clostridium perfringens ATCC 13124	cpf	CPF_0139	NA	DNA-cytosine methyltransferase	md:cpf_M00035	I	165074	166159	+
Clostridium perfringens ATCC 13124	cpf	CPF_1017	dcm	DNA-cytosine methyltransferase	md:cpf_M00035	I	1168761	1169984	+
Clostridium perfringens ATCC 13124	cpf	CPF_1018	dcm	DNA-cytosine methyltransferase	md:cpf_M00035	I	1170044	1171384	+
Clostridium perfringens ATCC 13124	cpf	CPF_2435	metK	S-adenosylmethionine synthetase	md:cpf_M00035	I	2712572	2713747	-
Clostridium perfringens ATCC 13124	cpf	CPF_1772	ilvE	branched-chain amino acid aminotransferase	md:cpf_M00036	I	1997463	1998488	+
Clostridium perfringens ATCC 13124	cpf	CPF_0671	NA	phosphoribosylformylglycinamidine synthase	md:cpf_M00048	I	799183	802983	+
Clostridium perfringens ATCC 13124	cpf	CPF_0672	purE	phosphoribosylaminoimidazole carboxylase, catalytic subunit	md:cpf_M00048	I	803294	803773	+
Clostridium perfringens ATCC 13124	cpf	CPF_0673	purC	phosphoribosylaminoimidazole-succinocarboxamide synthase	md:cpf_M00048	I	803773	804480	+
Clostridium perfringens ATCC 13124	cpf	CPF_0674	purF	amidophosphoribosyltransferase	md:cpf_M00048	I	804526	805947	+
Clostridium perfringens ATCC 13124	cpf	CPF_0675	purM	phosphoribosylformylglycinamidine cyclo-ligase	md:cpf_M00048	I	805948	806949	+
Clostridium perfringens ATCC 13124	cpf	CPF_0676	purN	phosphoribosylglycinamide formyltransferase	md:cpf_M00048	I	806937	807551	+
Clostridium perfringens ATCC 13124	cpf	CPF_0677	purH	phosphoribosylaminoimidazolecarboxamide formyltransferase/IMP cyclohydrolase	md:cpf_M00048	I	807564	809069	+
Clostridium perfringens ATCC 13124	cpf	CPF_0678	purD	phosphoribosylamine--glycine ligase	md:cpf_M00048	I	809185	810435	+
Clostridium perfringens ATCC 13124	cpf	CPF_1922	purB	adenylosuccinate lyase	md:cpf_M00048	I	2157713	2159143	-
Clostridium perfringens ATCC 13124	cpf	CPF_1922	purB	adenylosuccinate lyase	md:cpf_M00049	I	2157713	2159143	-
Clostridium perfringens ATCC 13124	cpf	CPF_2227	NA	nucleoside diphosphate kinase	md:cpf_M00049	I	2474812	2475243	-
Clostridium perfringens ATCC 13124	cpf	CPF_2693	adk	adenylate kinase	md:cpf_M00049	I	2963980	2964630	-
Clostridium perfringens ATCC 13124	cpf	CPF_2958	purA	adenylosuccinate synthetase	md:cpf_M00049	I	3222060	3223346	-
Clostridium perfringens ATCC 13124	cpf	CPF_2001	gmk	guanylate kinase	md:cpf_M00050	I	2240603	2241253	-
Clostridium perfringens ATCC 13124	cpf	CPF_2227	NA	nucleoside diphosphate kinase	md:cpf_M00050	I	2474812	2475243	-
Clostridium perfringens ATCC 13124	cpf	CPF_2557	guaA	GMP synthase	md:cpf_M00050	I	2818882	2820411	-
Clostridium perfringens ATCC 13124	cpf	CPF_2558	guaB	inosine-5'-monophosphate dehydrogenase	md:cpf_M00050	I	2820518	2821972	-
Clostridium perfringens ATCC 13124	cpf	CPF_1381	pyrE	orotate phosphoribosyltransferase	md:cpf_M00051	I	1555312	1555890	-
Clostridium perfringens ATCC 13124	cpf	CPF_1382	pyrD	dihydroorotate oxidase	md:cpf_M00051	I	1556039	1556938	-
Clostridium perfringens ATCC 13124	cpf	CPF_1384	pyrF	orotidine 5'-phosphate decarboxylase	md:cpf_M00051	I	1557723	1558586	-
Clostridium perfringens ATCC 13124	cpf	CPF_1385	pyrC	dihydroorotase, multifunctional complex type	md:cpf_M00051	I	1558596	1559795	-
Clostridium perfringens ATCC 13124	cpf	CPF_1387	pyrB	aspartate carbamoyltransferase	md:cpf_M00051	I	1559980	1560903	-
Clostridium perfringens ATCC 13124	cpf	CPF_2897	carB	carbamoyl-phosphate synthase, large subunit	md:cpf_M00051	I	3167173	3170376	-
Clostridium perfringens ATCC 13124	cpf	CPF_2898	carA	carbamoyl-phosphate synthase, small subunit	md:cpf_M00051	I	3170389	3171438	-
Clostridium perfringens ATCC 13124	cpf	CPF_1952	pyrH	uridylate kinase	md:cpf_M00052	I	2191950	2192663	-
Clostridium perfringens ATCC 13124	cpf	CPF_2227	NA	nucleoside diphosphate kinase	md:cpf_M00052	I	2474812	2475243	-
Clostridium perfringens ATCC 13124	cpf	CPF_2472	pyrG	CTP synthase	md:cpf_M00052	I	2741994	2743601	-
Clostridium perfringens ATCC 13124	cpf	CPF_2227	NA	nucleoside diphosphate kinase	md:cpf_M00053	I	2474812	2475243	-
Clostridium perfringens ATCC 13124	cpf	CPF_2670	nrdB	ribonucleoside-diphosphate reductase, beta subunit	md:cpf_M00053	I	2943727	2944761	-
Clostridium perfringens ATCC 13124	cpf	CPF_2671	nrdA	ribonucleoside-diphosphate reductase, alpha subunit	md:cpf_M00053	I	2944857	2947088	-
Clostridium perfringens ATCC 13124	cpf	CPF_0397	NA	2-dehydro-3-deoxyphosphogluconate aldolase/4-hydroxy-2-oxoglutarate aldolase	md:cpf_M00061	I	478427	479068	+
Clostridium perfringens ATCC 13124	cpf	CPF_0398	NA	kinase, pfkB family	md:cpf_M00061	I	479072	480091	+
Clostridium perfringens ATCC 13124	cpf	CPF_0184	nagH	hyaluronoglucosaminidase	md:cpf_M00076	I	217840	222723	+
Clostridium perfringens ATCC 13124	cpf	CPF_0875	NA	putative O-GlcNAcase nagJ	md:cpf_M00076	I	1038706	1042596	+
Clostridium perfringens ATCC 13124	cpf	CPF_1442	nagJ	O-GlcNAcase nagJ	md:cpf_M00076	I	1625168	1628173	-
Clostridium perfringens ATCC 13124	cpf	CPF_1487	NA	putative hyaluronoglucosaminidase	md:cpf_M00076	I	1686237	1689755	-
Clostridium perfringens ATCC 13124	cpf	CPF_0184	nagH	hyaluronoglucosaminidase	md:cpf_M00077	I	217840	222723	+
Clostridium perfringens ATCC 13124	cpf	CPF_0875	NA	putative O-GlcNAcase nagJ	md:cpf_M00077	I	1038706	1042596	+
Clostridium perfringens ATCC 13124	cpf	CPF_1442	nagJ	O-GlcNAcase nagJ	md:cpf_M00077	I	1625168	1628173	-
Clostridium perfringens ATCC 13124	cpf	CPF_1487	NA	putative hyaluronoglucosaminidase	md:cpf_M00077	I	1686237	1689755	-
Clostridium perfringens ATCC 13124	cpf	CPF_1103	NA	glycosyl hydrolase, family 20	md:cpf_M00079	I	1259269	1261191	+
Clostridium perfringens ATCC 13124	cpf	CPF_1614	NA	glycosyl hydrolase, family 20	md:cpf_M00079	I	1823380	1827795	-
Clostridium perfringens ATCC 13124	cpf	CPF_1324	fabH	3-oxoacyl-(acyl-carrier-protein) synthase III	md:cpf_M00082	I	1501355	1502329	+
Clostridium perfringens ATCC 13124	cpf	CPF_1325	fabD	malonyl CoA-acyl carrier protein transacylase	md:cpf_M00082	I	1502426	1503370	+
Clostridium perfringens ATCC 13124	cpf	CPF_1328	accB	acetyl-CoA carboxylase, biotin carboxyl carrier protein	md:cpf_M00082	I	1505382	1505873	+
Clostridium perfringens ATCC 13124	cpf	CPF_1330	accC	acetyl-CoA carboxylase, biotin carboxylase subunit	md:cpf_M00082	I	1506307	1507659	+
Clostridium perfringens ATCC 13124	cpf	CPF_1331	accD	acetyl-CoA carboxylase, carboxyl transferase, beta subunit	md:cpf_M00082	I	1507652	1508530	+
Clostridium perfringens ATCC 13124	cpf	CPF_1332	accA	acetyl-CoA carboxylase, carboxyl transferase, alpha subunit	md:cpf_M00082	I	1508523	1509338	+
Clostridium perfringens ATCC 13124	cpf	CPF_1326	fabG	3-oxoacyl-[acyl-carrier-protein] reductase	md:cpf_M00083	I	1503374	1504114	+
Clostridium perfringens ATCC 13124	cpf	CPF_1327	fabF	3-oxoacyl-(acyl-carrier-protein) synthase II	md:cpf_M00083	I	1504129	1505370	+
Clostridium perfringens ATCC 13124	cpf	CPF_1329	fabZ	beta-hydroxyacyl-(acyl-carrier-protein) dehydratase FabZ	md:cpf_M00083	I	1505876	1506295	+
Clostridium perfringens ATCC 13124	cpf	CPF_2182	NA	3-oxoacyl-(acyl-carrier-protein) reductase family protein	md:cpf_M00083	I	2421988	2422734	-
Clostridium perfringens ATCC 13124	cpf	CPF_2331	NA	alcohol dehydrogenase, short-chain family	md:cpf_M00083	I	2590240	2591409	-
Clostridium perfringens ATCC 13124	cpf	CPF_2460	NA	acetyl-CoA acetyltransferase	md:cpf_M00088	I	2729310	2730488	-
Clostridium perfringens ATCC 13124	cpf	CPF_1526	plsD	sn-glycerol-3-phosphate acyltransferase	md:cpf_M00089	I	1744050	1744754	-
Clostridium perfringens ATCC 13124	cpf	CPF_1671	NA	putative 1-acyl-sn-glycerol-3-phosphate acyltransferase	md:cpf_M00089	I	1890045	1890773	+
Clostridium perfringens ATCC 13124	cpf	CPF_0033	psd	phosphatidylserine decarboxylase	md:cpf_M00093	I	41086	41970	-
Clostridium perfringens ATCC 13124	cpf	CPF_1536	pssA	CDP-diacylglycerol--serine O-phosphatidyltransferase	md:cpf_M00093	I	1753574	1754095	+
Clostridium perfringens ATCC 13124	cpf	CPF_1949	cdsA	phosphatidate cytidylyltransferase	md:cpf_M00093	I	2189741	2190544	-
Clostridium perfringens ATCC 13124	cpf	CPF_2460	NA	acetyl-CoA acetyltransferase	md:cpf_M00095	I	2729310	2730488	-
Clostridium perfringens ATCC 13124	cpf	CPF_1341	ispH	4-hydroxy-3-methylbut-2-enyl diphosphate reductase	md:cpf_M00096	I	1515645	1516493	+
Clostridium perfringens ATCC 13124	cpf	CPF_1946	ispG	4-hydroxy-3-methylbut-2-en-1-yl diphosphate synthase	md:cpf_M00096	I	2186139	2187188	-
Clostridium perfringens ATCC 13124	cpf	CPF_1948	dxr	1-deoxy-D-xylulose 5-phosphate reductoisomerase	md:cpf_M00096	I	2188227	2189381	-
Clostridium perfringens ATCC 13124	cpf	CPF_2073	dxs	1-deoxy-D-xylulose-5-phosphate synthase	md:cpf_M00096	I	2312254	2314113	-
Clostridium perfringens ATCC 13124	cpf	CPF_2476	ispE	4-(cytidine 5'-diphospho)-2-C-methyl-D-erythritol kinase	md:cpf_M00096	I	2746109	2746975	-
Clostridium perfringens ATCC 13124	cpf	CPF_2616	ispF	2C-methyl-D-erythritol 2,4-cyclodiphosphate synthase	md:cpf_M00096	I	2885638	2886108	+
Clostridium perfringens ATCC 13124	cpf	CPF_2739	ispD	2-C-methyl-D-erythritol 4-phosphate cytidylyltransferase	md:cpf_M00096	I	3000499	3001176	-
Clostridium perfringens ATCC 13124	cpf	CPF_1391	manA	mannose-6-phosphate isomerase, class I	md:cpf_M00114	I	1564788	1565765	-
Clostridium perfringens ATCC 13124	cpf	CPF_0382	nadA	quinolinate synthetase complex, A subunit	md:cpf_M00115	I	460631	461536	+
Clostridium perfringens ATCC 13124	cpf	CPF_0383	nadB	L-aspartate oxidase	md:cpf_M00115	I	461541	462860	+
Clostridium perfringens ATCC 13124	cpf	CPF_0384	nadC	nicotinate-nucleotide diphosphorylase (carboxylating)	md:cpf_M00115	I	462817	463656	+
Clostridium perfringens ATCC 13124	cpf	CPF_1314	nadE	glutamine-dependent NAD(+) synthetase	md:cpf_M00115	I	1491920	1493827	-
Clostridium perfringens ATCC 13124	cpf	CPF_2380	nadD	nicotinate nucleotide adenylyltransferase	md:cpf_M00115	I	2651260	2651868	-
Clostridium perfringens ATCC 13124	cpf	CPF_1825	gshAB	glutamate--cysteine ligase/gamma-glutamylcysteine synthetase	md:cpf_M00118	I	2056706	2059042	-
Clostridium perfringens ATCC 13124	cpf	CPF_0788	panE	2-dehydropantoate 2-reductase	md:cpf_M00119	I	937846	938775	+
Clostridium perfringens ATCC 13124	cpf	CPF_1772	ilvE	branched-chain amino acid aminotransferase	md:cpf_M00119	I	1997463	1998488	+
Clostridium perfringens ATCC 13124	cpf	CPF_1982	coaD	pantetheine-phosphate adenylyltransferase	md:cpf_M00120	I	2221209	2221703	-
Clostridium perfringens ATCC 13124	cpf	CPF_1999	coaBC	phosphopantothenoylcysteine decarboxylase/phosphopantothenate--cysteine ligase	md:cpf_M00120	I	2239217	2240404	-
Clostridium perfringens ATCC 13124	cpf	CPF_2249	coaE	dephospho-CoA kinase	md:cpf_M00120	I	2496366	2496965	-
Clostridium perfringens ATCC 13124	cpf	CPF_2784	NA	putative transcriptional activator	md:cpf_M00120	I	3046768	3047547	-
Clostridium perfringens ATCC 13124	cpf	CPF_1255	gltX	glutamyl-tRNA synthetase	md:cpf_M00121	I	1429551	1431209	+
Clostridium perfringens ATCC 13124	cpf	CPF_1685	hemL	glutamate-1-semialdehyde-2,1-aminomutase	md:cpf_M00121	I	1906828	1908105	-
Clostridium perfringens ATCC 13124	cpf	CPF_1686	hemB	delta-aminolevulinic acid dehydratase	md:cpf_M00121	I	1908168	1909133	-
Clostridium perfringens ATCC 13124	cpf	CPF_1687	hemD	uroporphyrinogen-III methyltransferase/synthase	md:cpf_M00121	I	1909190	1910668	-
Clostridium perfringens ATCC 13124	cpf	CPF_1688	hemC	porphobilinogen deaminase	md:cpf_M00121	I	1910677	1911552	-
Clostridium perfringens ATCC 13124	cpf	CPF_1690	hemA	glutamyl-tRNA reductase	md:cpf_M00121	I	1912236	1913438	-
Clostridium perfringens ATCC 13124	cpf	CPF_1178	NA	putative ATP:cob(I)alamin adenosyltransferase	md:cpf_M00122	I	1343562	1344074	+
Clostridium perfringens ATCC 13124	cpf	CPF_1289	cobT	nicotinate-nucleotide--dimethylbenzimidazole phosphoribosyltransferase	md:cpf_M00122	I	1463088	1464173	+
Clostridium perfringens ATCC 13124	cpf	CPF_1290	NA	hypothetical protein	md:cpf_M00122	I	1464211	1464771	+
Clostridium perfringens ATCC 13124	cpf	CPF_1291	cobS	cobalamin-5-phosphate synthase	md:cpf_M00122	I	1464755	1465510	+
Clostridium perfringens ATCC 13124	cpf	CPF_1293	NA	phosphoglycerate mutase family protein	md:cpf_M00122	I	1465909	1466553	+
Clostridium perfringens ATCC 13124	cpf	CPF_1294	cobB	cobalamin biosynthesis protein CobB	md:cpf_M00122	I	1466556	1467503	+
Clostridium perfringens ATCC 13124	cpf	CPF_1300	cobQ	cobyric acid synthase CobQ	md:cpf_M00122	I	1472506	1473969	+
Clostridium perfringens ATCC 13124	cpf	CPF_2164	NA	putative cob(I)alamin adenosyltransferase	md:cpf_M00122	I	2401371	2401907	-
Clostridium perfringens ATCC 13124	cpf	CPF_1794	bioD	dethiobiotin synthase	md:cpf_M00123	I	2021762	2022448	-
Clostridium perfringens ATCC 13124	cpf	CPF_1795	bioB	biotin synthase	md:cpf_M00123	I	2022451	2023410	-
Clostridium perfringens ATCC 13124	cpf	CPF_2775	NA	radical SAM domain protein	md:cpf_M00123	I	3036438	3037481	+
Clostridium perfringens ATCC 13124	cpf	CPF_0546	ribD	riboflavin biosynthesis protein RibD	md:cpf_M00125	I	651933	653048	+
Clostridium perfringens ATCC 13124	cpf	CPF_0547	ribE	riboflavin synthase, alpha subunit	md:cpf_M00125	I	653070	653723	+
Clostridium perfringens ATCC 13124	cpf	CPF_0548	ribA	riboflavin biosynthesis protein RibA	md:cpf_M00125	I	653875	655074	+
Clostridium perfringens ATCC 13124	cpf	CPF_0549	ribH	6,7-dimethyl-8-ribityllumazine synthase	md:cpf_M00125	I	655201	655662	+
Clostridium perfringens ATCC 13124	cpf	CPF_1936	ribF	riboflavin biosynthesis protein RibF	md:cpf_M00125	I	2174086	2175015	-
Clostridium perfringens ATCC 13124	cpf	CPF_0051	folA	dihydrofolate reductase	md:cpf_M00126	I	57107	57592	-
Clostridium perfringens ATCC 13124	cpf	CPF_1274	folE	GTP cyclohydrolase I	md:cpf_M00126	I	1449301	1449858	+
Clostridium perfringens ATCC 13124	cpf	CPF_1276	folP	dihydropteroate synthase	md:cpf_M00126	I	1450370	1451179	+
Clostridium perfringens ATCC 13124	cpf	CPF_1277	folBK	dihydroneopterin aldolase/2-amino-4-hydroxy-6-hydroxymethyldihydropteridine pyrophosphokinase	md:cpf_M00126	I	1451192	1452013	+
Clostridium perfringens ATCC 13124	cpf	CPF_2174	folC	FolC bifunctional protein	md:cpf_M00126	I	2410910	2412235	-
Clostridium perfringens ATCC 13124	cpf	CPF_0106	NA	putative thiazole biosynthesis protein ThiH	md:cpf_M00127	I	126740	128161	-
Clostridium perfringens ATCC 13124	cpf	CPF_0670	thiC	thiamine biosynthesis protein ThiC	md:cpf_M00127	I	797635	798945	+
Clostridium perfringens ATCC 13124	cpf	CPF_1543	thiE	thiamine-phosphate pyrophosphorylase	md:cpf_M00127	I	1761681	1762304	-
Clostridium perfringens ATCC 13124	cpf	CPF_1545	thiD	phosphomethylpyrimidine kinase	md:cpf_M00127	I	1763106	1763900	-
Clostridium perfringens ATCC 13124	cpf	CPF_1666	thiI	thiamine biosynthesis/tRNA modification protein ThiI	md:cpf_M00127	I	1882859	1884016	-
Clostridium perfringens ATCC 13124	cpf	CPF_1852	NA	thiamine monophosphate synthase family protein	md:cpf_M00127	I	2088792	2089373	-
Clostridium perfringens ATCC 13124	cpf	CPF_1853	thiH	thiazole biosynthesis protein ThiH	md:cpf_M00127	I	2089404	2090507	-
Clostridium perfringens ATCC 13124	cpf	CPF_1854	thiG	thiazole biosynthesis protein ThiG	md:cpf_M00127	I	2090520	2091284	-
Clostridium perfringens ATCC 13124	cpf	CPF_1855	thiF	thiamine biosynthesis protein ThiF	md:cpf_M00127	I	2091413	2092012	-
Clostridium perfringens ATCC 13124	cpf	CPF_1856	thiS	thiamine biosynthesis protein ThiS	md:cpf_M00127	I	2092292	2092486	-
Clostridium perfringens ATCC 13124	cpf	CPF_0483	galU	UTP-glucose-1-phosphate uridylyltransferase	md:cpf_M00129	I	572270	573190	+
Clostridium perfringens ATCC 13124	cpf	CPF_0487	galU	UTP-glucose-1-phosphate uridylyltransferase	md:cpf_M00129	I	578221	579165	+
Clostridium perfringens ATCC 13124	cpf	CPF_0527	speD	S-adenosylmethionine decarboxylase	md:cpf_M00133	I	624388	625203	+
Clostridium perfringens ATCC 13124	cpf	CPF_0529	speE	spermidine synthase	md:cpf_M00133	I	626690	627541	+
Clostridium perfringens ATCC 13124	cpf	CPF_0530	speB	agmatinase	md:cpf_M00133	I	627528	628385	+
Clostridium perfringens ATCC 13124	cpf	CPF_2610	NA	aldehyde dehydrogenase family protein	md:cpf_M00135	I	2879085	2880461	-
Clostridium perfringens ATCC 13124	cpf	CPF_2077	folD	folD bifunctional protein	md:cpf_M00140	I	2316446	2317279	-
Clostridium perfringens ATCC 13124	cpf	CPF_2123	NA	methenyltetrahydrofolate cyclohydrolase	md:cpf_M00140	I	2354132	2354767	-
Clostridium perfringens ATCC 13124	cpf	CPF_2184	glyA	serine hydroxymethyltransferase	md:cpf_M00140	I	2424050	2425282	-
Clostridium perfringens ATCC 13124	cpf	CPF_2785	fhs	formate--tetrahydrofolate ligase	md:cpf_M00140	I	3047750	3049420	-
Clostridium perfringens ATCC 13124	cpf	CPF_2451	atpC	ATP synthase F1, epsilon subunit	md:cpf_M00157	I	2721869	2722270	-
Clostridium perfringens ATCC 13124	cpf	CPF_2452	atpD	ATP synthase F1, beta subunit	md:cpf_M00157	I	2722286	2723683	-
Clostridium perfringens ATCC 13124	cpf	CPF_2453	atpG	ATP synthase F1, gamma subunit	md:cpf_M00157	I	2723697	2724548	-
Clostridium perfringens ATCC 13124	cpf	CPF_2454	atpA	ATP synthase F1, alpha subunit	md:cpf_M00157	I	2724613	2726121	-
Clostridium perfringens ATCC 13124	cpf	CPF_2455	atpH	ATP synthase F1, delta subunit	md:cpf_M00157	I	2726132	2726671	-
Clostridium perfringens ATCC 13124	cpf	CPF_2456	atpF	ATP synthase F0, B subunit	md:cpf_M00157	I	2726674	2727153	-
Clostridium perfringens ATCC 13124	cpf	CPF_2457	atpE	ATP synthase F0, C subunit	md:cpf_M00157	I	2727253	2727471	-
Clostridium perfringens ATCC 13124	cpf	CPF_2458	atpB	ATP synthase F0, A subunit	md:cpf_M00157	I	2727532	2728206	-
Clostridium perfringens ATCC 13124	cpf	CPF_1888	NA	V-type ATPase, D subunit	md:cpf_M00159	I	2123730	2124374	-
Clostridium perfringens ATCC 13124	cpf	CPF_1889	NA	V-type ATPase, B subunit	md:cpf_M00159	I	2124377	2125759	-
Clostridium perfringens ATCC 13124	cpf	CPF_1890	NA	V-type ATPase, A subunit	md:cpf_M00159	I	2125752	2127527	-
Clostridium perfringens ATCC 13124	cpf	CPF_1891	NA	V-type ATPase, G subunit	md:cpf_M00159	I	2127544	2127861	-
Clostridium perfringens ATCC 13124	cpf	CPF_1892	NA	V-type ATPase, C subunit	md:cpf_M00159	I	2127848	2128855	-
Clostridium perfringens ATCC 13124	cpf	CPF_1893	NA	V-type ATPase, E subunit	md:cpf_M00159	I	2128868	2129464	-
Clostridium perfringens ATCC 13124	cpf	CPF_1894	NA	V-type ATPase, K subunit	md:cpf_M00159	I	2129495	2129989	-
Clostridium perfringens ATCC 13124	cpf	CPF_1895	NA	V-type ATPase, I subunit	md:cpf_M00159	I	2130044	2131993	-
Clostridium perfringens ATCC 13124	cpf	CPF_1896	NA	ATP synthase homolog	md:cpf_M00159	I	2131980	2132306	-
Clostridium perfringens ATCC 13124	cpf	CPF_0081	NA	putative fructose-bisphosphate aldolase, class II	md:cpf_M00165	I	96656	97501	+
Clostridium perfringens ATCC 13124	cpf	CPF_0292	NA	putative transketolase, N-terminal subunit	md:cpf_M00165	I	348296	349120	+
Clostridium perfringens ATCC 13124	cpf	CPF_0293	NA	putative transketolase, C-terminal subunit	md:cpf_M00165	I	349120	350064	+
Clostridium perfringens ATCC 13124	cpf	CPF_1510	pgk	phosphoglycerate kinase	md:cpf_M00165	I	1725416	1726609	-
Clostridium perfringens ATCC 13124	cpf	CPF_1511	gap	glyceraldehyde-3-phosphate dehydrogenase, type I	md:cpf_M00165	I	1726753	1727751	-
Clostridium perfringens ATCC 13124	cpf	CPF_1557	fba	fructose-1,6-bisphosphate aldolase, class II	md:cpf_M00165	I	1777354	1778220	+
Clostridium perfringens ATCC 13124	cpf	CPF_2463	rpiB	ribose 5-phosphate isomerase B	md:cpf_M00165	I	2732648	2733097	-
Clostridium perfringens ATCC 13124	cpf	CPF_1510	pgk	phosphoglycerate kinase	md:cpf_M00166	I	1725416	1726609	-
Clostridium perfringens ATCC 13124	cpf	CPF_1511	gap	glyceraldehyde-3-phosphate dehydrogenase, type I	md:cpf_M00166	I	1726753	1727751	-
Clostridium perfringens ATCC 13124	cpf	CPF_0081	NA	putative fructose-bisphosphate aldolase, class II	md:cpf_M00167	I	96656	97501	+
Clostridium perfringens ATCC 13124	cpf	CPF_0292	NA	putative transketolase, N-terminal subunit	md:cpf_M00167	I	348296	349120	+
Clostridium perfringens ATCC 13124	cpf	CPF_0293	NA	putative transketolase, C-terminal subunit	md:cpf_M00167	I	349120	350064	+
Clostridium perfringens ATCC 13124	cpf	CPF_1557	fba	fructose-1,6-bisphosphate aldolase, class II	md:cpf_M00167	I	1777354	1778220	+
Clostridium perfringens ATCC 13124	cpf	CPF_2463	rpiB	ribose 5-phosphate isomerase B	md:cpf_M00167	I	2732648	2733097	-
Clostridium perfringens ATCC 13124	cpf	CPF_1350	ppcA	phosphoenolpyruvate carboxylase	md:cpf_M00168	I	1523375	1524988	+
Clostridium perfringens ATCC 13124	cpf	CPF_2268	ppdK	pyruvate, phosphate dikinase	md:cpf_M00169	I	2517385	2520015	-
Clostridium perfringens ATCC 13124	cpf	CPF_1350	ppcA	phosphoenolpyruvate carboxylase	md:cpf_M00170	I	1523375	1524988	+
Clostridium perfringens ATCC 13124	cpf	CPF_1350	ppcA	phosphoenolpyruvate carboxylase	md:cpf_M00171	I	1523375	1524988	+
Clostridium perfringens ATCC 13124	cpf	CPF_2268	ppdK	pyruvate, phosphate dikinase	md:cpf_M00171	I	2517385	2520015	-
Clostridium perfringens ATCC 13124	cpf	CPF_1350	ppcA	phosphoenolpyruvate carboxylase	md:cpf_M00172	I	1523375	1524988	+
Clostridium perfringens ATCC 13124	cpf	CPF_2268	ppdK	pyruvate, phosphate dikinase	md:cpf_M00172	I	2517385	2520015	-
Clostridium perfringens ATCC 13124	cpf	CPF_1350	ppcA	phosphoenolpyruvate carboxylase	md:cpf_M00173	I	1523375	1524988	+
Clostridium perfringens ATCC 13124	cpf	CPF_2268	ppdK	pyruvate, phosphate dikinase	md:cpf_M00173	I	2517385	2520015	-
Clostridium perfringens ATCC 13124	cpf	CPF_2318	nifJ	pyruvate-flavodoxin oxidoreductase	md:cpf_M00173	I	2570072	2573587	-
Clostridium perfringens ATCC 13124	cpf	CPF_2318	nifJ	pyruvate-flavodoxin oxidoreductase	md:cpf_M00307	I	2570072	2573587	-
Clostridium perfringens ATCC 13124	cpf	CPF_0397	NA	2-dehydro-3-deoxyphosphogluconate aldolase/4-hydroxy-2-oxoglutarate aldolase	md:cpf_M00308	I	478427	479068	+
Clostridium perfringens ATCC 13124	cpf	CPF_0398	NA	kinase, pfkB family	md:cpf_M00308	I	479072	480091	+
Clostridium perfringens ATCC 13124	cpf	CPF_1510	pgk	phosphoglycerate kinase	md:cpf_M00308	I	1725416	1726609	-
Clostridium perfringens ATCC 13124	cpf	CPF_1511	gap	glyceraldehyde-3-phosphate dehydrogenase, type I	md:cpf_M00308	I	1726753	1727751	-
Clostridium perfringens ATCC 13124	cpf	CPF_2748	gapN	glyceraldehyde-3-phosphate dehydrogenase, NADP-dependent	md:cpf_M00308	I	3007991	3009439	-
Clostridium perfringens ATCC 13124	cpf	CPF_0081	NA	putative fructose-bisphosphate aldolase, class II	md:cpf_M00344	I	96656	97501	+
Clostridium perfringens ATCC 13124	cpf	CPF_0095	NA	dihydroxyacetone kinase family protein	md:cpf_M00344	I	113671	115419	+
Clostridium perfringens ATCC 13124	cpf	CPF_1557	fba	fructose-1,6-bisphosphate aldolase, class II	md:cpf_M00344	I	1777354	1778220	+
Clostridium perfringens ATCC 13124	cpf	CPF_0081	NA	putative fructose-bisphosphate aldolase, class II	md:cpf_M00345	I	96656	97501	+
Clostridium perfringens ATCC 13124	cpf	CPF_0350	pfkA	6-phosphofructokinase	md:cpf_M00345	I	418374	419333	+
Clostridium perfringens ATCC 13124	cpf	CPF_1557	fba	fructose-1,6-bisphosphate aldolase, class II	md:cpf_M00345	I	1777354	1778220	+
Clostridium perfringens ATCC 13124	cpf	CPF_1350	ppcA	phosphoenolpyruvate carboxylase	md:cpf_M00346	I	1523375	1524988	+
Clostridium perfringens ATCC 13124	cpf	CPF_1505	eno	enolase	md:cpf_M00346	I	1718717	1720012	-
Clostridium perfringens ATCC 13124	cpf	CPF_2184	glyA	serine hydroxymethyltransferase	md:cpf_M00346	I	2424050	2425282	-
Clostridium perfringens ATCC 13124	cpf	CPF_0208	ackA	acetate kinase	md:cpf_M00357	I	256823	258019	+
Clostridium perfringens ATCC 13124	cpf	CPF_1977	ackA	acetate kinase	md:cpf_M00357	I	2215731	2216927	-
Clostridium perfringens ATCC 13124	cpf	CPF_1978	pta	phosphate acetyltransferase	md:cpf_M00357	I	2217018	2218019	-
Clostridium perfringens ATCC 13124	cpf	CPF_2881	comB	2-phosphosulfolactate phosphatase	md:cpf_M00358	I	3149057	3149800	-
Clostridium perfringens ATCC 13124	cpf	CPF_2074	ispA	geranyltranstransferase	md:cpf_M00364	I	2314134	2315006	-
Clostridium perfringens ATCC 13124	cpf	CPF_2435	metK	S-adenosylmethionine synthetase	md:cpf_M00368	I	2712572	2713747	-
Clostridium perfringens ATCC 13124	cpf	CPF_2460	NA	acetyl-CoA acetyltransferase	md:cpf_M00373	I	2729310	2730488	-
Clostridium perfringens ATCC 13124	cpf	CPF_1350	ppcA	phosphoenolpyruvate carboxylase	md:cpf_M00374	I	1523375	1524988	+
Clostridium perfringens ATCC 13124	cpf	CPF_2460	NA	acetyl-CoA acetyltransferase	md:cpf_M00374	I	2729310	2730488	-
Clostridium perfringens ATCC 13124	cpf	CPF_2460	NA	acetyl-CoA acetyltransferase	md:cpf_M00375	I	2729310	2730488	-
Clostridium perfringens ATCC 13124	cpf	CPF_1328	accB	acetyl-CoA carboxylase, biotin carboxyl carrier protein	md:cpf_M00376	I	1505382	1505873	+
Clostridium perfringens ATCC 13124	cpf	CPF_1330	accC	acetyl-CoA carboxylase, biotin carboxylase subunit	md:cpf_M00376	I	1506307	1507659	+
Clostridium perfringens ATCC 13124	cpf	CPF_1331	accD	acetyl-CoA carboxylase, carboxyl transferase, beta subunit	md:cpf_M00376	I	1507652	1508530	+
Clostridium perfringens ATCC 13124	cpf	CPF_1332	accA	acetyl-CoA carboxylase, carboxyl transferase, alpha subunit	md:cpf_M00376	I	1508523	1509338	+
Clostridium perfringens ATCC 13124	cpf	CPF_2077	folD	folD bifunctional protein	md:cpf_M00377	I	2316446	2317279	-
Clostridium perfringens ATCC 13124	cpf	CPF_2123	NA	methenyltetrahydrofolate cyclohydrolase	md:cpf_M00377	I	2354132	2354767	-
Clostridium perfringens ATCC 13124	cpf	CPF_2785	fhs	formate--tetrahydrofolate ligase	md:cpf_M00377	I	3047750	3049420	-
Clostridium perfringens ATCC 13124	cpf	CPF_0576	lysA	diaminopimelate decarboxylase	md:cpf_M00525	I	690485	691780	+
Clostridium perfringens ATCC 13124	cpf	CPF_1932	NA	aspartokinase	md:cpf_M00525	I	2169887	2171083	-
Clostridium perfringens ATCC 13124	cpf	CPF_2100	dapF	diaminopimelate epimerase	md:cpf_M00525	I	2331566	2332384	-
Clostridium perfringens ATCC 13124	cpf	CPF_2160	asd	aspartate-semialdehyde dehydrogenase	md:cpf_M00525	I	2397221	2398198	+
Clostridium perfringens ATCC 13124	cpf	CPF_2161	dapA	dihydrodipicolinate synthase	md:cpf_M00525	I	2398223	2399098	+
Clostridium perfringens ATCC 13124	cpf	CPF_2162	dapB	dihydrodipicolinate reductase	md:cpf_M00525	I	2399171	2399935	+
Clostridium perfringens ATCC 13124	cpf	CPF_0576	lysA	diaminopimelate decarboxylase	md:cpf_M00526	I	690485	691780	+
Clostridium perfringens ATCC 13124	cpf	CPF_1932	NA	aspartokinase	md:cpf_M00526	I	2169887	2171083	-
Clostridium perfringens ATCC 13124	cpf	CPF_2160	asd	aspartate-semialdehyde dehydrogenase	md:cpf_M00526	I	2397221	2398198	+
Clostridium perfringens ATCC 13124	cpf	CPF_2161	dapA	dihydrodipicolinate synthase	md:cpf_M00526	I	2398223	2399098	+
Clostridium perfringens ATCC 13124	cpf	CPF_2162	dapB	dihydrodipicolinate reductase	md:cpf_M00526	I	2399171	2399935	+
Clostridium perfringens ATCC 13124	cpf	CPF_0576	lysA	diaminopimelate decarboxylase	md:cpf_M00527	I	690485	691780	+
Clostridium perfringens ATCC 13124	cpf	CPF_1932	NA	aspartokinase	md:cpf_M00527	I	2169887	2171083	-
Clostridium perfringens ATCC 13124	cpf	CPF_2100	dapF	diaminopimelate epimerase	md:cpf_M00527	I	2331566	2332384	-
Clostridium perfringens ATCC 13124	cpf	CPF_2160	asd	aspartate-semialdehyde dehydrogenase	md:cpf_M00527	I	2397221	2398198	+
Clostridium perfringens ATCC 13124	cpf	CPF_2161	dapA	dihydrodipicolinate synthase	md:cpf_M00527	I	2398223	2399098	+
Clostridium perfringens ATCC 13124	cpf	CPF_2162	dapB	dihydrodipicolinate reductase	md:cpf_M00527	I	2399171	2399935	+
Clostridium perfringens ATCC 13124	cpf	CPF_0526	NA	nitrite/sulfite reductase homolog	md:cpf_M00531	I	622525	624075	+
Clostridium perfringens ATCC 13124	cpf	CPF_2052	narA	nitrate reductase, catalytic subunit	md:cpf_M00531	I	2290790	2292868	-
Clostridium perfringens ATCC 13124	cpf	CPF_2184	glyA	serine hydroxymethyltransferase	md:cpf_M00532	I	2424050	2425282	-
Clostridium perfringens ATCC 13124	cpf	CPF_0076	NA	putative glucokinase	md:cpf_M00549	I	90897	91844	+
Clostridium perfringens ATCC 13124	cpf	CPF_0483	galU	UTP-glucose-1-phosphate uridylyltransferase	md:cpf_M00549	I	572270	573190	+
Clostridium perfringens ATCC 13124	cpf	CPF_0487	galU	UTP-glucose-1-phosphate uridylyltransferase	md:cpf_M00549	I	578221	579165	+
Clostridium perfringens ATCC 13124	cpf	CPF_2127	NA	phosphoglucomutase/phosphomannomutase family protein	md:cpf_M00549	I	2358203	2359930	-
Clostridium perfringens ATCC 13124	cpf	CPF_0501	NA	PTS system, L-Ascorbate family, IIA component	md:cpf_M00550	I	597293	597736	+
Clostridium perfringens ATCC 13124	cpf	CPF_0502	NA	PTS system, lactose/cellobiose-specific IIB component	md:cpf_M00550	I	597914	598186	+
Clostridium perfringens ATCC 13124	cpf	CPF_0503	NA	PTS system, L-Ascorbate family, IIC component	md:cpf_M00550	I	598227	599498	+
Clostridium perfringens ATCC 13124	cpf	CPF_0643	NA	conserved hypothetical protein	md:cpf_M00550	I	773373	774437	+
Clostridium perfringens ATCC 13124	cpf	CPF_0644	NA	putative PTS system, ascorbate-specific IIA component SgaA	md:cpf_M00550	I	774462	774896	+
Clostridium perfringens ATCC 13124	cpf	CPF_0645	NA	putative PTS system, ascorbate-specific IIC component SgaT	md:cpf_M00550	I	775083	776549	+
Clostridium perfringens ATCC 13124	cpf	CPF_0646	NA	putative PTS system, ascorbate-specific IIB component SgaB	md:cpf_M00550	I	776646	776936	+
Clostridium perfringens ATCC 13124	cpf	CPF_0648	araD	L-ribulose-5-phosphate 4-epimerase	md:cpf_M00550	I	778217	778915	+
Clostridium perfringens ATCC 13124	cpf	CPF_0649	NA	putative hexulose-6-phosphate isomerase	md:cpf_M00550	I	778934	779782	+
Clostridium perfringens ATCC 13124	cpf	CPF_1510	pgk	phosphoglycerate kinase	md:cpf_M00552	I	1725416	1726609	-
Clostridium perfringens ATCC 13124	cpf	CPF_1511	gap	glyceraldehyde-3-phosphate dehydrogenase, type I	md:cpf_M00552	I	1726753	1727751	-
Clostridium perfringens ATCC 13124	cpf	CPF_1552	galK	galactokinase	md:cpf_M00554	I	1771369	1772532	+
Clostridium perfringens ATCC 13124	cpf	CPF_1553	galT	galactose-1-phosphate uridylyltransferase	md:cpf_M00554	I	1772655	1774151	+
Clostridium perfringens ATCC 13124	cpf	CPF_1840	glgB	1,4-alpha-glucan branching enzyme	md:cpf_M00565	I	2076957	2078936	-
Clostridium perfringens ATCC 13124	cpf	CPF_1368	tdcB	threonine dehydratase, catabolic	md:cpf_M00570	I	1544986	1546194	+
Clostridium perfringens ATCC 13124	cpf	CPF_1772	ilvE	branched-chain amino acid aminotransferase	md:cpf_M00570	I	1997463	1998488	+
Clostridium perfringens ATCC 13124	cpf	CPF_1326	fabG	3-oxoacyl-[acyl-carrier-protein] reductase	md:cpf_M00572	I	1503374	1504114	+
Clostridium perfringens ATCC 13124	cpf	CPF_1327	fabF	3-oxoacyl-(acyl-carrier-protein) synthase II	md:cpf_M00572	I	1504129	1505370	+
Clostridium perfringens ATCC 13124	cpf	CPF_1329	fabZ	beta-hydroxyacyl-(acyl-carrier-protein) dehydratase FabZ	md:cpf_M00572	I	1505876	1506295	+
Clostridium perfringens ATCC 13124	cpf	CPF_2182	NA	3-oxoacyl-(acyl-carrier-protein) reductase family protein	md:cpf_M00572	I	2421988	2422734	-
Clostridium perfringens ATCC 13124	cpf	CPF_1794	bioD	dethiobiotin synthase	md:cpf_M00573	I	2021762	2022448	-
Clostridium perfringens ATCC 13124	cpf	CPF_1795	bioB	biotin synthase	md:cpf_M00573	I	2022451	2023410	-
Clostridium perfringens ATCC 13124	cpf	CPF_2775	NA	radical SAM domain protein	md:cpf_M00573	I	3036438	3037481	+
Clostridium perfringens ATCC 13124	cpf	CPF_1794	bioD	dethiobiotin synthase	md:cpf_M00577	I	2021762	2022448	-
Clostridium perfringens ATCC 13124	cpf	CPF_1795	bioB	biotin synthase	md:cpf_M00577	I	2022451	2023410	-
Clostridium perfringens ATCC 13124	cpf	CPF_2775	NA	radical SAM domain protein	md:cpf_M00577	I	3036438	3037481	+
Clostridium perfringens ATCC 13124	cpf	CPF_0208	ackA	acetate kinase	md:cpf_M00579	I	256823	258019	+
Clostridium perfringens ATCC 13124	cpf	CPF_1977	ackA	acetate kinase	md:cpf_M00579	I	2215731	2216927	-
Clostridium perfringens ATCC 13124	cpf	CPF_1978	pta	phosphate acetyltransferase	md:cpf_M00579	I	2217018	2218019	-
Clostridium perfringens ATCC 13124	cpf	CPF_0063	mtnN	MTA/SAH nucleosidase	md:cpf_M00609	I	67045	67740	-
Clostridium perfringens ATCC 13124	cpf	CPF_0171	luxS	autoinducer-2 production protein LuxS	md:cpf_M00609	I	205108	205563	+
Clostridium perfringens ATCC 13124	cpf	CPF_0978	NA	phosphorylase family protein	md:cpf_M00609	I	1128751	1129536	-
Clostridium perfringens ATCC 13124	cpf	CPF_1305	mtnN	MTA/SAH nucleosidase	md:cpf_M00609	I	1483031	1483831	+
Clostridium perfringens ATCC 13124	cpf	CPF_2435	metK	S-adenosylmethionine synthetase	md:cpf_M00609	I	2712572	2713747	-
Clostridium perfringens ATCC 13124	cpf	CPF_2556	NA	major facilitator family transporter	md:cpf_M00615	I	2817237	2818529	+
Clostridium perfringens ATCC 13124	cpf	CPF_1388	NA	putative beta-lactamase	md:cpf_M00627	I	1561294	1562073	-
Clostridium perfringens ATCC 13124	cpf	CPF_0397	NA	2-dehydro-3-deoxyphosphogluconate aldolase/4-hydroxy-2-oxoglutarate aldolase	md:cpf_M00631	I	478427	479068	+
Clostridium perfringens ATCC 13124	cpf	CPF_0398	NA	kinase, pfkB family	md:cpf_M00631	I	479072	480091	+
Clostridium perfringens ATCC 13124	cpf	CPF_0282	galE	UDP-glucose 4-epimerase	md:cpf_M00632	I	337074	338060	-
Clostridium perfringens ATCC 13124	cpf	CPF_0486	galE	UDP-glucose 4-epimerase	md:cpf_M00632	I	576923	577939	+
Clostridium perfringens ATCC 13124	cpf	CPF_1551	NA	aldose 1-epimerase	md:cpf_M00632	I	1770121	1771143	-
Clostridium perfringens ATCC 13124	cpf	CPF_1552	galK	galactokinase	md:cpf_M00632	I	1771369	1772532	+
Clostridium perfringens ATCC 13124	cpf	CPF_1553	galT	galactose-1-phosphate uridylyltransferase	md:cpf_M00632	I	1772655	1774151	+
Clostridium perfringens ATCC 13124	cpf	CPF_2748	gapN	glyceraldehyde-3-phosphate dehydrogenase, NADP-dependent	md:cpf_M00633	I	3007991	3009439	-
Clostridium perfringens ATCC 13124	cpf	CPF_1631	NA	D-alanyl-D-alanine carboxypeptidase family protein	md:cpf_M00651	I	1848575	1849366	-
Clostridium perfringens ATCC 13124	cpf	CPF_2181	NA	sensor histidine kinase	md:cpf_M00651	I	2420212	2421735	+
Clostridium perfringens ATCC 13124	cpf	CPF_1490	NA	putative tetracycline resistance protein	md:cpf_M00704	I	1695920	1697308	-
Clostridium perfringens ATCC 13124	cpf	CPF_1081	NA	MATE efflux family protein	md:cpf_M00705	I	1232192	1233535	-
Clostridium perfringens ATCC 13124	cpf	CPF_1082	NA	transcriptional regulator, MarR family	md:cpf_M00705	I	1233775	1234200	-
Clostridium perfringens ATCC 13124	cpf	CPF_1456	NA	putative membrane protein	md:cpf_M00726	I	1638497	1641052	-
Clostridium perfringens ATCC 13124	cpf	CPF_0479	rfbA	glucose-1-phosphate thymidylyltransferase	md:cpf_M00793	I	568563	569444	+
Clostridium perfringens ATCC 13124	cpf	CPF_0480	rfbC	dTDP-4-dehydrorhamnose 3,5-epimerase	md:cpf_M00793	I	569550	570119	+
Clostridium perfringens ATCC 13124	cpf	CPF_0481	rfbD	dTDP-4-dehydrorhamnose reductase	md:cpf_M00793	I	570133	571017	+
Clostridium perfringens ATCC 13124	cpf	CPF_0482	rfbB	dTDP-glucose 4,6-dehydratase	md:cpf_M00793	I	571045	572094	+
Clostridium perfringens ATCC 13124	cpf	CPF_0597	rfbA	glucose-1-phosphate thymidylyltransferase	md:cpf_M00793	I	719512	720393	+
Clostridium perfringens ATCC 13124	cpf	CPF_0598	rfbC	dTDP-4-dehydrorhamnose 3,5-epimerase	md:cpf_M00793	I	720499	721068	+
Clostridium perfringens ATCC 13124	cpf	CPF_0599	rfbD	dTDP-4-dehydrorhamnose reductase	md:cpf_M00793	I	721082	721966	+
Clostridium perfringens ATCC 13124	cpf	CPF_0600	rfbB	dTDP-glucose 4,6-dehydratase	md:cpf_M00793	I	721994	723043	+
Clostridium perfringens ATCC 13124	cpf	CPF_0051	folA	dihydrofolate reductase	md:cpf_M00840	I	57107	57592	-
Clostridium perfringens ATCC 13124	cpf	CPF_0548	ribA	riboflavin biosynthesis protein RibA	md:cpf_M00840	I	653875	655074	+
Clostridium perfringens ATCC 13124	cpf	CPF_1274	folE	GTP cyclohydrolase I	md:cpf_M00841	I	1449301	1449858	+
Clostridium perfringens ATCC 13124	cpf	CPF_2174	folC	FolC bifunctional protein	md:cpf_M00841	I	2410910	2412235	-
Clostridium perfringens ATCC 13124	cpf	CPF_1274	folE	GTP cyclohydrolase I	md:cpf_M00842	I	1449301	1449858	+
Clostridium perfringens ATCC 13124	cpf	CPF_1274	folE	GTP cyclohydrolase I	md:cpf_M00843	I	1449301	1449858	+
Clostridium perfringens ATCC 13124	cpf	CPF_0162	argF	ornithine carbamoyltransferase	md:cpf_M00844	I	192972	193967	+
Clostridium perfringens ATCC 13124	cpf	CPF_0682	argH	argininosuccinate lyase	md:cpf_M00844	I	812918	814318	-
Clostridium perfringens ATCC 13124	cpf	CPF_0683	argG	argininosuccinate synthase	md:cpf_M00844	I	814412	815623	-
Clostridium perfringens ATCC 13124	cpf	CPF_0682	argH	argininosuccinate lyase	md:cpf_M00845	I	812918	814318	-
Clostridium perfringens ATCC 13124	cpf	CPF_0683	argG	argininosuccinate synthase	md:cpf_M00845	I	814412	815623	-
Clostridium perfringens ATCC 13124	cpf	CPF_1685	hemL	glutamate-1-semialdehyde-2,1-aminomutase	md:cpf_M00846	I	1906828	1908105	-
Clostridium perfringens ATCC 13124	cpf	CPF_1686	hemB	delta-aminolevulinic acid dehydratase	md:cpf_M00846	I	1908168	1909133	-
Clostridium perfringens ATCC 13124	cpf	CPF_1687	hemD	uroporphyrinogen-III methyltransferase/synthase	md:cpf_M00846	I	1909190	1910668	-
Clostridium perfringens ATCC 13124	cpf	CPF_1688	hemC	porphobilinogen deaminase	md:cpf_M00846	I	1910677	1911552	-
Clostridium perfringens ATCC 13124	cpf	CPF_1689	NA	siroheme synthase family protein	md:cpf_M00846	I	1911610	1912236	-
Clostridium perfringens ATCC 13124	cpf	CPF_1690	hemA	glutamyl-tRNA reductase	md:cpf_M00846	I	1912236	1913438	-
Clostridium perfringens ATCC 13124	cpf	CPF_2460	NA	acetyl-CoA acetyltransferase	md:cpf_M00849	I	2729310	2730488	-
Clostridium perfringens ATCC 13124	cpf	CPF_0483	galU	UTP-glucose-1-phosphate uridylyltransferase	md:cpf_M00854	I	572270	573190	+
Clostridium perfringens ATCC 13124	cpf	CPF_0487	galU	UTP-glucose-1-phosphate uridylyltransferase	md:cpf_M00854	I	578221	579165	+
Clostridium perfringens ATCC 13124	cpf	CPF_1840	glgB	1,4-alpha-glucan branching enzyme	md:cpf_M00854	I	2076957	2078936	-
Clostridium perfringens ATCC 13124	cpf	CPF_1087	NA	pullulanase family protein	md:cpf_M00855	I	1237102	1245018	+
Clostridium perfringens ATCC 13124	cpf	CPF_1803	pulA	pullulanase, type I	md:cpf_M00855	I	2035132	2037099	-
Clostridium perfringens ATCC 13124	cpf	CPF_1839	NA	putative pullulanase	md:cpf_M00855	I	2073663	2076857	-
Clostridium perfringens ATCC 13124	cpf	CPF_2127	NA	phosphoglucomutase/phosphomannomutase family protein	md:cpf_M00855	I	2358203	2359930	-
Clostridium perfringens ATCC 13124	cpf	CPF_2646	glgP	glycogen/starch/alpha-glucan phosphorylase	md:cpf_M00855	I	2912754	2915117	-
Clostridium perfringens ATCC 13124	cpf	CPF_2647	malQ	4-alpha-glucanotransferase	md:cpf_M00855	I	2915110	2916603	-
Clostridium perfringens ATCC 13124	cpf	CPF_1686	hemB	delta-aminolevulinic acid dehydratase	md:cpf_M00868	I	1908168	1909133	-
Clostridium perfringens ATCC 13124	cpf	CPF_1688	hemC	porphobilinogen deaminase	md:cpf_M00868	I	1910677	1911552	-
Clostridium perfringens ATCC 13124	cpf	CPF_1325	fabD	malonyl CoA-acyl carrier protein transacylase	md:cpf_M00873	I	1502426	1503370	+
Clostridium perfringens ATCC 13124	cpf	CPF_1327	fabF	3-oxoacyl-(acyl-carrier-protein) synthase II	md:cpf_M00873	I	1504129	1505370	+
Clostridium perfringens ATCC 13124	cpf	CPF_1325	fabD	malonyl CoA-acyl carrier protein transacylase	md:cpf_M00874	I	1502426	1503370	+
Clostridium perfringens ATCC 13124	cpf	CPF_1326	fabG	3-oxoacyl-[acyl-carrier-protein] reductase	md:cpf_M00874	I	1503374	1504114	+
Clostridium perfringens ATCC 13124	cpf	CPF_1327	fabF	3-oxoacyl-(acyl-carrier-protein) synthase II	md:cpf_M00874	I	1504129	1505370	+
Clostridium perfringens ATCC 13124	cpf	CPF_2182	NA	3-oxoacyl-(acyl-carrier-protein) reductase family protein	md:cpf_M00874	I	2421988	2422734	-
Clostridium perfringens ATCC 13124	cpf	CPF_0472	NA	putative capK protein	md:cpf_M00878	I	559699	561078	+
Clostridium perfringens ATCC 13124	cpf	CPF_2581	hbd	3-hydroxybutyryl-CoA dehydrogenase	md:cpf_M00878	I	2846494	2847342	-
Clostridium perfringens ATCC 13124	cpf	CPF_2045	moaA	molybdenum cofactor biosynthesis protein A	md:cpf_M00880	I	2284175	2285146	-
Clostridium perfringens ATCC 13124	cpf	CPF_2048	moeA	molybdenum cofactor biosynthesis protein MoeA	md:cpf_M00880	I	2287022	2288242	-
Clostridium perfringens ATCC 13124	cpf	CPF_2340	moaC	molybdenum cofactor biosynthesis protein C	md:cpf_M00880	I	2604813	2605289	-
Clostridium perfringens ATCC 13124	cpf	CPF_2343	NA	molybdenum cofactor synthesis protein	md:cpf_M00880	I	2606743	2607234	-
Clostridium perfringens ATCC 13124	cpf	CPF_0670	thiC	thiamine biosynthesis protein ThiC	md:cpf_M00895	I	797635	798945	+
Clostridium perfringens ATCC 13124	cpf	CPF_1543	thiE	thiamine-phosphate pyrophosphorylase	md:cpf_M00895	I	1761681	1762304	-
Clostridium perfringens ATCC 13124	cpf	CPF_1545	thiD	phosphomethylpyrimidine kinase	md:cpf_M00895	I	1763106	1763900	-
Clostridium perfringens ATCC 13124	cpf	CPF_1666	thiI	thiamine biosynthesis/tRNA modification protein ThiI	md:cpf_M00895	I	1882859	1884016	-
Clostridium perfringens ATCC 13124	cpf	CPF_1852	NA	thiamine monophosphate synthase family protein	md:cpf_M00895	I	2088792	2089373	-
Clostridium perfringens ATCC 13124	cpf	CPF_1854	thiG	thiazole biosynthesis protein ThiG	md:cpf_M00895	I	2090520	2091284	-
Clostridium perfringens ATCC 13124	cpf	CPF_1855	thiF	thiamine biosynthesis protein ThiF	md:cpf_M00895	I	2091413	2092012	-
Clostridium perfringens ATCC 13124	cpf	CPF_1856	thiS	thiamine biosynthesis protein ThiS	md:cpf_M00895	I	2092292	2092486	-
Clostridium perfringens ATCC 13124	cpf	CPF_0670	thiC	thiamine biosynthesis protein ThiC	md:cpf_M00896	I	797635	798945	+
Clostridium perfringens ATCC 13124	cpf	CPF_1543	thiE	thiamine-phosphate pyrophosphorylase	md:cpf_M00896	I	1761681	1762304	-
Clostridium perfringens ATCC 13124	cpf	CPF_1545	thiD	phosphomethylpyrimidine kinase	md:cpf_M00896	I	1763106	1763900	-
Clostridium perfringens ATCC 13124	cpf	CPF_1852	NA	thiamine monophosphate synthase family protein	md:cpf_M00896	I	2088792	2089373	-
Clostridium perfringens ATCC 13124	cpf	CPF_0670	thiC	thiamine biosynthesis protein ThiC	md:cpf_M00897	I	797635	798945	+
Clostridium perfringens ATCC 13124	cpf	CPF_1988	NA	thiamine pyrophosphokinase	md:cpf_M00897	I	2227254	2227883	-
Clostridium perfringens ATCC 13124	cpf	CPF_1988	NA	thiamine pyrophosphokinase	md:cpf_M00898	I	2227254	2227883	-
Clostridium perfringens ATCC 13124	cpf	CPF_1543	thiE	thiamine-phosphate pyrophosphorylase	md:cpf_M00899	I	1761681	1762304	-
Clostridium perfringens ATCC 13124	cpf	CPF_1544	thiM	hydroxyethylthiazole kinase	md:cpf_M00899	I	1762297	1763094	-
Clostridium perfringens ATCC 13124	cpf	CPF_1545	thiD	phosphomethylpyrimidine kinase	md:cpf_M00899	I	1763106	1763900	-
Clostridium perfringens ATCC 13124	cpf	CPF_1852	NA	thiamine monophosphate synthase family protein	md:cpf_M00899	I	2088792	2089373	-
Clostridium perfringens ATCC 13124	cpf	CPF_0076	NA	putative glucokinase	md:cpf_M00909	I	90897	91844	+
Clostridium perfringens ATCC 13124	cpf	CPF_2549	pgi	glucose-6-phosphate isomerase	md:cpf_M00909	I	2809141	2810493	-
Clostridium perfringens ATCC 13124	cpf	CPF_2636	glmS	glucosamine--fructose-6-phosphate aminotransferase, isomerizing	md:cpf_M00909	I	2899683	2901515	-
Clostridium perfringens ATCC 13124	cpf	CPF_2638	glmM	phosphoglucosamine mutase	md:cpf_M00909	I	2902981	2904327	-
Clostridium perfringens ATCC 13124	cpf	CPF_2813	glmU	UDP-N-acetylglucosamine diphosphorylase/glucosamine-1-phosphate N-acetyltransferase	md:cpf_M00909	I	3073798	3075162	-
Clostridium perfringens ATCC 13124	cpf	CPF_0547	ribE	riboflavin synthase, alpha subunit	md:cpf_M00911	I	653070	653723	+
Clostridium perfringens ATCC 13124	cpf	CPF_0549	ribH	6,7-dimethyl-8-ribityllumazine synthase	md:cpf_M00911	I	655201	655662	+
Clostridium perfringens ATCC 13124	cpf	CPF_0384	nadC	nicotinate-nucleotide diphosphorylase (carboxylating)	md:cpf_M00912	I	462817	463656	+
Clostridium perfringens ATCC 13124	cpf	CPF_1314	nadE	glutamine-dependent NAD(+) synthetase	md:cpf_M00912	I	1491920	1493827	-
Clostridium perfringens ATCC 13124	cpf	CPF_2380	nadD	nicotinate nucleotide adenylyltransferase	md:cpf_M00912	I	2651260	2651868	-
Clostridium perfringens ATCC 13124	cpf	CPF_0788	panE	2-dehydropantoate 2-reductase	md:cpf_M00913	I	937846	938775	+
Clostridium perfringens ATCC 13124	cpf	CPF_2610	NA	aldehyde dehydrogenase family protein	md:cpf_M00913	I	2879085	2880461	-
Clostridium perfringens ATCC 13124	cpf	CPF_0788	panE	2-dehydropantoate 2-reductase	md:cpf_M00914	I	937846	938775	+
Clostridium perfringens ATCC 13124	cpf	CPF_1999	coaBC	phosphopantothenoylcysteine decarboxylase/phosphopantothenate--cysteine ligase	md:cpf_M00914	I	2239217	2240404	-
Clostridium perfringens ATCC 13124	cpf	CPF_1427	cobK	precorrin-6x reductase	md:cpf_M00924	I	1609079	1609843	-
Clostridium perfringens ATCC 13124	cpf	CPF_1428	cobJ	precorrin-3B C17-methyltransferase	md:cpf_M00924	I	1609862	1610584	-
Clostridium perfringens ATCC 13124	cpf	CPF_1429	cbiG	cobalamin biosynthesis protein CbiG	md:cpf_M00924	I	1610739	1611737	-
Clostridium perfringens ATCC 13124	cpf	CPF_1430	cobM	precorrin-4 C11-methyltransferase	md:cpf_M00924	I	1611740	1612495	-
Clostridium perfringens ATCC 13124	cpf	CPF_1431	cobI	precorrin-2 C20-methyltransferase	md:cpf_M00924	I	1612546	1613208	-
Clostridium perfringens ATCC 13124	cpf	CPF_1432	cbiT	precorrin-6Y C5,15-methyltransferase (decarboxylating), CbiT subunit	md:cpf_M00924	I	1613208	1613801	-
Clostridium perfringens ATCC 13124	cpf	CPF_1433	cbiE	precorrin-6y C5,15-methyltransferase (decarboxylating)	md:cpf_M00924	I	1613821	1614432	-
Clostridium perfringens ATCC 13124	cpf	CPF_1434	cbiD	cobalamin biosynthesis protein CbiD	md:cpf_M00924	I	1614460	1615557	-
Clostridium perfringens ATCC 13124	cpf	CPF_1435	cobH	precorrin-8X methylmutase	md:cpf_M00924	I	1615575	1616204	-
Clostridium perfringens ATCC 13124	cpf	CPF_1436	cbiK	sirohydrochlorin cobaltochelatase	md:cpf_M00924	I	1616204	1617046	-
Clostridium perfringens ATCC 13124	cpf	CPF_1687	hemD	uroporphyrinogen-III methyltransferase/synthase	md:cpf_M00924	I	1909190	1910668	-
Clostridium perfringens ATCC 13124	cpf	CPF_1689	NA	siroheme synthase family protein	md:cpf_M00924	I	1911610	1912236	-
Clostridium perfringens ATCC 13124	cpf	CPF_1427	cobK	precorrin-6x reductase	md:cpf_M00925	I	1609079	1609843	-
Clostridium perfringens ATCC 13124	cpf	CPF_1428	cobJ	precorrin-3B C17-methyltransferase	md:cpf_M00925	I	1609862	1610584	-
Clostridium perfringens ATCC 13124	cpf	CPF_1430	cobM	precorrin-4 C11-methyltransferase	md:cpf_M00925	I	1611740	1612495	-
Clostridium perfringens ATCC 13124	cpf	CPF_1431	cobI	precorrin-2 C20-methyltransferase	md:cpf_M00925	I	1612546	1613208	-
Clostridium perfringens ATCC 13124	cpf	CPF_1435	cobH	precorrin-8X methylmutase	md:cpf_M00925	I	1615575	1616204	-
Clostridium perfringens ATCC 13124	cpf	CPF_1687	hemD	uroporphyrinogen-III methyltransferase/synthase	md:cpf_M00925	I	1909190	1910668	-
Clostridium perfringens ATCC 13124	cpf	CPF_1685	hemL	glutamate-1-semialdehyde-2,1-aminomutase	md:cpf_M00926	I	1906828	1908105	-
Clostridium perfringens ATCC 13124	cpf	CPF_1686	hemB	delta-aminolevulinic acid dehydratase	md:cpf_M00926	I	1908168	1909133	-
Clostridium perfringens ATCC 13124	cpf	CPF_1687	hemD	uroporphyrinogen-III methyltransferase/synthase	md:cpf_M00926	I	1909190	1910668	-
Clostridium perfringens ATCC 13124	cpf	CPF_1688	hemC	porphobilinogen deaminase	md:cpf_M00926	I	1910677	1911552	-
Clostridium perfringens ATCC 13124	cpf	CPF_1690	hemA	glutamyl-tRNA reductase	md:cpf_M00926	I	1912236	1913438	-
Clostridium perfringens ATCC 13124	cpf	CPF_0669	dut	deoxyuridine 5-triphosphate nucleotidohydrolase	md:cpf_M00938	I	796480	797130	+
Clostridium perfringens ATCC 13124	cpf	CPF_1722	NA	deoxyuridine 5'-triphosphate nucleotidohydrolase family protein	md:cpf_M00938	I	1946580	1947044	-
Clostridium perfringens ATCC 13124	cpf	CPF_2227	NA	nucleoside diphosphate kinase	md:cpf_M00938	I	2474812	2475243	-
Clostridium perfringens ATCC 13124	cpf	CPF_2670	nrdB	ribonucleoside-diphosphate reductase, beta subunit	md:cpf_M00938	I	2943727	2944761	-
Clostridium perfringens ATCC 13124	cpf	CPF_2671	nrdA	ribonucleoside-diphosphate reductase, alpha subunit	md:cpf_M00938	I	2944857	2947088	-
Clostridium perfringens ATCC 13124	cpf	CPF_2735	thyX	thymidylate synthase, flavin-dependent	md:cpf_M00938	I	2995537	2996274	-
Clostridium perfringens ATCC 13124	cpf	CPF_1794	bioD	dethiobiotin synthase	md:cpf_M00950	I	2021762	2022448	-
Clostridium perfringens ATCC 13124	cpf	CPF_1795	bioB	biotin synthase	md:cpf_M00950	I	2022451	2023410	-
Clostridium perfringens ATCC 13124	cpf	CPF_2775	NA	radical SAM domain protein	md:cpf_M00950	I	3036438	3037481	+
