Chlamydia trachomatis A/5291	ctrx	A5291_00217	NA	diphosphate--fructose-6-phosphate 1-phosphotransferase	md:ctrx_M00001	I	232210	233871	+
Chlamydia trachomatis A/5291	ctrx	A5291_00229	NA	fructose-bisphosphate aldolase	md:ctrx_M00001	I	245607	246653	+
Chlamydia trachomatis A/5291	ctrx	A5291_00348	NA	triosephosphate isomerase	md:ctrx_M00001	I	371562	372386	+
Chlamydia trachomatis A/5291	ctrx	A5291_00353	NA	pyruvate kinase	md:ctrx_M00001	I	376447	377904	+
Chlamydia trachomatis A/5291	ctrx	A5291_00404	NA	glucose-6-phosphate isomerase	md:ctrx_M00001	I	432830	434407	-
Chlamydia trachomatis A/5291	ctrx	A5291_00545	NA	glyceraldehyde-3-phosphate dehydrogenase A	md:ctrx_M00001	I	585336	586340	-
Chlamydia trachomatis A/5291	ctrx	A5291_00628	NA	enolase	md:ctrx_M00001	I	664119	665393	+
Chlamydia trachomatis A/5291	ctrx	A5291_00745	NA	bifunctional phosphoglycerate kinase/triosephosphate isomerase	md:ctrx_M00001	I	797236	798447	+
Chlamydia trachomatis A/5291	ctrx	A5291_00775	NA	phosphoglyceromutase	md:ctrx_M00001	I	836154	836834	-
Chlamydia trachomatis A/5291	ctrx	A5291_00348	NA	triosephosphate isomerase	md:ctrx_M00002	I	371562	372386	+
Chlamydia trachomatis A/5291	ctrx	A5291_00353	NA	pyruvate kinase	md:ctrx_M00002	I	376447	377904	+
Chlamydia trachomatis A/5291	ctrx	A5291_00545	NA	glyceraldehyde-3-phosphate dehydrogenase A	md:ctrx_M00002	I	585336	586340	-
Chlamydia trachomatis A/5291	ctrx	A5291_00628	NA	enolase	md:ctrx_M00002	I	664119	665393	+
Chlamydia trachomatis A/5291	ctrx	A5291_00745	NA	bifunctional phosphoglycerate kinase/triosephosphate isomerase	md:ctrx_M00002	I	797236	798447	+
Chlamydia trachomatis A/5291	ctrx	A5291_00775	NA	phosphoglyceromutase	md:ctrx_M00002	I	836154	836834	-
Chlamydia trachomatis A/5291	ctrx	A5291_00229	NA	fructose-bisphosphate aldolase	md:ctrx_M00003	I	245607	246653	+
Chlamydia trachomatis A/5291	ctrx	A5291_00348	NA	triosephosphate isomerase	md:ctrx_M00003	I	371562	372386	+
Chlamydia trachomatis A/5291	ctrx	A5291_00545	NA	glyceraldehyde-3-phosphate dehydrogenase A	md:ctrx_M00003	I	585336	586340	-
Chlamydia trachomatis A/5291	ctrx	A5291_00628	NA	enolase	md:ctrx_M00003	I	664119	665393	+
Chlamydia trachomatis A/5291	ctrx	A5291_00745	NA	bifunctional phosphoglycerate kinase/triosephosphate isomerase	md:ctrx_M00003	I	797236	798447	+
Chlamydia trachomatis A/5291	ctrx	A5291_00763	NA	phosphoenolpyruvate carboxykinase	md:ctrx_M00003	I	821750	823549	+
Chlamydia trachomatis A/5291	ctrx	A5291_00775	NA	phosphoglyceromutase	md:ctrx_M00003	I	836154	836834	-
Chlamydia trachomatis A/5291	ctrx	A5291_00067	NA	6-phosphogluconate dehydrogenase	md:ctrx_M00004	I	73771	75213	+
Chlamydia trachomatis A/5291	ctrx	A5291_00124	NA	ribulose-phosphate 3-epimerase	md:ctrx_M00004	I	138749	139435	+
Chlamydia trachomatis A/5291	ctrx	A5291_00197	NA	glucose-6-phosphate 1-dehydrogenase	md:ctrx_M00004	I	208728	210251	+
Chlamydia trachomatis A/5291	ctrx	A5291_00198	NA	glucosamine-6-phosphate deaminase	md:ctrx_M00004	I	210276	211046	+
Chlamydia trachomatis A/5291	ctrx	A5291_00227	NA	ribose-5-phosphate isomerase A	md:ctrx_M00004	I	242834	243562	-
Chlamydia trachomatis A/5291	ctrx	A5291_00329	NA	transaldolase B	md:ctrx_M00004	I	351511	352494	-
Chlamydia trachomatis A/5291	ctrx	A5291_00404	NA	glucose-6-phosphate isomerase	md:ctrx_M00004	I	432830	434407	-
Chlamydia trachomatis A/5291	ctrx	A5291_00810	NA	transketolase	md:ctrx_M00004	I	883717	885717	+
Chlamydia trachomatis A/5291	ctrx	A5291_00067	NA	6-phosphogluconate dehydrogenase	md:ctrx_M00006	I	73771	75213	+
Chlamydia trachomatis A/5291	ctrx	A5291_00197	NA	glucose-6-phosphate 1-dehydrogenase	md:ctrx_M00006	I	208728	210251	+
Chlamydia trachomatis A/5291	ctrx	A5291_00198	NA	glucosamine-6-phosphate deaminase	md:ctrx_M00006	I	210276	211046	+
Chlamydia trachomatis A/5291	ctrx	A5291_00124	NA	ribulose-phosphate 3-epimerase	md:ctrx_M00007	I	138749	139435	+
Chlamydia trachomatis A/5291	ctrx	A5291_00227	NA	ribose-5-phosphate isomerase A	md:ctrx_M00007	I	242834	243562	-
Chlamydia trachomatis A/5291	ctrx	A5291_00329	NA	transaldolase B	md:ctrx_M00007	I	351511	352494	-
Chlamydia trachomatis A/5291	ctrx	A5291_00810	NA	transketolase	md:ctrx_M00007	I	883717	885717	+
Chlamydia trachomatis A/5291	ctrx	A5291_00197	NA	glucose-6-phosphate 1-dehydrogenase	md:ctrx_M00008	I	208728	210251	+
Chlamydia trachomatis A/5291	ctrx	A5291_00198	NA	glucosamine-6-phosphate deaminase	md:ctrx_M00008	I	210276	211046	+
Chlamydia trachomatis A/5291	ctrx	A5291_00056	NA	2-oxoglutarate dehydrogenase E1 component	md:ctrx_M00009	I	61497	64208	+
Chlamydia trachomatis A/5291	ctrx	A5291_00057	NA	dihydrolipoamide succinyltransferase	md:ctrx_M00009	I	64212	65309	+
Chlamydia trachomatis A/5291	ctrx	A5291_00402	NA	malate dehydrogenase	md:ctrx_M00009	I	431404	432384	-
Chlamydia trachomatis A/5291	ctrx	A5291_00427	NA	branched-chain alpha-keto acid dehydrogenase subunit E2	md:ctrx_M00009	I	460655	461821	-
Chlamydia trachomatis A/5291	ctrx	A5291_00598	NA	dihydrolipoamide dehydrogenase	md:ctrx_M00009	I	631285	632682	+
Chlamydia trachomatis A/5291	ctrx	A5291_00632	NA	succinate dehydrogenase iron-sulfur subunit	md:ctrx_M00009	I	672381	673040	-
Chlamydia trachomatis A/5291	ctrx	A5291_00634	NA	succinate dehydrogenase flavoprotein subunit	md:ctrx_M00009	I	673662	675038	-
Chlamydia trachomatis A/5291	ctrx	A5291_00635	NA	Succinate dehydrogenase/fumarate reductase, cytochrome b subunit	md:ctrx_M00009	I	675035	675604	-
Chlamydia trachomatis A/5291	ctrx	A5291_00885	NA	succinyl-CoA synthetase subunit beta	md:ctrx_M00009	I	967139	968299	+
Chlamydia trachomatis A/5291	ctrx	A5291_00886	NA	succinyl-CoA synthetase subunit alpha	md:ctrx_M00009	I	968314	969189	+
Chlamydia trachomatis A/5291	ctrx	A5291_00921	NA	fumarate hydratase	md:ctrx_M00009	I	1006842	1008086	+
Chlamydia trachomatis A/5291	ctrx	A5291_00056	NA	2-oxoglutarate dehydrogenase E1 component	md:ctrx_M00011	I	61497	64208	+
Chlamydia trachomatis A/5291	ctrx	A5291_00057	NA	dihydrolipoamide succinyltransferase	md:ctrx_M00011	I	64212	65309	+
Chlamydia trachomatis A/5291	ctrx	A5291_00402	NA	malate dehydrogenase	md:ctrx_M00011	I	431404	432384	-
Chlamydia trachomatis A/5291	ctrx	A5291_00427	NA	branched-chain alpha-keto acid dehydrogenase subunit E2	md:ctrx_M00011	I	460655	461821	-
Chlamydia trachomatis A/5291	ctrx	A5291_00598	NA	dihydrolipoamide dehydrogenase	md:ctrx_M00011	I	631285	632682	+
Chlamydia trachomatis A/5291	ctrx	A5291_00632	NA	succinate dehydrogenase iron-sulfur subunit	md:ctrx_M00011	I	672381	673040	-
Chlamydia trachomatis A/5291	ctrx	A5291_00634	NA	succinate dehydrogenase flavoprotein subunit	md:ctrx_M00011	I	673662	675038	-
Chlamydia trachomatis A/5291	ctrx	A5291_00635	NA	Succinate dehydrogenase/fumarate reductase, cytochrome b subunit	md:ctrx_M00011	I	675035	675604	-
Chlamydia trachomatis A/5291	ctrx	A5291_00885	NA	succinyl-CoA synthetase subunit beta	md:ctrx_M00011	I	967139	968299	+
Chlamydia trachomatis A/5291	ctrx	A5291_00886	NA	succinyl-CoA synthetase subunit alpha	md:ctrx_M00011	I	968314	969189	+
Chlamydia trachomatis A/5291	ctrx	A5291_00921	NA	fumarate hydratase	md:ctrx_M00011	I	1006842	1008086	+
Chlamydia trachomatis A/5291	ctrx	A5291_00402	NA	malate dehydrogenase	md:ctrx_M00012	I	431404	432384	-
Chlamydia trachomatis A/5291	ctrx	A5291_00385	NA	dihydrodipicolinate synthase	md:ctrx_M00016	I	414289	415149	-
Chlamydia trachomatis A/5291	ctrx	A5291_00386	NA	aspartate kinase	md:ctrx_M00016	I	415159	416454	-
Chlamydia trachomatis A/5291	ctrx	A5291_00387	NA	aspartate-semialdehyde dehydrogenase	md:ctrx_M00016	I	416447	417451	-
Chlamydia trachomatis A/5291	ctrx	A5291_00388	NA	dihydrodipicolinate reductase	md:ctrx_M00016	I	417461	418222	-
Chlamydia trachomatis A/5291	ctrx	A5291_00462	NA	diaminopimelate epimerase	md:ctrx_M00016	I	501827	502654	-
Chlamydia trachomatis A/5291	ctrx	A5291_00386	NA	aspartate kinase	md:ctrx_M00017	I	415159	416454	-
Chlamydia trachomatis A/5291	ctrx	A5291_00387	NA	aspartate-semialdehyde dehydrogenase	md:ctrx_M00017	I	416447	417451	-
Chlamydia trachomatis A/5291	ctrx	A5291_00386	NA	aspartate kinase	md:ctrx_M00018	I	415159	416454	-
Chlamydia trachomatis A/5291	ctrx	A5291_00387	NA	aspartate-semialdehyde dehydrogenase	md:ctrx_M00018	I	416447	417451	-
Chlamydia trachomatis A/5291	ctrx	A5291_00390	NA	3-phosphoshikimate 1-carboxyvinyltransferase	md:ctrx_M00022	I	420296	421618	+
Chlamydia trachomatis A/5291	ctrx	A5291_00391	NA	shikimate kinase	md:ctrx_M00022	I	421560	422114	+
Chlamydia trachomatis A/5291	ctrx	A5291_00392	NA	chorismate synthase	md:ctrx_M00022	I	422107	423180	+
Chlamydia trachomatis A/5291	ctrx	A5291_00393	NA	3-dehydroquinate synthase	md:ctrx_M00022	I	423177	424298	+
Chlamydia trachomatis A/5291	ctrx	A5291_00394	NA	bifunctional 3-dehydroquinate dehydratase/shikimate dehydrogenase protein	md:ctrx_M00022	I	424279	425715	+
Chlamydia trachomatis A/5291	ctrx	A5291_00408	NA	3-deoxy-7-phosphoheptulonate synthase	md:ctrx_M00022	I	437547	438383	-
Chlamydia trachomatis A/5291	ctrx	A5291_00178	NA	bifunctional phosphoribosylanthranilate isomerase/tryptophan synthase subunit beta	md:ctrx_M00023	I	195045	196223	+
Chlamydia trachomatis A/5291	ctrx	A5291_00180	NA	tryptophan synthase subunit alpha	md:ctrx_M00023	I	196443	196976	+
Chlamydia trachomatis A/5291	ctrx	A5291_00057	NA	dihydrolipoamide succinyltransferase	md:ctrx_M00032	I	64212	65309	+
Chlamydia trachomatis A/5291	ctrx	A5291_00427	NA	branched-chain alpha-keto acid dehydrogenase subunit E2	md:ctrx_M00032	I	460655	461821	-
Chlamydia trachomatis A/5291	ctrx	A5291_00598	NA	dihydrolipoamide dehydrogenase	md:ctrx_M00032	I	631285	632682	+
Chlamydia trachomatis A/5291	ctrx	A5291_00386	NA	aspartate kinase	md:ctrx_M00033	I	415159	416454	-
Chlamydia trachomatis A/5291	ctrx	A5291_00387	NA	aspartate-semialdehyde dehydrogenase	md:ctrx_M00033	I	416447	417451	-
Chlamydia trachomatis A/5291	ctrx	A5291_00058	NA	hypothetical protein	md:ctrx_M00034	I	65338	66069	-
Chlamydia trachomatis A/5291	ctrx	A5291_00362	NA	pyruvate dehydrogenase subunit beta	md:ctrx_M00036	I	389726	391762	-
Chlamydia trachomatis A/5291	ctrx	A5291_00598	NA	dihydrolipoamide dehydrogenase	md:ctrx_M00036	I	631285	632682	+
Chlamydia trachomatis A/5291	ctrx	A5291_00131	NA	adenylate kinase	md:ctrx_M00049	I	143948	144685	-
Chlamydia trachomatis A/5291	ctrx	A5291_00539	NA	mulitfunctional nucleoside diphosphate kinase/apyrimidinic endonuclease/3'-	md:ctrx_M00049	I	581791	582216	-
Chlamydia trachomatis A/5291	ctrx	A5291_00032	NA	guanylate kinase	md:ctrx_M00050	I	34390	35007	+
Chlamydia trachomatis A/5291	ctrx	A5291_00539	NA	mulitfunctional nucleoside diphosphate kinase/apyrimidinic endonuclease/3'-	md:ctrx_M00050	I	581791	582216	-
Chlamydia trachomatis A/5291	ctrx	A5291_00195	NA	CTP synthetase	md:ctrx_M00052	I	206559	208178	+
Chlamydia trachomatis A/5291	ctrx	A5291_00539	NA	mulitfunctional nucleoside diphosphate kinase/apyrimidinic endonuclease/3'-	md:ctrx_M00052	I	581791	582216	-
Chlamydia trachomatis A/5291	ctrx	A5291_00729	NA	uridylate kinase	md:ctrx_M00052	I	778367	779104	-
Chlamydia trachomatis A/5291	ctrx	A5291_00539	NA	mulitfunctional nucleoside diphosphate kinase/apyrimidinic endonuclease/3'-	md:ctrx_M00053	I	581791	582216	-
Chlamydia trachomatis A/5291	ctrx	A5291_00891	NA	ribonucleotide-diphosphate reductase subunit alpha	md:ctrx_M00053	I	976672	979815	+
Chlamydia trachomatis A/5291	ctrx	A5291_00892	NA	ribonucleotide-diphosphate reductase subunit beta	md:ctrx_M00053	I	979853	980893	+
Chlamydia trachomatis A/5291	ctrx	A5291_00011	NA	lipid A biosynthesis lauroyl acyltransferase	md:ctrx_M00060	I	10385	11752	-
Chlamydia trachomatis A/5291	ctrx	A5291_00222	NA	3-deoxy-D-manno-octulosonic-acid transferase	md:ctrx_M00060	I	236602	237897	-
Chlamydia trachomatis A/5291	ctrx	A5291_00259	NA	UDP-3-O-[3-hydroxymyristoyl] glucosamine N-acyltransferase	md:ctrx_M00060	I	273207	274271	+
Chlamydia trachomatis A/5291	ctrx	A5291_00429	NA	tetraacyldisaccharide 4'-kinase	md:ctrx_M00060	I	463302	464411	-
Chlamydia trachomatis A/5291	ctrx	A5291_00438	NA	lipid-A-disaccharide synthase	md:ctrx_M00060	I	471568	473391	+
Chlamydia trachomatis A/5291	ctrx	A5291_00571	NA	UDP-N-acetylglucosamine acyltransferase	md:ctrx_M00060	I	601045	601887	-
Chlamydia trachomatis A/5291	ctrx	A5291_00573	NA	UDP-3-O-[3-hydroxymyristoyl] N-acetylglucosamine deacetylase	md:ctrx_M00060	I	602357	603217	-
Chlamydia trachomatis A/5291	ctrx	A5291_00194	NA	3-deoxy-manno-octulosonate cytidylyltransferase	md:ctrx_M00063	I	205819	206583	+
Chlamydia trachomatis A/5291	ctrx	A5291_00426	NA	D-arabinose 5-phosphate isomerase	md:ctrx_M00063	I	459637	460623	-
Chlamydia trachomatis A/5291	ctrx	A5291_00702	NA	2-dehydro-3-deoxyphosphooctonate aldolase	md:ctrx_M00063	I	753844	754653	-
Chlamydia trachomatis A/5291	ctrx	A5291_00126	NA	acetyl-CoA carboxylase biotin carboxyl carrier protein subunit	md:ctrx_M00082	I	139992	140486	+
Chlamydia trachomatis A/5291	ctrx	A5291_00127	NA	acetyl-CoA carboxylase biotin carboxylase subunit	md:ctrx_M00082	I	140490	141863	+
Chlamydia trachomatis A/5291	ctrx	A5291_00254	NA	(acyl-carrier-protein) S-malonyltransferase	md:ctrx_M00082	I	267170	268096	-
Chlamydia trachomatis A/5291	ctrx	A5291_00255	NA	3-oxoacyl-(acyl carrier protein) synthase III	md:ctrx_M00082	I	268113	269114	-
Chlamydia trachomatis A/5291	ctrx	A5291_00281	NA	acetyl-CoA carboxylase carboxyltransferase subunit alpha	md:ctrx_M00082	I	298525	299499	-
Chlamydia trachomatis A/5291	ctrx	A5291_00309	NA	acetyl-CoA carboxylase subunit beta	md:ctrx_M00082	I	328549	329475	-
Chlamydia trachomatis A/5291	ctrx	A5291_00106	NA	enoyl-(acyl carrier protein) reductase	md:ctrx_M00083	I	119924	120820	-
Chlamydia trachomatis A/5291	ctrx	A5291_00253	NA	3-ketoacyl-(acyl-carrier-protein) reductase	md:ctrx_M00083	I	266427	267173	-
Chlamydia trachomatis A/5291	ctrx	A5291_00572	NA	bifunctional UDP-3-O-[3-hydroxymyristoyl] N-acetylglucosamine deacetylase/(3R)-hydroxymyristoyl-[acyl-carrier-protein] dehydratase	md:ctrx_M00083	I	601899	602360	-
Chlamydia trachomatis A/5291	ctrx	A5291_00831	NA	3-oxoacyl-(acyl carrier protein) synthase II	md:ctrx_M00083	I	906249	907505	+
Chlamydia trachomatis A/5291	ctrx	A5291_00486	NA	2-acyl-glycerophospho-ethanolamine acyltransferase	md:ctrx_M00089	I	529234	529884	+
Chlamydia trachomatis A/5291	ctrx	A5291_00836	NA	2-acyl-glycerophospho-ethanolamine acyltransferase	md:ctrx_M00089	I	911245	912006	+
Chlamydia trachomatis A/5291	ctrx	A5291_00869	NA	Acyltransferase	md:ctrx_M00089	I	947763	948758	-
Chlamydia trachomatis A/5291	ctrx	A5291_00484	NA	CDP-diglyceride synthase	md:ctrx_M00093	I	527673	528590	+
Chlamydia trachomatis A/5291	ctrx	A5291_00751	NA	phosphatidylserine decarboxylase	md:ctrx_M00093	I	804428	805333	+
Chlamydia trachomatis A/5291	ctrx	A5291_00890	NA	CDP-diacylglycerol-serine O-phosphatidyltransferase	md:ctrx_M00093	I	975245	976036	-
Chlamydia trachomatis A/5291	ctrx	A5291_00059	NA	4-hydroxy-3-methylbut-2-en-1-yl diphosphate synthase	md:ctrx_M00096	I	66078	67886	-
Chlamydia trachomatis A/5291	ctrx	A5291_00075	NA	1-deoxy-D-xylulose 5-phosphate reductoisomerase	md:ctrx_M00096	I	84415	85554	+
Chlamydia trachomatis A/5291	ctrx	A5291_00352	NA	1-deoxy-D-xylulose-5-phosphate synthase	md:ctrx_M00096	I	374428	376350	+
Chlamydia trachomatis A/5291	ctrx	A5291_00466	NA	2-C-methyl-D-erythritol 2,4-cyclodiphosphate synthase	md:ctrx_M00096	I	505844	506380	+
Chlamydia trachomatis A/5291	ctrx	A5291_00495	NA	2-C-methyl-D-erythritol 4-phosphate cytidylyltransferase	md:ctrx_M00096	I	540370	541029	+
Chlamydia trachomatis A/5291	ctrx	A5291_00865	NA	4-diphosphocytidyl-2-C-methyl-D-erythritol kinase	md:ctrx_M00096	I	942136	943002	+
Chlamydia trachomatis A/5291	ctrx	A5291_00925	NA	4-hydroxy-3-methylbut-2-enyl diphosphate reductase	md:ctrx_M00096	I	1013927	1014850	+
Chlamydia trachomatis A/5291	ctrx	A5291_00460	NA	ubiquinone/menaquinone biosynthesis methyltransferase	md:ctrx_M00116	I	500098	500751	+
Chlamydia trachomatis A/5291	ctrx	A5291_00233	NA	prenyltransferase	md:ctrx_M00117	I	250019	250927	+
Chlamydia trachomatis A/5291	ctrx	A5291_00234	NA	aromatic acid decarboxylase	md:ctrx_M00117	I	250924	251502	+
Chlamydia trachomatis A/5291	ctrx	A5291_00460	NA	ubiquinone/menaquinone biosynthesis methyltransferase	md:ctrx_M00117	I	500098	500751	+
Chlamydia trachomatis A/5291	ctrx	A5291_00530	NA	dephospho-CoA kinase	md:ctrx_M00120	I	570291	570899	-
Chlamydia trachomatis A/5291	ctrx	A5291_00054	NA	coproporphyrinogen III oxidase	md:ctrx_M00121	I	59593	60729	-
Chlamydia trachomatis A/5291	ctrx	A5291_00224	NA	glutamate-1-semialdehyde aminotransferase	md:ctrx_M00121	I	240550	241818	+
Chlamydia trachomatis A/5291	ctrx	A5291_00315	NA	porphobilinogen deaminase	md:ctrx_M00121	I	334829	335554	+
Chlamydia trachomatis A/5291	ctrx	A5291_00465	NA	uroporphyrinogen-III synthase	md:ctrx_M00121	I	505070	505741	+
Chlamydia trachomatis A/5291	ctrx	A5291_00478	NA	glutamyl-tRNA synthetase	md:ctrx_M00121	I	516870	518390	-
Chlamydia trachomatis A/5291	ctrx	A5291_00523	NA	ferrochelatase	md:ctrx_M00121	I	563932	564876	-
Chlamydia trachomatis A/5291	ctrx	A5291_00678	NA	delta-aminolevulinic acid dehydratase	md:ctrx_M00121	I	722552	723568	+
Chlamydia trachomatis A/5291	ctrx	A5291_00710	NA	glutamyl-tRNA reductase	md:ctrx_M00121	I	760961	762004	+
Chlamydia trachomatis A/5291	ctrx	A5291_00802	NA	protoporphyrinogen oxidase	md:ctrx_M00121	I	868407	869681	-
Chlamydia trachomatis A/5291	ctrx	A5291_00803	NA	coproporphyrinogen III oxidase	md:ctrx_M00121	I	869678	871051	-
Chlamydia trachomatis A/5291	ctrx	A5291_00804	NA	uroporphyrinogen decarboxylase	md:ctrx_M00121	I	871024	872028	-
Chlamydia trachomatis A/5291	ctrx	A5291_00838	NA	8-amino-7-oxononanoate synthase	md:ctrx_M00123	I	913670	914803	+
Chlamydia trachomatis A/5291	ctrx	A5291_00095	NA	bifunctional riboflavin kinase/FMN adenylyltransferase	md:ctrx_M00125	I	108511	109434	-
Chlamydia trachomatis A/5291	ctrx	A5291_00432	NA	riboflavin synthase subunit alpha	md:ctrx_M00125	I	466198	466797	-
Chlamydia trachomatis A/5291	ctrx	A5291_00783	NA	bifunctional diaminohydroxyphosphoribosylaminopyrimidine deaminase/5-amino-6-(5-phosphoribosylamino)uracil reductase	md:ctrx_M00125	I	844431	845558	+
Chlamydia trachomatis A/5291	ctrx	A5291_00784	NA	bifunctional 3,4-dihydroxy-2-butanone 4-phosphate synthase/GTP cyclohydrolase II protein	md:ctrx_M00125	I	845668	846942	+
Chlamydia trachomatis A/5291	ctrx	A5291_00785	NA	6,7-dimethyl-8-ribityllumazine synthase	md:ctrx_M00125	I	846911	847384	+
Chlamydia trachomatis A/5291	ctrx	A5291_00656	NA	dihydrofolate reductase	md:ctrx_M00126	I	694091	694570	-
Chlamydia trachomatis A/5291	ctrx	A5291_00657	NA	dihydropteroate synthase	md:ctrx_M00126	I	694567	695919	-
Chlamydia trachomatis A/5291	ctrx	A5291_00658	NA	D-erythro-7,8-dihydroneopterin triphosphate 2'-epimerase	md:ctrx_M00126	I	695916	696284	-
Chlamydia trachomatis A/5291	ctrx	A5291_00397	NA	pyruvoyl-dependent arginine decarboxylase	md:ctrx_M00133	I	428080	428667	+
Chlamydia trachomatis A/5291	ctrx	A5291_00082	NA	bifunctional 5,10-methylene-tetrahydrofolate dehydrogenase/5,10-methylene-tetrahydrofolate cyclohydrolase	md:ctrx_M00140	I	92521	93384	-
Chlamydia trachomatis A/5291	ctrx	A5291_00464	NA	serine hydroxymethyltransferase	md:ctrx_M00140	I	503213	504706	-
Chlamydia trachomatis A/5291	ctrx	A5291_00632	NA	succinate dehydrogenase iron-sulfur subunit	md:ctrx_M00149	I	672381	673040	-
Chlamydia trachomatis A/5291	ctrx	A5291_00634	NA	succinate dehydrogenase flavoprotein subunit	md:ctrx_M00149	I	673662	675038	-
Chlamydia trachomatis A/5291	ctrx	A5291_00635	NA	Succinate dehydrogenase/fumarate reductase, cytochrome b subunit	md:ctrx_M00149	I	675035	675604	-
Chlamydia trachomatis A/5291	ctrx	A5291_00014	NA	cytochrome bd-II oxidase subunit 1	md:ctrx_M00153	I	14205	15545	+
Chlamydia trachomatis A/5291	ctrx	A5291_00015	NA	cytochrome bd-II oxidase subunit 2	md:ctrx_M00153	I	15557	16618	+
Chlamydia trachomatis A/5291	ctrx	A5291_00320	NA	V-type ATP synthase subunit K	md:ctrx_M00159	I	342548	342973	-
Chlamydia trachomatis A/5291	ctrx	A5291_00321	NA	V-type ATP synthase subunit I	md:ctrx_M00159	I	343036	344985	-
Chlamydia trachomatis A/5291	ctrx	A5291_00322	NA	V-type ATP synthase subunit D	md:ctrx_M00159	I	344991	345602	-
Chlamydia trachomatis A/5291	ctrx	A5291_00323	NA	V-type ATP synthase subunit B	md:ctrx_M00159	I	345587	346903	-
Chlamydia trachomatis A/5291	ctrx	A5291_00324	NA	V-type ATP synthase subunit A	md:ctrx_M00159	I	346906	348681	-
Chlamydia trachomatis A/5291	ctrx	A5291_00326	NA	V-type ATP synthase subunit E	md:ctrx_M00159	I	349642	350268	-
Chlamydia trachomatis A/5291	ctrx	A5291_00227	NA	ribose-5-phosphate isomerase A	md:ctrx_M00165	I	242834	243562	-
Chlamydia trachomatis A/5291	ctrx	A5291_00545	NA	glyceraldehyde-3-phosphate dehydrogenase A	md:ctrx_M00165	I	585336	586340	-
Chlamydia trachomatis A/5291	ctrx	A5291_00745	NA	bifunctional phosphoglycerate kinase/triosephosphate isomerase	md:ctrx_M00165	I	797236	798447	+
Chlamydia trachomatis A/5291	ctrx	A5291_00810	NA	transketolase	md:ctrx_M00165	I	883717	885717	+
Chlamydia trachomatis A/5291	ctrx	A5291_00545	NA	glyceraldehyde-3-phosphate dehydrogenase A	md:ctrx_M00166	I	585336	586340	-
Chlamydia trachomatis A/5291	ctrx	A5291_00745	NA	bifunctional phosphoglycerate kinase/triosephosphate isomerase	md:ctrx_M00166	I	797236	798447	+
Chlamydia trachomatis A/5291	ctrx	A5291_00227	NA	ribose-5-phosphate isomerase A	md:ctrx_M00167	I	242834	243562	-
Chlamydia trachomatis A/5291	ctrx	A5291_00810	NA	transketolase	md:ctrx_M00167	I	883717	885717	+
Chlamydia trachomatis A/5291	ctrx	A5291_00402	NA	malate dehydrogenase	md:ctrx_M00168	I	431404	432384	-
Chlamydia trachomatis A/5291	ctrx	A5291_00402	NA	malate dehydrogenase	md:ctrx_M00173	I	431404	432384	-
Chlamydia trachomatis A/5291	ctrx	A5291_00632	NA	succinate dehydrogenase iron-sulfur subunit	md:ctrx_M00173	I	672381	673040	-
Chlamydia trachomatis A/5291	ctrx	A5291_00634	NA	succinate dehydrogenase flavoprotein subunit	md:ctrx_M00173	I	673662	675038	-
Chlamydia trachomatis A/5291	ctrx	A5291_00635	NA	Succinate dehydrogenase/fumarate reductase, cytochrome b subunit	md:ctrx_M00173	I	675035	675604	-
Chlamydia trachomatis A/5291	ctrx	A5291_00885	NA	succinyl-CoA synthetase subunit beta	md:ctrx_M00173	I	967139	968299	+
Chlamydia trachomatis A/5291	ctrx	A5291_00886	NA	succinyl-CoA synthetase subunit alpha	md:ctrx_M00173	I	968314	969189	+
Chlamydia trachomatis A/5291	ctrx	A5291_00921	NA	fumarate hydratase	md:ctrx_M00173	I	1006842	1008086	+
Chlamydia trachomatis A/5291	ctrx	A5291_00467	NA	sulfite reductase	md:ctrx_M00176	I	506377	507429	-
Chlamydia trachomatis A/5291	ctrx	A5291_00261	NA	hypothetical protein	md:ctrx_M00307	I	275686	276708	+
Chlamydia trachomatis A/5291	ctrx	A5291_00262	NA	pyruvate dehydrogenase subunit beta	md:ctrx_M00307	I	276701	277687	+
Chlamydia trachomatis A/5291	ctrx	A5291_00263	NA	branched-chain alpha-keto acid dehydrogenase subunit E2	md:ctrx_M00307	I	277692	278981	+
Chlamydia trachomatis A/5291	ctrx	A5291_00598	NA	dihydrolipoamide dehydrogenase	md:ctrx_M00307	I	631285	632682	+
Chlamydia trachomatis A/5291	ctrx	A5291_00545	NA	glyceraldehyde-3-phosphate dehydrogenase A	md:ctrx_M00308	I	585336	586340	-
Chlamydia trachomatis A/5291	ctrx	A5291_00745	NA	bifunctional phosphoglycerate kinase/triosephosphate isomerase	md:ctrx_M00308	I	797236	798447	+
Chlamydia trachomatis A/5291	ctrx	A5291_00217	NA	diphosphate--fructose-6-phosphate 1-phosphotransferase	md:ctrx_M00345	I	232210	233871	+
Chlamydia trachomatis A/5291	ctrx	A5291_00402	NA	malate dehydrogenase	md:ctrx_M00346	I	431404	432384	-
Chlamydia trachomatis A/5291	ctrx	A5291_00464	NA	serine hydroxymethyltransferase	md:ctrx_M00346	I	503213	504706	-
Chlamydia trachomatis A/5291	ctrx	A5291_00628	NA	enolase	md:ctrx_M00346	I	664119	665393	+
Chlamydia trachomatis A/5291	ctrx	A5291_00672	NA	geranyltranstransferase	md:ctrx_M00364	I	717767	718642	-
Chlamydia trachomatis A/5291	ctrx	A5291_00402	NA	malate dehydrogenase	md:ctrx_M00374	I	431404	432384	-
Chlamydia trachomatis A/5291	ctrx	A5291_00632	NA	succinate dehydrogenase iron-sulfur subunit	md:ctrx_M00374	I	672381	673040	-
Chlamydia trachomatis A/5291	ctrx	A5291_00634	NA	succinate dehydrogenase flavoprotein subunit	md:ctrx_M00374	I	673662	675038	-
Chlamydia trachomatis A/5291	ctrx	A5291_00635	NA	Succinate dehydrogenase/fumarate reductase, cytochrome b subunit	md:ctrx_M00374	I	675035	675604	-
Chlamydia trachomatis A/5291	ctrx	A5291_00885	NA	succinyl-CoA synthetase subunit beta	md:ctrx_M00374	I	967139	968299	+
Chlamydia trachomatis A/5291	ctrx	A5291_00886	NA	succinyl-CoA synthetase subunit alpha	md:ctrx_M00374	I	968314	969189	+
Chlamydia trachomatis A/5291	ctrx	A5291_00126	NA	acetyl-CoA carboxylase biotin carboxyl carrier protein subunit	md:ctrx_M00376	I	139992	140486	+
Chlamydia trachomatis A/5291	ctrx	A5291_00127	NA	acetyl-CoA carboxylase biotin carboxylase subunit	md:ctrx_M00376	I	140490	141863	+
Chlamydia trachomatis A/5291	ctrx	A5291_00281	NA	acetyl-CoA carboxylase carboxyltransferase subunit alpha	md:ctrx_M00376	I	298525	299499	-
Chlamydia trachomatis A/5291	ctrx	A5291_00309	NA	acetyl-CoA carboxylase subunit beta	md:ctrx_M00376	I	328549	329475	-
Chlamydia trachomatis A/5291	ctrx	A5291_00632	NA	succinate dehydrogenase iron-sulfur subunit	md:ctrx_M00376	I	672381	673040	-
Chlamydia trachomatis A/5291	ctrx	A5291_00634	NA	succinate dehydrogenase flavoprotein subunit	md:ctrx_M00376	I	673662	675038	-
Chlamydia trachomatis A/5291	ctrx	A5291_00635	NA	Succinate dehydrogenase/fumarate reductase, cytochrome b subunit	md:ctrx_M00376	I	675035	675604	-
Chlamydia trachomatis A/5291	ctrx	A5291_00921	NA	fumarate hydratase	md:ctrx_M00376	I	1006842	1008086	+
Chlamydia trachomatis A/5291	ctrx	A5291_00082	NA	bifunctional 5,10-methylene-tetrahydrofolate dehydrogenase/5,10-methylene-tetrahydrofolate cyclohydrolase	md:ctrx_M00377	I	92521	93384	-
Chlamydia trachomatis A/5291	ctrx	A5291_00385	NA	dihydrodipicolinate synthase	md:ctrx_M00525	I	414289	415149	-
Chlamydia trachomatis A/5291	ctrx	A5291_00386	NA	aspartate kinase	md:ctrx_M00525	I	415159	416454	-
Chlamydia trachomatis A/5291	ctrx	A5291_00387	NA	aspartate-semialdehyde dehydrogenase	md:ctrx_M00525	I	416447	417451	-
Chlamydia trachomatis A/5291	ctrx	A5291_00388	NA	dihydrodipicolinate reductase	md:ctrx_M00525	I	417461	418222	-
Chlamydia trachomatis A/5291	ctrx	A5291_00462	NA	diaminopimelate epimerase	md:ctrx_M00525	I	501827	502654	-
Chlamydia trachomatis A/5291	ctrx	A5291_00385	NA	dihydrodipicolinate synthase	md:ctrx_M00526	I	414289	415149	-
Chlamydia trachomatis A/5291	ctrx	A5291_00386	NA	aspartate kinase	md:ctrx_M00526	I	415159	416454	-
Chlamydia trachomatis A/5291	ctrx	A5291_00387	NA	aspartate-semialdehyde dehydrogenase	md:ctrx_M00526	I	416447	417451	-
Chlamydia trachomatis A/5291	ctrx	A5291_00388	NA	dihydrodipicolinate reductase	md:ctrx_M00526	I	417461	418222	-
Chlamydia trachomatis A/5291	ctrx	A5291_00385	NA	dihydrodipicolinate synthase	md:ctrx_M00527	I	414289	415149	-
Chlamydia trachomatis A/5291	ctrx	A5291_00386	NA	aspartate kinase	md:ctrx_M00527	I	415159	416454	-
Chlamydia trachomatis A/5291	ctrx	A5291_00387	NA	aspartate-semialdehyde dehydrogenase	md:ctrx_M00527	I	416447	417451	-
Chlamydia trachomatis A/5291	ctrx	A5291_00388	NA	dihydrodipicolinate reductase	md:ctrx_M00527	I	417461	418222	-
Chlamydia trachomatis A/5291	ctrx	A5291_00417	NA	L,L-diaminopimelate aminotransferase	md:ctrx_M00527	I	446710	447894	+
Chlamydia trachomatis A/5291	ctrx	A5291_00462	NA	diaminopimelate epimerase	md:ctrx_M00527	I	501827	502654	-
Chlamydia trachomatis A/5291	ctrx	A5291_00298	NA	glycine cleavage system protein H	md:ctrx_M00532	I	315036	315389	-
Chlamydia trachomatis A/5291	ctrx	A5291_00464	NA	serine hydroxymethyltransferase	md:ctrx_M00532	I	503213	504706	-
Chlamydia trachomatis A/5291	ctrx	A5291_00598	NA	dihydrolipoamide dehydrogenase	md:ctrx_M00532	I	631285	632682	+
Chlamydia trachomatis A/5291	ctrx	A5291_00092	NA	type III secretion system protein InvA	md:ctrx_M00542	I	103937	106063	-
Chlamydia trachomatis A/5291	ctrx	A5291_00093	NA	type III secretion system protein	md:ctrx_M00542	I	106063	107145	-
Chlamydia trachomatis A/5291	ctrx	A5291_00600	NA	flagellar MS-ring protein	md:ctrx_M00542	I	633718	634698	+
Chlamydia trachomatis A/5291	ctrx	A5291_00603	NA	type III secretion system protein	md:ctrx_M00542	I	636495	637415	+
Chlamydia trachomatis A/5291	ctrx	A5291_00604	NA	flagellar biosynthesis protein FliQ	md:ctrx_M00542	I	637427	637711	+
Chlamydia trachomatis A/5291	ctrx	A5291_00605	NA	flagellar biosynthesis protein FliR	md:ctrx_M00542	I	637718	638587	+
Chlamydia trachomatis A/5291	ctrx	A5291_00717	NA	type III secretion system ATPase	md:ctrx_M00542	I	767351	768679	+
Chlamydia trachomatis A/5291	ctrx	A5291_00722	NA	putative outer membrane porin HofQ	md:ctrx_M00542	I	772798	775563	+
Chlamydia trachomatis A/5291	ctrx	A5291_00545	NA	glyceraldehyde-3-phosphate dehydrogenase A	md:ctrx_M00552	I	585336	586340	-
Chlamydia trachomatis A/5291	ctrx	A5291_00745	NA	bifunctional phosphoglycerate kinase/triosephosphate isomerase	md:ctrx_M00552	I	797236	798447	+
Chlamydia trachomatis A/5291	ctrx	A5291_00044	NA	glycogen debranching enzyme	md:ctrx_M00565	I	46556	48556	-
Chlamydia trachomatis A/5291	ctrx	A5291_00527	NA	glucose-1-phosphate adenylyltransferase	md:ctrx_M00565	I	567121	568446	-
Chlamydia trachomatis A/5291	ctrx	A5291_00858	NA	glycogen synthase	md:ctrx_M00565	I	937705	939129	-
Chlamydia trachomatis A/5291	ctrx	A5291_00934	NA	glycogen branching enzyme	md:ctrx_M00565	I	1022924	1025140	+
Chlamydia trachomatis A/5291	ctrx	A5291_00106	NA	enoyl-(acyl carrier protein) reductase	md:ctrx_M00572	I	119924	120820	-
Chlamydia trachomatis A/5291	ctrx	A5291_00253	NA	3-ketoacyl-(acyl-carrier-protein) reductase	md:ctrx_M00572	I	266427	267173	-
Chlamydia trachomatis A/5291	ctrx	A5291_00572	NA	bifunctional UDP-3-O-[3-hydroxymyristoyl] N-acetylglucosamine deacetylase/(3R)-hydroxymyristoyl-[acyl-carrier-protein] dehydratase	md:ctrx_M00572	I	601899	602360	-
Chlamydia trachomatis A/5291	ctrx	A5291_00831	NA	3-oxoacyl-(acyl carrier protein) synthase II	md:ctrx_M00572	I	906249	907505	+
Chlamydia trachomatis A/5291	ctrx	A5291_00838	NA	8-amino-7-oxononanoate synthase	md:ctrx_M00573	I	913670	914803	+
Chlamydia trachomatis A/5291	ctrx	A5291_00838	NA	8-amino-7-oxononanoate synthase	md:ctrx_M00577	I	913670	914803	+
Chlamydia trachomatis A/5291	ctrx	A5291_00227	NA	ribose-5-phosphate isomerase A	md:ctrx_M00580	I	242834	243562	-
Chlamydia trachomatis A/5291	ctrx	A5291_00402	NA	malate dehydrogenase	md:ctrx_M00620	I	431404	432384	-
Chlamydia trachomatis A/5291	ctrx	A5291_00885	NA	succinyl-CoA synthetase subunit beta	md:ctrx_M00620	I	967139	968299	+
Chlamydia trachomatis A/5291	ctrx	A5291_00886	NA	succinyl-CoA synthetase subunit alpha	md:ctrx_M00620	I	968314	969189	+
Chlamydia trachomatis A/5291	ctrx	A5291_00092	NA	type III secretion system protein InvA	md:ctrx_M00660	I	103937	106063	-
Chlamydia trachomatis A/5291	ctrx	A5291_00093	NA	type III secretion system protein	md:ctrx_M00660	I	106063	107145	-
Chlamydia trachomatis A/5291	ctrx	A5291_00600	NA	flagellar MS-ring protein	md:ctrx_M00660	I	633718	634698	+
Chlamydia trachomatis A/5291	ctrx	A5291_00602	NA	type III secretion system protein	md:ctrx_M00660	I	635811	636482	+
Chlamydia trachomatis A/5291	ctrx	A5291_00603	NA	type III secretion system protein	md:ctrx_M00660	I	636495	637415	+
Chlamydia trachomatis A/5291	ctrx	A5291_00604	NA	flagellar biosynthesis protein FliQ	md:ctrx_M00660	I	637427	637711	+
Chlamydia trachomatis A/5291	ctrx	A5291_00605	NA	flagellar biosynthesis protein FliR	md:ctrx_M00660	I	637718	638587	+
Chlamydia trachomatis A/5291	ctrx	A5291_00717	NA	type III secretion system ATPase	md:ctrx_M00660	I	767351	768679	+
Chlamydia trachomatis A/5291	ctrx	A5291_00402	NA	malate dehydrogenase	md:ctrx_M00740	I	431404	432384	-
Chlamydia trachomatis A/5291	ctrx	A5291_00347	NA	N-(5'-phosphoribosyl)anthranilate isomerase	md:ctrx_M00840	I	370739	371365	-
Chlamydia trachomatis A/5291	ctrx	A5291_00655	NA	F420-0--gamma-glutamyl ligase	md:ctrx_M00840	I	693388	694119	-
Chlamydia trachomatis A/5291	ctrx	A5291_00656	NA	dihydrofolate reductase	md:ctrx_M00840	I	694091	694570	-
Chlamydia trachomatis A/5291	ctrx	A5291_00657	NA	dihydropteroate synthase	md:ctrx_M00840	I	694567	695919	-
Chlamydia trachomatis A/5291	ctrx	A5291_00658	NA	D-erythro-7,8-dihydroneopterin triphosphate 2'-epimerase	md:ctrx_M00840	I	695916	696284	-
Chlamydia trachomatis A/5291	ctrx	A5291_00784	NA	bifunctional 3,4-dihydroxy-2-butanone 4-phosphate synthase/GTP cyclohydrolase II protein	md:ctrx_M00840	I	845668	846942	+
Chlamydia trachomatis A/5291	ctrx	A5291_00657	NA	dihydropteroate synthase	md:ctrx_M00841	I	694567	695919	-
Chlamydia trachomatis A/5291	ctrx	A5291_00224	NA	glutamate-1-semialdehyde aminotransferase	md:ctrx_M00846	I	240550	241818	+
Chlamydia trachomatis A/5291	ctrx	A5291_00315	NA	porphobilinogen deaminase	md:ctrx_M00846	I	334829	335554	+
Chlamydia trachomatis A/5291	ctrx	A5291_00465	NA	uroporphyrinogen-III synthase	md:ctrx_M00846	I	505070	505741	+
Chlamydia trachomatis A/5291	ctrx	A5291_00678	NA	delta-aminolevulinic acid dehydratase	md:ctrx_M00846	I	722552	723568	+
Chlamydia trachomatis A/5291	ctrx	A5291_00710	NA	glutamyl-tRNA reductase	md:ctrx_M00846	I	760961	762004	+
Chlamydia trachomatis A/5291	ctrx	A5291_00234	NA	aromatic acid decarboxylase	md:ctrx_M00849	I	250924	251502	+
Chlamydia trachomatis A/5291	ctrx	A5291_00527	NA	glucose-1-phosphate adenylyltransferase	md:ctrx_M00854	I	567121	568446	-
Chlamydia trachomatis A/5291	ctrx	A5291_00858	NA	glycogen synthase	md:ctrx_M00854	I	937705	939129	-
Chlamydia trachomatis A/5291	ctrx	A5291_00934	NA	glycogen branching enzyme	md:ctrx_M00854	I	1022924	1025140	+
Chlamydia trachomatis A/5291	ctrx	A5291_00089	NA	4-alpha-glucanotransferase	md:ctrx_M00855	I	100589	102172	-
Chlamydia trachomatis A/5291	ctrx	A5291_00264	NA	glycogen phosphorylase	md:ctrx_M00855	I	279008	281452	-
Chlamydia trachomatis A/5291	ctrx	A5291_00011	NA	lipid A biosynthesis lauroyl acyltransferase	md:ctrx_M00866	I	10385	11752	-
Chlamydia trachomatis A/5291	ctrx	A5291_00222	NA	3-deoxy-D-manno-octulosonic-acid transferase	md:ctrx_M00866	I	236602	237897	-
Chlamydia trachomatis A/5291	ctrx	A5291_00259	NA	UDP-3-O-[3-hydroxymyristoyl] glucosamine N-acyltransferase	md:ctrx_M00866	I	273207	274271	+
Chlamydia trachomatis A/5291	ctrx	A5291_00429	NA	tetraacyldisaccharide 4'-kinase	md:ctrx_M00866	I	463302	464411	-
Chlamydia trachomatis A/5291	ctrx	A5291_00438	NA	lipid-A-disaccharide synthase	md:ctrx_M00866	I	471568	473391	+
Chlamydia trachomatis A/5291	ctrx	A5291_00571	NA	UDP-N-acetylglucosamine acyltransferase	md:ctrx_M00866	I	601045	601887	-
Chlamydia trachomatis A/5291	ctrx	A5291_00573	NA	UDP-3-O-[3-hydroxymyristoyl] N-acetylglucosamine deacetylase	md:ctrx_M00866	I	602357	603217	-
Chlamydia trachomatis A/5291	ctrx	A5291_00315	NA	porphobilinogen deaminase	md:ctrx_M00868	I	334829	335554	+
Chlamydia trachomatis A/5291	ctrx	A5291_00465	NA	uroporphyrinogen-III synthase	md:ctrx_M00868	I	505070	505741	+
Chlamydia trachomatis A/5291	ctrx	A5291_00523	NA	ferrochelatase	md:ctrx_M00868	I	563932	564876	-
Chlamydia trachomatis A/5291	ctrx	A5291_00678	NA	delta-aminolevulinic acid dehydratase	md:ctrx_M00868	I	722552	723568	+
Chlamydia trachomatis A/5291	ctrx	A5291_00802	NA	protoporphyrinogen oxidase	md:ctrx_M00868	I	868407	869681	-
Chlamydia trachomatis A/5291	ctrx	A5291_00804	NA	uroporphyrinogen decarboxylase	md:ctrx_M00868	I	871024	872028	-
Chlamydia trachomatis A/5291	ctrx	A5291_00254	NA	(acyl-carrier-protein) S-malonyltransferase	md:ctrx_M00873	I	267170	268096	-
Chlamydia trachomatis A/5291	ctrx	A5291_00831	NA	3-oxoacyl-(acyl carrier protein) synthase II	md:ctrx_M00873	I	906249	907505	+
Chlamydia trachomatis A/5291	ctrx	A5291_00253	NA	3-ketoacyl-(acyl-carrier-protein) reductase	md:ctrx_M00874	I	266427	267173	-
Chlamydia trachomatis A/5291	ctrx	A5291_00254	NA	(acyl-carrier-protein) S-malonyltransferase	md:ctrx_M00874	I	267170	268096	-
Chlamydia trachomatis A/5291	ctrx	A5291_00831	NA	3-oxoacyl-(acyl carrier protein) synthase II	md:ctrx_M00874	I	906249	907505	+
Chlamydia trachomatis A/5291	ctrx	A5291_00599	NA	lipoyl synthase	md:ctrx_M00881	I	632679	633614	+
Chlamydia trachomatis A/5291	ctrx	A5291_00599	NA	lipoyl synthase	md:ctrx_M00882	I	632679	633614	+
Chlamydia trachomatis A/5291	ctrx	A5291_00599	NA	lipoyl synthase	md:ctrx_M00883	I	632679	633614	+
Chlamydia trachomatis A/5291	ctrx	A5291_00599	NA	lipoyl synthase	md:ctrx_M00884	I	632679	633614	+
Chlamydia trachomatis A/5291	ctrx	A5291_00404	NA	glucose-6-phosphate isomerase	md:ctrx_M00909	I	432830	434407	-
Chlamydia trachomatis A/5291	ctrx	A5291_00878	NA	phosphoglucosamine mutase	md:ctrx_M00909	I	959477	960853	+
Chlamydia trachomatis A/5291	ctrx	A5291_00879	NA	glucosamine--fructose-6-phosphate aminotransferase	md:ctrx_M00909	I	960864	962684	+
Chlamydia trachomatis A/5291	ctrx	A5291_00432	NA	riboflavin synthase subunit alpha	md:ctrx_M00911	I	466198	466797	-
Chlamydia trachomatis A/5291	ctrx	A5291_00785	NA	6,7-dimethyl-8-ribityllumazine synthase	md:ctrx_M00911	I	846911	847384	+
Chlamydia trachomatis A/5291	ctrx	A5291_00224	NA	glutamate-1-semialdehyde aminotransferase	md:ctrx_M00926	I	240550	241818	+
Chlamydia trachomatis A/5291	ctrx	A5291_00315	NA	porphobilinogen deaminase	md:ctrx_M00926	I	334829	335554	+
Chlamydia trachomatis A/5291	ctrx	A5291_00465	NA	uroporphyrinogen-III synthase	md:ctrx_M00926	I	505070	505741	+
Chlamydia trachomatis A/5291	ctrx	A5291_00523	NA	ferrochelatase	md:ctrx_M00926	I	563932	564876	-
Chlamydia trachomatis A/5291	ctrx	A5291_00678	NA	delta-aminolevulinic acid dehydratase	md:ctrx_M00926	I	722552	723568	+
Chlamydia trachomatis A/5291	ctrx	A5291_00710	NA	glutamyl-tRNA reductase	md:ctrx_M00926	I	760961	762004	+
Chlamydia trachomatis A/5291	ctrx	A5291_00802	NA	protoporphyrinogen oxidase	md:ctrx_M00926	I	868407	869681	-
Chlamydia trachomatis A/5291	ctrx	A5291_00804	NA	uroporphyrinogen decarboxylase	md:ctrx_M00926	I	871024	872028	-
Chlamydia trachomatis A/5291	ctrx	A5291_00458	NA	hypothetical protein	md:ctrx_M00930	I	498223	499332	+
Chlamydia trachomatis A/5291	ctrx	A5291_00828	NA	hypothetical protein	md:ctrx_M00930	I	902595	903647	-
Chlamydia trachomatis A/5291	ctrx	A5291_00458	NA	hypothetical protein	md:ctrx_M00931	I	498223	499332	+
Chlamydia trachomatis A/5291	ctrx	A5291_00828	NA	hypothetical protein	md:ctrx_M00931	I	902595	903647	-
Chlamydia trachomatis A/5291	ctrx	A5291_00200	NA	thymidylate kinase	md:ctrx_M00938	I	211929	212540	-
Chlamydia trachomatis A/5291	ctrx	A5291_00308	NA	deoxyuridine 5'-triphosphate nucleotidohydrolase	md:ctrx_M00938	I	328075	328512	-
Chlamydia trachomatis A/5291	ctrx	A5291_00539	NA	mulitfunctional nucleoside diphosphate kinase/apyrimidinic endonuclease/3'-	md:ctrx_M00938	I	581791	582216	-
Chlamydia trachomatis A/5291	ctrx	A5291_00891	NA	ribonucleotide-diphosphate reductase subunit alpha	md:ctrx_M00938	I	976672	979815	+
Chlamydia trachomatis A/5291	ctrx	A5291_00892	NA	ribonucleotide-diphosphate reductase subunit beta	md:ctrx_M00938	I	979853	980893	+
Chlamydia trachomatis A/5291	ctrx	A5291_00838	NA	8-amino-7-oxononanoate synthase	md:ctrx_M00950	I	913670	914803	+
