Chlamydia psittaci 6BC	chb	G5O_0077	pgk	phosphoglycerate kinase	md:chb_M00001	I	76026	77237	+
Chlamydia psittaci 6BC	chb	G5O_0133	gap	glyceraldehyde-3-phosphate dehydrogenase, type I	md:chb_M00001	I	120684	121691	+
Chlamydia psittaci 6BC	chb	G5O_0345	tpiA	triosephosphate isomerase	md:chb_M00001	I	361216	361980	+
Chlamydia psittaci 6BC	chb	G5O_0535	NA	fructose-bisphosphate aldolase class I	md:chb_M00001	I	567863	568912	-
Chlamydia psittaci 6BC	chb	G5O_0640	pfpB	pyrophosphate--fructose 6-phosphate 1-phosphotransferase	md:chb_M00001	I	683243	684901	+
Chlamydia psittaci 6BC	chb	G5O_0710	pyk	pyruvate kinase	md:chb_M00001	I	769897	771342	-
Chlamydia psittaci 6BC	chb	G5O_0771	pgi	glucose-6-phosphate isomerase	md:chb_M00001	I	841222	842817	-
Chlamydia psittaci 6BC	chb	G5O_0950	NA	2,3-bisphosphoglycerate-dependent phosphoglycerate mutase	md:chb_M00001	I	1043226	1043909	+
Chlamydia psittaci 6BC	chb	G5O_1012	eno	enolase	md:chb_M00001	I	1115273	1116547	+
Chlamydia psittaci 6BC	chb	G5O_0077	pgk	phosphoglycerate kinase	md:chb_M00002	I	76026	77237	+
Chlamydia psittaci 6BC	chb	G5O_0133	gap	glyceraldehyde-3-phosphate dehydrogenase, type I	md:chb_M00002	I	120684	121691	+
Chlamydia psittaci 6BC	chb	G5O_0345	tpiA	triosephosphate isomerase	md:chb_M00002	I	361216	361980	+
Chlamydia psittaci 6BC	chb	G5O_0710	pyk	pyruvate kinase	md:chb_M00002	I	769897	771342	-
Chlamydia psittaci 6BC	chb	G5O_0950	NA	2,3-bisphosphoglycerate-dependent phosphoglycerate mutase	md:chb_M00002	I	1043226	1043909	+
Chlamydia psittaci 6BC	chb	G5O_1012	eno	enolase	md:chb_M00002	I	1115273	1116547	+
Chlamydia psittaci 6BC	chb	G5O_0077	pgk	phosphoglycerate kinase	md:chb_M00003	I	76026	77237	+
Chlamydia psittaci 6BC	chb	G5O_0133	gap	glyceraldehyde-3-phosphate dehydrogenase, type I	md:chb_M00003	I	120684	121691	+
Chlamydia psittaci 6BC	chb	G5O_0345	tpiA	triosephosphate isomerase	md:chb_M00003	I	361216	361980	+
Chlamydia psittaci 6BC	chb	G5O_0535	NA	fructose-bisphosphate aldolase class I	md:chb_M00003	I	567863	568912	-
Chlamydia psittaci 6BC	chb	G5O_0950	NA	2,3-bisphosphoglycerate-dependent phosphoglycerate mutase	md:chb_M00003	I	1043226	1043909	+
Chlamydia psittaci 6BC	chb	G5O_0963	NA	Phosphoenolpyruvate carboxykinase	md:chb_M00003	I	1056292	1058094	-
Chlamydia psittaci 6BC	chb	G5O_1012	eno	enolase	md:chb_M00003	I	1115273	1116547	+
Chlamydia psittaci 6BC	chb	G5O_0467	gnd	6-phosphogluconate dehydrogenase, decarboxylating	md:chb_M00004	I	486341	487792	+
Chlamydia psittaci 6BC	chb	G5O_0577	pgl	6-phosphogluconolactonase	md:chb_M00004	I	607185	607961	-
Chlamydia psittaci 6BC	chb	G5O_0578	zwf	glucose-6-phosphate 1-dehydrogenase	md:chb_M00004	I	607985	609520	-
Chlamydia psittaci 6BC	chb	G5O_0589	rpe	ribulose-phosphate 3-epimerase	md:chb_M00004	I	622936	623631	+
Chlamydia psittaci 6BC	chb	G5O_0669	rpiA	ribose 5-phosphate isomerase A	md:chb_M00004	I	722962	723663	-
Chlamydia psittaci 6BC	chb	G5O_0724	tal	transaldolase	md:chb_M00004	I	792178	793161	-
Chlamydia psittaci 6BC	chb	G5O_0771	pgi	glucose-6-phosphate isomerase	md:chb_M00004	I	841222	842817	-
Chlamydia psittaci 6BC	chb	G5O_0914	tkt	transketolase	md:chb_M00004	I	998328	1000295	-
Chlamydia psittaci 6BC	chb	G5O_0467	gnd	6-phosphogluconate dehydrogenase, decarboxylating	md:chb_M00006	I	486341	487792	+
Chlamydia psittaci 6BC	chb	G5O_0577	pgl	6-phosphogluconolactonase	md:chb_M00006	I	607185	607961	-
Chlamydia psittaci 6BC	chb	G5O_0578	zwf	glucose-6-phosphate 1-dehydrogenase	md:chb_M00006	I	607985	609520	-
Chlamydia psittaci 6BC	chb	G5O_0589	rpe	ribulose-phosphate 3-epimerase	md:chb_M00007	I	622936	623631	+
Chlamydia psittaci 6BC	chb	G5O_0669	rpiA	ribose 5-phosphate isomerase A	md:chb_M00007	I	722962	723663	-
Chlamydia psittaci 6BC	chb	G5O_0724	tal	transaldolase	md:chb_M00007	I	792178	793161	-
Chlamydia psittaci 6BC	chb	G5O_0914	tkt	transketolase	md:chb_M00007	I	998328	1000295	-
Chlamydia psittaci 6BC	chb	G5O_0577	pgl	6-phosphogluconolactonase	md:chb_M00008	I	607185	607961	-
Chlamydia psittaci 6BC	chb	G5O_0578	zwf	glucose-6-phosphate 1-dehydrogenase	md:chb_M00008	I	607985	609520	-
Chlamydia psittaci 6BC	chb	G5O_0248	NA	2-oxoglutarate dehydrogenase, E2 component, dihydrolipoamide succinyltransferase, putative	md:chb_M00009	I	234704	235873	+
Chlamydia psittaci 6BC	chb	G5O_0450	sucA	2-oxoglutarate dehydrogenase, E1 component	md:chb_M00009	I	470565	473291	+
Chlamydia psittaci 6BC	chb	G5O_0451	NA	2-oxoglutarate dehydrogenase, E2 component, dihydrolipoamide succinyltransferase	md:chb_M00009	I	473288	474385	+
Chlamydia psittaci 6BC	chb	G5O_0769	NA	Malate dehydrogenase	md:chb_M00009	I	839642	840628	-
Chlamydia psittaci 6BC	chb	G5O_0784	fumC	fumarate hydratase, class II	md:chb_M00009	I	856327	857709	-
Chlamydia psittaci 6BC	chb	G5O_0824	NA	succinyl-Coa synthetase, alpha chain	md:chb_M00009	I	896848	897723	-
Chlamydia psittaci 6BC	chb	G5O_0825	NA	succinyl-CoA synthase, beta subunit	md:chb_M00009	I	897738	898898	-
Chlamydia psittaci 6BC	chb	G5O_0982	lpdA	dihydrolipoamide dehydrogenase	md:chb_M00009	I	1083162	1084550	+
Chlamydia psittaci 6BC	chb	G5O_1018	NA	succinate dehydrogenase, iron-sulfur protein	md:chb_M00009	I	1123972	1124763	-
Chlamydia psittaci 6BC	chb	G5O_1019	frdA	succinate dehydrogenase, flavoprotein subunit	md:chb_M00009	I	1124778	1126661	-
Chlamydia psittaci 6BC	chb	G5O_1020	NA	succinate dehydrogenase subunit C	md:chb_M00009	I	1126666	1127559	-
Chlamydia psittaci 6BC	chb	G5O_0248	NA	2-oxoglutarate dehydrogenase, E2 component, dihydrolipoamide succinyltransferase, putative	md:chb_M00011	I	234704	235873	+
Chlamydia psittaci 6BC	chb	G5O_0450	sucA	2-oxoglutarate dehydrogenase, E1 component	md:chb_M00011	I	470565	473291	+
Chlamydia psittaci 6BC	chb	G5O_0451	NA	2-oxoglutarate dehydrogenase, E2 component, dihydrolipoamide succinyltransferase	md:chb_M00011	I	473288	474385	+
Chlamydia psittaci 6BC	chb	G5O_0769	NA	Malate dehydrogenase	md:chb_M00011	I	839642	840628	-
Chlamydia psittaci 6BC	chb	G5O_0784	fumC	fumarate hydratase, class II	md:chb_M00011	I	856327	857709	-
Chlamydia psittaci 6BC	chb	G5O_0824	NA	succinyl-Coa synthetase, alpha chain	md:chb_M00011	I	896848	897723	-
Chlamydia psittaci 6BC	chb	G5O_0825	NA	succinyl-CoA synthase, beta subunit	md:chb_M00011	I	897738	898898	-
Chlamydia psittaci 6BC	chb	G5O_0982	lpdA	dihydrolipoamide dehydrogenase	md:chb_M00011	I	1083162	1084550	+
Chlamydia psittaci 6BC	chb	G5O_1018	NA	succinate dehydrogenase, iron-sulfur protein	md:chb_M00011	I	1123972	1124763	-
Chlamydia psittaci 6BC	chb	G5O_1019	frdA	succinate dehydrogenase, flavoprotein subunit	md:chb_M00011	I	1124778	1126661	-
Chlamydia psittaci 6BC	chb	G5O_1020	NA	succinate dehydrogenase subunit C	md:chb_M00011	I	1126666	1127559	-
Chlamydia psittaci 6BC	chb	G5O_0769	NA	Malate dehydrogenase	md:chb_M00012	I	839642	840628	-
Chlamydia psittaci 6BC	chb	G5O_0257	dapF	diaminopimelate epimerase	md:chb_M00016	I	243150	243911	+
Chlamydia psittaci 6BC	chb	G5O_0744	dapA	dihydrodipicolinate synthase	md:chb_M00016	I	815010	815876	-
Chlamydia psittaci 6BC	chb	G5O_0745	NA	aspartate kinase, putative	md:chb_M00016	I	815889	817211	-
Chlamydia psittaci 6BC	chb	G5O_0746	asd	aspartate-semialdehyde dehydrogenase	md:chb_M00016	I	817199	818200	-
Chlamydia psittaci 6BC	chb	G5O_0747	NA	Dihydrodipicolinate reductase	md:chb_M00016	I	818382	819122	-
Chlamydia psittaci 6BC	chb	G5O_0745	NA	aspartate kinase, putative	md:chb_M00017	I	815889	817211	-
Chlamydia psittaci 6BC	chb	G5O_0746	asd	aspartate-semialdehyde dehydrogenase	md:chb_M00017	I	817199	818200	-
Chlamydia psittaci 6BC	chb	G5O_0745	NA	aspartate kinase, putative	md:chb_M00018	I	815889	817211	-
Chlamydia psittaci 6BC	chb	G5O_0746	asd	aspartate-semialdehyde dehydrogenase	md:chb_M00018	I	817199	818200	-
Chlamydia psittaci 6BC	chb	G5O_0291	aroF	phospho-2-dehydro-3-deoxyheptonate aldolase	md:chb_M00022	I	276733	277422	-
Chlamydia psittaci 6BC	chb	G5O_0758	aroA	3-phosphoshikimate 1-carboxyvinyltransferase	md:chb_M00022	I	827761	829125	+
Chlamydia psittaci 6BC	chb	G5O_0759	aroK	shikimate kinase	md:chb_M00022	I	829061	829582	+
Chlamydia psittaci 6BC	chb	G5O_0760	aroC	chorismate synthase	md:chb_M00022	I	829579	830658	+
Chlamydia psittaci 6BC	chb	G5O_0761	aroB	3-dehydroquinate synthase	md:chb_M00022	I	830643	831794	+
Chlamydia psittaci 6BC	chb	G5O_0762	NA	3-dehydroquinate dehydratase/shikimate 5-dehydrogenase	md:chb_M00022	I	831775	833208	+
Chlamydia psittaci 6BC	chb	G5O_0248	NA	2-oxoglutarate dehydrogenase, E2 component, dihydrolipoamide succinyltransferase, putative	md:chb_M00032	I	234704	235873	+
Chlamydia psittaci 6BC	chb	G5O_0451	NA	2-oxoglutarate dehydrogenase, E2 component, dihydrolipoamide succinyltransferase	md:chb_M00032	I	473288	474385	+
Chlamydia psittaci 6BC	chb	G5O_0982	lpdA	dihydrolipoamide dehydrogenase	md:chb_M00032	I	1083162	1084550	+
Chlamydia psittaci 6BC	chb	G5O_0745	NA	aspartate kinase, putative	md:chb_M00033	I	815889	817211	-
Chlamydia psittaci 6BC	chb	G5O_0746	asd	aspartate-semialdehyde dehydrogenase	md:chb_M00033	I	817199	818200	-
Chlamydia psittaci 6BC	chb	G5O_0452	NA	conserved hypothetical protein TIGR00726	md:chb_M00034	I	474396	475178	-
Chlamydia psittaci 6BC	chb	G5O_0359	NA	2-oxoisovalerate dehydrogenase, E1 component, beta subunit	md:chb_M00036	I	377705	379741	+
Chlamydia psittaci 6BC	chb	G5O_0982	lpdA	dihydrolipoamide dehydrogenase	md:chb_M00036	I	1083162	1084550	+
Chlamydia psittaci 6BC	chb	G5O_0140	NA	nucleoside diphosphate kinase	md:chb_M00049	I	125245	125670	+
Chlamydia psittaci 6BC	chb	G5O_0573	NA	Adenylate kinase	md:chb_M00049	I	603364	604005	-
Chlamydia psittaci 6BC	chb	G5O_0786	adk	Adenylate kinase	md:chb_M00049	I	859502	860152	-
Chlamydia psittaci 6BC	chb	G5O_0140	NA	nucleoside diphosphate kinase	md:chb_M00050	I	125245	125670	+
Chlamydia psittaci 6BC	chb	G5O_0605	NA	GMP synthase	md:chb_M00050	I	650721	652259	-
Chlamydia psittaci 6BC	chb	G5O_0606	NA	inosine-5-monophosphate dehydrogenase	md:chb_M00050	I	652274	653389	-
Chlamydia psittaci 6BC	chb	G5O_0687	NA	Guanylate kinase	md:chb_M00050	I	743746	744360	-
Chlamydia psittaci 6BC	chb	G5O_0153	NA	Orotate phosphoribosyltransferase	md:chb_M00051	I	139472	140092	+
Chlamydia psittaci 6BC	chb	G5O_0058	pyrH	uridylate kinase	md:chb_M00052	I	55271	56011	-
Chlamydia psittaci 6BC	chb	G5O_0140	NA	nucleoside diphosphate kinase	md:chb_M00052	I	125245	125670	+
Chlamydia psittaci 6BC	chb	G5O_0628	pyrG	CTP synthase	md:chb_M00052	I	669706	671319	+
Chlamydia psittaci 6BC	chb	G5O_0140	NA	nucleoside diphosphate kinase	md:chb_M00053	I	125245	125670	+
Chlamydia psittaci 6BC	chb	G5O_0816	NA	ribonucleoside-diphosphate reductase, beta subunit	md:chb_M00053	I	883927	884967	-
Chlamydia psittaci 6BC	chb	G5O_0817	NA	ribonucleoside-diphosphate reductase, alpha subunit	md:chb_M00053	I	884991	888128	-
Chlamydia psittaci 6BC	chb	G5O_0105	lpxC	UDP-3-0-acyl N-acetylglucosamine deacetylase	md:chb_M00060	I	103866	104708	+
Chlamydia psittaci 6BC	chb	G5O_0107	lpxA	acyl-[acyl-carrier-protein]--UDP-N-acetylglucosamine O-acyltransferase	md:chb_M00060	I	105197	106036	+
Chlamydia psittaci 6BC	chb	G5O_0246	lpxK	tetraacyldisaccharide 4'-kinase	md:chb_M00060	I	232316	233419	+
Chlamydia psittaci 6BC	chb	G5O_0516	lpxD	UDP-3-O-[3-hydroxymyristoyl] glucosamine N-acyltransferase	md:chb_M00060	I	544176	545258	-
Chlamydia psittaci 6BC	chb	G5O_0645	NA	3-deoxy-manno-octulosonate cytidylyltransferase	md:chb_M00060	I	687745	689046	-
Chlamydia psittaci 6BC	chb	G5O_0709	NA	acyltransferase	md:chb_M00060	I	768162	769499	+
Chlamydia psittaci 6BC	chb	G5O_0832	lpxB	Lipid-A-disaccharide synthase	md:chb_M00060	I	907145	908866	+
Chlamydia psittaci 6BC	chb	G5O_0030	kdsA	3-deoxy-8-phosphooctulonate synthase	md:chb_M00063	I	30737	31546	-
Chlamydia psittaci 6BC	chb	G5O_0249	NA	carbohydrate isomerase, KpsF/GutQ family	md:chb_M00063	I	235905	236894	+
Chlamydia psittaci 6BC	chb	G5O_0627	kdsB	3-deoxy-D-manno-octulosonate cytidylyltransferase	md:chb_M00063	I	668966	669730	+
Chlamydia psittaci 6BC	chb	G5O_0377	accD	acetyl-CoA carboxylase, carboxyl transferase, beta subunit	md:chb_M00082	I	397400	398326	+
Chlamydia psittaci 6BC	chb	G5O_0408	accA	acetyl-CoA carboxylase, carboxyl transferase, alpha subunit	md:chb_M00082	I	429911	430885	+
Chlamydia psittaci 6BC	chb	G5O_0520	NA	3-oxoacyl-[acyl-carrier-protein] synthase III	md:chb_M00082	I	549196	550203	+
Chlamydia psittaci 6BC	chb	G5O_0521	fabD	malonyl CoA-acyl carrier protein transacylase	md:chb_M00082	I	550204	551130	+
Chlamydia psittaci 6BC	chb	G5O_0591	accB	acetyl-CoA carboxylase, biotin carboxyl carrier protein	md:chb_M00082	I	624207	624707	+
Chlamydia psittaci 6BC	chb	G5O_0592	accC	acetyl-CoA carboxylase, biotin carboxylase	md:chb_M00082	I	624707	626062	+
Chlamydia psittaci 6BC	chb	G5O_0106	fabZ	beta-hydroxyacyl-(acyl-carrier-protein) dehydratase FabZ	md:chb_M00083	I	104723	105187	+
Chlamydia psittaci 6BC	chb	G5O_0416	enr-A	enoyl-(acyl-carrier protein) reductase	md:chb_M00083	I	437176	438075	-
Chlamydia psittaci 6BC	chb	G5O_0522	fabG	3-oxoacyl-(acyl-carrier-protein) reductase	md:chb_M00083	I	551135	551881	+
Chlamydia psittaci 6BC	chb	G5O_0751	NA	oxidoreductase, short-chain dehydrogenase/reductase family, putative	md:chb_M00083	I	821974	822813	+
Chlamydia psittaci 6BC	chb	G5O_0890	NA	3-oxoacyl-(acyl-carrier-protein) synthase II	md:chb_M00083	I	975877	977127	-
Chlamydia psittaci 6BC	chb	G5O_0198	NA	Glycer	md:chb_M00089	I	182513	183160	-
Chlamydia psittaci 6BC	chb	G5O_0850	NA	glycerol-3-P acyltransferase	md:chb_M00089	I	934799	935794	+
Chlamydia psittaci 6BC	chb	G5O_0885	NA	snglycerol-3-p acyltransferase	md:chb_M00089	I	971668	972429	-
Chlamydia psittaci 6BC	chb	G5O_0200	cdsA	phosphatidate cytidylyltransferase	md:chb_M00093	I	183804	184724	-
Chlamydia psittaci 6BC	chb	G5O_0818	NA	glycerol-serine phosphatidyltransferase	md:chb_M00093	I	888547	889311	+
Chlamydia psittaci 6BC	chb	G5O_0975	NA	Phosphatidylserine decarboxylase proenzyme	md:chb_M00093	I	1074340	1075167	-
Chlamydia psittaci 6BC	chb	G5O_0188	NA	2-C-methyl-D-erythritol 4-phosphate cytidylyltransferase	md:chb_M00096	I	171473	172111	-
Chlamydia psittaci 6BC	chb	G5O_0222	ispF	2C-methyl-D-erythritol 2,4-cyclodiphosphate synthase	md:chb_M00096	I	209594	210124	-
Chlamydia psittaci 6BC	chb	G5O_0341	dxs	1-deoxy-D-xylulose-5-phosphate synthase	md:chb_M00096	I	356987	358921	-
Chlamydia psittaci 6BC	chb	G5O_0453	ispG	4-hydroxy-3-methylbut-2-en-1-yl diphosphate synthase	md:chb_M00096	I	475153	476973	-
Chlamydia psittaci 6BC	chb	G5O_0477	dxr	1-deoxy-D-xylulose 5-phosphate reductoisomerase	md:chb_M00096	I	498345	499484	+
Chlamydia psittaci 6BC	chb	G5O_0780	ispH	4-hydroxy-3-methylbut-2-enyl diphosphate reductase	md:chb_M00096	I	850137	851066	-
Chlamydia psittaci 6BC	chb	G5O_0854	ispE	4-diphosphocytidyl-2C-methyl-D-erythritol kinase	md:chb_M00096	I	940363	941238	-
Chlamydia psittaci 6BC	chb	G5O_0259	NA	Menaquinone biosynthesis methyltransferase ubiE	md:chb_M00116	I	245043	245735	-
Chlamydia psittaci 6BC	chb	G5O_0259	NA	Menaquinone biosynthesis methyltransferase ubiE	md:chb_M00117	I	245043	245735	-
Chlamydia psittaci 6BC	chb	G5O_0552	NA	4-hydroxybenzoate polyprenyltransferase, putative	md:chb_M00117	I	587735	588634	+
Chlamydia psittaci 6BC	chb	G5O_0553	NA	phenylacrylic acid decarboxylase	md:chb_M00117	I	588648	589226	+
Chlamydia psittaci 6BC	chb	G5O_0149	coaE	dephospho-CoA kinase	md:chb_M00120	I	136894	137493	+
Chlamydia psittaci 6BC	chb	G5O_0008	hemB	delta-aminolevulinic acid dehydratase	md:chb_M00121	I	57	1052	+
Chlamydia psittaci 6BC	chb	G5O_0038	NA	Glutamyl-tRNA reductase	md:chb_M00121	I	38066	39082	+
Chlamydia psittaci 6BC	chb	G5O_0158	hemH	ferrochelatase	md:chb_M00121	I	143933	144889	-
Chlamydia psittaci 6BC	chb	G5O_0208	gltX	glutamyl-tRNA synthetase	md:chb_M00121	I	196551	198068	+
Chlamydia psittaci 6BC	chb	G5O_0254	hemD	uroporphyrinogen-III synthase	md:chb_M00121	I	240089	240754	-
Chlamydia psittaci 6BC	chb	G5O_0371	NA	Porphobilinogen deaminase, dipyromethane cofactor binding domain protein	md:chb_M00121	I	391287	392024	-
Chlamydia psittaci 6BC	chb	G5O_0666	NA	glutamate-1-semialdehyde-2,1-aminomutase	md:chb_M00121	I	720528	721841	-
Chlamydia psittaci 6BC	chb	G5O_0917	hemE	uroporphyrinogen decarboxylase	md:chb_M00121	I	1006455	1007456	+
Chlamydia psittaci 6BC	chb	G5O_0918	hemN	oxygen-independent coproporphyrinogen III oxidase	md:chb_M00121	I	1007429	1008805	+
Chlamydia psittaci 6BC	chb	G5O_0919	hemG	protoporphyrinogen oxidase	md:chb_M00121	I	1008802	1010070	+
Chlamydia psittaci 6BC	chb	G5O_0752	bioB	biotin synthase	md:chb_M00123	I	823062	824057	+
Chlamydia psittaci 6BC	chb	G5O_0753	bioF	8-amino-7-oxononanoate synthase	md:chb_M00123	I	824036	825184	+
Chlamydia psittaci 6BC	chb	G5O_0754	NA	Dethiobiotin synthetase	md:chb_M00123	I	825169	825786	+
Chlamydia psittaci 6BC	chb	G5O_0755	bioA	adenosylmethionine-8-amino-7-oxononanoate aminotransferase	md:chb_M00123	I	825786	827063	+
Chlamydia psittaci 6BC	chb	G5O_0883	NA	8-amino-7-oxononanoate synthase, putative	md:chb_M00123	I	968872	969978	-
Chlamydia psittaci 6BC	chb	G5O_0243	ribE	riboflavin synthase, alpha subunit	md:chb_M00125	I	229849	230442	+
Chlamydia psittaci 6BC	chb	G5O_0498	ribF	riboflavin biosynthesis protein RibF	md:chb_M00125	I	521951	522865	-
Chlamydia psittaci 6BC	chb	G5O_0940	ribH	6,7-dimethyl-8-ribityllumazine synthase	md:chb_M00125	I	1033021	1033485	-
Chlamydia psittaci 6BC	chb	G5O_0941	NA	3,4-dihydrox	md:chb_M00125	I	1033498	1034760	-
Chlamydia psittaci 6BC	chb	G5O_0942	ribD	riboflavin biosynthesis protein RibD	md:chb_M00125	I	1034845	1035951	-
Chlamydia psittaci 6BC	chb	G5O_1050	folA	dihydrofolate reductase	md:chb_M00126	I	1156838	1157326	-
Chlamydia psittaci 6BC	chb	G5O_1051	NA	Folate synthesis bifunctional protein	md:chb_M00126	I	1157319	1158662	-
Chlamydia psittaci 6BC	chb	G5O_1052	folB	dihydroneopterin aldolase	md:chb_M00126	I	1158659	1158994	-
Chlamydia psittaci 6BC	chb	G5O_0233	NA	thiamine-phosphate pyrophosphorylase, putative	md:chb_M00127	I	215833	216450	+
Chlamydia psittaci 6BC	chb	G5O_0765	NA	Pyruvoyl-dependent arginine decarboxylase (PvlArgDC), putative	md:chb_M00133	I	835541	836128	+
Chlamydia psittaci 6BC	chb	G5O_0255	glyA	serine hydroxymethyltransferase	md:chb_M00140	I	241081	242562	+
Chlamydia psittaci 6BC	chb	G5O_0484	folD	methylenetetrahydrofolate dehydrogenase/methenyltetrahydrofolate cyclohydrolase	md:chb_M00140	I	506197	507060	-
Chlamydia psittaci 6BC	chb	G5O_1018	NA	succinate dehydrogenase, iron-sulfur protein	md:chb_M00149	I	1123972	1124763	-
Chlamydia psittaci 6BC	chb	G5O_1019	frdA	succinate dehydrogenase, flavoprotein subunit	md:chb_M00149	I	1124778	1126661	-
Chlamydia psittaci 6BC	chb	G5O_1020	NA	succinate dehydrogenase subunit C	md:chb_M00149	I	1126666	1127559	-
Chlamydia psittaci 6BC	chb	G5O_0705	cydB	cytochrome d ubiquinol oxidase, subunit II	md:chb_M00153	I	763284	764345	-
Chlamydia psittaci 6BC	chb	G5O_0706	NA	cytochrome d oxidase, subunit I	md:chb_M00153	I	764348	765688	-
Chlamydia psittaci 6BC	chb	G5O_0715	ntpK	ATP synthase, subunit K	md:chb_M00159	I	783183	783608	-
Chlamydia psittaci 6BC	chb	G5O_0716	NA	V-type sodium ATP synthase, subunit I	md:chb_M00159	I	783743	785692	-
Chlamydia psittaci 6BC	chb	G5O_0717	NA	V-type ATPase, D subunit	md:chb_M00159	I	785683	786309	-
Chlamydia psittaci 6BC	chb	G5O_0718	atpB	V-type ATP synthase beta chain	md:chb_M00159	I	786294	787610	-
Chlamydia psittaci 6BC	chb	G5O_0719	atpA	V-type ATP synthase alpha chain	md:chb_M00159	I	787617	789392	-
Chlamydia psittaci 6BC	chb	G5O_0721	NA	V-type ATP synthase subunit E	md:chb_M00159	I	790232	790858	-
Chlamydia psittaci 6BC	chb	G5O_0077	pgk	phosphoglycerate kinase	md:chb_M00165	I	76026	77237	+
Chlamydia psittaci 6BC	chb	G5O_0133	gap	glyceraldehyde-3-phosphate dehydrogenase, type I	md:chb_M00165	I	120684	121691	+
Chlamydia psittaci 6BC	chb	G5O_0669	rpiA	ribose 5-phosphate isomerase A	md:chb_M00165	I	722962	723663	-
Chlamydia psittaci 6BC	chb	G5O_0914	tkt	transketolase	md:chb_M00165	I	998328	1000295	-
Chlamydia psittaci 6BC	chb	G5O_0077	pgk	phosphoglycerate kinase	md:chb_M00166	I	76026	77237	+
Chlamydia psittaci 6BC	chb	G5O_0133	gap	glyceraldehyde-3-phosphate dehydrogenase, type I	md:chb_M00166	I	120684	121691	+
Chlamydia psittaci 6BC	chb	G5O_0669	rpiA	ribose 5-phosphate isomerase A	md:chb_M00167	I	722962	723663	-
Chlamydia psittaci 6BC	chb	G5O_0914	tkt	transketolase	md:chb_M00167	I	998328	1000295	-
Chlamydia psittaci 6BC	chb	G5O_0769	NA	Malate dehydrogenase	md:chb_M00168	I	839642	840628	-
Chlamydia psittaci 6BC	chb	G5O_0769	NA	Malate dehydrogenase	md:chb_M00173	I	839642	840628	-
Chlamydia psittaci 6BC	chb	G5O_0784	fumC	fumarate hydratase, class II	md:chb_M00173	I	856327	857709	-
Chlamydia psittaci 6BC	chb	G5O_0824	NA	succinyl-Coa synthetase, alpha chain	md:chb_M00173	I	896848	897723	-
Chlamydia psittaci 6BC	chb	G5O_0825	NA	succinyl-CoA synthase, beta subunit	md:chb_M00173	I	897738	898898	-
Chlamydia psittaci 6BC	chb	G5O_1018	NA	succinate dehydrogenase, iron-sulfur protein	md:chb_M00173	I	1123972	1124763	-
Chlamydia psittaci 6BC	chb	G5O_1019	frdA	succinate dehydrogenase, flavoprotein subunit	md:chb_M00173	I	1124778	1126661	-
Chlamydia psittaci 6BC	chb	G5O_1020	NA	succinate dehydrogenase subunit C	md:chb_M00173	I	1126666	1127559	-
Chlamydia psittaci 6BC	chb	G5O_0221	NA	nitrate reductase/sulfite reductase flavoprotein alpha-component, putative	md:chb_M00176	I	208548	209597	+
Chlamydia psittaci 6BC	chb	G5O_0512	NA	pyruvate dehydrogenase complex dihydrolipoamide acetyltransferase	md:chb_M00307	I	539682	540968	-
Chlamydia psittaci 6BC	chb	G5O_0513	pdhB	pyruvate dehydrogenase, E1 component, beta subunit	md:chb_M00307	I	540973	541959	-
Chlamydia psittaci 6BC	chb	G5O_0514	NA	pyruvate dehydrogenase, E1 component, alpha subunit	md:chb_M00307	I	541952	542977	-
Chlamydia psittaci 6BC	chb	G5O_0982	lpdA	dihydrolipoamide dehydrogenase	md:chb_M00307	I	1083162	1084550	+
Chlamydia psittaci 6BC	chb	G5O_0077	pgk	phosphoglycerate kinase	md:chb_M00308	I	76026	77237	+
Chlamydia psittaci 6BC	chb	G5O_0133	gap	glyceraldehyde-3-phosphate dehydrogenase, type I	md:chb_M00308	I	120684	121691	+
Chlamydia psittaci 6BC	chb	G5O_0640	pfpB	pyrophosphate--fructose 6-phosphate 1-phosphotransferase	md:chb_M00345	I	683243	684901	+
Chlamydia psittaci 6BC	chb	G5O_0255	glyA	serine hydroxymethyltransferase	md:chb_M00346	I	241081	242562	+
Chlamydia psittaci 6BC	chb	G5O_0769	NA	Malate dehydrogenase	md:chb_M00346	I	839642	840628	-
Chlamydia psittaci 6BC	chb	G5O_1012	eno	enolase	md:chb_M00346	I	1115273	1116547	+
Chlamydia psittaci 6BC	chb	G5O_1061	NA	geranyltranstransferase	md:chb_M00364	I	1168518	1169399	+
Chlamydia psittaci 6BC	chb	G5O_0769	NA	Malate dehydrogenase	md:chb_M00374	I	839642	840628	-
Chlamydia psittaci 6BC	chb	G5O_0824	NA	succinyl-Coa synthetase, alpha chain	md:chb_M00374	I	896848	897723	-
Chlamydia psittaci 6BC	chb	G5O_0825	NA	succinyl-CoA synthase, beta subunit	md:chb_M00374	I	897738	898898	-
Chlamydia psittaci 6BC	chb	G5O_1018	NA	succinate dehydrogenase, iron-sulfur protein	md:chb_M00374	I	1123972	1124763	-
Chlamydia psittaci 6BC	chb	G5O_1019	frdA	succinate dehydrogenase, flavoprotein subunit	md:chb_M00374	I	1124778	1126661	-
Chlamydia psittaci 6BC	chb	G5O_1020	NA	succinate dehydrogenase subunit C	md:chb_M00374	I	1126666	1127559	-
Chlamydia psittaci 6BC	chb	G5O_0377	accD	acetyl-CoA carboxylase, carboxyl transferase, beta subunit	md:chb_M00376	I	397400	398326	+
Chlamydia psittaci 6BC	chb	G5O_0408	accA	acetyl-CoA carboxylase, carboxyl transferase, alpha subunit	md:chb_M00376	I	429911	430885	+
Chlamydia psittaci 6BC	chb	G5O_0591	accB	acetyl-CoA carboxylase, biotin carboxyl carrier protein	md:chb_M00376	I	624207	624707	+
Chlamydia psittaci 6BC	chb	G5O_0592	accC	acetyl-CoA carboxylase, biotin carboxylase	md:chb_M00376	I	624707	626062	+
Chlamydia psittaci 6BC	chb	G5O_0784	fumC	fumarate hydratase, class II	md:chb_M00376	I	856327	857709	-
Chlamydia psittaci 6BC	chb	G5O_1018	NA	succinate dehydrogenase, iron-sulfur protein	md:chb_M00376	I	1123972	1124763	-
Chlamydia psittaci 6BC	chb	G5O_1019	frdA	succinate dehydrogenase, flavoprotein subunit	md:chb_M00376	I	1124778	1126661	-
Chlamydia psittaci 6BC	chb	G5O_1020	NA	succinate dehydrogenase subunit C	md:chb_M00376	I	1126666	1127559	-
Chlamydia psittaci 6BC	chb	G5O_0484	folD	methylenetetrahydrofolate dehydrogenase/methenyltetrahydrofolate cyclohydrolase	md:chb_M00377	I	506197	507060	-
Chlamydia psittaci 6BC	chb	G5O_0257	dapF	diaminopimelate epimerase	md:chb_M00525	I	243150	243911	+
Chlamydia psittaci 6BC	chb	G5O_0744	dapA	dihydrodipicolinate synthase	md:chb_M00525	I	815010	815876	-
Chlamydia psittaci 6BC	chb	G5O_0745	NA	aspartate kinase, putative	md:chb_M00525	I	815889	817211	-
Chlamydia psittaci 6BC	chb	G5O_0746	asd	aspartate-semialdehyde dehydrogenase	md:chb_M00525	I	817199	818200	-
Chlamydia psittaci 6BC	chb	G5O_0747	NA	Dihydrodipicolinate reductase	md:chb_M00525	I	818382	819122	-
Chlamydia psittaci 6BC	chb	G5O_0744	dapA	dihydrodipicolinate synthase	md:chb_M00526	I	815010	815876	-
Chlamydia psittaci 6BC	chb	G5O_0745	NA	aspartate kinase, putative	md:chb_M00526	I	815889	817211	-
Chlamydia psittaci 6BC	chb	G5O_0746	asd	aspartate-semialdehyde dehydrogenase	md:chb_M00526	I	817199	818200	-
Chlamydia psittaci 6BC	chb	G5O_0747	NA	Dihydrodipicolinate reductase	md:chb_M00526	I	818382	819122	-
Chlamydia psittaci 6BC	chb	G5O_0257	dapF	diaminopimelate epimerase	md:chb_M00527	I	243150	243911	+
Chlamydia psittaci 6BC	chb	G5O_0281	NA	aminotransferase, class I	md:chb_M00527	I	265304	266500	-
Chlamydia psittaci 6BC	chb	G5O_0744	dapA	dihydrodipicolinate synthase	md:chb_M00527	I	815010	815876	-
Chlamydia psittaci 6BC	chb	G5O_0745	NA	aspartate kinase, putative	md:chb_M00527	I	815889	817211	-
Chlamydia psittaci 6BC	chb	G5O_0746	asd	aspartate-semialdehyde dehydrogenase	md:chb_M00527	I	817199	818200	-
Chlamydia psittaci 6BC	chb	G5O_0747	NA	Dihydrodipicolinate reductase	md:chb_M00527	I	818382	819122	-
Chlamydia psittaci 6BC	chb	G5O_0255	glyA	serine hydroxymethyltransferase	md:chb_M00532	I	241081	242562	+
Chlamydia psittaci 6BC	chb	G5O_0390	NA	glycine cleavage system H protein	md:chb_M00532	I	412782	413123	+
Chlamydia psittaci 6BC	chb	G5O_0982	lpdA	dihydrolipoamide dehydrogenase	md:chb_M00532	I	1083162	1084550	+
Chlamydia psittaci 6BC	chb	G5O_0045	NA	type III secretion cytoplasmic ATPase SctN	md:chb_M00542	I	44039	45367	+
Chlamydia psittaci 6BC	chb	G5O_0050	NA	general secretion pathway protein D, putative	md:chb_M00542	I	49462	52119	+
Chlamydia psittaci 6BC	chb	G5O_0495	NA	type III secretion inner membrane protein SctV	md:chb_M00542	I	517310	519439	-
Chlamydia psittaci 6BC	chb	G5O_0496	NA	type III secretion protein, hrpY/hrcU family	md:chb_M00542	I	519439	520521	-
Chlamydia psittaci 6BC	chb	G5O_0984	NA	type III secretion protein SctJ	md:chb_M00542	I	1085690	1086682	+
Chlamydia psittaci 6BC	chb	G5O_0987	NA	type III secretion inner membrane protein SctR	md:chb_M00542	I	1088385	1089302	+
Chlamydia psittaci 6BC	chb	G5O_0988	NA	type III secretion system protein BsaX	md:chb_M00542	I	1089312	1089596	+
Chlamydia psittaci 6BC	chb	G5O_0989	NA	flagellar biosynthetic protein FliR, putative	md:chb_M00542	I	1089603	1090472	+
Chlamydia psittaci 6BC	chb	G5O_0077	pgk	phosphoglycerate kinase	md:chb_M00552	I	76026	77237	+
Chlamydia psittaci 6BC	chb	G5O_0133	gap	glyceraldehyde-3-phosphate dehydrogenase, type I	md:chb_M00552	I	120684	121691	+
Chlamydia psittaci 6BC	chb	G5O_0154	glgC	glucose-1-phosphate adenylyltransferase	md:chb_M00565	I	140228	141556	+
Chlamydia psittaci 6BC	chb	G5O_0299	glgB	1,4-alpha-glucan branching enzyme	md:chb_M00565	I	287543	289726	+
Chlamydia psittaci 6BC	chb	G5O_0437	NA	glycosyl hydrolase family protein	md:chb_M00565	I	457491	459560	-
Chlamydia psittaci 6BC	chb	G5O_0861	NA	glycogen synthase, putative	md:chb_M00565	I	944108	945535	+
Chlamydia psittaci 6BC	chb	G5O_0106	fabZ	beta-hydroxyacyl-(acyl-carrier-protein) dehydratase FabZ	md:chb_M00572	I	104723	105187	+
Chlamydia psittaci 6BC	chb	G5O_0416	enr-A	enoyl-(acyl-carrier protein) reductase	md:chb_M00572	I	437176	438075	-
Chlamydia psittaci 6BC	chb	G5O_0522	fabG	3-oxoacyl-(acyl-carrier-protein) reductase	md:chb_M00572	I	551135	551881	+
Chlamydia psittaci 6BC	chb	G5O_0751	NA	oxidoreductase, short-chain dehydrogenase/reductase family, putative	md:chb_M00572	I	821974	822813	+
Chlamydia psittaci 6BC	chb	G5O_0890	NA	3-oxoacyl-(acyl-carrier-protein) synthase II	md:chb_M00572	I	975877	977127	-
Chlamydia psittaci 6BC	chb	G5O_0752	bioB	biotin synthase	md:chb_M00573	I	823062	824057	+
Chlamydia psittaci 6BC	chb	G5O_0753	bioF	8-amino-7-oxononanoate synthase	md:chb_M00573	I	824036	825184	+
Chlamydia psittaci 6BC	chb	G5O_0754	NA	Dethiobiotin synthetase	md:chb_M00573	I	825169	825786	+
Chlamydia psittaci 6BC	chb	G5O_0883	NA	8-amino-7-oxononanoate synthase, putative	md:chb_M00573	I	968872	969978	-
Chlamydia psittaci 6BC	chb	G5O_0752	bioB	biotin synthase	md:chb_M00577	I	823062	824057	+
Chlamydia psittaci 6BC	chb	G5O_0753	bioF	8-amino-7-oxononanoate synthase	md:chb_M00577	I	824036	825184	+
Chlamydia psittaci 6BC	chb	G5O_0754	NA	Dethiobiotin synthetase	md:chb_M00577	I	825169	825786	+
Chlamydia psittaci 6BC	chb	G5O_0755	bioA	adenosylmethionine-8-amino-7-oxononanoate aminotransferase	md:chb_M00577	I	825786	827063	+
Chlamydia psittaci 6BC	chb	G5O_0883	NA	8-amino-7-oxononanoate synthase, putative	md:chb_M00577	I	968872	969978	-
Chlamydia psittaci 6BC	chb	G5O_0669	rpiA	ribose 5-phosphate isomerase A	md:chb_M00580	I	722962	723663	-
Chlamydia psittaci 6BC	chb	G5O_0769	NA	Malate dehydrogenase	md:chb_M00620	I	839642	840628	-
Chlamydia psittaci 6BC	chb	G5O_0824	NA	succinyl-Coa synthetase, alpha chain	md:chb_M00620	I	896848	897723	-
Chlamydia psittaci 6BC	chb	G5O_0825	NA	succinyl-CoA synthase, beta subunit	md:chb_M00620	I	897738	898898	-
Chlamydia psittaci 6BC	chb	G5O_0045	NA	type III secretion cytoplasmic ATPase SctN	md:chb_M00660	I	44039	45367	+
Chlamydia psittaci 6BC	chb	G5O_0495	NA	type III secretion inner membrane protein SctV	md:chb_M00660	I	517310	519439	-
Chlamydia psittaci 6BC	chb	G5O_0496	NA	type III secretion protein, hrpY/hrcU family	md:chb_M00660	I	519439	520521	-
Chlamydia psittaci 6BC	chb	G5O_0984	NA	type III secretion protein SctJ	md:chb_M00660	I	1085690	1086682	+
Chlamydia psittaci 6BC	chb	G5O_0986	NA	type III secretion translocase sctL	md:chb_M00660	I	1087681	1088370	+
Chlamydia psittaci 6BC	chb	G5O_0987	NA	type III secretion inner membrane protein SctR	md:chb_M00660	I	1088385	1089302	+
Chlamydia psittaci 6BC	chb	G5O_0988	NA	type III secretion system protein BsaX	md:chb_M00660	I	1089312	1089596	+
Chlamydia psittaci 6BC	chb	G5O_0989	NA	flagellar biosynthetic protein FliR, putative	md:chb_M00660	I	1089603	1090472	+
Chlamydia psittaci 6BC	chb	G5O_0769	NA	Malate dehydrogenase	md:chb_M00740	I	839642	840628	-
Chlamydia psittaci 6BC	chb	G5O_0941	NA	3,4-dihydrox	md:chb_M00840	I	1033498	1034760	-
Chlamydia psittaci 6BC	chb	G5O_1049	NA	F420-0:Gamma-glutamyl ligase	md:chb_M00840	I	1156138	1156866	-
Chlamydia psittaci 6BC	chb	G5O_1050	folA	dihydrofolate reductase	md:chb_M00840	I	1156838	1157326	-
Chlamydia psittaci 6BC	chb	G5O_1051	NA	Folate synthesis bifunctional protein	md:chb_M00840	I	1157319	1158662	-
Chlamydia psittaci 6BC	chb	G5O_1052	folB	dihydroneopterin aldolase	md:chb_M00840	I	1158659	1158994	-
Chlamydia psittaci 6BC	chb	G5O_1051	NA	Folate synthesis bifunctional protein	md:chb_M00841	I	1157319	1158662	-
Chlamydia psittaci 6BC	chb	G5O_0008	hemB	delta-aminolevulinic acid dehydratase	md:chb_M00846	I	57	1052	+
Chlamydia psittaci 6BC	chb	G5O_0038	NA	Glutamyl-tRNA reductase	md:chb_M00846	I	38066	39082	+
Chlamydia psittaci 6BC	chb	G5O_0254	hemD	uroporphyrinogen-III synthase	md:chb_M00846	I	240089	240754	-
Chlamydia psittaci 6BC	chb	G5O_0371	NA	Porphobilinogen deaminase, dipyromethane cofactor binding domain protein	md:chb_M00846	I	391287	392024	-
Chlamydia psittaci 6BC	chb	G5O_0666	NA	glutamate-1-semialdehyde-2,1-aminomutase	md:chb_M00846	I	720528	721841	-
Chlamydia psittaci 6BC	chb	G5O_0553	NA	phenylacrylic acid decarboxylase	md:chb_M00849	I	588648	589226	+
Chlamydia psittaci 6BC	chb	G5O_0154	glgC	glucose-1-phosphate adenylyltransferase	md:chb_M00854	I	140228	141556	+
Chlamydia psittaci 6BC	chb	G5O_0299	glgB	1,4-alpha-glucan branching enzyme	md:chb_M00854	I	287543	289726	+
Chlamydia psittaci 6BC	chb	G5O_0861	NA	glycogen synthase, putative	md:chb_M00854	I	944108	945535	+
Chlamydia psittaci 6BC	chb	G5O_0492	malQ	4-alpha-glucanotransferase	md:chb_M00855	I	514003	515595	-
Chlamydia psittaci 6BC	chb	G5O_0511	NA	glycogen phosphorylase	md:chb_M00855	I	537109	539607	+
Chlamydia psittaci 6BC	chb	G5O_0105	lpxC	UDP-3-0-acyl N-acetylglucosamine deacetylase	md:chb_M00866	I	103866	104708	+
Chlamydia psittaci 6BC	chb	G5O_0107	lpxA	acyl-[acyl-carrier-protein]--UDP-N-acetylglucosamine O-acyltransferase	md:chb_M00866	I	105197	106036	+
Chlamydia psittaci 6BC	chb	G5O_0246	lpxK	tetraacyldisaccharide 4'-kinase	md:chb_M00866	I	232316	233419	+
Chlamydia psittaci 6BC	chb	G5O_0516	lpxD	UDP-3-O-[3-hydroxymyristoyl] glucosamine N-acyltransferase	md:chb_M00866	I	544176	545258	-
Chlamydia psittaci 6BC	chb	G5O_0645	NA	3-deoxy-manno-octulosonate cytidylyltransferase	md:chb_M00866	I	687745	689046	-
Chlamydia psittaci 6BC	chb	G5O_0709	NA	acyltransferase	md:chb_M00866	I	768162	769499	+
Chlamydia psittaci 6BC	chb	G5O_0832	lpxB	Lipid-A-disaccharide synthase	md:chb_M00866	I	907145	908866	+
Chlamydia psittaci 6BC	chb	G5O_0008	hemB	delta-aminolevulinic acid dehydratase	md:chb_M00868	I	57	1052	+
Chlamydia psittaci 6BC	chb	G5O_0158	hemH	ferrochelatase	md:chb_M00868	I	143933	144889	-
Chlamydia psittaci 6BC	chb	G5O_0254	hemD	uroporphyrinogen-III synthase	md:chb_M00868	I	240089	240754	-
Chlamydia psittaci 6BC	chb	G5O_0371	NA	Porphobilinogen deaminase, dipyromethane cofactor binding domain protein	md:chb_M00868	I	391287	392024	-
Chlamydia psittaci 6BC	chb	G5O_0917	hemE	uroporphyrinogen decarboxylase	md:chb_M00868	I	1006455	1007456	+
Chlamydia psittaci 6BC	chb	G5O_0919	hemG	protoporphyrinogen oxidase	md:chb_M00868	I	1008802	1010070	+
Chlamydia psittaci 6BC	chb	G5O_0521	fabD	malonyl CoA-acyl carrier protein transacylase	md:chb_M00873	I	550204	551130	+
Chlamydia psittaci 6BC	chb	G5O_0890	NA	3-oxoacyl-(acyl-carrier-protein) synthase II	md:chb_M00873	I	975877	977127	-
Chlamydia psittaci 6BC	chb	G5O_0521	fabD	malonyl CoA-acyl carrier protein transacylase	md:chb_M00874	I	550204	551130	+
Chlamydia psittaci 6BC	chb	G5O_0522	fabG	3-oxoacyl-(acyl-carrier-protein) reductase	md:chb_M00874	I	551135	551881	+
Chlamydia psittaci 6BC	chb	G5O_0751	NA	oxidoreductase, short-chain dehydrogenase/reductase family, putative	md:chb_M00874	I	821974	822813	+
Chlamydia psittaci 6BC	chb	G5O_0890	NA	3-oxoacyl-(acyl-carrier-protein) synthase II	md:chb_M00874	I	975877	977127	-
Chlamydia psittaci 6BC	chb	G5O_0983	lipA	lipoic acid synthetase	md:chb_M00881	I	1084547	1085479	+
Chlamydia psittaci 6BC	chb	G5O_0983	lipA	lipoic acid synthetase	md:chb_M00882	I	1084547	1085479	+
Chlamydia psittaci 6BC	chb	G5O_0983	lipA	lipoic acid synthetase	md:chb_M00883	I	1084547	1085479	+
Chlamydia psittaci 6BC	chb	G5O_0983	lipA	lipoic acid synthetase	md:chb_M00884	I	1084547	1085479	+
Chlamydia psittaci 6BC	chb	G5O_0233	NA	thiamine-phosphate pyrophosphorylase, putative	md:chb_M00895	I	215833	216450	+
Chlamydia psittaci 6BC	chb	G5O_0233	NA	thiamine-phosphate pyrophosphorylase, putative	md:chb_M00896	I	215833	216450	+
Chlamydia psittaci 6BC	chb	G5O_0233	NA	thiamine-phosphate pyrophosphorylase, putative	md:chb_M00899	I	215833	216450	+
Chlamydia psittaci 6BC	chb	G5O_0234	thim	hydroxyethylthiazole kinase	md:chb_M00899	I	216444	217232	+
Chlamydia psittaci 6BC	chb	G5O_0771	pgi	glucose-6-phosphate isomerase	md:chb_M00909	I	841222	842817	-
Chlamydia psittaci 6BC	chb	G5O_0829	glmS	glucosamine--fructose-6-phosphate aminotransferase, isomerizing	md:chb_M00909	I	901861	903690	-
Chlamydia psittaci 6BC	chb	G5O_0830	glmM	phosphoglucosamine mutase	md:chb_M00909	I	903699	905075	-
Chlamydia psittaci 6BC	chb	G5O_0243	ribE	riboflavin synthase, alpha subunit	md:chb_M00911	I	229849	230442	+
Chlamydia psittaci 6BC	chb	G5O_0940	ribH	6,7-dimethyl-8-ribityllumazine synthase	md:chb_M00911	I	1033021	1033485	-
Chlamydia psittaci 6BC	chb	G5O_0008	hemB	delta-aminolevulinic acid dehydratase	md:chb_M00926	I	57	1052	+
Chlamydia psittaci 6BC	chb	G5O_0038	NA	Glutamyl-tRNA reductase	md:chb_M00926	I	38066	39082	+
Chlamydia psittaci 6BC	chb	G5O_0158	hemH	ferrochelatase	md:chb_M00926	I	143933	144889	-
Chlamydia psittaci 6BC	chb	G5O_0254	hemD	uroporphyrinogen-III synthase	md:chb_M00926	I	240089	240754	-
Chlamydia psittaci 6BC	chb	G5O_0371	NA	Porphobilinogen deaminase, dipyromethane cofactor binding domain protein	md:chb_M00926	I	391287	392024	-
Chlamydia psittaci 6BC	chb	G5O_0666	NA	glutamate-1-semialdehyde-2,1-aminomutase	md:chb_M00926	I	720528	721841	-
Chlamydia psittaci 6BC	chb	G5O_0917	hemE	uroporphyrinogen decarboxylase	md:chb_M00926	I	1006455	1007456	+
Chlamydia psittaci 6BC	chb	G5O_0919	hemG	protoporphyrinogen oxidase	md:chb_M00926	I	1008802	1010070	+
Chlamydia psittaci 6BC	chb	G5O_0261	NA	conserved hypothetical protein TIGR00423	md:chb_M00930	I	246465	247577	-
Chlamydia psittaci 6BC	chb	G5O_0894	NA	conserved hypothetical protein TIGR00423	md:chb_M00930	I	979954	981015	+
Chlamydia psittaci 6BC	chb	G5O_0261	NA	conserved hypothetical protein TIGR00423	md:chb_M00931	I	246465	247577	-
Chlamydia psittaci 6BC	chb	G5O_0894	NA	conserved hypothetical protein TIGR00423	md:chb_M00931	I	979954	981015	+
Chlamydia psittaci 6BC	chb	G5O_0140	NA	nucleoside diphosphate kinase	md:chb_M00938	I	125245	125670	+
Chlamydia psittaci 6BC	chb	G5O_0378	NA	deoxyuridine 5triphosphate nucleotidohydrolase	md:chb_M00938	I	398369	398812	+
Chlamydia psittaci 6BC	chb	G5O_0544	tmk	thymidylate kinase	md:chb_M00938	I	579866	580489	+
Chlamydia psittaci 6BC	chb	G5O_0816	NA	ribonucleoside-diphosphate reductase, beta subunit	md:chb_M00938	I	883927	884967	-
Chlamydia psittaci 6BC	chb	G5O_0817	NA	ribonucleoside-diphosphate reductase, alpha subunit	md:chb_M00938	I	884991	888128	-
Chlamydia psittaci 6BC	chb	G5O_0752	bioB	biotin synthase	md:chb_M00950	I	823062	824057	+
Chlamydia psittaci 6BC	chb	G5O_0753	bioF	8-amino-7-oxononanoate synthase	md:chb_M00950	I	824036	825184	+
Chlamydia psittaci 6BC	chb	G5O_0754	NA	Dethiobiotin synthetase	md:chb_M00950	I	825169	825786	+
Chlamydia psittaci 6BC	chb	G5O_0883	NA	8-amino-7-oxononanoate synthase, putative	md:chb_M00950	I	968872	969978	-
