Chlamydia trachomatis D/SotonD1	ctrd	SOTOND1_00211	NA	diphosphate--fructose-6-phosphate 1-phosphotransferase	md:ctrd_M00001	I	230669	232330	+
Chlamydia trachomatis D/SotonD1	ctrd	SOTOND1_00223	NA	fructose-bisphosphate aldolase	md:ctrd_M00001	I	244064	245110	+
Chlamydia trachomatis D/SotonD1	ctrd	SOTOND1_00345	NA	triosephosphate isomerase	md:ctrd_M00001	I	370050	370874	+
Chlamydia trachomatis D/SotonD1	ctrd	SOTOND1_00350	NA	pyruvate kinase	md:ctrd_M00001	I	374935	376392	+
Chlamydia trachomatis D/SotonD1	ctrd	SOTOND1_00399	NA	glucose-6-phosphate isomerase	md:ctrd_M00001	I	431333	432910	-
Chlamydia trachomatis D/SotonD1	ctrd	SOTOND1_00538	NA	glyceraldehyde-3-phosphate dehydrogenase A	md:ctrd_M00001	I	583713	584717	-
Chlamydia trachomatis D/SotonD1	ctrd	SOTOND1_00622	NA	enolase	md:ctrd_M00001	I	662476	663750	+
Chlamydia trachomatis D/SotonD1	ctrd	SOTOND1_00739	NA	bifunctional phosphoglycerate kinase/triosephosphate isomerase	md:ctrd_M00001	I	795565	796776	+
Chlamydia trachomatis D/SotonD1	ctrd	SOTOND1_00769	NA	phosphoglyceromutase	md:ctrd_M00001	I	834526	835206	-
Chlamydia trachomatis D/SotonD1	ctrd	SOTOND1_00345	NA	triosephosphate isomerase	md:ctrd_M00002	I	370050	370874	+
Chlamydia trachomatis D/SotonD1	ctrd	SOTOND1_00350	NA	pyruvate kinase	md:ctrd_M00002	I	374935	376392	+
Chlamydia trachomatis D/SotonD1	ctrd	SOTOND1_00538	NA	glyceraldehyde-3-phosphate dehydrogenase A	md:ctrd_M00002	I	583713	584717	-
Chlamydia trachomatis D/SotonD1	ctrd	SOTOND1_00622	NA	enolase	md:ctrd_M00002	I	662476	663750	+
Chlamydia trachomatis D/SotonD1	ctrd	SOTOND1_00739	NA	bifunctional phosphoglycerate kinase/triosephosphate isomerase	md:ctrd_M00002	I	795565	796776	+
Chlamydia trachomatis D/SotonD1	ctrd	SOTOND1_00769	NA	phosphoglyceromutase	md:ctrd_M00002	I	834526	835206	-
Chlamydia trachomatis D/SotonD1	ctrd	SOTOND1_00223	NA	fructose-bisphosphate aldolase	md:ctrd_M00003	I	244064	245110	+
Chlamydia trachomatis D/SotonD1	ctrd	SOTOND1_00345	NA	triosephosphate isomerase	md:ctrd_M00003	I	370050	370874	+
Chlamydia trachomatis D/SotonD1	ctrd	SOTOND1_00538	NA	glyceraldehyde-3-phosphate dehydrogenase A	md:ctrd_M00003	I	583713	584717	-
Chlamydia trachomatis D/SotonD1	ctrd	SOTOND1_00622	NA	enolase	md:ctrd_M00003	I	662476	663750	+
Chlamydia trachomatis D/SotonD1	ctrd	SOTOND1_00739	NA	bifunctional phosphoglycerate kinase/triosephosphate isomerase	md:ctrd_M00003	I	795565	796776	+
Chlamydia trachomatis D/SotonD1	ctrd	SOTOND1_00757	NA	phosphoenolpyruvate carboxykinase	md:ctrd_M00003	I	820080	821879	+
Chlamydia trachomatis D/SotonD1	ctrd	SOTOND1_00769	NA	phosphoglyceromutase	md:ctrd_M00003	I	834526	835206	-
Chlamydia trachomatis D/SotonD1	ctrd	SOTOND1_00067	NA	6-phosphogluconate dehydrogenase	md:ctrd_M00004	I	73835	75277	+
Chlamydia trachomatis D/SotonD1	ctrd	SOTOND1_00123	NA	ribulose-phosphate 3-epimerase	md:ctrd_M00004	I	138838	139524	+
Chlamydia trachomatis D/SotonD1	ctrd	SOTOND1_00191	NA	glucose-6-phosphate 1-dehydrogenase	md:ctrd_M00004	I	207224	208747	+
Chlamydia trachomatis D/SotonD1	ctrd	SOTOND1_00192	NA	glucosamine-6-phosphate deaminase	md:ctrd_M00004	I	208772	209542	+
Chlamydia trachomatis D/SotonD1	ctrd	SOTOND1_00221	NA	ribose-5-phosphate isomerase A	md:ctrd_M00004	I	241294	242022	-
Chlamydia trachomatis D/SotonD1	ctrd	SOTOND1_00324	NA	transaldolase B	md:ctrd_M00004	I	350020	351003	-
Chlamydia trachomatis D/SotonD1	ctrd	SOTOND1_00399	NA	glucose-6-phosphate isomerase	md:ctrd_M00004	I	431333	432910	-
Chlamydia trachomatis D/SotonD1	ctrd	SOTOND1_00804	NA	transketolase	md:ctrd_M00004	I	882093	884093	+
Chlamydia trachomatis D/SotonD1	ctrd	SOTOND1_00067	NA	6-phosphogluconate dehydrogenase	md:ctrd_M00006	I	73835	75277	+
Chlamydia trachomatis D/SotonD1	ctrd	SOTOND1_00191	NA	glucose-6-phosphate 1-dehydrogenase	md:ctrd_M00006	I	207224	208747	+
Chlamydia trachomatis D/SotonD1	ctrd	SOTOND1_00192	NA	glucosamine-6-phosphate deaminase	md:ctrd_M00006	I	208772	209542	+
Chlamydia trachomatis D/SotonD1	ctrd	SOTOND1_00123	NA	ribulose-phosphate 3-epimerase	md:ctrd_M00007	I	138838	139524	+
Chlamydia trachomatis D/SotonD1	ctrd	SOTOND1_00221	NA	ribose-5-phosphate isomerase A	md:ctrd_M00007	I	241294	242022	-
Chlamydia trachomatis D/SotonD1	ctrd	SOTOND1_00324	NA	transaldolase B	md:ctrd_M00007	I	350020	351003	-
Chlamydia trachomatis D/SotonD1	ctrd	SOTOND1_00804	NA	transketolase	md:ctrd_M00007	I	882093	884093	+
Chlamydia trachomatis D/SotonD1	ctrd	SOTOND1_00191	NA	glucose-6-phosphate 1-dehydrogenase	md:ctrd_M00008	I	207224	208747	+
Chlamydia trachomatis D/SotonD1	ctrd	SOTOND1_00192	NA	glucosamine-6-phosphate deaminase	md:ctrd_M00008	I	208772	209542	+
Chlamydia trachomatis D/SotonD1	ctrd	SOTOND1_00057	NA	2-oxoglutarate dehydrogenase E1 component	md:ctrd_M00009	I	61555	64272	+
Chlamydia trachomatis D/SotonD1	ctrd	SOTOND1_00058	NA	dihydrolipoamide succinyltransferase	md:ctrd_M00009	I	64276	65373	+
Chlamydia trachomatis D/SotonD1	ctrd	SOTOND1_00397	NA	malate dehydrogenase	md:ctrd_M00009	I	429907	430887	-
Chlamydia trachomatis D/SotonD1	ctrd	SOTOND1_00422	NA	branched-chain alpha-keto acid dehydrogenase subunit E2	md:ctrd_M00009	I	459156	460322	-
Chlamydia trachomatis D/SotonD1	ctrd	SOTOND1_00592	NA	dihydrolipoamide dehydrogenase	md:ctrd_M00009	I	629639	631036	+
Chlamydia trachomatis D/SotonD1	ctrd	SOTOND1_00626	NA	succinate dehydrogenase iron-sulfur subunit	md:ctrd_M00009	I	670738	671397	-
Chlamydia trachomatis D/SotonD1	ctrd	SOTOND1_00627	NA	succinate dehydrogenase flavoprotein subunit	md:ctrd_M00009	I	671515	672861	-
Chlamydia trachomatis D/SotonD1	ctrd	SOTOND1_00629	NA	Succinate dehydrogenase/fumarate reductase, cytochrome b subunit	md:ctrd_M00009	I	673391	673960	-
Chlamydia trachomatis D/SotonD1	ctrd	SOTOND1_00880	NA	succinyl-CoA synthetase subunit beta	md:ctrd_M00009	I	965507	966667	+
Chlamydia trachomatis D/SotonD1	ctrd	SOTOND1_00881	NA	succinyl-CoA synthetase subunit alpha	md:ctrd_M00009	I	966682	967557	+
Chlamydia trachomatis D/SotonD1	ctrd	SOTOND1_00916	NA	fumarate hydratase	md:ctrd_M00009	I	1005215	1006606	+
Chlamydia trachomatis D/SotonD1	ctrd	SOTOND1_00057	NA	2-oxoglutarate dehydrogenase E1 component	md:ctrd_M00011	I	61555	64272	+
Chlamydia trachomatis D/SotonD1	ctrd	SOTOND1_00058	NA	dihydrolipoamide succinyltransferase	md:ctrd_M00011	I	64276	65373	+
Chlamydia trachomatis D/SotonD1	ctrd	SOTOND1_00397	NA	malate dehydrogenase	md:ctrd_M00011	I	429907	430887	-
Chlamydia trachomatis D/SotonD1	ctrd	SOTOND1_00422	NA	branched-chain alpha-keto acid dehydrogenase subunit E2	md:ctrd_M00011	I	459156	460322	-
Chlamydia trachomatis D/SotonD1	ctrd	SOTOND1_00592	NA	dihydrolipoamide dehydrogenase	md:ctrd_M00011	I	629639	631036	+
Chlamydia trachomatis D/SotonD1	ctrd	SOTOND1_00626	NA	succinate dehydrogenase iron-sulfur subunit	md:ctrd_M00011	I	670738	671397	-
Chlamydia trachomatis D/SotonD1	ctrd	SOTOND1_00627	NA	succinate dehydrogenase flavoprotein subunit	md:ctrd_M00011	I	671515	672861	-
Chlamydia trachomatis D/SotonD1	ctrd	SOTOND1_00629	NA	Succinate dehydrogenase/fumarate reductase, cytochrome b subunit	md:ctrd_M00011	I	673391	673960	-
Chlamydia trachomatis D/SotonD1	ctrd	SOTOND1_00880	NA	succinyl-CoA synthetase subunit beta	md:ctrd_M00011	I	965507	966667	+
Chlamydia trachomatis D/SotonD1	ctrd	SOTOND1_00881	NA	succinyl-CoA synthetase subunit alpha	md:ctrd_M00011	I	966682	967557	+
Chlamydia trachomatis D/SotonD1	ctrd	SOTOND1_00916	NA	fumarate hydratase	md:ctrd_M00011	I	1005215	1006606	+
Chlamydia trachomatis D/SotonD1	ctrd	SOTOND1_00397	NA	malate dehydrogenase	md:ctrd_M00012	I	429907	430887	-
Chlamydia trachomatis D/SotonD1	ctrd	SOTOND1_00382	NA	dihydrodipicolinate synthase	md:ctrd_M00016	I	412789	413649	-
Chlamydia trachomatis D/SotonD1	ctrd	SOTOND1_00383	NA	aspartate kinase	md:ctrd_M00016	I	413659	414954	-
Chlamydia trachomatis D/SotonD1	ctrd	SOTOND1_00384	NA	aspartate-semialdehyde dehydrogenase	md:ctrd_M00016	I	414947	415951	-
Chlamydia trachomatis D/SotonD1	ctrd	SOTOND1_00385	NA	dihydrodipicolinate reductase	md:ctrd_M00016	I	415961	416722	-
Chlamydia trachomatis D/SotonD1	ctrd	SOTOND1_00456	NA	diaminopimelate epimerase	md:ctrd_M00016	I	500331	501158	-
Chlamydia trachomatis D/SotonD1	ctrd	SOTOND1_00383	NA	aspartate kinase	md:ctrd_M00017	I	413659	414954	-
Chlamydia trachomatis D/SotonD1	ctrd	SOTOND1_00384	NA	aspartate-semialdehyde dehydrogenase	md:ctrd_M00017	I	414947	415951	-
Chlamydia trachomatis D/SotonD1	ctrd	SOTOND1_00383	NA	aspartate kinase	md:ctrd_M00018	I	413659	414954	-
Chlamydia trachomatis D/SotonD1	ctrd	SOTOND1_00384	NA	aspartate-semialdehyde dehydrogenase	md:ctrd_M00018	I	414947	415951	-
Chlamydia trachomatis D/SotonD1	ctrd	SOTOND1_00387	NA	3-phosphoshikimate 1-carboxyvinyltransferase	md:ctrd_M00022	I	418796	420118	+
Chlamydia trachomatis D/SotonD1	ctrd	SOTOND1_00388	NA	shikimate kinase	md:ctrd_M00022	I	420060	420614	+
Chlamydia trachomatis D/SotonD1	ctrd	SOTOND1_00389	NA	chorismate synthase	md:ctrd_M00022	I	420607	421680	+
Chlamydia trachomatis D/SotonD1	ctrd	SOTOND1_00390	NA	3-dehydroquinate synthase	md:ctrd_M00022	I	421677	422798	+
Chlamydia trachomatis D/SotonD1	ctrd	SOTOND1_00391	NA	bifunctional 3-dehydroquinate dehydratase/shikimate dehydrogenase protein	md:ctrd_M00022	I	422779	424215	+
Chlamydia trachomatis D/SotonD1	ctrd	SOTOND1_00403	NA	3-deoxy-7-phosphoheptulonate synthase	md:ctrd_M00022	I	436051	436887	-
Chlamydia trachomatis D/SotonD1	ctrd	SOTOND1_00173	NA	bifunctional phosphoribosylanthranilate isomerase/tryptophan synthase subunit beta	md:ctrd_M00023	I	193540	194718	+
Chlamydia trachomatis D/SotonD1	ctrd	SOTOND1_00174	NA	tryptophan synthase subunit alpha	md:ctrd_M00023	I	194711	195472	+
Chlamydia trachomatis D/SotonD1	ctrd	SOTOND1_00058	NA	dihydrolipoamide succinyltransferase	md:ctrd_M00032	I	64276	65373	+
Chlamydia trachomatis D/SotonD1	ctrd	SOTOND1_00422	NA	branched-chain alpha-keto acid dehydrogenase subunit E2	md:ctrd_M00032	I	459156	460322	-
Chlamydia trachomatis D/SotonD1	ctrd	SOTOND1_00592	NA	dihydrolipoamide dehydrogenase	md:ctrd_M00032	I	629639	631036	+
Chlamydia trachomatis D/SotonD1	ctrd	SOTOND1_00383	NA	aspartate kinase	md:ctrd_M00033	I	413659	414954	-
Chlamydia trachomatis D/SotonD1	ctrd	SOTOND1_00384	NA	aspartate-semialdehyde dehydrogenase	md:ctrd_M00033	I	414947	415951	-
Chlamydia trachomatis D/SotonD1	ctrd	SOTOND1_00059	NA	hypothetical protein	md:ctrd_M00034	I	65402	66133	-
Chlamydia trachomatis D/SotonD1	ctrd	SOTOND1_00359	NA	pyruvate dehydrogenase subunit beta	md:ctrd_M00036	I	388215	390251	-
Chlamydia trachomatis D/SotonD1	ctrd	SOTOND1_00592	NA	dihydrolipoamide dehydrogenase	md:ctrd_M00036	I	629639	631036	+
Chlamydia trachomatis D/SotonD1	ctrd	SOTOND1_00130	NA	adenylate kinase	md:ctrd_M00049	I	144037	144774	-
Chlamydia trachomatis D/SotonD1	ctrd	SOTOND1_00532	NA	mulitfunctional nucleoside diphosphate kinase/apyrimidinic endonuclease/3'-	md:ctrd_M00049	I	580168	580593	-
Chlamydia trachomatis D/SotonD1	ctrd	SOTOND1_00032	NA	guanylate kinase	md:ctrd_M00050	I	34399	35016	+
Chlamydia trachomatis D/SotonD1	ctrd	SOTOND1_00532	NA	mulitfunctional nucleoside diphosphate kinase/apyrimidinic endonuclease/3'-	md:ctrd_M00050	I	580168	580593	-
Chlamydia trachomatis D/SotonD1	ctrd	SOTOND1_00189	NA	CTP synthetase	md:ctrd_M00052	I	205055	206674	+
Chlamydia trachomatis D/SotonD1	ctrd	SOTOND1_00532	NA	mulitfunctional nucleoside diphosphate kinase/apyrimidinic endonuclease/3'-	md:ctrd_M00052	I	580168	580593	-
Chlamydia trachomatis D/SotonD1	ctrd	SOTOND1_00723	NA	uridylate kinase	md:ctrd_M00052	I	776712	777449	-
Chlamydia trachomatis D/SotonD1	ctrd	SOTOND1_00532	NA	mulitfunctional nucleoside diphosphate kinase/apyrimidinic endonuclease/3'-	md:ctrd_M00053	I	580168	580593	-
Chlamydia trachomatis D/SotonD1	ctrd	SOTOND1_00886	NA	ribonucleotide-diphosphate reductase subunit alpha	md:ctrd_M00053	I	975040	978183	+
Chlamydia trachomatis D/SotonD1	ctrd	SOTOND1_00887	NA	ribonucleotide-diphosphate reductase subunit beta	md:ctrd_M00053	I	978221	979261	+
Chlamydia trachomatis D/SotonD1	ctrd	SOTOND1_00011	NA	lipid A biosynthesis lauroyl acyltransferase	md:ctrd_M00060	I	10392	11759	-
Chlamydia trachomatis D/SotonD1	ctrd	SOTOND1_00216	NA	3-deoxy-D-manno-octulosonic-acid transferase	md:ctrd_M00060	I	235061	236356	-
Chlamydia trachomatis D/SotonD1	ctrd	SOTOND1_00253	NA	UDP-3-O-[3-hydroxymyristoyl] glucosamine N-acyltransferase	md:ctrd_M00060	I	271675	272739	+
Chlamydia trachomatis D/SotonD1	ctrd	SOTOND1_00424	NA	tetraacyldisaccharide 4'-kinase	md:ctrd_M00060	I	461803	462912	-
Chlamydia trachomatis D/SotonD1	ctrd	SOTOND1_00433	NA	lipid-A-disaccharide synthase	md:ctrd_M00060	I	470069	471892	+
Chlamydia trachomatis D/SotonD1	ctrd	SOTOND1_00565	NA	UDP-N-acetylglucosamine acyltransferase	md:ctrd_M00060	I	599410	600252	-
Chlamydia trachomatis D/SotonD1	ctrd	SOTOND1_00567	NA	UDP-3-O-[3-hydroxymyristoyl] N-acetylglucosamine deacetylase	md:ctrd_M00060	I	600722	601582	-
Chlamydia trachomatis D/SotonD1	ctrd	SOTOND1_00188	NA	3-deoxy-manno-octulosonate cytidylyltransferase	md:ctrd_M00063	I	204315	205079	+
Chlamydia trachomatis D/SotonD1	ctrd	SOTOND1_00421	NA	D-arabinose 5-phosphate isomerase	md:ctrd_M00063	I	458138	459124	-
Chlamydia trachomatis D/SotonD1	ctrd	SOTOND1_00696	NA	2-dehydro-3-deoxyphosphooctonate aldolase	md:ctrd_M00063	I	752195	753004	-
Chlamydia trachomatis D/SotonD1	ctrd	SOTOND1_00125	NA	acetyl-CoA carboxylase biotin carboxyl carrier protein subunit	md:ctrd_M00082	I	140081	140575	+
Chlamydia trachomatis D/SotonD1	ctrd	SOTOND1_00126	NA	acetyl-CoA carboxylase biotin carboxylase subunit	md:ctrd_M00082	I	140579	141952	+
Chlamydia trachomatis D/SotonD1	ctrd	SOTOND1_00248	NA	(acyl-carrier-protein) S-malonyltransferase	md:ctrd_M00082	I	265638	266564	-
Chlamydia trachomatis D/SotonD1	ctrd	SOTOND1_00249	NA	3-oxoacyl-(acyl carrier protein) synthase III	md:ctrd_M00082	I	266581	267582	-
Chlamydia trachomatis D/SotonD1	ctrd	SOTOND1_00275	NA	acetyl-CoA carboxylase carboxyltransferase subunit alpha	md:ctrd_M00082	I	296992	297966	-
Chlamydia trachomatis D/SotonD1	ctrd	SOTOND1_00304	NA	acetyl-CoA carboxylase subunit beta	md:ctrd_M00082	I	327053	327979	-
Chlamydia trachomatis D/SotonD1	ctrd	SOTOND1_00106	NA	enoyl-(acyl carrier protein) reductase	md:ctrd_M00083	I	119995	120891	-
Chlamydia trachomatis D/SotonD1	ctrd	SOTOND1_00247	NA	3-ketoacyl-(acyl-carrier-protein) reductase	md:ctrd_M00083	I	264895	265641	-
Chlamydia trachomatis D/SotonD1	ctrd	SOTOND1_00566	NA	(3R)-hydroxymyristoyl-ACP dehydratase	md:ctrd_M00083	I	600264	600725	-
Chlamydia trachomatis D/SotonD1	ctrd	SOTOND1_00825	NA	3-oxoacyl-(acyl carrier protein) synthase II	md:ctrd_M00083	I	904620	905876	+
Chlamydia trachomatis D/SotonD1	ctrd	SOTOND1_00480	NA	2-acyl-glycerophospho-ethanolamine acyltransferase	md:ctrd_M00089	I	527758	528408	+
Chlamydia trachomatis D/SotonD1	ctrd	SOTOND1_00830	NA	2-acyl-glycerophospho-ethanolamine acyltransferase	md:ctrd_M00089	I	909615	910376	+
Chlamydia trachomatis D/SotonD1	ctrd	SOTOND1_00863	NA	Acyltransferase	md:ctrd_M00089	I	946129	947130	-
Chlamydia trachomatis D/SotonD1	ctrd	SOTOND1_00478	NA	CDP-diglyceride synthase	md:ctrd_M00093	I	526197	527114	+
Chlamydia trachomatis D/SotonD1	ctrd	SOTOND1_00745	NA	phosphatidylserine decarboxylase	md:ctrd_M00093	I	802758	803663	+
Chlamydia trachomatis D/SotonD1	ctrd	SOTOND1_00885	NA	CDP-diacylglycerol-serine O-phosphatidyltransferase	md:ctrd_M00093	I	973613	974404	-
Chlamydia trachomatis D/SotonD1	ctrd	SOTOND1_00060	NA	4-hydroxy-3-methylbut-2-en-1-yl diphosphate synthase	md:ctrd_M00096	I	66142	67950	-
Chlamydia trachomatis D/SotonD1	ctrd	SOTOND1_00075	NA	1-deoxy-D-xylulose 5-phosphate reductoisomerase	md:ctrd_M00096	I	84485	85624	+
Chlamydia trachomatis D/SotonD1	ctrd	SOTOND1_00349	NA	1-deoxy-D-xylulose-5-phosphate synthase	md:ctrd_M00096	I	372916	374838	+
Chlamydia trachomatis D/SotonD1	ctrd	SOTOND1_00460	NA	2-C-methyl-D-erythritol 2,4-cyclodiphosphate synthase	md:ctrd_M00096	I	504348	504884	+
Chlamydia trachomatis D/SotonD1	ctrd	SOTOND1_00489	NA	2-C-methyl-D-erythritol 4-phosphate cytidylyltransferase	md:ctrd_M00096	I	538747	539406	+
Chlamydia trachomatis D/SotonD1	ctrd	SOTOND1_00859	NA	4-diphosphocytidyl-2-C-methyl-D-erythritol kinase	md:ctrd_M00096	I	940508	941374	+
Chlamydia trachomatis D/SotonD1	ctrd	SOTOND1_00920	NA	4-hydroxy-3-methylbut-2-enyl diphosphate reductase	md:ctrd_M00096	I	1012425	1013348	+
Chlamydia trachomatis D/SotonD1	ctrd	SOTOND1_00454	NA	ubiquinone/menaquinone biosynthesis methyltransferase	md:ctrd_M00116	I	498602	499255	+
Chlamydia trachomatis D/SotonD1	ctrd	SOTOND1_00227	NA	prenyltransferase	md:ctrd_M00117	I	248475	249383	+
Chlamydia trachomatis D/SotonD1	ctrd	SOTOND1_00228	NA	aromatic acid decarboxylase	md:ctrd_M00117	I	249380	249958	+
Chlamydia trachomatis D/SotonD1	ctrd	SOTOND1_00454	NA	ubiquinone/menaquinone biosynthesis methyltransferase	md:ctrd_M00117	I	498602	499255	+
Chlamydia trachomatis D/SotonD1	ctrd	SOTOND1_00523	NA	dephospho-CoA kinase	md:ctrd_M00120	I	568667	569275	-
Chlamydia trachomatis D/SotonD1	ctrd	SOTOND1_00055	NA	coproporphyrinogen III oxidase	md:ctrd_M00121	I	59657	60787	-
Chlamydia trachomatis D/SotonD1	ctrd	SOTOND1_00218	NA	glutamate-1-semialdehyde aminotransferase	md:ctrd_M00121	I	239009	240277	+
Chlamydia trachomatis D/SotonD1	ctrd	SOTOND1_00310	NA	porphobilinogen deaminase	md:ctrd_M00121	I	333333	334058	+
Chlamydia trachomatis D/SotonD1	ctrd	SOTOND1_00459	NA	uroporphyrinogen-III synthase	md:ctrd_M00121	I	503574	504245	+
Chlamydia trachomatis D/SotonD1	ctrd	SOTOND1_00472	NA	glutamyl-tRNA synthetase	md:ctrd_M00121	I	515374	516894	-
Chlamydia trachomatis D/SotonD1	ctrd	SOTOND1_00516	NA	ferrochelatase	md:ctrd_M00121	I	562309	563253	-
Chlamydia trachomatis D/SotonD1	ctrd	SOTOND1_00672	NA	delta-aminolevulinic acid dehydratase	md:ctrd_M00121	I	720899	721915	+
Chlamydia trachomatis D/SotonD1	ctrd	SOTOND1_00704	NA	glutamyl-tRNA reductase	md:ctrd_M00121	I	759310	760353	+
Chlamydia trachomatis D/SotonD1	ctrd	SOTOND1_00796	NA	protoporphyrinogen oxidase	md:ctrd_M00121	I	866784	868058	-
Chlamydia trachomatis D/SotonD1	ctrd	SOTOND1_00797	NA	coproporphyrinogen III oxidase	md:ctrd_M00121	I	868055	869428	-
Chlamydia trachomatis D/SotonD1	ctrd	SOTOND1_00798	NA	uroporphyrinogen decarboxylase	md:ctrd_M00121	I	869401	870405	-
Chlamydia trachomatis D/SotonD1	ctrd	SOTOND1_00832	NA	8-amino-7-oxononanoate synthase	md:ctrd_M00123	I	912040	913173	+
Chlamydia trachomatis D/SotonD1	ctrd	SOTOND1_00095	NA	bifunctional riboflavin kinase/FMN adenylyltransferase	md:ctrd_M00125	I	108583	109506	-
Chlamydia trachomatis D/SotonD1	ctrd	SOTOND1_00427	NA	riboflavin synthase subunit alpha	md:ctrd_M00125	I	464699	465298	-
Chlamydia trachomatis D/SotonD1	ctrd	SOTOND1_00777	NA	bifunctional diaminohydroxyphosphoribosylaminopyrimidine deaminase/5-amino-6-(5-phosphoribosylamino)uracil reductase	md:ctrd_M00125	I	842803	843930	+
Chlamydia trachomatis D/SotonD1	ctrd	SOTOND1_00778	NA	bifunctional 3,4-dihydroxy-2-butanone 4-phosphate synthase/GTP cyclohydrolase II protein	md:ctrd_M00125	I	844040	845314	+
Chlamydia trachomatis D/SotonD1	ctrd	SOTOND1_00779	NA	6,7-dimethyl-8-ribityllumazine synthase	md:ctrd_M00125	I	845283	845756	+
Chlamydia trachomatis D/SotonD1	ctrd	SOTOND1_00650	NA	dihydrofolate reductase	md:ctrd_M00126	I	692441	692920	-
Chlamydia trachomatis D/SotonD1	ctrd	SOTOND1_00651	NA	dihydropteroate synthase	md:ctrd_M00126	I	692917	694269	-
Chlamydia trachomatis D/SotonD1	ctrd	SOTOND1_00652	NA	D-erythro-7,8-dihydroneopterin triphosphate 2'-epimerase	md:ctrd_M00126	I	694266	694634	-
Chlamydia trachomatis D/SotonD1	ctrd	SOTOND1_00394	NA	pyruvoyl-dependent arginine decarboxylase	md:ctrd_M00133	I	426581	427168	+
Chlamydia trachomatis D/SotonD1	ctrd	SOTOND1_00082	NA	bifunctional 5,10-methylene-tetrahydrofolate dehydrogenase/5,10-methylene-tetrahydrofolate cyclohydrolase	md:ctrd_M00140	I	92591	93454	-
Chlamydia trachomatis D/SotonD1	ctrd	SOTOND1_00458	NA	serine hydroxymethyltransferase	md:ctrd_M00140	I	501717	503210	-
Chlamydia trachomatis D/SotonD1	ctrd	SOTOND1_00626	NA	succinate dehydrogenase iron-sulfur subunit	md:ctrd_M00149	I	670738	671397	-
Chlamydia trachomatis D/SotonD1	ctrd	SOTOND1_00627	NA	succinate dehydrogenase flavoprotein subunit	md:ctrd_M00149	I	671515	672861	-
Chlamydia trachomatis D/SotonD1	ctrd	SOTOND1_00629	NA	Succinate dehydrogenase/fumarate reductase, cytochrome b subunit	md:ctrd_M00149	I	673391	673960	-
Chlamydia trachomatis D/SotonD1	ctrd	SOTOND1_00014	NA	cytochrome bd-II oxidase subunit 1	md:ctrd_M00153	I	14213	15553	+
Chlamydia trachomatis D/SotonD1	ctrd	SOTOND1_00015	NA	cytochrome bd-II oxidase subunit 2	md:ctrd_M00153	I	15565	16626	+
Chlamydia trachomatis D/SotonD1	ctrd	SOTOND1_00315	NA	V-type ATP synthase subunit K	md:ctrd_M00159	I	341054	341479	-
Chlamydia trachomatis D/SotonD1	ctrd	SOTOND1_00316	NA	V-type ATP synthase subunit I	md:ctrd_M00159	I	341542	343491	-
Chlamydia trachomatis D/SotonD1	ctrd	SOTOND1_00317	NA	V-type ATP synthase subunit D	md:ctrd_M00159	I	343497	344111	-
Chlamydia trachomatis D/SotonD1	ctrd	SOTOND1_00318	NA	V-type ATP synthase subunit B	md:ctrd_M00159	I	344096	345412	-
Chlamydia trachomatis D/SotonD1	ctrd	SOTOND1_00319	NA	V-type ATP synthase subunit A	md:ctrd_M00159	I	345415	347190	-
Chlamydia trachomatis D/SotonD1	ctrd	SOTOND1_00321	NA	V-type ATP synthase subunit E	md:ctrd_M00159	I	348151	348777	-
Chlamydia trachomatis D/SotonD1	ctrd	SOTOND1_00221	NA	ribose-5-phosphate isomerase A	md:ctrd_M00165	I	241294	242022	-
Chlamydia trachomatis D/SotonD1	ctrd	SOTOND1_00538	NA	glyceraldehyde-3-phosphate dehydrogenase A	md:ctrd_M00165	I	583713	584717	-
Chlamydia trachomatis D/SotonD1	ctrd	SOTOND1_00739	NA	bifunctional phosphoglycerate kinase/triosephosphate isomerase	md:ctrd_M00165	I	795565	796776	+
Chlamydia trachomatis D/SotonD1	ctrd	SOTOND1_00804	NA	transketolase	md:ctrd_M00165	I	882093	884093	+
Chlamydia trachomatis D/SotonD1	ctrd	SOTOND1_00538	NA	glyceraldehyde-3-phosphate dehydrogenase A	md:ctrd_M00166	I	583713	584717	-
Chlamydia trachomatis D/SotonD1	ctrd	SOTOND1_00739	NA	bifunctional phosphoglycerate kinase/triosephosphate isomerase	md:ctrd_M00166	I	795565	796776	+
Chlamydia trachomatis D/SotonD1	ctrd	SOTOND1_00221	NA	ribose-5-phosphate isomerase A	md:ctrd_M00167	I	241294	242022	-
Chlamydia trachomatis D/SotonD1	ctrd	SOTOND1_00804	NA	transketolase	md:ctrd_M00167	I	882093	884093	+
Chlamydia trachomatis D/SotonD1	ctrd	SOTOND1_00397	NA	malate dehydrogenase	md:ctrd_M00168	I	429907	430887	-
Chlamydia trachomatis D/SotonD1	ctrd	SOTOND1_00397	NA	malate dehydrogenase	md:ctrd_M00173	I	429907	430887	-
Chlamydia trachomatis D/SotonD1	ctrd	SOTOND1_00626	NA	succinate dehydrogenase iron-sulfur subunit	md:ctrd_M00173	I	670738	671397	-
Chlamydia trachomatis D/SotonD1	ctrd	SOTOND1_00627	NA	succinate dehydrogenase flavoprotein subunit	md:ctrd_M00173	I	671515	672861	-
Chlamydia trachomatis D/SotonD1	ctrd	SOTOND1_00629	NA	Succinate dehydrogenase/fumarate reductase, cytochrome b subunit	md:ctrd_M00173	I	673391	673960	-
Chlamydia trachomatis D/SotonD1	ctrd	SOTOND1_00880	NA	succinyl-CoA synthetase subunit beta	md:ctrd_M00173	I	965507	966667	+
Chlamydia trachomatis D/SotonD1	ctrd	SOTOND1_00881	NA	succinyl-CoA synthetase subunit alpha	md:ctrd_M00173	I	966682	967557	+
Chlamydia trachomatis D/SotonD1	ctrd	SOTOND1_00916	NA	fumarate hydratase	md:ctrd_M00173	I	1005215	1006606	+
Chlamydia trachomatis D/SotonD1	ctrd	SOTOND1_00461	NA	sulfite reductase	md:ctrd_M00176	I	504881	505933	-
Chlamydia trachomatis D/SotonD1	ctrd	SOTOND1_00255	NA	hypothetical protein	md:ctrd_M00307	I	274154	275176	+
Chlamydia trachomatis D/SotonD1	ctrd	SOTOND1_00256	NA	pyruvate dehydrogenase subunit beta	md:ctrd_M00307	I	275169	276155	+
Chlamydia trachomatis D/SotonD1	ctrd	SOTOND1_00257	NA	branched-chain alpha-keto acid dehydrogenase subunit E2	md:ctrd_M00307	I	276160	277449	+
Chlamydia trachomatis D/SotonD1	ctrd	SOTOND1_00592	NA	dihydrolipoamide dehydrogenase	md:ctrd_M00307	I	629639	631036	+
Chlamydia trachomatis D/SotonD1	ctrd	SOTOND1_00538	NA	glyceraldehyde-3-phosphate dehydrogenase A	md:ctrd_M00308	I	583713	584717	-
Chlamydia trachomatis D/SotonD1	ctrd	SOTOND1_00739	NA	bifunctional phosphoglycerate kinase/triosephosphate isomerase	md:ctrd_M00308	I	795565	796776	+
Chlamydia trachomatis D/SotonD1	ctrd	SOTOND1_00211	NA	diphosphate--fructose-6-phosphate 1-phosphotransferase	md:ctrd_M00345	I	230669	232330	+
Chlamydia trachomatis D/SotonD1	ctrd	SOTOND1_00397	NA	malate dehydrogenase	md:ctrd_M00346	I	429907	430887	-
Chlamydia trachomatis D/SotonD1	ctrd	SOTOND1_00458	NA	serine hydroxymethyltransferase	md:ctrd_M00346	I	501717	503210	-
Chlamydia trachomatis D/SotonD1	ctrd	SOTOND1_00622	NA	enolase	md:ctrd_M00346	I	662476	663750	+
Chlamydia trachomatis D/SotonD1	ctrd	SOTOND1_00666	NA	geranyltranstransferase	md:ctrd_M00364	I	716114	716989	-
Chlamydia trachomatis D/SotonD1	ctrd	SOTOND1_00397	NA	malate dehydrogenase	md:ctrd_M00374	I	429907	430887	-
Chlamydia trachomatis D/SotonD1	ctrd	SOTOND1_00626	NA	succinate dehydrogenase iron-sulfur subunit	md:ctrd_M00374	I	670738	671397	-
Chlamydia trachomatis D/SotonD1	ctrd	SOTOND1_00627	NA	succinate dehydrogenase flavoprotein subunit	md:ctrd_M00374	I	671515	672861	-
Chlamydia trachomatis D/SotonD1	ctrd	SOTOND1_00629	NA	Succinate dehydrogenase/fumarate reductase, cytochrome b subunit	md:ctrd_M00374	I	673391	673960	-
Chlamydia trachomatis D/SotonD1	ctrd	SOTOND1_00880	NA	succinyl-CoA synthetase subunit beta	md:ctrd_M00374	I	965507	966667	+
Chlamydia trachomatis D/SotonD1	ctrd	SOTOND1_00881	NA	succinyl-CoA synthetase subunit alpha	md:ctrd_M00374	I	966682	967557	+
Chlamydia trachomatis D/SotonD1	ctrd	SOTOND1_00125	NA	acetyl-CoA carboxylase biotin carboxyl carrier protein subunit	md:ctrd_M00376	I	140081	140575	+
Chlamydia trachomatis D/SotonD1	ctrd	SOTOND1_00126	NA	acetyl-CoA carboxylase biotin carboxylase subunit	md:ctrd_M00376	I	140579	141952	+
Chlamydia trachomatis D/SotonD1	ctrd	SOTOND1_00275	NA	acetyl-CoA carboxylase carboxyltransferase subunit alpha	md:ctrd_M00376	I	296992	297966	-
Chlamydia trachomatis D/SotonD1	ctrd	SOTOND1_00304	NA	acetyl-CoA carboxylase subunit beta	md:ctrd_M00376	I	327053	327979	-
Chlamydia trachomatis D/SotonD1	ctrd	SOTOND1_00626	NA	succinate dehydrogenase iron-sulfur subunit	md:ctrd_M00376	I	670738	671397	-
Chlamydia trachomatis D/SotonD1	ctrd	SOTOND1_00627	NA	succinate dehydrogenase flavoprotein subunit	md:ctrd_M00376	I	671515	672861	-
Chlamydia trachomatis D/SotonD1	ctrd	SOTOND1_00629	NA	Succinate dehydrogenase/fumarate reductase, cytochrome b subunit	md:ctrd_M00376	I	673391	673960	-
Chlamydia trachomatis D/SotonD1	ctrd	SOTOND1_00916	NA	fumarate hydratase	md:ctrd_M00376	I	1005215	1006606	+
Chlamydia trachomatis D/SotonD1	ctrd	SOTOND1_00082	NA	bifunctional 5,10-methylene-tetrahydrofolate dehydrogenase/5,10-methylene-tetrahydrofolate cyclohydrolase	md:ctrd_M00377	I	92591	93454	-
Chlamydia trachomatis D/SotonD1	ctrd	SOTOND1_00382	NA	dihydrodipicolinate synthase	md:ctrd_M00525	I	412789	413649	-
Chlamydia trachomatis D/SotonD1	ctrd	SOTOND1_00383	NA	aspartate kinase	md:ctrd_M00525	I	413659	414954	-
Chlamydia trachomatis D/SotonD1	ctrd	SOTOND1_00384	NA	aspartate-semialdehyde dehydrogenase	md:ctrd_M00525	I	414947	415951	-
Chlamydia trachomatis D/SotonD1	ctrd	SOTOND1_00385	NA	dihydrodipicolinate reductase	md:ctrd_M00525	I	415961	416722	-
Chlamydia trachomatis D/SotonD1	ctrd	SOTOND1_00456	NA	diaminopimelate epimerase	md:ctrd_M00525	I	500331	501158	-
Chlamydia trachomatis D/SotonD1	ctrd	SOTOND1_00382	NA	dihydrodipicolinate synthase	md:ctrd_M00526	I	412789	413649	-
Chlamydia trachomatis D/SotonD1	ctrd	SOTOND1_00383	NA	aspartate kinase	md:ctrd_M00526	I	413659	414954	-
Chlamydia trachomatis D/SotonD1	ctrd	SOTOND1_00384	NA	aspartate-semialdehyde dehydrogenase	md:ctrd_M00526	I	414947	415951	-
Chlamydia trachomatis D/SotonD1	ctrd	SOTOND1_00385	NA	dihydrodipicolinate reductase	md:ctrd_M00526	I	415961	416722	-
Chlamydia trachomatis D/SotonD1	ctrd	SOTOND1_00382	NA	dihydrodipicolinate synthase	md:ctrd_M00527	I	412789	413649	-
Chlamydia trachomatis D/SotonD1	ctrd	SOTOND1_00383	NA	aspartate kinase	md:ctrd_M00527	I	413659	414954	-
Chlamydia trachomatis D/SotonD1	ctrd	SOTOND1_00384	NA	aspartate-semialdehyde dehydrogenase	md:ctrd_M00527	I	414947	415951	-
Chlamydia trachomatis D/SotonD1	ctrd	SOTOND1_00385	NA	dihydrodipicolinate reductase	md:ctrd_M00527	I	415961	416722	-
Chlamydia trachomatis D/SotonD1	ctrd	SOTOND1_00412	NA	L,L-diaminopimelate aminotransferase	md:ctrd_M00527	I	445210	446394	+
Chlamydia trachomatis D/SotonD1	ctrd	SOTOND1_00456	NA	diaminopimelate epimerase	md:ctrd_M00527	I	500331	501158	-
Chlamydia trachomatis D/SotonD1	ctrd	SOTOND1_00292	NA	glycine cleavage system protein H	md:ctrd_M00532	I	313516	313869	-
Chlamydia trachomatis D/SotonD1	ctrd	SOTOND1_00458	NA	serine hydroxymethyltransferase	md:ctrd_M00532	I	501717	503210	-
Chlamydia trachomatis D/SotonD1	ctrd	SOTOND1_00592	NA	dihydrolipoamide dehydrogenase	md:ctrd_M00532	I	629639	631036	+
Chlamydia trachomatis D/SotonD1	ctrd	SOTOND1_00092	NA	type III secretion system protein InvA	md:ctrd_M00542	I	104009	106135	-
Chlamydia trachomatis D/SotonD1	ctrd	SOTOND1_00093	NA	type III secretion system protein	md:ctrd_M00542	I	106135	107217	-
Chlamydia trachomatis D/SotonD1	ctrd	SOTOND1_00594	NA	flagellar MS-ring protein	md:ctrd_M00542	I	632072	633052	+
Chlamydia trachomatis D/SotonD1	ctrd	SOTOND1_00597	NA	type III secretion system protein	md:ctrd_M00542	I	634852	635772	+
Chlamydia trachomatis D/SotonD1	ctrd	SOTOND1_00598	NA	flagellar biosynthesis protein FliQ	md:ctrd_M00542	I	635784	636068	+
Chlamydia trachomatis D/SotonD1	ctrd	SOTOND1_00599	NA	flagellar biosynthesis protein FliR	md:ctrd_M00542	I	636075	636944	+
Chlamydia trachomatis D/SotonD1	ctrd	SOTOND1_00711	NA	type III secretion system ATPase	md:ctrd_M00542	I	765700	767028	+
Chlamydia trachomatis D/SotonD1	ctrd	SOTOND1_00716	NA	putative outer membrane porin HofQ	md:ctrd_M00542	I	771147	773912	+
Chlamydia trachomatis D/SotonD1	ctrd	SOTOND1_00538	NA	glyceraldehyde-3-phosphate dehydrogenase A	md:ctrd_M00552	I	583713	584717	-
Chlamydia trachomatis D/SotonD1	ctrd	SOTOND1_00739	NA	bifunctional phosphoglycerate kinase/triosephosphate isomerase	md:ctrd_M00552	I	795565	796776	+
Chlamydia trachomatis D/SotonD1	ctrd	SOTOND1_00045	NA	glycogen debranching enzyme	md:ctrd_M00565	I	46566	48566	-
Chlamydia trachomatis D/SotonD1	ctrd	SOTOND1_00520	NA	glucose-1-phosphate adenylyltransferase	md:ctrd_M00565	I	565498	566823	-
Chlamydia trachomatis D/SotonD1	ctrd	SOTOND1_00852	NA	glycogen synthase	md:ctrd_M00565	I	936078	937502	-
Chlamydia trachomatis D/SotonD1	ctrd	SOTOND1_00929	NA	glycogen branching enzyme	md:ctrd_M00565	I	1021422	1023638	+
Chlamydia trachomatis D/SotonD1	ctrd	SOTOND1_00106	NA	enoyl-(acyl carrier protein) reductase	md:ctrd_M00572	I	119995	120891	-
Chlamydia trachomatis D/SotonD1	ctrd	SOTOND1_00247	NA	3-ketoacyl-(acyl-carrier-protein) reductase	md:ctrd_M00572	I	264895	265641	-
Chlamydia trachomatis D/SotonD1	ctrd	SOTOND1_00566	NA	(3R)-hydroxymyristoyl-ACP dehydratase	md:ctrd_M00572	I	600264	600725	-
Chlamydia trachomatis D/SotonD1	ctrd	SOTOND1_00825	NA	3-oxoacyl-(acyl carrier protein) synthase II	md:ctrd_M00572	I	904620	905876	+
Chlamydia trachomatis D/SotonD1	ctrd	SOTOND1_00832	NA	8-amino-7-oxononanoate synthase	md:ctrd_M00573	I	912040	913173	+
Chlamydia trachomatis D/SotonD1	ctrd	SOTOND1_00832	NA	8-amino-7-oxononanoate synthase	md:ctrd_M00577	I	912040	913173	+
Chlamydia trachomatis D/SotonD1	ctrd	SOTOND1_00221	NA	ribose-5-phosphate isomerase A	md:ctrd_M00580	I	241294	242022	-
Chlamydia trachomatis D/SotonD1	ctrd	SOTOND1_00397	NA	malate dehydrogenase	md:ctrd_M00620	I	429907	430887	-
Chlamydia trachomatis D/SotonD1	ctrd	SOTOND1_00880	NA	succinyl-CoA synthetase subunit beta	md:ctrd_M00620	I	965507	966667	+
Chlamydia trachomatis D/SotonD1	ctrd	SOTOND1_00881	NA	succinyl-CoA synthetase subunit alpha	md:ctrd_M00620	I	966682	967557	+
Chlamydia trachomatis D/SotonD1	ctrd	SOTOND1_00092	NA	type III secretion system protein InvA	md:ctrd_M00660	I	104009	106135	-
Chlamydia trachomatis D/SotonD1	ctrd	SOTOND1_00093	NA	type III secretion system protein	md:ctrd_M00660	I	106135	107217	-
Chlamydia trachomatis D/SotonD1	ctrd	SOTOND1_00594	NA	flagellar MS-ring protein	md:ctrd_M00660	I	632072	633052	+
Chlamydia trachomatis D/SotonD1	ctrd	SOTOND1_00596	NA	type III secretion system protein	md:ctrd_M00660	I	634168	634839	+
Chlamydia trachomatis D/SotonD1	ctrd	SOTOND1_00597	NA	type III secretion system protein	md:ctrd_M00660	I	634852	635772	+
Chlamydia trachomatis D/SotonD1	ctrd	SOTOND1_00598	NA	flagellar biosynthesis protein FliQ	md:ctrd_M00660	I	635784	636068	+
Chlamydia trachomatis D/SotonD1	ctrd	SOTOND1_00599	NA	flagellar biosynthesis protein FliR	md:ctrd_M00660	I	636075	636944	+
Chlamydia trachomatis D/SotonD1	ctrd	SOTOND1_00711	NA	type III secretion system ATPase	md:ctrd_M00660	I	765700	767028	+
Chlamydia trachomatis D/SotonD1	ctrd	SOTOND1_00397	NA	malate dehydrogenase	md:ctrd_M00740	I	429907	430887	-
Chlamydia trachomatis D/SotonD1	ctrd	SOTOND1_00344	NA	N-(5'-phosphoribosyl)anthranilate isomerase	md:ctrd_M00840	I	369223	369849	-
Chlamydia trachomatis D/SotonD1	ctrd	SOTOND1_00649	NA	F420-0--gamma-glutamyl ligase	md:ctrd_M00840	I	691738	692469	-
Chlamydia trachomatis D/SotonD1	ctrd	SOTOND1_00650	NA	dihydrofolate reductase	md:ctrd_M00840	I	692441	692920	-
Chlamydia trachomatis D/SotonD1	ctrd	SOTOND1_00651	NA	dihydropteroate synthase	md:ctrd_M00840	I	692917	694269	-
Chlamydia trachomatis D/SotonD1	ctrd	SOTOND1_00652	NA	D-erythro-7,8-dihydroneopterin triphosphate 2'-epimerase	md:ctrd_M00840	I	694266	694634	-
Chlamydia trachomatis D/SotonD1	ctrd	SOTOND1_00778	NA	bifunctional 3,4-dihydroxy-2-butanone 4-phosphate synthase/GTP cyclohydrolase II protein	md:ctrd_M00840	I	844040	845314	+
Chlamydia trachomatis D/SotonD1	ctrd	SOTOND1_00651	NA	dihydropteroate synthase	md:ctrd_M00841	I	692917	694269	-
Chlamydia trachomatis D/SotonD1	ctrd	SOTOND1_00218	NA	glutamate-1-semialdehyde aminotransferase	md:ctrd_M00846	I	239009	240277	+
Chlamydia trachomatis D/SotonD1	ctrd	SOTOND1_00310	NA	porphobilinogen deaminase	md:ctrd_M00846	I	333333	334058	+
Chlamydia trachomatis D/SotonD1	ctrd	SOTOND1_00459	NA	uroporphyrinogen-III synthase	md:ctrd_M00846	I	503574	504245	+
Chlamydia trachomatis D/SotonD1	ctrd	SOTOND1_00672	NA	delta-aminolevulinic acid dehydratase	md:ctrd_M00846	I	720899	721915	+
Chlamydia trachomatis D/SotonD1	ctrd	SOTOND1_00704	NA	glutamyl-tRNA reductase	md:ctrd_M00846	I	759310	760353	+
Chlamydia trachomatis D/SotonD1	ctrd	SOTOND1_00228	NA	aromatic acid decarboxylase	md:ctrd_M00849	I	249380	249958	+
Chlamydia trachomatis D/SotonD1	ctrd	SOTOND1_00520	NA	glucose-1-phosphate adenylyltransferase	md:ctrd_M00854	I	565498	566823	-
Chlamydia trachomatis D/SotonD1	ctrd	SOTOND1_00852	NA	glycogen synthase	md:ctrd_M00854	I	936078	937502	-
Chlamydia trachomatis D/SotonD1	ctrd	SOTOND1_00929	NA	glycogen branching enzyme	md:ctrd_M00854	I	1021422	1023638	+
Chlamydia trachomatis D/SotonD1	ctrd	SOTOND1_00089	NA	4-alpha-glucanotransferase	md:ctrd_M00855	I	100661	102244	-
Chlamydia trachomatis D/SotonD1	ctrd	SOTOND1_00258	NA	glycogen phosphorylase	md:ctrd_M00855	I	277476	279920	-
Chlamydia trachomatis D/SotonD1	ctrd	SOTOND1_00011	NA	lipid A biosynthesis lauroyl acyltransferase	md:ctrd_M00866	I	10392	11759	-
Chlamydia trachomatis D/SotonD1	ctrd	SOTOND1_00216	NA	3-deoxy-D-manno-octulosonic-acid transferase	md:ctrd_M00866	I	235061	236356	-
Chlamydia trachomatis D/SotonD1	ctrd	SOTOND1_00253	NA	UDP-3-O-[3-hydroxymyristoyl] glucosamine N-acyltransferase	md:ctrd_M00866	I	271675	272739	+
Chlamydia trachomatis D/SotonD1	ctrd	SOTOND1_00424	NA	tetraacyldisaccharide 4'-kinase	md:ctrd_M00866	I	461803	462912	-
Chlamydia trachomatis D/SotonD1	ctrd	SOTOND1_00433	NA	lipid-A-disaccharide synthase	md:ctrd_M00866	I	470069	471892	+
Chlamydia trachomatis D/SotonD1	ctrd	SOTOND1_00565	NA	UDP-N-acetylglucosamine acyltransferase	md:ctrd_M00866	I	599410	600252	-
Chlamydia trachomatis D/SotonD1	ctrd	SOTOND1_00567	NA	UDP-3-O-[3-hydroxymyristoyl] N-acetylglucosamine deacetylase	md:ctrd_M00866	I	600722	601582	-
Chlamydia trachomatis D/SotonD1	ctrd	SOTOND1_00310	NA	porphobilinogen deaminase	md:ctrd_M00868	I	333333	334058	+
Chlamydia trachomatis D/SotonD1	ctrd	SOTOND1_00459	NA	uroporphyrinogen-III synthase	md:ctrd_M00868	I	503574	504245	+
Chlamydia trachomatis D/SotonD1	ctrd	SOTOND1_00516	NA	ferrochelatase	md:ctrd_M00868	I	562309	563253	-
Chlamydia trachomatis D/SotonD1	ctrd	SOTOND1_00672	NA	delta-aminolevulinic acid dehydratase	md:ctrd_M00868	I	720899	721915	+
Chlamydia trachomatis D/SotonD1	ctrd	SOTOND1_00796	NA	protoporphyrinogen oxidase	md:ctrd_M00868	I	866784	868058	-
Chlamydia trachomatis D/SotonD1	ctrd	SOTOND1_00798	NA	uroporphyrinogen decarboxylase	md:ctrd_M00868	I	869401	870405	-
Chlamydia trachomatis D/SotonD1	ctrd	SOTOND1_00248	NA	(acyl-carrier-protein) S-malonyltransferase	md:ctrd_M00873	I	265638	266564	-
Chlamydia trachomatis D/SotonD1	ctrd	SOTOND1_00825	NA	3-oxoacyl-(acyl carrier protein) synthase II	md:ctrd_M00873	I	904620	905876	+
Chlamydia trachomatis D/SotonD1	ctrd	SOTOND1_00247	NA	3-ketoacyl-(acyl-carrier-protein) reductase	md:ctrd_M00874	I	264895	265641	-
Chlamydia trachomatis D/SotonD1	ctrd	SOTOND1_00248	NA	(acyl-carrier-protein) S-malonyltransferase	md:ctrd_M00874	I	265638	266564	-
Chlamydia trachomatis D/SotonD1	ctrd	SOTOND1_00825	NA	3-oxoacyl-(acyl carrier protein) synthase II	md:ctrd_M00874	I	904620	905876	+
Chlamydia trachomatis D/SotonD1	ctrd	SOTOND1_00593	NA	lipoyl synthase	md:ctrd_M00881	I	631033	631968	+
Chlamydia trachomatis D/SotonD1	ctrd	SOTOND1_00593	NA	lipoyl synthase	md:ctrd_M00882	I	631033	631968	+
Chlamydia trachomatis D/SotonD1	ctrd	SOTOND1_00593	NA	lipoyl synthase	md:ctrd_M00883	I	631033	631968	+
Chlamydia trachomatis D/SotonD1	ctrd	SOTOND1_00593	NA	lipoyl synthase	md:ctrd_M00884	I	631033	631968	+
Chlamydia trachomatis D/SotonD1	ctrd	SOTOND1_00399	NA	glucose-6-phosphate isomerase	md:ctrd_M00909	I	431333	432910	-
Chlamydia trachomatis D/SotonD1	ctrd	SOTOND1_00873	NA	phosphoglucosamine mutase	md:ctrd_M00909	I	957845	959221	+
Chlamydia trachomatis D/SotonD1	ctrd	SOTOND1_00874	NA	glucosamine--fructose-6-phosphate aminotransferase	md:ctrd_M00909	I	959232	961052	+
Chlamydia trachomatis D/SotonD1	ctrd	SOTOND1_00427	NA	riboflavin synthase subunit alpha	md:ctrd_M00911	I	464699	465298	-
Chlamydia trachomatis D/SotonD1	ctrd	SOTOND1_00779	NA	6,7-dimethyl-8-ribityllumazine synthase	md:ctrd_M00911	I	845283	845756	+
Chlamydia trachomatis D/SotonD1	ctrd	SOTOND1_00218	NA	glutamate-1-semialdehyde aminotransferase	md:ctrd_M00926	I	239009	240277	+
Chlamydia trachomatis D/SotonD1	ctrd	SOTOND1_00310	NA	porphobilinogen deaminase	md:ctrd_M00926	I	333333	334058	+
Chlamydia trachomatis D/SotonD1	ctrd	SOTOND1_00459	NA	uroporphyrinogen-III synthase	md:ctrd_M00926	I	503574	504245	+
Chlamydia trachomatis D/SotonD1	ctrd	SOTOND1_00516	NA	ferrochelatase	md:ctrd_M00926	I	562309	563253	-
Chlamydia trachomatis D/SotonD1	ctrd	SOTOND1_00672	NA	delta-aminolevulinic acid dehydratase	md:ctrd_M00926	I	720899	721915	+
Chlamydia trachomatis D/SotonD1	ctrd	SOTOND1_00704	NA	glutamyl-tRNA reductase	md:ctrd_M00926	I	759310	760353	+
Chlamydia trachomatis D/SotonD1	ctrd	SOTOND1_00796	NA	protoporphyrinogen oxidase	md:ctrd_M00926	I	866784	868058	-
Chlamydia trachomatis D/SotonD1	ctrd	SOTOND1_00798	NA	uroporphyrinogen decarboxylase	md:ctrd_M00926	I	869401	870405	-
Chlamydia trachomatis D/SotonD1	ctrd	SOTOND1_00452	NA	hypothetical protein	md:ctrd_M00930	I	496727	497836	+
Chlamydia trachomatis D/SotonD1	ctrd	SOTOND1_00822	NA	hypothetical protein	md:ctrd_M00930	I	900965	902017	-
Chlamydia trachomatis D/SotonD1	ctrd	SOTOND1_00452	NA	hypothetical protein	md:ctrd_M00931	I	496727	497836	+
Chlamydia trachomatis D/SotonD1	ctrd	SOTOND1_00822	NA	hypothetical protein	md:ctrd_M00931	I	900965	902017	-
Chlamydia trachomatis D/SotonD1	ctrd	SOTOND1_00194	NA	thymidylate kinase	md:ctrd_M00938	I	210425	211036	-
Chlamydia trachomatis D/SotonD1	ctrd	SOTOND1_00303	NA	deoxyuridine 5'-triphosphate nucleotidohydrolase	md:ctrd_M00938	I	326579	327016	-
Chlamydia trachomatis D/SotonD1	ctrd	SOTOND1_00532	NA	mulitfunctional nucleoside diphosphate kinase/apyrimidinic endonuclease/3'-	md:ctrd_M00938	I	580168	580593	-
Chlamydia trachomatis D/SotonD1	ctrd	SOTOND1_00886	NA	ribonucleotide-diphosphate reductase subunit alpha	md:ctrd_M00938	I	975040	978183	+
Chlamydia trachomatis D/SotonD1	ctrd	SOTOND1_00887	NA	ribonucleotide-diphosphate reductase subunit beta	md:ctrd_M00938	I	978221	979261	+
Chlamydia trachomatis D/SotonD1	ctrd	SOTOND1_00832	NA	8-amino-7-oxononanoate synthase	md:ctrd_M00950	I	912040	913173	+
