Chlamydia trachomatis RC-F(s)/342	ctfs	CTRC342_01090	NA	diphosphate--fructose-6-phosphate 1-phosphotransferase	md:ctfs_M00001	I	233627	235288	+
Chlamydia trachomatis RC-F(s)/342	ctfs	CTRC342_01140	NA	fructose-bisphosphate aldolase	md:ctfs_M00001	I	247023	248069	+
Chlamydia trachomatis RC-F(s)/342	ctfs	CTRC342_01735	tpiA	triosephosphate isomerase	md:ctfs_M00001	I	373004	373828	+
Chlamydia trachomatis RC-F(s)/342	ctfs	CTRC342_01760	NA	pyruvate kinase	md:ctfs_M00001	I	377889	379346	+
Chlamydia trachomatis RC-F(s)/342	ctfs	CTRC342_02005	pgi	glucose-6-phosphate isomerase	md:ctfs_M00001	I	434287	435864	-
Chlamydia trachomatis RC-F(s)/342	ctfs	CTRC342_02710	NA	glyceraldehyde-3-phosphate dehydrogenase	md:ctfs_M00001	I	586607	587611	-
Chlamydia trachomatis RC-F(s)/342	ctfs	CTRC342_03135	eno	phosphopyruvate hydratase	md:ctfs_M00001	I	665369	666643	+
Chlamydia trachomatis RC-F(s)/342	ctfs	CTRC342_03730	pgk	phosphoglycerate kinase	md:ctfs_M00001	I	798464	799675	+
Chlamydia trachomatis RC-F(s)/342	ctfs	CTRC342_03885	NA	phosphoglyceromutase	md:ctfs_M00001	I	837425	838105	-
Chlamydia trachomatis RC-F(s)/342	ctfs	CTRC342_01735	tpiA	triosephosphate isomerase	md:ctfs_M00002	I	373004	373828	+
Chlamydia trachomatis RC-F(s)/342	ctfs	CTRC342_01760	NA	pyruvate kinase	md:ctfs_M00002	I	377889	379346	+
Chlamydia trachomatis RC-F(s)/342	ctfs	CTRC342_02710	NA	glyceraldehyde-3-phosphate dehydrogenase	md:ctfs_M00002	I	586607	587611	-
Chlamydia trachomatis RC-F(s)/342	ctfs	CTRC342_03135	eno	phosphopyruvate hydratase	md:ctfs_M00002	I	665369	666643	+
Chlamydia trachomatis RC-F(s)/342	ctfs	CTRC342_03730	pgk	phosphoglycerate kinase	md:ctfs_M00002	I	798464	799675	+
Chlamydia trachomatis RC-F(s)/342	ctfs	CTRC342_03885	NA	phosphoglyceromutase	md:ctfs_M00002	I	837425	838105	-
Chlamydia trachomatis RC-F(s)/342	ctfs	CTRC342_01140	NA	fructose-bisphosphate aldolase	md:ctfs_M00003	I	247023	248069	+
Chlamydia trachomatis RC-F(s)/342	ctfs	CTRC342_01735	tpiA	triosephosphate isomerase	md:ctfs_M00003	I	373004	373828	+
Chlamydia trachomatis RC-F(s)/342	ctfs	CTRC342_02710	NA	glyceraldehyde-3-phosphate dehydrogenase	md:ctfs_M00003	I	586607	587611	-
Chlamydia trachomatis RC-F(s)/342	ctfs	CTRC342_03135	eno	phosphopyruvate hydratase	md:ctfs_M00003	I	665369	666643	+
Chlamydia trachomatis RC-F(s)/342	ctfs	CTRC342_03730	pgk	phosphoglycerate kinase	md:ctfs_M00003	I	798464	799675	+
Chlamydia trachomatis RC-F(s)/342	ctfs	CTRC342_03820	NA	phosphoenolpyruvate carboxykinase	md:ctfs_M00003	I	822979	824778	+
Chlamydia trachomatis RC-F(s)/342	ctfs	CTRC342_03885	NA	phosphoglyceromutase	md:ctfs_M00003	I	837425	838105	-
Chlamydia trachomatis RC-F(s)/342	ctfs	CTRC342_00330	NA	6-phosphogluconate dehydrogenase	md:ctfs_M00004	I	73330	74772	+
Chlamydia trachomatis RC-F(s)/342	ctfs	CTRC342_00645	NA	ribulose-phosphate 3-epimerase	md:ctfs_M00004	I	138303	138989	+
Chlamydia trachomatis RC-F(s)/342	ctfs	CTRC342_00990	NA	glucose-6-phosphate 1-dehydrogenase	md:ctfs_M00004	I	210182	211705	+
Chlamydia trachomatis RC-F(s)/342	ctfs	CTRC342_00995	NA	6-phosphogluconolactonase	md:ctfs_M00004	I	211730	212500	+
Chlamydia trachomatis RC-F(s)/342	ctfs	CTRC342_01130	NA	ribose-5-phosphate isomerase A	md:ctfs_M00004	I	244253	244981	-
Chlamydia trachomatis RC-F(s)/342	ctfs	CTRC342_01645	NA	transaldolase B	md:ctfs_M00004	I	352978	353961	-
Chlamydia trachomatis RC-F(s)/342	ctfs	CTRC342_02005	pgi	glucose-6-phosphate isomerase	md:ctfs_M00004	I	434287	435864	-
Chlamydia trachomatis RC-F(s)/342	ctfs	CTRC342_04200	NA	transketolase	md:ctfs_M00004	I	922763	924763	+
Chlamydia trachomatis RC-F(s)/342	ctfs	CTRC342_00330	NA	6-phosphogluconate dehydrogenase	md:ctfs_M00006	I	73330	74772	+
Chlamydia trachomatis RC-F(s)/342	ctfs	CTRC342_00990	NA	glucose-6-phosphate 1-dehydrogenase	md:ctfs_M00006	I	210182	211705	+
Chlamydia trachomatis RC-F(s)/342	ctfs	CTRC342_00995	NA	6-phosphogluconolactonase	md:ctfs_M00006	I	211730	212500	+
Chlamydia trachomatis RC-F(s)/342	ctfs	CTRC342_00645	NA	ribulose-phosphate 3-epimerase	md:ctfs_M00007	I	138303	138989	+
Chlamydia trachomatis RC-F(s)/342	ctfs	CTRC342_01130	NA	ribose-5-phosphate isomerase A	md:ctfs_M00007	I	244253	244981	-
Chlamydia trachomatis RC-F(s)/342	ctfs	CTRC342_01645	NA	transaldolase B	md:ctfs_M00007	I	352978	353961	-
Chlamydia trachomatis RC-F(s)/342	ctfs	CTRC342_04200	NA	transketolase	md:ctfs_M00007	I	922763	924763	+
Chlamydia trachomatis RC-F(s)/342	ctfs	CTRC342_00990	NA	glucose-6-phosphate 1-dehydrogenase	md:ctfs_M00008	I	210182	211705	+
Chlamydia trachomatis RC-F(s)/342	ctfs	CTRC342_00995	NA	6-phosphogluconolactonase	md:ctfs_M00008	I	211730	212500	+
Chlamydia trachomatis RC-F(s)/342	ctfs	CTRC342_00285	sucA	2-oxoglutarate dehydrogenase E1 component	md:ctfs_M00009	I	61056	63767	+
Chlamydia trachomatis RC-F(s)/342	ctfs	CTRC342_00290	NA	dihydrolipoamide succinyltransferase	md:ctfs_M00009	I	63771	64868	+
Chlamydia trachomatis RC-F(s)/342	ctfs	CTRC342_01995	NA	malate dehydrogenase	md:ctfs_M00009	I	432873	433841	-
Chlamydia trachomatis RC-F(s)/342	ctfs	CTRC342_02115	NA	branched-chain alpha-keto acid dehydrogenase subunit E2	md:ctfs_M00009	I	462114	463280	-
Chlamydia trachomatis RC-F(s)/342	ctfs	CTRC342_02975	NA	dihydrolipoamide dehydrogenase	md:ctfs_M00009	I	632534	633931	+
Chlamydia trachomatis RC-F(s)/342	ctfs	CTRC342_03155	sdhB	succinate dehydrogenase iron-sulfur subunit	md:ctfs_M00009	I	673631	674329	-
Chlamydia trachomatis RC-F(s)/342	ctfs	CTRC342_03170	NA	succinate dehydrogenase cytochrome b558 subunit	md:ctfs_M00009	I	676284	676802	-
Chlamydia trachomatis RC-F(s)/342	ctfs	CTRC342_04590	sucC	succinyl-CoA synthetase subunit beta	md:ctfs_M00009	I	1006164	1007324	+
Chlamydia trachomatis RC-F(s)/342	ctfs	CTRC342_04595	NA	succinyl-CoA synthetase subunit alpha	md:ctfs_M00009	I	1007339	1008214	+
Chlamydia trachomatis RC-F(s)/342	ctfs	CTRC342_04775	fumC	fumarate hydratase	md:ctfs_M00009	I	1045872	1047263	+
Chlamydia trachomatis RC-F(s)/342	ctfs	CTRC342_00285	sucA	2-oxoglutarate dehydrogenase E1 component	md:ctfs_M00011	I	61056	63767	+
Chlamydia trachomatis RC-F(s)/342	ctfs	CTRC342_00290	NA	dihydrolipoamide succinyltransferase	md:ctfs_M00011	I	63771	64868	+
Chlamydia trachomatis RC-F(s)/342	ctfs	CTRC342_01995	NA	malate dehydrogenase	md:ctfs_M00011	I	432873	433841	-
Chlamydia trachomatis RC-F(s)/342	ctfs	CTRC342_02115	NA	branched-chain alpha-keto acid dehydrogenase subunit E2	md:ctfs_M00011	I	462114	463280	-
Chlamydia trachomatis RC-F(s)/342	ctfs	CTRC342_02975	NA	dihydrolipoamide dehydrogenase	md:ctfs_M00011	I	632534	633931	+
Chlamydia trachomatis RC-F(s)/342	ctfs	CTRC342_03155	sdhB	succinate dehydrogenase iron-sulfur subunit	md:ctfs_M00011	I	673631	674329	-
Chlamydia trachomatis RC-F(s)/342	ctfs	CTRC342_03170	NA	succinate dehydrogenase cytochrome b558 subunit	md:ctfs_M00011	I	676284	676802	-
Chlamydia trachomatis RC-F(s)/342	ctfs	CTRC342_04590	sucC	succinyl-CoA synthetase subunit beta	md:ctfs_M00011	I	1006164	1007324	+
Chlamydia trachomatis RC-F(s)/342	ctfs	CTRC342_04595	NA	succinyl-CoA synthetase subunit alpha	md:ctfs_M00011	I	1007339	1008214	+
Chlamydia trachomatis RC-F(s)/342	ctfs	CTRC342_04775	fumC	fumarate hydratase	md:ctfs_M00011	I	1045872	1047263	+
Chlamydia trachomatis RC-F(s)/342	ctfs	CTRC342_01995	NA	malate dehydrogenase	md:ctfs_M00012	I	432873	433841	-
Chlamydia trachomatis RC-F(s)/342	ctfs	CTRC342_01920	NA	dihydrodipicolinate synthase	md:ctfs_M00016	I	415744	416604	-
Chlamydia trachomatis RC-F(s)/342	ctfs	CTRC342_01925	NA	aspartate kinase	md:ctfs_M00016	I	416614	417909	-
Chlamydia trachomatis RC-F(s)/342	ctfs	CTRC342_01930	NA	aspartate-semialdehyde dehydrogenase	md:ctfs_M00016	I	417902	418906	-
Chlamydia trachomatis RC-F(s)/342	ctfs	CTRC342_01935	NA	dihydrodipicolinate reductase	md:ctfs_M00016	I	418916	419677	-
Chlamydia trachomatis RC-F(s)/342	ctfs	CTRC342_02275	dapF	diaminopimelate epimerase	md:ctfs_M00016	I	503289	504116	-
Chlamydia trachomatis RC-F(s)/342	ctfs	CTRC342_01925	NA	aspartate kinase	md:ctfs_M00017	I	416614	417909	-
Chlamydia trachomatis RC-F(s)/342	ctfs	CTRC342_01930	NA	aspartate-semialdehyde dehydrogenase	md:ctfs_M00017	I	417902	418906	-
Chlamydia trachomatis RC-F(s)/342	ctfs	CTRC342_01925	NA	aspartate kinase	md:ctfs_M00018	I	416614	417909	-
Chlamydia trachomatis RC-F(s)/342	ctfs	CTRC342_01930	NA	aspartate-semialdehyde dehydrogenase	md:ctfs_M00018	I	417902	418906	-
Chlamydia trachomatis RC-F(s)/342	ctfs	CTRC342_01945	NA	3-phosphoshikimate 1-carboxyvinyltransferase	md:ctfs_M00022	I	421750	423072	+
Chlamydia trachomatis RC-F(s)/342	ctfs	CTRC342_01950	NA	shikimate kinase	md:ctfs_M00022	I	423014	423568	+
Chlamydia trachomatis RC-F(s)/342	ctfs	CTRC342_01955	NA	chorismate synthase	md:ctfs_M00022	I	423561	424634	+
Chlamydia trachomatis RC-F(s)/342	ctfs	CTRC342_01960	aroB	3-dehydroquinate synthase	md:ctfs_M00022	I	424631	425752	+
Chlamydia trachomatis RC-F(s)/342	ctfs	CTRC342_01965	aroDE	bifunctional 3-dehydroquinate dehydratase/shikimate dehydrogenase protein	md:ctfs_M00022	I	425733	427169	+
Chlamydia trachomatis RC-F(s)/342	ctfs	CTRC342_02025	NA	3-deoxy-7-phosphoheptulonate synthase	md:ctfs_M00022	I	439004	439840	-
Chlamydia trachomatis RC-F(s)/342	ctfs	CTRC342_00915	NA	tryptophan synthase subunit beta	md:ctfs_M00023	I	196188	197366	+
Chlamydia trachomatis RC-F(s)/342	ctfs	CTRC342_00920	NA	tryptophan synthase alpha chain	md:ctfs_M00023	I	197359	198120	+
Chlamydia trachomatis RC-F(s)/342	ctfs	CTRC342_00290	NA	dihydrolipoamide succinyltransferase	md:ctfs_M00032	I	63771	64868	+
Chlamydia trachomatis RC-F(s)/342	ctfs	CTRC342_02115	NA	branched-chain alpha-keto acid dehydrogenase subunit E2	md:ctfs_M00032	I	462114	463280	-
Chlamydia trachomatis RC-F(s)/342	ctfs	CTRC342_02975	NA	dihydrolipoamide dehydrogenase	md:ctfs_M00032	I	632534	633931	+
Chlamydia trachomatis RC-F(s)/342	ctfs	CTRC342_01925	NA	aspartate kinase	md:ctfs_M00033	I	416614	417909	-
Chlamydia trachomatis RC-F(s)/342	ctfs	CTRC342_01930	NA	aspartate-semialdehyde dehydrogenase	md:ctfs_M00033	I	417902	418906	-
Chlamydia trachomatis RC-F(s)/342	ctfs	CTRC342_00295	NA	multicopper polyphenol oxidase	md:ctfs_M00034	I	64897	65628	-
Chlamydia trachomatis RC-F(s)/342	ctfs	CTRC342_01805	NA	2-oxoisovalerate dehydrogenase alpha subunit	md:ctfs_M00036	I	391169	393205	-
Chlamydia trachomatis RC-F(s)/342	ctfs	CTRC342_02975	NA	dihydrolipoamide dehydrogenase	md:ctfs_M00036	I	632534	633931	+
Chlamydia trachomatis RC-F(s)/342	ctfs	CTRC342_00685	adk	adenylate kinase	md:ctfs_M00049	I	143502	144239	-
Chlamydia trachomatis RC-F(s)/342	ctfs	CTRC342_02685	ndk	nucleoside diphosphate kinase	md:ctfs_M00049	I	583062	583487	-
Chlamydia trachomatis RC-F(s)/342	ctfs	CTRC342_00160	gmk	guanylate kinase	md:ctfs_M00050	I	33801	34418	+
Chlamydia trachomatis RC-F(s)/342	ctfs	CTRC342_02685	ndk	nucleoside diphosphate kinase	md:ctfs_M00050	I	583062	583487	-
Chlamydia trachomatis RC-F(s)/342	ctfs	CTRC342_00980	pyrG	CTP synthetase	md:ctfs_M00052	I	208013	209632	+
Chlamydia trachomatis RC-F(s)/342	ctfs	CTRC342_02685	ndk	nucleoside diphosphate kinase	md:ctfs_M00052	I	583062	583487	-
Chlamydia trachomatis RC-F(s)/342	ctfs	CTRC342_03640	pyrH	uridylate kinase	md:ctfs_M00052	I	779600	780337	-
Chlamydia trachomatis RC-F(s)/342	ctfs	CTRC342_02685	ndk	nucleoside diphosphate kinase	md:ctfs_M00053	I	583062	583487	-
Chlamydia trachomatis RC-F(s)/342	ctfs	CTRC342_04620	NA	ribonucleotide-diphosphate reductase subunit alpha	md:ctfs_M00053	I	1015697	1018840	+
Chlamydia trachomatis RC-F(s)/342	ctfs	CTRC342_04625	NA	ribonucleotide-diphosphate reductase subunit beta	md:ctfs_M00053	I	1018878	1019918	+
Chlamydia trachomatis RC-F(s)/342	ctfs	CTRC342_00060	NA	lipid A biosynthesis lauroyl acyltransferase	md:ctfs_M00060	I	9794	11161	-
Chlamydia trachomatis RC-F(s)/342	ctfs	CTRC342_01105	NA	3-deoxy-D-manno-octulosonic-acid transferase	md:ctfs_M00060	I	238019	239314	-
Chlamydia trachomatis RC-F(s)/342	ctfs	CTRC342_01290	lpxD	UDP-3-O-[3-hydroxymyristoyl] glucosamine N-acyltransferase	md:ctfs_M00060	I	274640	275704	+
Chlamydia trachomatis RC-F(s)/342	ctfs	CTRC342_02125	lpxK	tetraacyldisaccharide 4'-kinase	md:ctfs_M00060	I	464761	465870	-
Chlamydia trachomatis RC-F(s)/342	ctfs	CTRC342_02170	lpxB	lipid-A-disaccharide synthase	md:ctfs_M00060	I	473027	474850	+
Chlamydia trachomatis RC-F(s)/342	ctfs	CTRC342_02840	NA	UDP-N-acetylglucosamine acyltransferase	md:ctfs_M00060	I	602305	603147	-
Chlamydia trachomatis RC-F(s)/342	ctfs	CTRC342_02850	lpxC	UDP-3-O-[3-hydroxymyristoyl] N-acetylglucosamine deacetylase	md:ctfs_M00060	I	603617	604477	-
Chlamydia trachomatis RC-F(s)/342	ctfs	CTRC342_00975	NA	3-deoxy-manno-octulosonate cytidylyltransferase	md:ctfs_M00063	I	207273	208037	+
Chlamydia trachomatis RC-F(s)/342	ctfs	CTRC342_02110	NA	carbohydrate isomerase	md:ctfs_M00063	I	461096	462082	-
Chlamydia trachomatis RC-F(s)/342	ctfs	CTRC342_03520	NA	2-dehydro-3-deoxyphosphooctonate aldolase	md:ctfs_M00063	I	755084	755893	-
Chlamydia trachomatis RC-F(s)/342	ctfs	CTRC342_00655	NA	acetyl-CoA carboxylase biotin carboxyl carrier protein subunit	md:ctfs_M00082	I	139546	140040	+
Chlamydia trachomatis RC-F(s)/342	ctfs	CTRC342_00660	NA	acetyl-CoA carboxylase biotin carboxylase subunit	md:ctfs_M00082	I	140044	141417	+
Chlamydia trachomatis RC-F(s)/342	ctfs	CTRC342_01260	NA	acyl-carrier-protein S-malonyltransferase	md:ctfs_M00082	I	268603	269529	-
Chlamydia trachomatis RC-F(s)/342	ctfs	CTRC342_01265	NA	3-oxoacyl-(acyl carrier protein) synthase III	md:ctfs_M00082	I	269546	270529	-
Chlamydia trachomatis RC-F(s)/342	ctfs	CTRC342_01405	NA	acetyl-CoA carboxylase carboxyltransferase subunit alpha	md:ctfs_M00082	I	299957	300931	-
Chlamydia trachomatis RC-F(s)/342	ctfs	CTRC342_01550	NA	acetyl-CoA carboxylase subunit beta	md:ctfs_M00082	I	330023	330949	-
Chlamydia trachomatis RC-F(s)/342	ctfs	CTRC342_00545	NA	enoyl-(acyl carrier protein) reductase	md:ctfs_M00083	I	119501	120397	-
Chlamydia trachomatis RC-F(s)/342	ctfs	CTRC342_01255	fabG	3-ketoacyl-(acyl-carrier-protein) reductase	md:ctfs_M00083	I	267860	268606	-
Chlamydia trachomatis RC-F(s)/342	ctfs	CTRC342_02845	fabZ	(3R)-hydroxymyristoyl-ACP dehydratase	md:ctfs_M00083	I	603159	603620	-
Chlamydia trachomatis RC-F(s)/342	ctfs	CTRC342_04305	NA	3-oxoacyl-(acyl carrier protein) synthase II	md:ctfs_M00083	I	945295	946551	+
Chlamydia trachomatis RC-F(s)/342	ctfs	CTRC342_02420	NA	1-acyl-sn-glycerol-3-phosphate acyltransferase	md:ctfs_M00089	I	530652	531302	+
Chlamydia trachomatis RC-F(s)/342	ctfs	CTRC342_04330	NA	1-acyl-sn-glycerol-3-phosphate acyltransferase	md:ctfs_M00089	I	950291	951052	+
Chlamydia trachomatis RC-F(s)/342	ctfs	CTRC342_04505	NA	glycerol-3-phosphate acyltransferase	md:ctfs_M00089	I	986786	987787	-
Chlamydia trachomatis RC-F(s)/342	ctfs	CTRC342_02410	NA	phosphatidate cytidylyltransferase	md:ctfs_M00093	I	529091	530008	+
Chlamydia trachomatis RC-F(s)/342	ctfs	CTRC342_03760	NA	phosphatidylserine decarboxylase	md:ctfs_M00093	I	805657	806562	+
Chlamydia trachomatis RC-F(s)/342	ctfs	CTRC342_04615	NA	CDP-diacylglycerol--serine O-phosphatidyltransferase	md:ctfs_M00093	I	1014270	1015061	-
Chlamydia trachomatis RC-F(s)/342	ctfs	CTRC342_00300	NA	4-hydroxy-3-methylbut-2-en-1-yl diphosphate synthase	md:ctfs_M00096	I	65637	67445	-
Chlamydia trachomatis RC-F(s)/342	ctfs	CTRC342_00375	NA	1-deoxy-D-xylulose 5-phosphate reductoisomerase	md:ctfs_M00096	I	83979	85118	+
Chlamydia trachomatis RC-F(s)/342	ctfs	CTRC342_01755	NA	1-deoxy-D-xylulose-5-phosphate synthase	md:ctfs_M00096	I	375870	377792	+
Chlamydia trachomatis RC-F(s)/342	ctfs	CTRC342_02300	ispF	2-C-methyl-D-erythritol 2,4-cyclodiphosphate synthase	md:ctfs_M00096	I	507305	507841	+
Chlamydia trachomatis RC-F(s)/342	ctfs	CTRC342_02465	ispD	2-C-methyl-D-erythritol 4-phosphate cytidylyltransferase	md:ctfs_M00096	I	541641	542300	+
Chlamydia trachomatis RC-F(s)/342	ctfs	CTRC342_04485	NA	4-diphosphocytidyl-2-C-methyl-D-erythritol kinase	md:ctfs_M00096	I	981165	982031	+
Chlamydia trachomatis RC-F(s)/342	ctfs	CTRC342_04795	ispH	4-hydroxy-3-methylbut-2-enyl diphosphate reductase	md:ctfs_M00096	I	1053082	1054005	+
Chlamydia trachomatis RC-F(s)/342	ctfs	CTRC342_02265	ubiE	ubiquinone/menaquinone biosynthesis methyltransferase	md:ctfs_M00116	I	501524	502213	+
Chlamydia trachomatis RC-F(s)/342	ctfs	CTRC342_01160	ubiA	prenyltransferase	md:ctfs_M00117	I	251435	252343	+
Chlamydia trachomatis RC-F(s)/342	ctfs	CTRC342_01165	NA	aromatic acid decarboxylase	md:ctfs_M00117	I	252340	252918	+
Chlamydia trachomatis RC-F(s)/342	ctfs	CTRC342_02265	ubiE	ubiquinone/menaquinone biosynthesis methyltransferase	md:ctfs_M00117	I	501524	502213	+
Chlamydia trachomatis RC-F(s)/342	ctfs	CTRC342_02635	coaE	dephospho-CoA kinase	md:ctfs_M00120	I	571561	572169	-
Chlamydia trachomatis RC-F(s)/342	ctfs	CTRC342_00275	NA	coproporphyrinogen III oxidase	md:ctfs_M00121	I	59158	60288	-
Chlamydia trachomatis RC-F(s)/342	ctfs	CTRC342_01115	NA	glutamate-1-semialdehyde aminotransferase	md:ctfs_M00121	I	241968	243236	+
Chlamydia trachomatis RC-F(s)/342	ctfs	CTRC342_01580	NA	porphobilinogen deaminase	md:ctfs_M00121	I	336303	337028	+
Chlamydia trachomatis RC-F(s)/342	ctfs	CTRC342_02295	hemD	uroporphyrinogen-III synthase	md:ctfs_M00121	I	506532	507203	+
Chlamydia trachomatis RC-F(s)/342	ctfs	CTRC342_02365	gltX	glutamyl-tRNA synthetase	md:ctfs_M00121	I	518267	519787	-
Chlamydia trachomatis RC-F(s)/342	ctfs	CTRC342_02600	hemH	ferrochelatase	md:ctfs_M00121	I	565203	566147	-
Chlamydia trachomatis RC-F(s)/342	ctfs	CTRC342_03390	NA	delta-aminolevulinic acid dehydratase	md:ctfs_M00121	I	723794	724810	+
Chlamydia trachomatis RC-F(s)/342	ctfs	CTRC342_03560	hemA	glutamyl-tRNA reductase	md:ctfs_M00121	I	762235	763242	+
Chlamydia trachomatis RC-F(s)/342	ctfs	CTRC342_04015	NA	protoporphyrinogen oxidase	md:ctfs_M00121	I	869682	870956	-
Chlamydia trachomatis RC-F(s)/342	ctfs	CTRC342_04020	NA	coproporphyrinogen III oxidase	md:ctfs_M00121	I	870953	872326	-
Chlamydia trachomatis RC-F(s)/342	ctfs	CTRC342_04025	hemE	uroporphyrinogen decarboxylase	md:ctfs_M00121	I	872299	873303	-
Chlamydia trachomatis RC-F(s)/342	ctfs	CTRC342_04170	NA	protoporphyrinogen oxidase	md:ctfs_M00121	I	907438	908712	-
Chlamydia trachomatis RC-F(s)/342	ctfs	CTRC342_04175	NA	coproporphyrinogen III oxidase	md:ctfs_M00121	I	908709	910082	-
Chlamydia trachomatis RC-F(s)/342	ctfs	CTRC342_04180	hemE	uroporphyrinogen decarboxylase	md:ctfs_M00121	I	910055	911074	-
Chlamydia trachomatis RC-F(s)/342	ctfs	CTRC342_04340	NA	8-amino-7-oxononanoate synthase	md:ctfs_M00123	I	952716	953849	+
Chlamydia trachomatis RC-F(s)/342	ctfs	CTRC342_00485	NA	bifunctional riboflavin kinase/FMN adenylyltransferase	md:ctfs_M00125	I	108077	108982	-
Chlamydia trachomatis RC-F(s)/342	ctfs	CTRC342_02140	NA	riboflavin synthase subunit alpha	md:ctfs_M00125	I	467657	468256	-
Chlamydia trachomatis RC-F(s)/342	ctfs	CTRC342_03930	NA	riboflavin biosynthesis protein (diaminohydroxyphosphoribosylaminopyrimidine deaminase)	md:ctfs_M00125	I	845702	846829	+
Chlamydia trachomatis RC-F(s)/342	ctfs	CTRC342_03935	NA	bifunctional 3,4-dihydroxy-2-butanone 4-phosphate synthase/GTP cyclohydrolase II protein	md:ctfs_M00125	I	846939	848213	+
Chlamydia trachomatis RC-F(s)/342	ctfs	CTRC342_03940	ribH	6,7-dimethyl-8-ribityllumazine synthase	md:ctfs_M00125	I	848182	848655	+
Chlamydia trachomatis RC-F(s)/342	ctfs	CTRC342_03270	NA	dihydrofolate reductase	md:ctfs_M00126	I	695334	695813	-
Chlamydia trachomatis RC-F(s)/342	ctfs	CTRC342_03275	NA	2-amino-4-hydroxy-6-hydroxymethyldihydropteridi ne pyrophosphokinase	md:ctfs_M00126	I	695810	697162	-
Chlamydia trachomatis RC-F(s)/342	ctfs	CTRC342_03280	NA	dihydroneopterin aldolase	md:ctfs_M00126	I	697159	697533	-
Chlamydia trachomatis RC-F(s)/342	ctfs	CTRC342_01980	NA	hypothetical protein	md:ctfs_M00133	I	429534	430121	+
Chlamydia trachomatis RC-F(s)/342	ctfs	CTRC342_00410	NA	bifunctional 5,10-methylene-tetrahydrofolate dehydrogenase/5,10-methylene-tetrahydrofolate cyclohydrolase	md:ctfs_M00140	I	92085	92948	-
Chlamydia trachomatis RC-F(s)/342	ctfs	CTRC342_02285	NA	serine hydroxymethyltransferase	md:ctfs_M00140	I	504675	506168	-
Chlamydia trachomatis RC-F(s)/342	ctfs	CTRC342_03155	sdhB	succinate dehydrogenase iron-sulfur subunit	md:ctfs_M00149	I	673631	674329	-
Chlamydia trachomatis RC-F(s)/342	ctfs	CTRC342_03170	NA	succinate dehydrogenase cytochrome b558 subunit	md:ctfs_M00149	I	676284	676802	-
Chlamydia trachomatis RC-F(s)/342	ctfs	CTRC342_00075	NA	cytochrome d ubiquinol oxidase subunit I	md:ctfs_M00153	I	13615	14955	+
Chlamydia trachomatis RC-F(s)/342	ctfs	CTRC342_00080	NA	cytochrome d ubiquinol oxidase subunit II	md:ctfs_M00153	I	14967	16028	+
Chlamydia trachomatis RC-F(s)/342	ctfs	CTRC342_01600	NA	V-type ATP synthase subunit K	md:ctfs_M00159	I	344015	344440	-
Chlamydia trachomatis RC-F(s)/342	ctfs	CTRC342_01605	NA	V-type ATP synthase subunit I	md:ctfs_M00159	I	344503	346452	-
Chlamydia trachomatis RC-F(s)/342	ctfs	CTRC342_01610	NA	V-type ATP synthase subunit D	md:ctfs_M00159	I	346458	347069	-
Chlamydia trachomatis RC-F(s)/342	ctfs	CTRC342_01615	NA	V-type ATP synthase subunit B	md:ctfs_M00159	I	347054	348370	-
Chlamydia trachomatis RC-F(s)/342	ctfs	CTRC342_01620	NA	V-type ATP synthase subunit A	md:ctfs_M00159	I	348373	350148	-
Chlamydia trachomatis RC-F(s)/342	ctfs	CTRC342_01630	NA	V-type ATP synthase subunit E	md:ctfs_M00159	I	351109	351735	-
Chlamydia trachomatis RC-F(s)/342	ctfs	CTRC342_01130	NA	ribose-5-phosphate isomerase A	md:ctfs_M00165	I	244253	244981	-
Chlamydia trachomatis RC-F(s)/342	ctfs	CTRC342_02710	NA	glyceraldehyde-3-phosphate dehydrogenase	md:ctfs_M00165	I	586607	587611	-
Chlamydia trachomatis RC-F(s)/342	ctfs	CTRC342_03730	pgk	phosphoglycerate kinase	md:ctfs_M00165	I	798464	799675	+
Chlamydia trachomatis RC-F(s)/342	ctfs	CTRC342_04200	NA	transketolase	md:ctfs_M00165	I	922763	924763	+
Chlamydia trachomatis RC-F(s)/342	ctfs	CTRC342_02710	NA	glyceraldehyde-3-phosphate dehydrogenase	md:ctfs_M00166	I	586607	587611	-
Chlamydia trachomatis RC-F(s)/342	ctfs	CTRC342_03730	pgk	phosphoglycerate kinase	md:ctfs_M00166	I	798464	799675	+
Chlamydia trachomatis RC-F(s)/342	ctfs	CTRC342_01130	NA	ribose-5-phosphate isomerase A	md:ctfs_M00167	I	244253	244981	-
Chlamydia trachomatis RC-F(s)/342	ctfs	CTRC342_04200	NA	transketolase	md:ctfs_M00167	I	922763	924763	+
Chlamydia trachomatis RC-F(s)/342	ctfs	CTRC342_01995	NA	malate dehydrogenase	md:ctfs_M00168	I	432873	433841	-
Chlamydia trachomatis RC-F(s)/342	ctfs	CTRC342_01995	NA	malate dehydrogenase	md:ctfs_M00173	I	432873	433841	-
Chlamydia trachomatis RC-F(s)/342	ctfs	CTRC342_03155	sdhB	succinate dehydrogenase iron-sulfur subunit	md:ctfs_M00173	I	673631	674329	-
Chlamydia trachomatis RC-F(s)/342	ctfs	CTRC342_03170	NA	succinate dehydrogenase cytochrome b558 subunit	md:ctfs_M00173	I	676284	676802	-
Chlamydia trachomatis RC-F(s)/342	ctfs	CTRC342_04590	sucC	succinyl-CoA synthetase subunit beta	md:ctfs_M00173	I	1006164	1007324	+
Chlamydia trachomatis RC-F(s)/342	ctfs	CTRC342_04595	NA	succinyl-CoA synthetase subunit alpha	md:ctfs_M00173	I	1007339	1008214	+
Chlamydia trachomatis RC-F(s)/342	ctfs	CTRC342_04775	fumC	fumarate hydratase	md:ctfs_M00173	I	1045872	1047263	+
Chlamydia trachomatis RC-F(s)/342	ctfs	CTRC342_02305	NA	Putative oxidoreductase	md:ctfs_M00176	I	507838	508890	-
Chlamydia trachomatis RC-F(s)/342	ctfs	CTRC342_01300	NA	pyruvate dehydrogenase E1 component alpha subunit	md:ctfs_M00307	I	277119	278141	+
Chlamydia trachomatis RC-F(s)/342	ctfs	CTRC342_01305	NA	pyruvate dehydrogenase E1 component beta subunit	md:ctfs_M00307	I	278134	279120	+
Chlamydia trachomatis RC-F(s)/342	ctfs	CTRC342_01310	NA	branched-chain alpha-keto acid dehydrogenase subunit E2	md:ctfs_M00307	I	279125	280414	+
Chlamydia trachomatis RC-F(s)/342	ctfs	CTRC342_02975	NA	dihydrolipoamide dehydrogenase	md:ctfs_M00307	I	632534	633931	+
Chlamydia trachomatis RC-F(s)/342	ctfs	CTRC342_02710	NA	glyceraldehyde-3-phosphate dehydrogenase	md:ctfs_M00308	I	586607	587611	-
Chlamydia trachomatis RC-F(s)/342	ctfs	CTRC342_03730	pgk	phosphoglycerate kinase	md:ctfs_M00308	I	798464	799675	+
Chlamydia trachomatis RC-F(s)/342	ctfs	CTRC342_01090	NA	diphosphate--fructose-6-phosphate 1-phosphotransferase	md:ctfs_M00345	I	233627	235288	+
Chlamydia trachomatis RC-F(s)/342	ctfs	CTRC342_01995	NA	malate dehydrogenase	md:ctfs_M00346	I	432873	433841	-
Chlamydia trachomatis RC-F(s)/342	ctfs	CTRC342_02285	NA	serine hydroxymethyltransferase	md:ctfs_M00346	I	504675	506168	-
Chlamydia trachomatis RC-F(s)/342	ctfs	CTRC342_03135	eno	phosphopyruvate hydratase	md:ctfs_M00346	I	665369	666643	+
Chlamydia trachomatis RC-F(s)/342	ctfs	CTRC342_03360	NA	dimethylallyltransferase	md:ctfs_M00364	I	719009	719884	-
Chlamydia trachomatis RC-F(s)/342	ctfs	CTRC342_01995	NA	malate dehydrogenase	md:ctfs_M00374	I	432873	433841	-
Chlamydia trachomatis RC-F(s)/342	ctfs	CTRC342_03155	sdhB	succinate dehydrogenase iron-sulfur subunit	md:ctfs_M00374	I	673631	674329	-
Chlamydia trachomatis RC-F(s)/342	ctfs	CTRC342_03170	NA	succinate dehydrogenase cytochrome b558 subunit	md:ctfs_M00374	I	676284	676802	-
Chlamydia trachomatis RC-F(s)/342	ctfs	CTRC342_04590	sucC	succinyl-CoA synthetase subunit beta	md:ctfs_M00374	I	1006164	1007324	+
Chlamydia trachomatis RC-F(s)/342	ctfs	CTRC342_04595	NA	succinyl-CoA synthetase subunit alpha	md:ctfs_M00374	I	1007339	1008214	+
Chlamydia trachomatis RC-F(s)/342	ctfs	CTRC342_00655	NA	acetyl-CoA carboxylase biotin carboxyl carrier protein subunit	md:ctfs_M00376	I	139546	140040	+
Chlamydia trachomatis RC-F(s)/342	ctfs	CTRC342_00660	NA	acetyl-CoA carboxylase biotin carboxylase subunit	md:ctfs_M00376	I	140044	141417	+
Chlamydia trachomatis RC-F(s)/342	ctfs	CTRC342_01405	NA	acetyl-CoA carboxylase carboxyltransferase subunit alpha	md:ctfs_M00376	I	299957	300931	-
Chlamydia trachomatis RC-F(s)/342	ctfs	CTRC342_01550	NA	acetyl-CoA carboxylase subunit beta	md:ctfs_M00376	I	330023	330949	-
Chlamydia trachomatis RC-F(s)/342	ctfs	CTRC342_03155	sdhB	succinate dehydrogenase iron-sulfur subunit	md:ctfs_M00376	I	673631	674329	-
Chlamydia trachomatis RC-F(s)/342	ctfs	CTRC342_03170	NA	succinate dehydrogenase cytochrome b558 subunit	md:ctfs_M00376	I	676284	676802	-
Chlamydia trachomatis RC-F(s)/342	ctfs	CTRC342_04775	fumC	fumarate hydratase	md:ctfs_M00376	I	1045872	1047263	+
Chlamydia trachomatis RC-F(s)/342	ctfs	CTRC342_00410	NA	bifunctional 5,10-methylene-tetrahydrofolate dehydrogenase/5,10-methylene-tetrahydrofolate cyclohydrolase	md:ctfs_M00377	I	92085	92948	-
Chlamydia trachomatis RC-F(s)/342	ctfs	CTRC342_01920	NA	dihydrodipicolinate synthase	md:ctfs_M00525	I	415744	416604	-
Chlamydia trachomatis RC-F(s)/342	ctfs	CTRC342_01925	NA	aspartate kinase	md:ctfs_M00525	I	416614	417909	-
Chlamydia trachomatis RC-F(s)/342	ctfs	CTRC342_01930	NA	aspartate-semialdehyde dehydrogenase	md:ctfs_M00525	I	417902	418906	-
Chlamydia trachomatis RC-F(s)/342	ctfs	CTRC342_01935	NA	dihydrodipicolinate reductase	md:ctfs_M00525	I	418916	419677	-
Chlamydia trachomatis RC-F(s)/342	ctfs	CTRC342_02275	dapF	diaminopimelate epimerase	md:ctfs_M00525	I	503289	504116	-
Chlamydia trachomatis RC-F(s)/342	ctfs	CTRC342_01920	NA	dihydrodipicolinate synthase	md:ctfs_M00526	I	415744	416604	-
Chlamydia trachomatis RC-F(s)/342	ctfs	CTRC342_01925	NA	aspartate kinase	md:ctfs_M00526	I	416614	417909	-
Chlamydia trachomatis RC-F(s)/342	ctfs	CTRC342_01930	NA	aspartate-semialdehyde dehydrogenase	md:ctfs_M00526	I	417902	418906	-
Chlamydia trachomatis RC-F(s)/342	ctfs	CTRC342_01935	NA	dihydrodipicolinate reductase	md:ctfs_M00526	I	418916	419677	-
Chlamydia trachomatis RC-F(s)/342	ctfs	CTRC342_01920	NA	dihydrodipicolinate synthase	md:ctfs_M00527	I	415744	416604	-
Chlamydia trachomatis RC-F(s)/342	ctfs	CTRC342_01925	NA	aspartate kinase	md:ctfs_M00527	I	416614	417909	-
Chlamydia trachomatis RC-F(s)/342	ctfs	CTRC342_01930	NA	aspartate-semialdehyde dehydrogenase	md:ctfs_M00527	I	417902	418906	-
Chlamydia trachomatis RC-F(s)/342	ctfs	CTRC342_01935	NA	dihydrodipicolinate reductase	md:ctfs_M00527	I	418916	419677	-
Chlamydia trachomatis RC-F(s)/342	ctfs	CTRC342_02065	NA	L,L-diaminopimelate aminotransferase	md:ctfs_M00527	I	448168	449352	+
Chlamydia trachomatis RC-F(s)/342	ctfs	CTRC342_02275	dapF	diaminopimelate epimerase	md:ctfs_M00527	I	503289	504116	-
Chlamydia trachomatis RC-F(s)/342	ctfs	CTRC342_01490	NA	glycine cleavage system protein H	md:ctfs_M00532	I	316481	316834	-
Chlamydia trachomatis RC-F(s)/342	ctfs	CTRC342_02285	NA	serine hydroxymethyltransferase	md:ctfs_M00532	I	504675	506168	-
Chlamydia trachomatis RC-F(s)/342	ctfs	CTRC342_02975	NA	dihydrolipoamide dehydrogenase	md:ctfs_M00532	I	632534	633931	+
Chlamydia trachomatis RC-F(s)/342	ctfs	CTRC342_00470	NA	low calcium response protein D (predicted to be part of the TTSS apparatus)	md:ctfs_M00542	I	103503	105629	-
Chlamydia trachomatis RC-F(s)/342	ctfs	CTRC342_00475	NA	type III secretion system protein	md:ctfs_M00542	I	105629	106711	-
Chlamydia trachomatis RC-F(s)/342	ctfs	CTRC342_02985	NA	type III secretion system protein, membrane component	md:ctfs_M00542	I	634967	635947	+
Chlamydia trachomatis RC-F(s)/342	ctfs	CTRC342_03005	NA	type III secretion system protein	md:ctfs_M00542	I	637747	638667	+
Chlamydia trachomatis RC-F(s)/342	ctfs	CTRC342_03010	NA	type III secretion system, membrane protein	md:ctfs_M00542	I	638679	638963	+
Chlamydia trachomatis RC-F(s)/342	ctfs	CTRC342_03015	NA	type III secretion system, membrane protein	md:ctfs_M00542	I	638970	639839	+
Chlamydia trachomatis RC-F(s)/342	ctfs	CTRC342_03595	NA	type III secretion system ATPase	md:ctfs_M00542	I	768590	769918	+
Chlamydia trachomatis RC-F(s)/342	ctfs	CTRC342_03620	NA	Type III secretion structural protein (outer membrane ring)	md:ctfs_M00542	I	774034	776799	+
Chlamydia trachomatis RC-F(s)/342	ctfs	CTRC342_02710	NA	glyceraldehyde-3-phosphate dehydrogenase	md:ctfs_M00552	I	586607	587611	-
Chlamydia trachomatis RC-F(s)/342	ctfs	CTRC342_03730	pgk	phosphoglycerate kinase	md:ctfs_M00552	I	798464	799675	+
Chlamydia trachomatis RC-F(s)/342	ctfs	CTRC342_00225	NA	putative glycosyl hydrolase	md:ctfs_M00565	I	45968	47968	-
Chlamydia trachomatis RC-F(s)/342	ctfs	CTRC342_02620	NA	glucose-1-phosphate adenylyltransferase	md:ctfs_M00565	I	568392	569717	-
Chlamydia trachomatis RC-F(s)/342	ctfs	CTRC342_04455	glgA	glycogen synthase	md:ctfs_M00565	I	976735	978159	-
Chlamydia trachomatis RC-F(s)/342	ctfs	CTRC342_04835	NA	glycogen branching enzyme	md:ctfs_M00565	I	1062079	1064295	+
Chlamydia trachomatis RC-F(s)/342	ctfs	CTRC342_00545	NA	enoyl-(acyl carrier protein) reductase	md:ctfs_M00572	I	119501	120397	-
Chlamydia trachomatis RC-F(s)/342	ctfs	CTRC342_01255	fabG	3-ketoacyl-(acyl-carrier-protein) reductase	md:ctfs_M00572	I	267860	268606	-
Chlamydia trachomatis RC-F(s)/342	ctfs	CTRC342_02845	fabZ	(3R)-hydroxymyristoyl-ACP dehydratase	md:ctfs_M00572	I	603159	603620	-
Chlamydia trachomatis RC-F(s)/342	ctfs	CTRC342_04305	NA	3-oxoacyl-(acyl carrier protein) synthase II	md:ctfs_M00572	I	945295	946551	+
Chlamydia trachomatis RC-F(s)/342	ctfs	CTRC342_04340	NA	8-amino-7-oxononanoate synthase	md:ctfs_M00573	I	952716	953849	+
Chlamydia trachomatis RC-F(s)/342	ctfs	CTRC342_04340	NA	8-amino-7-oxononanoate synthase	md:ctfs_M00577	I	952716	953849	+
Chlamydia trachomatis RC-F(s)/342	ctfs	CTRC342_01130	NA	ribose-5-phosphate isomerase A	md:ctfs_M00580	I	244253	244981	-
Chlamydia trachomatis RC-F(s)/342	ctfs	CTRC342_01995	NA	malate dehydrogenase	md:ctfs_M00620	I	432873	433841	-
Chlamydia trachomatis RC-F(s)/342	ctfs	CTRC342_04590	sucC	succinyl-CoA synthetase subunit beta	md:ctfs_M00620	I	1006164	1007324	+
Chlamydia trachomatis RC-F(s)/342	ctfs	CTRC342_04595	NA	succinyl-CoA synthetase subunit alpha	md:ctfs_M00620	I	1007339	1008214	+
Chlamydia trachomatis RC-F(s)/342	ctfs	CTRC342_00470	NA	low calcium response protein D (predicted to be part of the TTSS apparatus)	md:ctfs_M00660	I	103503	105629	-
Chlamydia trachomatis RC-F(s)/342	ctfs	CTRC342_00475	NA	type III secretion system protein	md:ctfs_M00660	I	105629	106711	-
Chlamydia trachomatis RC-F(s)/342	ctfs	CTRC342_02985	NA	type III secretion system protein, membrane component	md:ctfs_M00660	I	634967	635947	+
Chlamydia trachomatis RC-F(s)/342	ctfs	CTRC342_03000	NA	type III secretion system protein	md:ctfs_M00660	I	637063	637734	+
Chlamydia trachomatis RC-F(s)/342	ctfs	CTRC342_03005	NA	type III secretion system protein	md:ctfs_M00660	I	637747	638667	+
Chlamydia trachomatis RC-F(s)/342	ctfs	CTRC342_03010	NA	type III secretion system, membrane protein	md:ctfs_M00660	I	638679	638963	+
Chlamydia trachomatis RC-F(s)/342	ctfs	CTRC342_03015	NA	type III secretion system, membrane protein	md:ctfs_M00660	I	638970	639839	+
Chlamydia trachomatis RC-F(s)/342	ctfs	CTRC342_03595	NA	type III secretion system ATPase	md:ctfs_M00660	I	768590	769918	+
Chlamydia trachomatis RC-F(s)/342	ctfs	CTRC342_01995	NA	malate dehydrogenase	md:ctfs_M00740	I	432873	433841	-
Chlamydia trachomatis RC-F(s)/342	ctfs	CTRC342_01730	NA	N-(5'-phosphoribosyl)anthranilate isomerase	md:ctfs_M00840	I	372181	372807	-
Chlamydia trachomatis RC-F(s)/342	ctfs	CTRC342_03265	NA	hypothetical protein	md:ctfs_M00840	I	694631	695362	-
Chlamydia trachomatis RC-F(s)/342	ctfs	CTRC342_03270	NA	dihydrofolate reductase	md:ctfs_M00840	I	695334	695813	-
Chlamydia trachomatis RC-F(s)/342	ctfs	CTRC342_03275	NA	2-amino-4-hydroxy-6-hydroxymethyldihydropteridi ne pyrophosphokinase	md:ctfs_M00840	I	695810	697162	-
Chlamydia trachomatis RC-F(s)/342	ctfs	CTRC342_03280	NA	dihydroneopterin aldolase	md:ctfs_M00840	I	697159	697533	-
Chlamydia trachomatis RC-F(s)/342	ctfs	CTRC342_03935	NA	bifunctional 3,4-dihydroxy-2-butanone 4-phosphate synthase/GTP cyclohydrolase II protein	md:ctfs_M00840	I	846939	848213	+
Chlamydia trachomatis RC-F(s)/342	ctfs	CTRC342_03275	NA	2-amino-4-hydroxy-6-hydroxymethyldihydropteridi ne pyrophosphokinase	md:ctfs_M00841	I	695810	697162	-
Chlamydia trachomatis RC-F(s)/342	ctfs	CTRC342_01115	NA	glutamate-1-semialdehyde aminotransferase	md:ctfs_M00846	I	241968	243236	+
Chlamydia trachomatis RC-F(s)/342	ctfs	CTRC342_01580	NA	porphobilinogen deaminase	md:ctfs_M00846	I	336303	337028	+
Chlamydia trachomatis RC-F(s)/342	ctfs	CTRC342_02295	hemD	uroporphyrinogen-III synthase	md:ctfs_M00846	I	506532	507203	+
Chlamydia trachomatis RC-F(s)/342	ctfs	CTRC342_03390	NA	delta-aminolevulinic acid dehydratase	md:ctfs_M00846	I	723794	724810	+
Chlamydia trachomatis RC-F(s)/342	ctfs	CTRC342_03560	hemA	glutamyl-tRNA reductase	md:ctfs_M00846	I	762235	763242	+
Chlamydia trachomatis RC-F(s)/342	ctfs	CTRC342_01165	NA	aromatic acid decarboxylase	md:ctfs_M00849	I	252340	252918	+
Chlamydia trachomatis RC-F(s)/342	ctfs	CTRC342_02620	NA	glucose-1-phosphate adenylyltransferase	md:ctfs_M00854	I	568392	569717	-
Chlamydia trachomatis RC-F(s)/342	ctfs	CTRC342_04455	glgA	glycogen synthase	md:ctfs_M00854	I	976735	978159	-
Chlamydia trachomatis RC-F(s)/342	ctfs	CTRC342_04835	NA	glycogen branching enzyme	md:ctfs_M00854	I	1062079	1064295	+
Chlamydia trachomatis RC-F(s)/342	ctfs	CTRC342_01315	NA	glycogen phosphorylase	md:ctfs_M00855	I	280441	282885	-
Chlamydia trachomatis RC-F(s)/342	ctfs	CTRC342_00060	NA	lipid A biosynthesis lauroyl acyltransferase	md:ctfs_M00866	I	9794	11161	-
Chlamydia trachomatis RC-F(s)/342	ctfs	CTRC342_01105	NA	3-deoxy-D-manno-octulosonic-acid transferase	md:ctfs_M00866	I	238019	239314	-
Chlamydia trachomatis RC-F(s)/342	ctfs	CTRC342_01290	lpxD	UDP-3-O-[3-hydroxymyristoyl] glucosamine N-acyltransferase	md:ctfs_M00866	I	274640	275704	+
Chlamydia trachomatis RC-F(s)/342	ctfs	CTRC342_02125	lpxK	tetraacyldisaccharide 4'-kinase	md:ctfs_M00866	I	464761	465870	-
Chlamydia trachomatis RC-F(s)/342	ctfs	CTRC342_02170	lpxB	lipid-A-disaccharide synthase	md:ctfs_M00866	I	473027	474850	+
Chlamydia trachomatis RC-F(s)/342	ctfs	CTRC342_02840	NA	UDP-N-acetylglucosamine acyltransferase	md:ctfs_M00866	I	602305	603147	-
Chlamydia trachomatis RC-F(s)/342	ctfs	CTRC342_02850	lpxC	UDP-3-O-[3-hydroxymyristoyl] N-acetylglucosamine deacetylase	md:ctfs_M00866	I	603617	604477	-
Chlamydia trachomatis RC-F(s)/342	ctfs	CTRC342_01580	NA	porphobilinogen deaminase	md:ctfs_M00868	I	336303	337028	+
Chlamydia trachomatis RC-F(s)/342	ctfs	CTRC342_02295	hemD	uroporphyrinogen-III synthase	md:ctfs_M00868	I	506532	507203	+
Chlamydia trachomatis RC-F(s)/342	ctfs	CTRC342_02600	hemH	ferrochelatase	md:ctfs_M00868	I	565203	566147	-
Chlamydia trachomatis RC-F(s)/342	ctfs	CTRC342_03390	NA	delta-aminolevulinic acid dehydratase	md:ctfs_M00868	I	723794	724810	+
Chlamydia trachomatis RC-F(s)/342	ctfs	CTRC342_04015	NA	protoporphyrinogen oxidase	md:ctfs_M00868	I	869682	870956	-
Chlamydia trachomatis RC-F(s)/342	ctfs	CTRC342_04025	hemE	uroporphyrinogen decarboxylase	md:ctfs_M00868	I	872299	873303	-
Chlamydia trachomatis RC-F(s)/342	ctfs	CTRC342_04170	NA	protoporphyrinogen oxidase	md:ctfs_M00868	I	907438	908712	-
Chlamydia trachomatis RC-F(s)/342	ctfs	CTRC342_04180	hemE	uroporphyrinogen decarboxylase	md:ctfs_M00868	I	910055	911074	-
Chlamydia trachomatis RC-F(s)/342	ctfs	CTRC342_01260	NA	acyl-carrier-protein S-malonyltransferase	md:ctfs_M00873	I	268603	269529	-
Chlamydia trachomatis RC-F(s)/342	ctfs	CTRC342_04305	NA	3-oxoacyl-(acyl carrier protein) synthase II	md:ctfs_M00873	I	945295	946551	+
Chlamydia trachomatis RC-F(s)/342	ctfs	CTRC342_01255	fabG	3-ketoacyl-(acyl-carrier-protein) reductase	md:ctfs_M00874	I	267860	268606	-
Chlamydia trachomatis RC-F(s)/342	ctfs	CTRC342_01260	NA	acyl-carrier-protein S-malonyltransferase	md:ctfs_M00874	I	268603	269529	-
Chlamydia trachomatis RC-F(s)/342	ctfs	CTRC342_04305	NA	3-oxoacyl-(acyl carrier protein) synthase II	md:ctfs_M00874	I	945295	946551	+
Chlamydia trachomatis RC-F(s)/342	ctfs	CTRC342_02980	NA	lipoyl synthase	md:ctfs_M00881	I	633928	634863	+
Chlamydia trachomatis RC-F(s)/342	ctfs	CTRC342_02980	NA	lipoyl synthase	md:ctfs_M00882	I	633928	634863	+
Chlamydia trachomatis RC-F(s)/342	ctfs	CTRC342_02980	NA	lipoyl synthase	md:ctfs_M00883	I	633928	634863	+
Chlamydia trachomatis RC-F(s)/342	ctfs	CTRC342_02980	NA	lipoyl synthase	md:ctfs_M00884	I	633928	634863	+
Chlamydia trachomatis RC-F(s)/342	ctfs	CTRC342_02005	pgi	glucose-6-phosphate isomerase	md:ctfs_M00909	I	434287	435864	-
Chlamydia trachomatis RC-F(s)/342	ctfs	CTRC342_04555	glmM	phosphoglucosamine mutase	md:ctfs_M00909	I	998502	999878	+
Chlamydia trachomatis RC-F(s)/342	ctfs	CTRC342_04560	NA	glucosamine--fructose-6-phosphate aminotransferase	md:ctfs_M00909	I	999889	1001709	+
Chlamydia trachomatis RC-F(s)/342	ctfs	CTRC342_02140	NA	riboflavin synthase subunit alpha	md:ctfs_M00911	I	467657	468256	-
Chlamydia trachomatis RC-F(s)/342	ctfs	CTRC342_03940	ribH	6,7-dimethyl-8-ribityllumazine synthase	md:ctfs_M00911	I	848182	848655	+
Chlamydia trachomatis RC-F(s)/342	ctfs	CTRC342_01115	NA	glutamate-1-semialdehyde aminotransferase	md:ctfs_M00926	I	241968	243236	+
Chlamydia trachomatis RC-F(s)/342	ctfs	CTRC342_01580	NA	porphobilinogen deaminase	md:ctfs_M00926	I	336303	337028	+
Chlamydia trachomatis RC-F(s)/342	ctfs	CTRC342_02295	hemD	uroporphyrinogen-III synthase	md:ctfs_M00926	I	506532	507203	+
Chlamydia trachomatis RC-F(s)/342	ctfs	CTRC342_02600	hemH	ferrochelatase	md:ctfs_M00926	I	565203	566147	-
Chlamydia trachomatis RC-F(s)/342	ctfs	CTRC342_03390	NA	delta-aminolevulinic acid dehydratase	md:ctfs_M00926	I	723794	724810	+
Chlamydia trachomatis RC-F(s)/342	ctfs	CTRC342_03560	hemA	glutamyl-tRNA reductase	md:ctfs_M00926	I	762235	763242	+
Chlamydia trachomatis RC-F(s)/342	ctfs	CTRC342_04015	NA	protoporphyrinogen oxidase	md:ctfs_M00926	I	869682	870956	-
Chlamydia trachomatis RC-F(s)/342	ctfs	CTRC342_04025	hemE	uroporphyrinogen decarboxylase	md:ctfs_M00926	I	872299	873303	-
Chlamydia trachomatis RC-F(s)/342	ctfs	CTRC342_04170	NA	protoporphyrinogen oxidase	md:ctfs_M00926	I	907438	908712	-
Chlamydia trachomatis RC-F(s)/342	ctfs	CTRC342_04180	hemE	uroporphyrinogen decarboxylase	md:ctfs_M00926	I	910055	911074	-
Chlamydia trachomatis RC-F(s)/342	ctfs	CTRC342_02255	NA	hypothetical protein	md:ctfs_M00930	I	499685	500794	+
Chlamydia trachomatis RC-F(s)/342	ctfs	CTRC342_04290	NA	hypothetical protein	md:ctfs_M00930	I	941641	942693	-
Chlamydia trachomatis RC-F(s)/342	ctfs	CTRC342_02255	NA	hypothetical protein	md:ctfs_M00931	I	499685	500794	+
Chlamydia trachomatis RC-F(s)/342	ctfs	CTRC342_04290	NA	hypothetical protein	md:ctfs_M00931	I	941641	942693	-
Chlamydia trachomatis RC-F(s)/342	ctfs	CTRC342_01005	tmk	thymidylate kinase	md:ctfs_M00938	I	213383	213994	-
Chlamydia trachomatis RC-F(s)/342	ctfs	CTRC342_01545	dut	deoxyuridine 5'-triphosphate nucleotidohydrolase	md:ctfs_M00938	I	329549	329986	-
Chlamydia trachomatis RC-F(s)/342	ctfs	CTRC342_02685	ndk	nucleoside diphosphate kinase	md:ctfs_M00938	I	583062	583487	-
Chlamydia trachomatis RC-F(s)/342	ctfs	CTRC342_04620	NA	ribonucleotide-diphosphate reductase subunit alpha	md:ctfs_M00938	I	1015697	1018840	+
Chlamydia trachomatis RC-F(s)/342	ctfs	CTRC342_04625	NA	ribonucleotide-diphosphate reductase subunit beta	md:ctfs_M00938	I	1018878	1019918	+
Chlamydia trachomatis RC-F(s)/342	ctfs	CTRC342_04340	NA	8-amino-7-oxononanoate synthase	md:ctfs_M00950	I	952716	953849	+
