Bacillus amyloliquefaciens IT-45	bami	KSO_001885	NA	fructose-bisphosphate aldolase	md:bami_M00001	I	359180	360037	+
Bacillus amyloliquefaciens IT-45	bami	KSO_003475	NA	glyceraldehyde-3-phosphate dehydrogenase	md:bami_M00001	I	661129	662136	+
Bacillus amyloliquefaciens IT-45	bami	KSO_003485	pgk	phosphoglycerate kinase	md:bami_M00001	I	662456	663640	+
Bacillus amyloliquefaciens IT-45	bami	KSO_003490	tpiA	triosephosphate isomerase	md:bami_M00001	I	663666	664427	+
Bacillus amyloliquefaciens IT-45	bami	KSO_003495	NA	phosphoglyceromutase	md:bami_M00001	I	664420	665955	+
Bacillus amyloliquefaciens IT-45	bami	KSO_003500	eno	enolase	md:bami_M00001	I	665983	667275	+
Bacillus amyloliquefaciens IT-45	bami	KSO_004950	pgi	glucose-6-phosphate isomerase	md:bami_M00001	I	940542	941894	+
Bacillus amyloliquefaciens IT-45	bami	KSO_005910	NA	6-phosphofructokinase	md:bami_M00001	I	1131865	1132824	+
Bacillus amyloliquefaciens IT-45	bami	KSO_005915	NA	pyruvate kinase	md:bami_M00001	I	1132864	1134621	+
Bacillus amyloliquefaciens IT-45	bami	KSO_006005	NA	glyceraldehyde-3-phosphate dehydrogenase	md:bami_M00001	I	1152632	1153654	+
Bacillus amyloliquefaciens IT-45	bami	KSO_007795	NA	glucokinase	md:bami_M00001	I	1479339	1480301	+
Bacillus amyloliquefaciens IT-45	bami	KSO_003475	NA	glyceraldehyde-3-phosphate dehydrogenase	md:bami_M00002	I	661129	662136	+
Bacillus amyloliquefaciens IT-45	bami	KSO_003485	pgk	phosphoglycerate kinase	md:bami_M00002	I	662456	663640	+
Bacillus amyloliquefaciens IT-45	bami	KSO_003490	tpiA	triosephosphate isomerase	md:bami_M00002	I	663666	664427	+
Bacillus amyloliquefaciens IT-45	bami	KSO_003495	NA	phosphoglyceromutase	md:bami_M00002	I	664420	665955	+
Bacillus amyloliquefaciens IT-45	bami	KSO_003500	eno	enolase	md:bami_M00002	I	665983	667275	+
Bacillus amyloliquefaciens IT-45	bami	KSO_005915	NA	pyruvate kinase	md:bami_M00002	I	1132864	1134621	+
Bacillus amyloliquefaciens IT-45	bami	KSO_006005	NA	glyceraldehyde-3-phosphate dehydrogenase	md:bami_M00002	I	1152632	1153654	+
Bacillus amyloliquefaciens IT-45	bami	KSO_000595	NA	fructose-1,6-bisphosphatase	md:bami_M00003	I	110212	112137	-
Bacillus amyloliquefaciens IT-45	bami	KSO_001885	NA	fructose-bisphosphate aldolase	md:bami_M00003	I	359180	360037	+
Bacillus amyloliquefaciens IT-45	bami	KSO_001900	glpX	fructose 1,6-bisphosphatase II	md:bami_M00003	I	362429	363394	+
Bacillus amyloliquefaciens IT-45	bami	KSO_003475	NA	glyceraldehyde-3-phosphate dehydrogenase	md:bami_M00003	I	661129	662136	+
Bacillus amyloliquefaciens IT-45	bami	KSO_003485	pgk	phosphoglycerate kinase	md:bami_M00003	I	662456	663640	+
Bacillus amyloliquefaciens IT-45	bami	KSO_003490	tpiA	triosephosphate isomerase	md:bami_M00003	I	663666	664427	+
Bacillus amyloliquefaciens IT-45	bami	KSO_003495	NA	phosphoglyceromutase	md:bami_M00003	I	664420	665955	+
Bacillus amyloliquefaciens IT-45	bami	KSO_003500	eno	enolase	md:bami_M00003	I	665983	667275	+
Bacillus amyloliquefaciens IT-45	bami	KSO_005280	NA	phosphoenolpyruvate carboxykinase	md:bami_M00003	I	1007275	1008858	-
Bacillus amyloliquefaciens IT-45	bami	KSO_006005	NA	glyceraldehyde-3-phosphate dehydrogenase	md:bami_M00003	I	1152632	1153654	+
Bacillus amyloliquefaciens IT-45	bami	KSO_001890	NA	translaldolase	md:bami_M00004	I	360157	360795	+
Bacillus amyloliquefaciens IT-45	bami	KSO_001985	NA	ribose-5-phosphate isomerase B	md:bami_M00004	I	376787	377236	+
Bacillus amyloliquefaciens IT-45	bami	KSO_004950	pgi	glucose-6-phosphate isomerase	md:bami_M00004	I	940542	941894	+
Bacillus amyloliquefaciens IT-45	bami	KSO_008310	NA	6-phosphogluconate dehydrogenase	md:bami_M00004	I	1566141	1567550	+
Bacillus amyloliquefaciens IT-45	bami	KSO_008315	NA	glucose-6-phosphate 1-dehydrogenase	md:bami_M00004	I	1567637	1569106	-
Bacillus amyloliquefaciens IT-45	bami	KSO_010510	NA	transketolase	md:bami_M00004	I	2069194	2071197	-
Bacillus amyloliquefaciens IT-45	bami	KSO_011545	NA	ribulose-phosphate 3-epimerase	md:bami_M00004	I	2330492	2331145	-
Bacillus amyloliquefaciens IT-45	bami	KSO_012955	NA	6-phosphogluconolactonase	md:bami_M00004	I	2644364	2645413	+
Bacillus amyloliquefaciens IT-45	bami	KSO_019145	NA	ribose-phosphate pyrophosphokinase	md:bami_M00005	I	3869065	3870018	-
Bacillus amyloliquefaciens IT-45	bami	KSO_008310	NA	6-phosphogluconate dehydrogenase	md:bami_M00006	I	1566141	1567550	+
Bacillus amyloliquefaciens IT-45	bami	KSO_008315	NA	glucose-6-phosphate 1-dehydrogenase	md:bami_M00006	I	1567637	1569106	-
Bacillus amyloliquefaciens IT-45	bami	KSO_012955	NA	6-phosphogluconolactonase	md:bami_M00006	I	2644364	2645413	+
Bacillus amyloliquefaciens IT-45	bami	KSO_001890	NA	translaldolase	md:bami_M00007	I	360157	360795	+
Bacillus amyloliquefaciens IT-45	bami	KSO_001985	NA	ribose-5-phosphate isomerase B	md:bami_M00007	I	376787	377236	+
Bacillus amyloliquefaciens IT-45	bami	KSO_010510	NA	transketolase	md:bami_M00007	I	2069194	2071197	-
Bacillus amyloliquefaciens IT-45	bami	KSO_011545	NA	ribulose-phosphate 3-epimerase	md:bami_M00007	I	2330492	2331145	-
Bacillus amyloliquefaciens IT-45	bami	KSO_008315	NA	glucose-6-phosphate 1-dehydrogenase	md:bami_M00008	I	1567637	1569106	-
Bacillus amyloliquefaciens IT-45	bami	KSO_010370	NA	2-dehydro-3-deoxyphosphogluconate aldolase	md:bami_M00008	I	2048344	2048979	-
Bacillus amyloliquefaciens IT-45	bami	KSO_012955	NA	6-phosphogluconolactonase	md:bami_M00008	I	2644364	2645413	+
Bacillus amyloliquefaciens IT-45	bami	KSO_004080	fumC	fumarate hydratase	md:bami_M00009	I	775835	777223	+
Bacillus amyloliquefaciens IT-45	bami	KSO_005940	NA	citrate synthase	md:bami_M00009	I	1138394	1139512	+
Bacillus amyloliquefaciens IT-45	bami	KSO_005945	NA	isocitrate dehydrogenase	md:bami_M00009	I	1139673	1140944	+
Bacillus amyloliquefaciens IT-45	bami	KSO_005950	NA	malate dehydrogenase	md:bami_M00009	I	1140990	1141928	+
Bacillus amyloliquefaciens IT-45	bami	KSO_006290	NA	succinate dehydrogenase, cytochrome b558 subunit	md:bami_M00009	I	1211182	1211790	+
Bacillus amyloliquefaciens IT-45	bami	KSO_006295	sdhA	succinate dehydrogenase flavoprotein subunit	md:bami_M00009	I	1211824	1213584	+
Bacillus amyloliquefaciens IT-45	bami	KSO_006300	sdhB	succinate dehydrogenase iron-sulfur subunit	md:bami_M00009	I	1213587	1214345	+
Bacillus amyloliquefaciens IT-45	bami	KSO_008185	NA	citrate synthase 3	md:bami_M00009	I	1540608	1541705	+
Bacillus amyloliquefaciens IT-45	bami	KSO_008225	NA	dihydrolipoamide dehydrogenase	md:bami_M00009	I	1549822	1551243	+
Bacillus amyloliquefaciens IT-45	bami	KSO_009800	sucA	2-oxoglutarate dehydrogenase E1 component	md:bami_M00009	I	1871136	1873970	+
Bacillus amyloliquefaciens IT-45	bami	KSO_009805	NA	dihydrolipoamide succinyltransferase	md:bami_M00009	I	1873986	1875233	+
Bacillus amyloliquefaciens IT-45	bami	KSO_010455	NA	aconitate hydratase	md:bami_M00009	I	2061682	2064408	-
Bacillus amyloliquefaciens IT-45	bami	KSO_011390	NA	succinyl-CoA synthetase subunit alpha	md:bami_M00009	I	2302425	2303327	-
Bacillus amyloliquefaciens IT-45	bami	KSO_011395	sucC	succinyl-CoA synthetase subunit beta	md:bami_M00009	I	2303356	2304513	-
Bacillus amyloliquefaciens IT-45	bami	KSO_012135	NA	dihydrolipoamide dehydrogenase	md:bami_M00009	I	2447121	2448533	-
Bacillus amyloliquefaciens IT-45	bami	KSO_015025	NA	citrate synthase I	md:bami_M00009	I	3012707	3013816	-
Bacillus amyloliquefaciens IT-45	bami	KSO_015645	acoL	dihydrolipoamide dehydrogenase	md:bami_M00009	I	3140277	3141656	-
Bacillus amyloliquefaciens IT-45	bami	KSO_005940	NA	citrate synthase	md:bami_M00010	I	1138394	1139512	+
Bacillus amyloliquefaciens IT-45	bami	KSO_005945	NA	isocitrate dehydrogenase	md:bami_M00010	I	1139673	1140944	+
Bacillus amyloliquefaciens IT-45	bami	KSO_008185	NA	citrate synthase 3	md:bami_M00010	I	1540608	1541705	+
Bacillus amyloliquefaciens IT-45	bami	KSO_010455	NA	aconitate hydratase	md:bami_M00010	I	2061682	2064408	-
Bacillus amyloliquefaciens IT-45	bami	KSO_015025	NA	citrate synthase I	md:bami_M00010	I	3012707	3013816	-
Bacillus amyloliquefaciens IT-45	bami	KSO_004080	fumC	fumarate hydratase	md:bami_M00011	I	775835	777223	+
Bacillus amyloliquefaciens IT-45	bami	KSO_005950	NA	malate dehydrogenase	md:bami_M00011	I	1140990	1141928	+
Bacillus amyloliquefaciens IT-45	bami	KSO_006290	NA	succinate dehydrogenase, cytochrome b558 subunit	md:bami_M00011	I	1211182	1211790	+
Bacillus amyloliquefaciens IT-45	bami	KSO_006295	sdhA	succinate dehydrogenase flavoprotein subunit	md:bami_M00011	I	1211824	1213584	+
Bacillus amyloliquefaciens IT-45	bami	KSO_006300	sdhB	succinate dehydrogenase iron-sulfur subunit	md:bami_M00011	I	1213587	1214345	+
Bacillus amyloliquefaciens IT-45	bami	KSO_008225	NA	dihydrolipoamide dehydrogenase	md:bami_M00011	I	1549822	1551243	+
Bacillus amyloliquefaciens IT-45	bami	KSO_009800	sucA	2-oxoglutarate dehydrogenase E1 component	md:bami_M00011	I	1871136	1873970	+
Bacillus amyloliquefaciens IT-45	bami	KSO_009805	NA	dihydrolipoamide succinyltransferase	md:bami_M00011	I	1873986	1875233	+
Bacillus amyloliquefaciens IT-45	bami	KSO_011390	NA	succinyl-CoA synthetase subunit alpha	md:bami_M00011	I	2302425	2303327	-
Bacillus amyloliquefaciens IT-45	bami	KSO_011395	sucC	succinyl-CoA synthetase subunit beta	md:bami_M00011	I	2303356	2304513	-
Bacillus amyloliquefaciens IT-45	bami	KSO_012135	NA	dihydrolipoamide dehydrogenase	md:bami_M00011	I	2447121	2448533	-
Bacillus amyloliquefaciens IT-45	bami	KSO_015645	acoL	dihydrolipoamide dehydrogenase	md:bami_M00011	I	3140277	3141656	-
Bacillus amyloliquefaciens IT-45	bami	KSO_005940	NA	citrate synthase	md:bami_M00012	I	1138394	1139512	+
Bacillus amyloliquefaciens IT-45	bami	KSO_005950	NA	malate dehydrogenase	md:bami_M00012	I	1140990	1141928	+
Bacillus amyloliquefaciens IT-45	bami	KSO_008185	NA	citrate synthase 3	md:bami_M00012	I	1540608	1541705	+
Bacillus amyloliquefaciens IT-45	bami	KSO_010455	NA	aconitate hydratase	md:bami_M00012	I	2061682	2064408	-
Bacillus amyloliquefaciens IT-45	bami	KSO_015025	NA	citrate synthase I	md:bami_M00012	I	3012707	3013816	-
Bacillus amyloliquefaciens IT-45	bami	KSO_000700	NA	methylmalonate-semialdehyde dehydrogenase	md:bami_M00013	I	134086	135549	+
Bacillus amyloliquefaciens IT-45	bami	KSO_002330	NA	UDPglucose 6-dehydrogenase	md:bami_M00014	I	433291	434616	+
Bacillus amyloliquefaciens IT-45	bami	KSO_002705	NA	UDPglucose 6-dehydrogenase	md:bami_M00014	I	509224	510564	+
Bacillus amyloliquefaciens IT-45	bami	KSO_010670	NA	xylulokinase	md:bami_M00014	I	2097853	2099352	-
Bacillus amyloliquefaciens IT-45	bami	KSO_016500	NA	alcohol dehydrogenase GroES domain protein	md:bami_M00014	I	3327649	3328710	-
Bacillus amyloliquefaciens IT-45	bami	KSO_008430	NA	pyrroline-5-carboxylate reductase	md:bami_M00015	I	1645040	1645882	-
Bacillus amyloliquefaciens IT-45	bami	KSO_010040	NA	pyrroline-5-carboxylate reductase	md:bami_M00015	I	1911839	1912687	+
Bacillus amyloliquefaciens IT-45	bami	KSO_010045	NA	gamma-glutamyl kinase	md:bami_M00015	I	1912712	1913830	+
Bacillus amyloliquefaciens IT-45	bami	KSO_012915	proA	gamma-glutamyl phosphate reductase	md:bami_M00015	I	2637541	2638788	-
Bacillus amyloliquefaciens IT-45	bami	KSO_012920	NA	gamma-glutamyl kinase	md:bami_M00015	I	2638785	2639897	-
Bacillus amyloliquefaciens IT-45	bami	KSO_004495	dapF	diaminopimelate epimerase	md:bami_M00016	I	852456	853310	+
Bacillus amyloliquefaciens IT-45	bami	KSO_005510	NA	dipeptidase PepV	md:bami_M00016	I	1054257	1055648	+
Bacillus amyloliquefaciens IT-45	bami	KSO_006280	NA	aspartate kinase	md:bami_M00016	I	1209163	1210392	+
Bacillus amyloliquefaciens IT-45	bami	KSO_008665	NA	diaminopimelate decarboxylase	md:bami_M00016	I	1680432	1681751	+
Bacillus amyloliquefaciens IT-45	bami	KSO_009100	NA	dihydrodipicolinate reductase	md:bami_M00016	I	1756259	1757062	+
Bacillus amyloliquefaciens IT-45	bami	KSO_011045	NA	dihydrodipicolinate synthase	md:bami_M00016	I	2236036	2236905	-
Bacillus amyloliquefaciens IT-45	bami	KSO_011050	NA	aspartate kinase I	md:bami_M00016	I	2236936	2238150	-
Bacillus amyloliquefaciens IT-45	bami	KSO_011055	NA	aspartate-semialdehyde dehydrogenase	md:bami_M00016	I	2238239	2239279	-
Bacillus amyloliquefaciens IT-45	bami	KSO_014235	argD	acetylornithine aminotransferase	md:bami_M00016	I	2863039	2864196	-
Bacillus amyloliquefaciens IT-45	bami	KSO_016880	NA	dihydrodipicolinate synthase	md:bami_M00016	I	3404519	3405313	-
Bacillus amyloliquefaciens IT-45	bami	KSO_017670	NA	aspartate kinase	md:bami_M00016	I	3547018	3548382	+
Bacillus amyloliquefaciens IT-45	bami	KSO_004450	NA	homoserine dehydrogenase	md:bami_M00017	I	843228	844529	+
Bacillus amyloliquefaciens IT-45	bami	KSO_004895	NA	aminotransferase	md:bami_M00017	I	930784	931947	-
Bacillus amyloliquefaciens IT-45	bami	KSO_006280	NA	aspartate kinase	md:bami_M00017	I	1209163	1210392	+
Bacillus amyloliquefaciens IT-45	bami	KSO_009410	NA	homoserine O-succinyltransferase	md:bami_M00017	I	1809743	1810648	-
Bacillus amyloliquefaciens IT-45	bami	KSO_011050	NA	aspartate kinase I	md:bami_M00017	I	2236936	2238150	-
Bacillus amyloliquefaciens IT-45	bami	KSO_011055	NA	aspartate-semialdehyde dehydrogenase	md:bami_M00017	I	2238239	2239279	-
Bacillus amyloliquefaciens IT-45	bami	KSO_012865	NA	5-methyltetrahydropteroyltriglutamate--homocysteine S-methyltransferase	md:bami_M00017	I	2627917	2630205	+
Bacillus amyloliquefaciens IT-45	bami	KSO_013865	NA	cystathionine beta-lyase	md:bami_M00017	I	2799204	2800379	-
Bacillus amyloliquefaciens IT-45	bami	KSO_013870	NA	cystathionine gamma-synthase	md:bami_M00017	I	2800372	2801493	-
Bacillus amyloliquefaciens IT-45	bami	KSO_014340	NA	bifunctional homocysteine S-methyltransferase/5,10-methylenetetrahydrofolate reductase protein	md:bami_M00017	I	2879940	2881781	+
Bacillus amyloliquefaciens IT-45	bami	KSO_017670	NA	aspartate kinase	md:bami_M00017	I	3547018	3548382	+
Bacillus amyloliquefaciens IT-45	bami	KSO_004450	NA	homoserine dehydrogenase	md:bami_M00018	I	843228	844529	+
Bacillus amyloliquefaciens IT-45	bami	KSO_004455	NA	threonine synthase	md:bami_M00018	I	844529	845587	+
Bacillus amyloliquefaciens IT-45	bami	KSO_004460	NA	homoserine kinase	md:bami_M00018	I	845584	846513	+
Bacillus amyloliquefaciens IT-45	bami	KSO_006280	NA	aspartate kinase	md:bami_M00018	I	1209163	1210392	+
Bacillus amyloliquefaciens IT-45	bami	KSO_011050	NA	aspartate kinase I	md:bami_M00018	I	2236936	2238150	-
Bacillus amyloliquefaciens IT-45	bami	KSO_011055	NA	aspartate-semialdehyde dehydrogenase	md:bami_M00018	I	2238239	2239279	-
Bacillus amyloliquefaciens IT-45	bami	KSO_017670	NA	aspartate kinase	md:bami_M00018	I	3547018	3548382	+
Bacillus amyloliquefaciens IT-45	bami	KSO_001225	NA	branched-chain amino acid aminotransferase	md:bami_M00019	I	234745	235833	-
Bacillus amyloliquefaciens IT-45	bami	KSO_002485	NA	acetolactate synthase	md:bami_M00019	I	456889	458601	+
Bacillus amyloliquefaciens IT-45	bami	KSO_006365	NA	acetolactate synthase catalytic subunit	md:bami_M00019	I	1221818	1223542	+
Bacillus amyloliquefaciens IT-45	bami	KSO_006370	ilvH	acetolactate synthase 3 regulatory subunit	md:bami_M00019	I	1223539	1224057	+
Bacillus amyloliquefaciens IT-45	bami	KSO_006375	NA	ketol-acid reductoisomerase	md:bami_M00019	I	1224080	1225108	+
Bacillus amyloliquefaciens IT-45	bami	KSO_009430	NA	dihydroxy-acid dehydratase	md:bami_M00019	I	1813496	1815172	+
Bacillus amyloliquefaciens IT-45	bami	KSO_018280	NA	branched-chain amino acid aminotransferase	md:bami_M00019	I	3680592	3681659	-
Bacillus amyloliquefaciens IT-45	bami	KSO_006050	NA	putative HAD superfamily hydrolase	md:bami_M00020	I	1161425	1162219	-
Bacillus amyloliquefaciens IT-45	bami	KSO_008805	NA	D-3-phosphoglycerate dehydrogenase	md:bami_M00020	I	1703620	1705197	-
Bacillus amyloliquefaciens IT-45	bami	KSO_010005	NA	D-3-phosphoglycerate dehydrogenase	md:bami_M00020	I	1905223	1906239	+
Bacillus amyloliquefaciens IT-45	bami	KSO_014735	NA	3-phosphoserine/phosphohydroxythreonine aminotransferase	md:bami_M00020	I	2959447	2960526	+
Bacillus amyloliquefaciens IT-45	bami	KSO_005515	NA	cysteine synthase	md:bami_M00021	I	1055686	1056618	-
Bacillus amyloliquefaciens IT-45	bami	KSO_018935	NA	serine O-acetyltransferase	md:bami_M00021	I	3814442	3815095	-
Bacillus amyloliquefaciens IT-45	bami	KSO_019035	NA	cysteine synthase	md:bami_M00021	I	3845191	3846117	-
Bacillus amyloliquefaciens IT-45	bami	KSO_005615	NA	bifunctional 3-deoxy-7-phosphoheptulonate synthase/chorismate mutase	md:bami_M00022	I	1074443	1075519	+
Bacillus amyloliquefaciens IT-45	bami	KSO_007405	aroE	shikimate 5-dehydrogenase	md:bami_M00022	I	1408137	1408979	+
Bacillus amyloliquefaciens IT-45	bami	KSO_008985	NA	chorismate synthase	md:bami_M00022	I	1734967	1736139	+
Bacillus amyloliquefaciens IT-45	bami	KSO_008990	aroB	3-dehydroquinate synthase	md:bami_M00022	I	1736139	1737227	+
Bacillus amyloliquefaciens IT-45	bami	KSO_009040	NA	3-phosphoshikimate 1-carboxyvinyltransferase	md:bami_M00022	I	1746015	1747301	+
Bacillus amyloliquefaciens IT-45	bami	KSO_015770	aroD	3-dehydroquinate dehydratase	md:bami_M00022	I	3164027	3164788	+
Bacillus amyloliquefaciens IT-45	bami	KSO_017955	aroK	shikimate kinase	md:bami_M00022	I	3614679	3615239	-
Bacillus amyloliquefaciens IT-45	bami	KSO_009000	NA	anthranilate synthase component I	md:bami_M00023	I	1737831	1739378	+
Bacillus amyloliquefaciens IT-45	bami	KSO_009005	trpD	anthranilate phosphoribosyltransferase	md:bami_M00023	I	1739350	1740366	+
Bacillus amyloliquefaciens IT-45	bami	KSO_009010	trpC	indole-3-glycerol-phosphate synthase	md:bami_M00023	I	1740359	1741111	+
Bacillus amyloliquefaciens IT-45	bami	KSO_009015	NA	N-(5'-phosphoribosyl)anthranilate isomerase	md:bami_M00023	I	1741116	1741769	+
Bacillus amyloliquefaciens IT-45	bami	KSO_009020	NA	tryptophan synthase subunit beta	md:bami_M00023	I	1741750	1742952	+
Bacillus amyloliquefaciens IT-45	bami	KSO_009025	trpA	tryptophan synthase subunit alpha	md:bami_M00023	I	1742945	1743742	+
Bacillus amyloliquefaciens IT-45	bami	KSO_006580	NA	hypothetical protein	md:bami_M00024	I	1266278	1266721	+
Bacillus amyloliquefaciens IT-45	bami	KSO_006585	NA	prephenate dehydratase	md:bami_M00024	I	1266735	1267592	+
Bacillus amyloliquefaciens IT-45	bami	KSO_008995	NA	chorismate mutase	md:bami_M00024	I	1737224	1737607	+
Bacillus amyloliquefaciens IT-45	bami	KSO_006580	NA	hypothetical protein	md:bami_M00025	I	1266278	1266721	+
Bacillus amyloliquefaciens IT-45	bami	KSO_008995	NA	chorismate mutase	md:bami_M00025	I	1737224	1737607	+
Bacillus amyloliquefaciens IT-45	bami	KSO_009035	NA	prephenate dehydrogenase	md:bami_M00025	I	1744897	1746003	+
Bacillus amyloliquefaciens IT-45	bami	KSO_003025	hisZ	ATP phosphoribosyltransferase regulatory subunit	md:bami_M00026	I	573594	574766	+
Bacillus amyloliquefaciens IT-45	bami	KSO_003030	hisG	ATP phosphoribosyltransferase catalytic subunit	md:bami_M00026	I	574759	575400	+
Bacillus amyloliquefaciens IT-45	bami	KSO_003035	hisD	bifunctional histidinal dehydrogenase/histidinol dehydrogenase	md:bami_M00026	I	575397	576710	+
Bacillus amyloliquefaciens IT-45	bami	KSO_003040	hisB	imidazoleglycerol-phosphate dehydratase	md:bami_M00026	I	576676	577260	+
Bacillus amyloliquefaciens IT-45	bami	KSO_003045	hisH	imidazole glycerol phosphate synthase subunit HisH	md:bami_M00026	I	577261	577899	+
Bacillus amyloliquefaciens IT-45	bami	KSO_003050	NA	1-(5-phosphoribosyl)-5-[(5-phosphoribosylamino)methylideneamino] imidazole-4-carboxamide isomerase	md:bami_M00026	I	577896	578633	+
Bacillus amyloliquefaciens IT-45	bami	KSO_003055	NA	imidazole glycerol phosphate synthase subunit HisF	md:bami_M00026	I	578630	579388	+
Bacillus amyloliquefaciens IT-45	bami	KSO_003060	NA	bifunctional phosphoribosyl-AMP cyclohydrolase/phosphoribosyl-ATP pyrophosphatase protein	md:bami_M00026	I	579385	580005	+
Bacillus amyloliquefaciens IT-45	bami	KSO_005750	NA	histidinol-phosphatase	md:bami_M00026	I	1098195	1099007	-
Bacillus amyloliquefaciens IT-45	bami	KSO_009030	NA	histidinol-phosphate aminotransferase	md:bami_M00026	I	1743754	1744836	+
Bacillus amyloliquefaciens IT-45	bami	KSO_017610	NA	succinate-semialdehyde dehydrogenase	md:bami_M00027	I	3534623	3536011	-
Bacillus amyloliquefaciens IT-45	bami	KSO_017615	NA	4-aminobutyrate aminotransferase	md:bami_M00027	I	3536117	3537424	-
Bacillus amyloliquefaciens IT-45	bami	KSO_009575	NA	acetylornithine deacetylase	md:bami_M00028	I	1836844	1838145	+
Bacillus amyloliquefaciens IT-45	bami	KSO_014235	argD	acetylornithine aminotransferase	md:bami_M00028	I	2863039	2864196	-
Bacillus amyloliquefaciens IT-45	bami	KSO_014240	NA	acetylglutamate kinase	md:bami_M00028	I	2864193	2864969	-
Bacillus amyloliquefaciens IT-45	bami	KSO_014245	argJ	bifunctional ornithine acetyltransferase/N-acetylglutamate synthase protein	md:bami_M00028	I	2864984	2866201	-
Bacillus amyloliquefaciens IT-45	bami	KSO_014250	argC	N-acetyl-gamma-glutamyl-phosphate reductase	md:bami_M00028	I	2866224	2867261	-
Bacillus amyloliquefaciens IT-45	bami	KSO_000460	NA	arginase	md:bami_M00029	I	85701	86591	+
Bacillus amyloliquefaciens IT-45	bami	KSO_005835	NA	argininosuccinate synthase	md:bami_M00029	I	1116218	1117429	+
Bacillus amyloliquefaciens IT-45	bami	KSO_005840	NA	argininosuccinate lyase	md:bami_M00029	I	1117426	1118802	+
Bacillus amyloliquefaciens IT-45	bami	KSO_014220	NA	ornithine carbamoyltransferase	md:bami_M00029	I	2857865	2858836	-
Bacillus amyloliquefaciens IT-45	bami	KSO_008225	NA	dihydrolipoamide dehydrogenase	md:bami_M00032	I	1549822	1551243	+
Bacillus amyloliquefaciens IT-45	bami	KSO_009805	NA	dihydrolipoamide succinyltransferase	md:bami_M00032	I	1873986	1875233	+
Bacillus amyloliquefaciens IT-45	bami	KSO_012135	NA	dihydrolipoamide dehydrogenase	md:bami_M00032	I	2447121	2448533	-
Bacillus amyloliquefaciens IT-45	bami	KSO_015645	acoL	dihydrolipoamide dehydrogenase	md:bami_M00032	I	3140277	3141656	-
Bacillus amyloliquefaciens IT-45	bami	KSO_006280	NA	aspartate kinase	md:bami_M00033	I	1209163	1210392	+
Bacillus amyloliquefaciens IT-45	bami	KSO_011050	NA	aspartate kinase I	md:bami_M00033	I	2236936	2238150	-
Bacillus amyloliquefaciens IT-45	bami	KSO_011055	NA	aspartate-semialdehyde dehydrogenase	md:bami_M00033	I	2238239	2239279	-
Bacillus amyloliquefaciens IT-45	bami	KSO_017670	NA	aspartate kinase	md:bami_M00033	I	3547018	3548382	+
Bacillus amyloliquefaciens IT-45	bami	KSO_001730	NA	spermidine synthase	md:bami_M00034	I	327972	328802	+
Bacillus amyloliquefaciens IT-45	bami	KSO_005290	NA	S-adenosylmethionine synthetase	md:bami_M00034	I	1009365	1010567	+
Bacillus amyloliquefaciens IT-45	bami	KSO_006010	NA	S-adenosylmethionine decarboxylase proenzyme	md:bami_M00034	I	1153893	1154273	+
Bacillus amyloliquefaciens IT-45	bami	KSO_007190	NA	5'-methylthioadenosine/S-adenosylhomocysteine nucleosidase	md:bami_M00034	I	1366525	1367220	+
Bacillus amyloliquefaciens IT-45	bami	KSO_011765	NA	hypothetical protein	md:bami_M00034	I	2375288	2376058	-
Bacillus amyloliquefaciens IT-45	bami	KSO_012665	NA	1,2-dihydroxy-3-keto-5-methylthiopentenedioxygenase	md:bami_M00034	I	2592464	2593000	-
Bacillus amyloliquefaciens IT-45	bami	KSO_012670	NA	methylthioribulose-1-phosphate dehydratase	md:bami_M00034	I	2593016	2593645	-
Bacillus amyloliquefaciens IT-45	bami	KSO_012675	mtnX	2-hydroxy-3-keto-5-methylthiopentenyl-1-phosphate phosphatase	md:bami_M00034	I	2593636	2594307	-
Bacillus amyloliquefaciens IT-45	bami	KSO_012680	mtnW	2,3-diketo-5-methylthiopentyl-1-phosphate enolase	md:bami_M00034	I	2594304	2595518	-
Bacillus amyloliquefaciens IT-45	bami	KSO_012685	NA	transaminase	md:bami_M00034	I	2595736	2596932	-
Bacillus amyloliquefaciens IT-45	bami	KSO_012695	mtnK	methylthioribose kinase	md:bami_M00034	I	2598161	2599345	+
Bacillus amyloliquefaciens IT-45	bami	KSO_012700	mtnA	methylthioribose-1-phosphate isomerase	md:bami_M00034	I	2599352	2600413	+
Bacillus amyloliquefaciens IT-45	bami	KSO_005290	NA	S-adenosylmethionine synthetase	md:bami_M00035	I	1009365	1010567	+
Bacillus amyloliquefaciens IT-45	bami	KSO_006960	NA	C-5 cytosine-specific DNA methylase	md:bami_M00035	I	1329388	1330764	+
Bacillus amyloliquefaciens IT-45	bami	KSO_001225	NA	branched-chain amino acid aminotransferase	md:bami_M00036	I	234745	235833	-
Bacillus amyloliquefaciens IT-45	bami	KSO_008225	NA	dihydrolipoamide dehydrogenase	md:bami_M00036	I	1549822	1551243	+
Bacillus amyloliquefaciens IT-45	bami	KSO_008230	NA	3-methyl-2-oxobutanoate dehydrogenase subunit alpha	md:bami_M00036	I	1551266	1552258	+
Bacillus amyloliquefaciens IT-45	bami	KSO_008235	NA	branched-chain alpha-keto acid dehydrogenase E1 subunit	md:bami_M00036	I	1552271	1553254	+
Bacillus amyloliquefaciens IT-45	bami	KSO_008240	NA	branched-chain alpha-keto acid dehydrogenase subunit E2	md:bami_M00036	I	1553276	1554538	+
Bacillus amyloliquefaciens IT-45	bami	KSO_010190	NA	hydroxymethylglutaryl-CoA lyase	md:bami_M00036	I	1978329	1979228	+
Bacillus amyloliquefaciens IT-45	bami	KSO_010195	NA	enoyl-CoA hydratase	md:bami_M00036	I	1979242	1980021	+
Bacillus amyloliquefaciens IT-45	bami	KSO_012135	NA	dihydrolipoamide dehydrogenase	md:bami_M00036	I	2447121	2448533	-
Bacillus amyloliquefaciens IT-45	bami	KSO_015645	acoL	dihydrolipoamide dehydrogenase	md:bami_M00036	I	3140277	3141656	-
Bacillus amyloliquefaciens IT-45	bami	KSO_018280	NA	branched-chain amino acid aminotransferase	md:bami_M00036	I	3680592	3681659	-
Bacillus amyloliquefaciens IT-45	bami	KSO_000835	NA	formimidoylglutamase	md:bami_M00045	I	160569	161519	-
Bacillus amyloliquefaciens IT-45	bami	KSO_000840	NA	imidazolonepropionase	md:bami_M00045	I	161512	162777	-
Bacillus amyloliquefaciens IT-45	bami	KSO_000845	NA	urocanate hydratase	md:bami_M00045	I	162779	164443	-
Bacillus amyloliquefaciens IT-45	bami	KSO_000850	NA	histidine ammonia-lyase	md:bami_M00045	I	164440	165978	-
Bacillus amyloliquefaciens IT-45	bami	KSO_016950	NA	allantoate amidohydrolase	md:bami_M00046	I	3416244	3417491	-
Bacillus amyloliquefaciens IT-45	bami	KSO_016305	NA	phosphoribosylamine--glycine ligase	md:bami_M00048	I	3285103	3286371	-
Bacillus amyloliquefaciens IT-45	bami	KSO_016310	purH	bifunctional phosphoribosylaminoimidazolecarboxamide formyltransferase/IMP cyclohydrolase	md:bami_M00048	I	3286387	3287925	-
Bacillus amyloliquefaciens IT-45	bami	KSO_016315	purN	phosphoribosylglycinamide formyltransferase	md:bami_M00048	I	3287922	3288509	-
Bacillus amyloliquefaciens IT-45	bami	KSO_016320	NA	phosphoribosylaminoimidazole synthetase	md:bami_M00048	I	3288506	3289546	-
Bacillus amyloliquefaciens IT-45	bami	KSO_016325	NA	amidophosphoribosyltransferase	md:bami_M00048	I	3289638	3291068	-
Bacillus amyloliquefaciens IT-45	bami	KSO_016330	NA	phosphoribosylformylglycinamidine synthase II	md:bami_M00048	I	3291044	3293272	-
Bacillus amyloliquefaciens IT-45	bami	KSO_016335	NA	phosphoribosylformylglycinamidine synthase I	md:bami_M00048	I	3293256	3293939	-
Bacillus amyloliquefaciens IT-45	bami	KSO_016340	NA	phosphoribosylformylglycinamidine synthase subunit PurS	md:bami_M00048	I	3293936	3294190	-
Bacillus amyloliquefaciens IT-45	bami	KSO_016345	NA	phosphoribosylaminoimidazole-succinocarboxamide synthase	md:bami_M00048	I	3294190	3294909	-
Bacillus amyloliquefaciens IT-45	bami	KSO_016350	NA	adenylosuccinate lyase	md:bami_M00048	I	3294985	3296277	-
Bacillus amyloliquefaciens IT-45	bami	KSO_016355	NA	phosphoribosylaminoimidazole carboxylase ATPase subunit	md:bami_M00048	I	3296277	3297419	-
Bacillus amyloliquefaciens IT-45	bami	KSO_016360	NA	phosphoribosylaminoimidazole carboxylase catalytic subunit	md:bami_M00048	I	3297412	3297900	-
Bacillus amyloliquefaciens IT-45	bami	KSO_018315	purT	phosphoribosylglycinamide formyltransferase 2	md:bami_M00048	I	3687008	3688162	-
Bacillus amyloliquefaciens IT-45	bami	KSO_000355	NA	adenylosuccinate synthetase	md:bami_M00049	I	62700	63992	+
Bacillus amyloliquefaciens IT-45	bami	KSO_008975	ndk	mulitfunctional nucleoside diphosphate kinase/apyrimidinic endonuclease/3'-phosphodiesterase	md:bami_M00049	I	1733489	1733935	+
Bacillus amyloliquefaciens IT-45	bami	KSO_016350	NA	adenylosuccinate lyase	md:bami_M00049	I	3294985	3296277	-
Bacillus amyloliquefaciens IT-45	bami	KSO_018715	adk	adenylate kinase	md:bami_M00049	I	3781370	3782023	-
Bacillus amyloliquefaciens IT-45	bami	KSO_008975	ndk	mulitfunctional nucleoside diphosphate kinase/apyrimidinic endonuclease/3'-phosphodiesterase	md:bami_M00050	I	1733489	1733935	+
Bacillus amyloliquefaciens IT-45	bami	KSO_011600	gmk	guanylate kinase	md:bami_M00050	I	2342572	2343186	-
Bacillus amyloliquefaciens IT-45	bami	KSO_016395	guaA	GMP synthase	md:bami_M00050	I	3304110	3305651	-
Bacillus amyloliquefaciens IT-45	bami	KSO_019365	NA	inosine 5'-monophosphate dehydrogenase	md:bami_M00050	I	3911523	3912989	-
Bacillus amyloliquefaciens IT-45	bami	KSO_011665	pyrE	orotate phosphoribosyltransferase	md:bami_M00051	I	2355488	2356120	-
Bacillus amyloliquefaciens IT-45	bami	KSO_011670	NA	orotidine 5'-phosphate decarboxylase	md:bami_M00051	I	2356117	2356836	-
Bacillus amyloliquefaciens IT-45	bami	KSO_011675	NA	dihydroorotate dehydrogenase 1B	md:bami_M00051	I	2356805	2357740	-
Bacillus amyloliquefaciens IT-45	bami	KSO_011685	carB	carbamoyl phosphate synthase large subunit	md:bami_M00051	I	2358507	2361722	-
Bacillus amyloliquefaciens IT-45	bami	KSO_011690	NA	carbamoyl phosphate synthase small subunit	md:bami_M00051	I	2361707	2362801	-
Bacillus amyloliquefaciens IT-45	bami	KSO_011695	NA	dihydroorotase	md:bami_M00051	I	2362798	2364084	-
Bacillus amyloliquefaciens IT-45	bami	KSO_011700	pyrB	aspartate carbamoyltransferase catalytic subunit	md:bami_M00051	I	2364068	2364982	-
Bacillus amyloliquefaciens IT-45	bami	KSO_014225	carB	carbamoyl phosphate synthase large subunit	md:bami_M00051	I	2858824	2861919	-
Bacillus amyloliquefaciens IT-45	bami	KSO_014230	NA	carbamoyl phosphate synthase small subunit	md:bami_M00051	I	2861912	2862970	-
Bacillus amyloliquefaciens IT-45	bami	KSO_001870	pyrG	CTP synthetase	md:bami_M00052	I	356289	357896	+
Bacillus amyloliquefaciens IT-45	bami	KSO_008975	ndk	mulitfunctional nucleoside diphosphate kinase/apyrimidinic endonuclease/3'-phosphodiesterase	md:bami_M00052	I	1733489	1733935	+
Bacillus amyloliquefaciens IT-45	bami	KSO_011175	pyrH	uridylate kinase	md:bami_M00052	I	2264619	2265341	-
Bacillus amyloliquefaciens IT-45	bami	KSO_008975	ndk	mulitfunctional nucleoside diphosphate kinase/apyrimidinic endonuclease/3'-phosphodiesterase	md:bami_M00053	I	1733489	1733935	+
Bacillus amyloliquefaciens IT-45	bami	KSO_010740	nrdF	ribonucleotide-diphosphate reductase subunit beta	md:bami_M00053	I	2114628	2115617	-
Bacillus amyloliquefaciens IT-45	bami	KSO_010745	NA	ribonucleotide-diphosphate reductase subunit alpha	md:bami_M00053	I	2115635	2117737	-
Bacillus amyloliquefaciens IT-45	bami	KSO_010370	NA	2-dehydro-3-deoxyphosphogluconate aldolase	md:bami_M00061	I	2048344	2048979	-
Bacillus amyloliquefaciens IT-45	bami	KSO_010380	NA	2-dehydro-3-deoxygluconokinase	md:bami_M00061	I	2049739	2050695	-
Bacillus amyloliquefaciens IT-45	bami	KSO_013380	NA	glucuronate isomerase	md:bami_M00061	I	2722005	2723402	-
Bacillus amyloliquefaciens IT-45	bami	KSO_005900	NA	acetyl-CoA carboxylase subunit beta	md:bami_M00082	I	1129840	1130712	+
Bacillus amyloliquefaciens IT-45	bami	KSO_005905	NA	acetyl-CoA carboxylase carboxyltransferase subunit alpha	md:bami_M00082	I	1130697	1131674	+
Bacillus amyloliquefaciens IT-45	bami	KSO_008035	NA	acetyl-CoA carboxylase biotin carboxyl carrier protein subunit	md:bami_M00082	I	1515796	1516275	+
Bacillus amyloliquefaciens IT-45	bami	KSO_008040	NA	acetyl-CoA carboxylase biotin carboxylase subunit	md:bami_M00082	I	1516290	1517642	+
Bacillus amyloliquefaciens IT-45	bami	KSO_010180	NA	acetyl-CoA carboxylase biotin carboxylase subunit	md:bami_M00082	I	1976755	1978104	+
Bacillus amyloliquefaciens IT-45	bami	KSO_010185	NA	acetyl-CoA carboxylase biotin carboxyl carrier protein subunit	md:bami_M00082	I	1978101	1978313	+
Bacillus amyloliquefaciens IT-45	bami	KSO_010270	NA	malonyl CoA-acyl carrier protein transacylase	md:bami_M00082	I	1994563	1995765	+
Bacillus amyloliquefaciens IT-45	bami	KSO_011490	NA	malonyl CoA-ACP transacylase	md:bami_M00082	I	2320634	2321587	-
Bacillus amyloliquefaciens IT-45	bami	KSO_014175	NA	3-oxoacyl-(acyl carrier protein) synthase III	md:bami_M00082	I	2853143	2854081	-
Bacillus amyloliquefaciens IT-45	bami	KSO_014665	NA	3-oxoacyl-(acyl carrier protein) synthase III	md:bami_M00082	I	2942314	2943291	+
Bacillus amyloliquefaciens IT-45	bami	KSO_002260	fabZ	(3R)-hydroxymyristoyl-ACP dehydratase	md:bami_M00083	I	421667	422092	+
Bacillus amyloliquefaciens IT-45	bami	KSO_003715	NA	3-oxoacyl-ACP reductase	md:bami_M00083	I	703885	704679	+
Bacillus amyloliquefaciens IT-45	bami	KSO_005850	fabG	3-ketoacyl-(acyl-carrier-protein) reductase	md:bami_M00083	I	1119143	1119910	+
Bacillus amyloliquefaciens IT-45	bami	KSO_008375	NA	difficidin synthesis	md:bami_M00083	I	1580455	1581192	+
Bacillus amyloliquefaciens IT-45	bami	KSO_010030	fabG	3-ketoacyl-(acyl-carrier-protein) reductase	md:bami_M00083	I	1910287	1911003	+
Bacillus amyloliquefaciens IT-45	bami	KSO_010990	fabG	3-ketoacyl-(acyl-carrier-protein) reductase	md:bami_M00083	I	2221263	2221991	-
Bacillus amyloliquefaciens IT-45	bami	KSO_011485	NA	3-oxoacyl-ACP reductase	md:bami_M00083	I	2319901	2320641	-
Bacillus amyloliquefaciens IT-45	bami	KSO_013975	NA	enoyl-(acyl carrier protein) reductase	md:bami_M00083	I	2813983	2814759	-
Bacillus amyloliquefaciens IT-45	bami	KSO_014170	NA	3-oxoacyl-(acyl carrier protein) synthase II	md:bami_M00083	I	2851882	2853120	-
Bacillus amyloliquefaciens IT-45	bami	KSO_015445	NA	enoyl-(acyl carrier protein) reductase	md:bami_M00083	I	3100156	3100908	-
Bacillus amyloliquefaciens IT-45	bami	KSO_016740	NA	3-oxoacyl-(acyl-carrier-protein) synthase 2	md:bami_M00083	I	3377963	3379198	+
Bacillus amyloliquefaciens IT-45	bami	KSO_006240	NA	long-chain-fatty-acid--CoA ligase	md:bami_M00086	I	1199765	1201453	+
Bacillus amyloliquefaciens IT-45	bami	KSO_014585	NA	acyl-CoA synthetase	md:bami_M00086	I	2927231	2928667	+
Bacillus amyloliquefaciens IT-45	bami	KSO_014625	NA	long-chain-fatty-acid--CoA ligase	md:bami_M00086	I	2934795	2936336	-
Bacillus amyloliquefaciens IT-45	bami	KSO_017480	NA	AMP-binding protein	md:bami_M00086	I	3510390	3511904	-
Bacillus amyloliquefaciens IT-45	bami	KSO_004185	NA	3-hydroxyacyl-CoA dehydrogenase	md:bami_M00087	I	794604	796973	+
Bacillus amyloliquefaciens IT-45	bami	KSO_004190	NA	acetyl-CoA acetyltransferase	md:bami_M00087	I	796984	798159	+
Bacillus amyloliquefaciens IT-45	bami	KSO_006250	NA	enoyl-CoA hydratase	md:bami_M00087	I	1202140	1202919	+
Bacillus amyloliquefaciens IT-45	bami	KSO_000175	NA	3-hydroxybutyrate dehydrogenase	md:bami_M00088	I	31645	32430	-
Bacillus amyloliquefaciens IT-45	bami	KSO_004145	NA	acetoacetate decarboxylase	md:bami_M00088	I	788564	789310	-
Bacillus amyloliquefaciens IT-45	bami	KSO_008170	NA	acetyl-CoA C-acetyltransferase	md:bami_M00088	I	1537369	1538550	+
Bacillus amyloliquefaciens IT-45	bami	KSO_010190	NA	hydroxymethylglutaryl-CoA lyase	md:bami_M00088	I	1978329	1979228	+
Bacillus amyloliquefaciens IT-45	bami	KSO_010265	NA	3-hydroxybutyrate dehydrogenase	md:bami_M00088	I	1993231	1994007	+
Bacillus amyloliquefaciens IT-45	bami	KSO_014590	NA	acetyl-CoA acetyltransferase	md:bami_M00088	I	2928655	2929746	+
Bacillus amyloliquefaciens IT-45	bami	KSO_009460	NA	protein YpkP	md:bami_M00089	I	1818761	1819384	+
Bacillus amyloliquefaciens IT-45	bami	KSO_014990	NA	1-acylglycerol-3-phosphate O-acyltransferase	md:bami_M00089	I	3005844	3006443	-
Bacillus amyloliquefaciens IT-45	bami	KSO_011160	NA	phosphatidate cytidylyltransferase	md:bami_M00093	I	2262350	2263138	-
Bacillus amyloliquefaciens IT-45	bami	KSO_018300	NA	phosphatidylserine decarboxylase	md:bami_M00093	I	3684710	3685525	-
Bacillus amyloliquefaciens IT-45	bami	KSO_018310	NA	CDP-diacylglycerol--serine O-phosphatidyltransferase	md:bami_M00093	I	3685997	3686530	-
Bacillus amyloliquefaciens IT-45	bami	KSO_008170	NA	acetyl-CoA C-acetyltransferase	md:bami_M00095	I	1537369	1538550	+
Bacillus amyloliquefaciens IT-45	bami	KSO_008900	NA	isopentenyl pyrophosphate isomerase	md:bami_M00095	I	1721706	1722755	+
Bacillus amyloliquefaciens IT-45	bami	KSO_014590	NA	acetyl-CoA acetyltransferase	md:bami_M00095	I	2928655	2929746	+
Bacillus amyloliquefaciens IT-45	bami	KSO_007655	ispH	4-hydroxy-3-methylbut-2-enyl diphosphate reductase	md:bami_M00096	I	1456028	1456972	-
Bacillus amyloliquefaciens IT-45	bami	KSO_007700	ispG	4-hydroxy-3-methylbut-2-en-1-yl diphosphate synthase	md:bami_M00096	I	1463152	1464279	-
Bacillus amyloliquefaciens IT-45	bami	KSO_008080	NA	1-deoxy-D-xylulose-5-phosphate synthase	md:bami_M00096	I	1522336	1524237	+
Bacillus amyloliquefaciens IT-45	bami	KSO_008900	NA	isopentenyl pyrophosphate isomerase	md:bami_M00096	I	1721706	1722755	+
Bacillus amyloliquefaciens IT-45	bami	KSO_011155	NA	1-deoxy-D-xylulose 5-phosphate reductoisomerase	md:bami_M00096	I	2261143	2262294	-
Bacillus amyloliquefaciens IT-45	bami	KSO_018945	ispF	2-C-methyl-D-erythritol 2,4-cyclodiphosphate synthase	md:bami_M00096	I	3816949	3817425	-
Bacillus amyloliquefaciens IT-45	bami	KSO_018950	ispD	2-C-methyl-D-erythritol 4-phosphate cytidylyltransferase	md:bami_M00096	I	3817418	3818116	-
Bacillus amyloliquefaciens IT-45	bami	KSO_019170	ipk	4-diphosphocytidyl-2-C-methyl-D-erythritol kinase	md:bami_M00096	I	3873381	3874250	-
Bacillus amyloliquefaciens IT-45	bami	KSO_014380	NA	phytoene synthase	md:bami_M00097	I	2888583	2889323	-
Bacillus amyloliquefaciens IT-45	bami	KSO_018155	NA	triacylglycerol lipase	md:bami_M00098	I	3657130	3657774	-
Bacillus amyloliquefaciens IT-45	bami	KSO_001135	NA	hypothetical protein	md:bami_M00114	I	218029	218973	-
Bacillus amyloliquefaciens IT-45	bami	KSO_002615	NA	mannose-6-phosphate isomerase	md:bami_M00114	I	485268	486218	+
Bacillus amyloliquefaciens IT-45	bami	KSO_007290	NA	mannose-6-phosphate isomerase	md:bami_M00114	I	1388603	1389550	+
Bacillus amyloliquefaciens IT-45	bami	KSO_006600	NA	L-aspartate oxidase	md:bami_M00115	I	1269418	1270983	+
Bacillus amyloliquefaciens IT-45	bami	KSO_006605	NA	nicotinate-nucleotide pyrophosphorylase	md:bami_M00115	I	1270965	1271813	+
Bacillus amyloliquefaciens IT-45	bami	KSO_006610	NA	quinolinate synthetase	md:bami_M00115	I	1271815	1272918	+
Bacillus amyloliquefaciens IT-45	bami	KSO_007415	nadD	nicotinic acid mononucleotide adenylyltransferase	md:bami_M00115	I	1409274	1409843	+
Bacillus amyloliquefaciens IT-45	bami	KSO_017980	nadE	NAD synthetase	md:bami_M00115	I	3618831	3619649	-
Bacillus amyloliquefaciens IT-45	bami	KSO_001255	NA	1,4-dihydroxy-2-naphthoateoctaprenyltransferase	md:bami_M00116	I	240750	241685	+
Bacillus amyloliquefaciens IT-45	bami	KSO_004780	NA	thioesterase superfamily protein	md:bami_M00116	I	909614	909997	+
Bacillus amyloliquefaciens IT-45	bami	KSO_005165	NA	menaquinone-specific isochorismate synthase	md:bami_M00116	I	988527	989942	+
Bacillus amyloliquefaciens IT-45	bami	KSO_005170	NA	2-succinyl-5-enolpyruvyl-6-hydroxy-3-cyclohexene-1-carboxylate synthase	md:bami_M00116	I	989939	991675	+
Bacillus amyloliquefaciens IT-45	bami	KSO_005175	NA	2-succinyl-6-hydroxy-2,4-cyclohexadiene-1-carboxylate synthase	md:bami_M00116	I	991663	992487	+
Bacillus amyloliquefaciens IT-45	bami	KSO_005180	NA	dihydroxynaphthoic acid synthetase	md:bami_M00116	I	992546	993364	+
Bacillus amyloliquefaciens IT-45	bami	KSO_005185	NA	O-succinylbenzoic acid--CoA ligase	md:bami_M00116	I	993452	994915	+
Bacillus amyloliquefaciens IT-45	bami	KSO_005190	NA	O-succinylbenzoate synthase	md:bami_M00116	I	994912	996027	+
Bacillus amyloliquefaciens IT-45	bami	KSO_008965	ubiE	ubiquinone/menaquinone biosynthesis methyltransferase	md:bami_M00116	I	1731676	1732377	+
Bacillus amyloliquefaciens IT-45	bami	KSO_008965	ubiE	ubiquinone/menaquinone biosynthesis methyltransferase	md:bami_M00117	I	1731676	1732377	+
Bacillus amyloliquefaciens IT-45	bami	KSO_017790	NA	aromatic acid decarboxylase	md:bami_M00117	I	3571575	3572156	-
Bacillus amyloliquefaciens IT-45	bami	KSO_001225	NA	branched-chain amino acid aminotransferase	md:bami_M00119	I	234745	235833	-
Bacillus amyloliquefaciens IT-45	bami	KSO_004140	NA	2-dehydropantoate 2-reductase	md:bami_M00119	I	787510	788550	-
Bacillus amyloliquefaciens IT-45	bami	KSO_009130	panB	3-methyl-2-oxobutanoate hydroxymethyltransferase	md:bami_M00119	I	1761737	1762570	+
Bacillus amyloliquefaciens IT-45	bami	KSO_009135	panC	pantoate--beta-alanine ligase	md:bami_M00119	I	1762574	1763434	+
Bacillus amyloliquefaciens IT-45	bami	KSO_009140	NA	aspartate alpha-decarboxylase	md:bami_M00119	I	1763436	1763819	+
Bacillus amyloliquefaciens IT-45	bami	KSO_011880	NA	2-dehydropantoate 2-reductase	md:bami_M00119	I	2405615	2406496	-
Bacillus amyloliquefaciens IT-45	bami	KSO_012270	NA	2-dehydropantoate 2-reductase	md:bami_M00119	I	2519091	2519999	-
Bacillus amyloliquefaciens IT-45	bami	KSO_018280	NA	branched-chain amino acid aminotransferase	md:bami_M00119	I	3680592	3681659	-
Bacillus amyloliquefaciens IT-45	bami	KSO_005985	coaE	dephospho-CoA kinase	md:bami_M00120	I	1149121	1149714	+
Bacillus amyloliquefaciens IT-45	bami	KSO_008450	NA	pantothenate kinase	md:bami_M00120	I	1649459	1650418	+
Bacillus amyloliquefaciens IT-45	bami	KSO_011590	NA	bifunctional phosphopantothenoylcysteine decarboxylase/phosphopantothenate synthase	md:bami_M00120	I	2341054	2342274	-
Bacillus amyloliquefaciens IT-45	bami	KSO_011930	coaD	phosphopantetheine adenylyltransferase	md:bami_M00120	I	2413342	2413824	-
Bacillus amyloliquefaciens IT-45	bami	KSO_019050	NA	pantothenate kinase	md:bami_M00120	I	3848015	3848791	-
Bacillus amyloliquefaciens IT-45	bami	KSO_006440	hemA	glutamyl-tRNA reductase	md:bami_M00121	I	1239637	1241004	+
Bacillus amyloliquefaciens IT-45	bami	KSO_006450	hemC	porphobilinogen deaminase	md:bami_M00121	I	1241877	1242818	+
Bacillus amyloliquefaciens IT-45	bami	KSO_006455	NA	uroporphyrinogen III cosynthase	md:bami_M00121	I	1242808	1243590	+
Bacillus amyloliquefaciens IT-45	bami	KSO_006460	NA	delta-aminolevulinic acid dehydratase	md:bami_M00121	I	1243593	1244567	+
Bacillus amyloliquefaciens IT-45	bami	KSO_006465	NA	glutamate-1-semialdehyde aminotransferase	md:bami_M00121	I	1244596	1245885	+
Bacillus amyloliquefaciens IT-45	bami	KSO_013415	hemD	uroporphyrinogen-III synthase	md:bami_M00121	I	2728779	2729597	-
Bacillus amyloliquefaciens IT-45	bami	KSO_014680	NA	protoporphyrinogen oxidase	md:bami_M00121	I	2946470	2947903	-
Bacillus amyloliquefaciens IT-45	bami	KSO_014685	NA	ferrochelatase	md:bami_M00121	I	2947931	2948866	-
Bacillus amyloliquefaciens IT-45	bami	KSO_014690	hemE	uroporphyrinogen decarboxylase	md:bami_M00121	I	2948942	2950003	-
Bacillus amyloliquefaciens IT-45	bami	KSO_014845	NA	coproporphyrinogen III oxidase	md:bami_M00121	I	2977950	2979452	-
Bacillus amyloliquefaciens IT-45	bami	KSO_015415	NA	glutamate-1-semialdehyde aminotransferase	md:bami_M00121	I	3094359	3095648	+
Bacillus amyloliquefaciens IT-45	bami	KSO_017915	NA	uroporphyrinogen III methyltransferase / synthase	md:bami_M00121	I	3604422	3605861	+
Bacillus amyloliquefaciens IT-45	bami	KSO_004020	NA	hypothetical protein	md:bami_M00122	I	765134	765703	+
Bacillus amyloliquefaciens IT-45	bami	KSO_010225	NA	adenosylmethionine--8-amino-7-oxononanoate transaminase	md:bami_M00123	I	1984640	1985986	+
Bacillus amyloliquefaciens IT-45	bami	KSO_010230	NA	glycine C-acetyltransferase	md:bami_M00123	I	1985976	1987136	+
Bacillus amyloliquefaciens IT-45	bami	KSO_010235	bioD	dithiobiotin synthetase	md:bami_M00123	I	1987133	1987834	+
Bacillus amyloliquefaciens IT-45	bami	KSO_010240	NA	biotin synthase	md:bami_M00123	I	1987837	1988856	+
Bacillus amyloliquefaciens IT-45	bami	KSO_014735	NA	3-phosphoserine/phosphohydroxythreonine aminotransferase	md:bami_M00124	I	2959447	2960526	+
Bacillus amyloliquefaciens IT-45	bami	KSO_002580	NA	hypothetical protein	md:bami_M00125	I	476167	477024	-
Bacillus amyloliquefaciens IT-45	bami	KSO_008695	NA	diaminohydroxyphosphoribosylaminopyrimidine deaminase / 5-amino-6-(5-phosphoribosylamino)uracil reductase	md:bami_M00125	I	1685699	1686814	+
Bacillus amyloliquefaciens IT-45	bami	KSO_008700	NA	riboflavin synthase subunit alpha	md:bami_M00125	I	1686795	1687442	+
Bacillus amyloliquefaciens IT-45	bami	KSO_008705	NA	bifunctional 3,4-dihydroxy-2-butanone 4-phosphate synthase/GTP cyclohydrolase II protein	md:bami_M00125	I	1687457	1688653	+
Bacillus amyloliquefaciens IT-45	bami	KSO_008710	ribH	6,7-dimethyl-8-ribityllumazine synthase	md:bami_M00125	I	1688686	1689150	+
Bacillus amyloliquefaciens IT-45	bami	KSO_011095	NA	bifunctional riboflavin kinase/FMN adenylyltransferase	md:bami_M00125	I	2246467	2247408	-
Bacillus amyloliquefaciens IT-45	bami	KSO_014280	NA	hypothetical protein	md:bami_M00125	I	2871537	2872349	+
Bacillus amyloliquefaciens IT-45	bami	KSO_017545	NA	hypothetical protein	md:bami_M00125	I	3524639	3525388	-
Bacillus amyloliquefaciens IT-45	bami	KSO_006490	NA	folyl-polyglutamate synthase	md:bami_M00126	I	1252323	1253615	+
Bacillus amyloliquefaciens IT-45	bami	KSO_008950	folE	GTP cyclohydrolase I	md:bami_M00126	I	1729938	1730510	+
Bacillus amyloliquefaciens IT-45	bami	KSO_009455	NA	dihydrofolate reductase	md:bami_M00126	I	1818260	1818745	+
Bacillus amyloliquefaciens IT-45	bami	KSO_015040	NA	alkaline phosphatase	md:bami_M00126	I	3016147	3017526	+
Bacillus amyloliquefaciens IT-45	bami	KSO_018200	NA	Phosphodiesterase/alkaline phosphatase D	md:bami_M00126	I	3664180	3665931	-
Bacillus amyloliquefaciens IT-45	bami	KSO_019005	NA	2-amino-4-hydroxy-6-hydroxymethyldihydropteridine pyrophosphokinase	md:bami_M00126	I	3840434	3840937	-
Bacillus amyloliquefaciens IT-45	bami	KSO_019010	NA	dihydroneopterin aldolase	md:bami_M00126	I	3840934	3841296	-
Bacillus amyloliquefaciens IT-45	bami	KSO_019015	NA	dihydropteroate synthase	md:bami_M00126	I	3841289	3842146	-
Bacillus amyloliquefaciens IT-45	bami	KSO_001325	thiE	thiamine-phosphate pyrophosphorylase	md:bami_M00127	I	252870	253544	+
Bacillus amyloliquefaciens IT-45	bami	KSO_005770	NA	thiamine biosynthesis protein ThiI	md:bami_M00127	I	1103691	1104896	+
Bacillus amyloliquefaciens IT-45	bami	KSO_013980	NA	bifunctional hydroxy-methylpyrimidine kinase/hydroxy-phosphomethylpyrimidine kinase	md:bami_M00127	I	2814890	2815702	-
Bacillus amyloliquefaciens IT-45	bami	KSO_013985	NA	thiamine/molybdopterin biosynthesis ThiF/MoeB-like protein	md:bami_M00127	I	2815725	2816735	-
Bacillus amyloliquefaciens IT-45	bami	KSO_013990	thiG	thiazole synthase	md:bami_M00127	I	2816732	2817496	-
Bacillus amyloliquefaciens IT-45	bami	KSO_013995	NA	Thiazole biosynthesis protein thiG	md:bami_M00127	I	2817499	2817702	-
Bacillus amyloliquefaciens IT-45	bami	KSO_015380	NA	phosphomethylpyrimidine synthase ThiC	md:bami_M00127	I	3081292	3083064	-
Bacillus amyloliquefaciens IT-45	bami	KSO_016595	NA	thiamine monophosphate kinase	md:bami_M00127	I	3346448	3347425	-
Bacillus amyloliquefaciens IT-45	bami	KSO_002330	NA	UDPglucose 6-dehydrogenase	md:bami_M00129	I	433291	434616	+
Bacillus amyloliquefaciens IT-45	bami	KSO_002660	NA	UTP-glucose-1-phosphate uridylyltransferase	md:bami_M00129	I	498296	499180	-
Bacillus amyloliquefaciens IT-45	bami	KSO_002705	NA	UDPglucose 6-dehydrogenase	md:bami_M00129	I	509224	510564	+
Bacillus amyloliquefaciens IT-45	bami	KSO_010210	NA	UTP-glucose-1-phosphate uridylyltransferase	md:bami_M00129	I	1982287	1983180	-
Bacillus amyloliquefaciens IT-45	bami	KSO_012090	NA	hypothetical protein	md:bami_M00131	I	2441435	2442232	-
Bacillus amyloliquefaciens IT-45	bami	KSO_018595	NA	myo-inositol-1(or 4)-monophosphatase	md:bami_M00131	I	3746627	3747577	-
Bacillus amyloliquefaciens IT-45	bami	KSO_001730	NA	spermidine synthase	md:bami_M00133	I	327972	328802	+
Bacillus amyloliquefaciens IT-45	bami	KSO_001735	NA	agmatinase	md:bami_M00133	I	328862	329734	+
Bacillus amyloliquefaciens IT-45	bami	KSO_006010	NA	S-adenosylmethionine decarboxylase proenzyme	md:bami_M00133	I	1153893	1154273	+
Bacillus amyloliquefaciens IT-45	bami	KSO_012115	NA	lysine decarboxylase	md:bami_M00133	I	2443906	2445378	+
Bacillus amyloliquefaciens IT-45	bami	KSO_000460	NA	arginase	md:bami_M00134	I	85701	86591	+
Bacillus amyloliquefaciens IT-45	bami	KSO_000645	NA	AldX	md:bami_M00135	I	121257	122594	-
Bacillus amyloliquefaciens IT-45	bami	KSO_005720	NA	aldehyde dehydrogenase	md:bami_M00135	I	1092587	1093957	-
Bacillus amyloliquefaciens IT-45	bami	KSO_009835	NA	aldehyde dehydrogenase	md:bami_M00135	I	1881452	1882939	-
Bacillus amyloliquefaciens IT-45	bami	KSO_016725	NA	spermine/spermidine acetyltransferase	md:bami_M00135	I	3375613	3376071	+
Bacillus amyloliquefaciens IT-45	bami	KSO_001995	glyA	serine hydroxymethyltransferase	md:bami_M00140	I	377939	379186	+
Bacillus amyloliquefaciens IT-45	bami	KSO_008060	NA	bifunctional 5,10-methylene-tetrahydrofolate dehydrogenase/5,10-methylene-tetrahydrofolate cyclohydrolase	md:bami_M00140	I	1518740	1519591	+
Bacillus amyloliquefaciens IT-45	bami	KSO_006290	NA	succinate dehydrogenase, cytochrome b558 subunit	md:bami_M00149	I	1211182	1211790	+
Bacillus amyloliquefaciens IT-45	bami	KSO_006295	sdhA	succinate dehydrogenase flavoprotein subunit	md:bami_M00149	I	1211824	1213584	+
Bacillus amyloliquefaciens IT-45	bami	KSO_006300	sdhB	succinate dehydrogenase iron-sulfur subunit	md:bami_M00149	I	1213587	1214345	+
Bacillus amyloliquefaciens IT-45	bami	KSO_009060	NA	menaquinol-cytochrome c reductase iron-sulfur subunit	md:bami_M00151	I	1750143	1750646	+
Bacillus amyloliquefaciens IT-45	bami	KSO_009065	NA	cytochrome b6	md:bami_M00151	I	1750648	1751322	+
Bacillus amyloliquefaciens IT-45	bami	KSO_009070	NA	menaquinol-cytochrome c reductase cytochrome b/c subunit	md:bami_M00151	I	1751354	1752121	+
Bacillus amyloliquefaciens IT-45	bami	KSO_001090	NA	cytochrome bd ubiquinol oxidase subunit I	md:bami_M00153	I	205766	207172	+
Bacillus amyloliquefaciens IT-45	bami	KSO_001095	NA	cytochrome bd ubiquinol oxidase subunit II	md:bami_M00153	I	207156	208172	+
Bacillus amyloliquefaciens IT-45	bami	KSO_005200	NA	cytochrome d ubiquinol oxidase subunit II	md:bami_M00153	I	996614	997654	-
Bacillus amyloliquefaciens IT-45	bami	KSO_005205	NA	cytochrome d ubiquinol oxidase subunit I	md:bami_M00153	I	997677	999008	-
Bacillus amyloliquefaciens IT-45	bami	KSO_012005	NA	protoheme IX farnesyltransferase	md:bami_M00154	I	2423522	2424439	-
Bacillus amyloliquefaciens IT-45	bami	KSO_012010	NA	Heme A synthase HAS	md:bami_M00154	I	2424783	2425709	+
Bacillus amyloliquefaciens IT-45	bami	KSO_015595	NA	Protoheme IX farnesyltransferase 1	md:bami_M00154	I	3127721	3128668	-
Bacillus amyloliquefaciens IT-45	bami	KSO_011985	NA	cytochrome c oxidase subunit IV	md:bami_M00155	I	2419376	2419708	-
Bacillus amyloliquefaciens IT-45	bami	KSO_011990	NA	cytochrome c oxidase subunit III	md:bami_M00155	I	2419711	2420334	-
Bacillus amyloliquefaciens IT-45	bami	KSO_011995	NA	cytochrome c oxidase subunit I	md:bami_M00155	I	2420334	2422199	-
Bacillus amyloliquefaciens IT-45	bami	KSO_012000	NA	cytochrome caa3 oxidase subunit II	md:bami_M00155	I	2422234	2423304	-
Bacillus amyloliquefaciens IT-45	bami	KSO_002010	NA	F0F1 ATP synthase subunit A	md:bami_M00157	I	380762	381496	+
	bami	KSO_002015	NA	NA	md:bami_M00157	I			+
	bami	KSO_002020	NA	NA	md:bami_M00157	I			+
	bami	KSO_002025	NA	NA	md:bami_M00157	I			+
	bami	KSO_002030	NA	NA	md:bami_M00157	I			+
	bami	KSO_002035	NA	NA	md:bami_M00157	I			+
	bami	KSO_002040	NA	NA	md:bami_M00157	I			+
	bami	KSO_002045	NA	NA	md:bami_M00157	I			+
	bami	KSO_001885	NA	NA	md:bami_M00165	I			+
	bami	KSO_001900	NA	NA	md:bami_M00165	I			+
	bami	KSO_001985	NA	NA	md:bami_M00165	I			+
	bami	KSO_003475	NA	NA	md:bami_M00165	I			+
	bami	KSO_003485	NA	NA	md:bami_M00165	I			+
	bami	KSO_006005	NA	NA	md:bami_M00165	I			+
	bami	KSO_010510	NA	NA	md:bami_M00165	I			+
	bami	KSO_003475	NA	NA	md:bami_M00166	I			+
	bami	KSO_003485	NA	NA	md:bami_M00166	I			+
	bami	KSO_006005	NA	NA	md:bami_M00166	I			+
	bami	KSO_001885	NA	NA	md:bami_M00167	I			+
	bami	KSO_001900	NA	NA	md:bami_M00167	I			+
	bami	KSO_001985	NA	NA	md:bami_M00167	I			+
	bami	KSO_010510	NA	NA	md:bami_M00167	I			+
	bami	KSO_005950	NA	NA	md:bami_M00168	I			+
	bami	KSO_005280	NA	NA	md:bami_M00170	I			+
	bami	KSO_004080	NA	NA	md:bami_M00173	I			+
	bami	KSO_005945	NA	NA	md:bami_M00173	I			+
	bami	KSO_005950	NA	NA	md:bami_M00173	I			+
	bami	KSO_006290	NA	NA	md:bami_M00173	I			+
	bami	KSO_006295	NA	NA	md:bami_M00173	I			+
	bami	KSO_006300	NA	NA	md:bami_M00173	I			+
	bami	KSO_010455	NA	NA	md:bami_M00173	I			+
	bami	KSO_011390	NA	NA	md:bami_M00173	I			+
	bami	KSO_011395	NA	NA	md:bami_M00173	I			+
	bami	KSO_012015	NA	NA	md:bami_M00173	I			+
	bami	KSO_003845	NA	NA	md:bami_M00176	I			+
	bami	KSO_003850	NA	NA	md:bami_M00176	I			+
	bami	KSO_011640	NA	NA	md:bami_M00176	I			+
	bami	KSO_011645	NA	NA	md:bami_M00176	I			+
	bami	KSO_011655	NA	NA	md:bami_M00176	I			+
	bami	KSO_008225	NA	NA	md:bami_M00307	I			+
	bami	KSO_012135	NA	NA	md:bami_M00307	I			+
	bami	KSO_012140	NA	NA	md:bami_M00307	I			+
	bami	KSO_012145	NA	NA	md:bami_M00307	I			+
	bami	KSO_012150	NA	NA	md:bami_M00307	I			+
	bami	KSO_015645	NA	NA	md:bami_M00307	I			+
	bami	KSO_015650	NA	NA	md:bami_M00307	I			+
	bami	KSO_003475	NA	NA	md:bami_M00308	I			+
	bami	KSO_003485	NA	NA	md:bami_M00308	I			+
	bami	KSO_006005	NA	NA	md:bami_M00308	I			+
	bami	KSO_010370	NA	NA	md:bami_M00308	I			+
	bami	KSO_010380	NA	NA	md:bami_M00308	I			+
	bami	KSO_001885	NA	NA	md:bami_M00344	I			+
	bami	KSO_001885	NA	NA	md:bami_M00345	I			+
	bami	KSO_005910	NA	NA	md:bami_M00345	I			+
	bami	KSO_017855	NA	NA	md:bami_M00345	I			+
	bami	KSO_017860	NA	NA	md:bami_M00345	I			+
	bami	KSO_001995	NA	NA	md:bami_M00346	I			+
	bami	KSO_003500	NA	NA	md:bami_M00346	I			+
	bami	KSO_005950	NA	NA	md:bami_M00346	I			+
	bami	KSO_001635	NA	NA	md:bami_M00357	I			+
	bami	KSO_005650	NA	NA	md:bami_M00357	I			+
	bami	KSO_005780	NA	NA	md:bami_M00357	I			+
	bami	KSO_005825	NA	NA	md:bami_M00357	I			+
	bami	KSO_008075	NA	NA	md:bami_M00364	I			+
	bami	KSO_008900	NA	NA	md:bami_M00364	I			+
	bami	KSO_005290	NA	NA	md:bami_M00368	I			+
	bami	KSO_008170	NA	NA	md:bami_M00373	I			+
	bami	KSO_008280	NA	NA	md:bami_M00373	I			+
Bacillus amyloliquefaciens IT-45	bami	KSO_008285	NA	propionyl-CoA carboxylase subunit beta	md:bami_M00373	I	1560792	1562315	+
Bacillus amyloliquefaciens IT-45	bami	KSO_014590	NA	acetyl-CoA acetyltransferase	md:bami_M00373	I	2928655	2929746	+
Bacillus amyloliquefaciens IT-45	bami	KSO_005950	NA	malate dehydrogenase	md:bami_M00374	I	1140990	1141928	+
Bacillus amyloliquefaciens IT-45	bami	KSO_006290	NA	succinate dehydrogenase, cytochrome b558 subunit	md:bami_M00374	I	1211182	1211790	+
Bacillus amyloliquefaciens IT-45	bami	KSO_006295	sdhA	succinate dehydrogenase flavoprotein subunit	md:bami_M00374	I	1211824	1213584	+
Bacillus amyloliquefaciens IT-45	bami	KSO_006300	sdhB	succinate dehydrogenase iron-sulfur subunit	md:bami_M00374	I	1213587	1214345	+
Bacillus amyloliquefaciens IT-45	bami	KSO_008170	NA	acetyl-CoA C-acetyltransferase	md:bami_M00374	I	1537369	1538550	+
Bacillus amyloliquefaciens IT-45	bami	KSO_011390	NA	succinyl-CoA synthetase subunit alpha	md:bami_M00374	I	2302425	2303327	-
Bacillus amyloliquefaciens IT-45	bami	KSO_011395	sucC	succinyl-CoA synthetase subunit beta	md:bami_M00374	I	2303356	2304513	-
Bacillus amyloliquefaciens IT-45	bami	KSO_014590	NA	acetyl-CoA acetyltransferase	md:bami_M00374	I	2928655	2929746	+
Bacillus amyloliquefaciens IT-45	bami	KSO_008170	NA	acetyl-CoA C-acetyltransferase	md:bami_M00375	I	1537369	1538550	+
Bacillus amyloliquefaciens IT-45	bami	KSO_008280	NA	lactoylglutathione lyase	md:bami_M00375	I	1560377	1560805	+
Bacillus amyloliquefaciens IT-45	bami	KSO_014590	NA	acetyl-CoA acetyltransferase	md:bami_M00375	I	2928655	2929746	+
Bacillus amyloliquefaciens IT-45	bami	KSO_004080	fumC	fumarate hydratase	md:bami_M00376	I	775835	777223	+
Bacillus amyloliquefaciens IT-45	bami	KSO_005900	NA	acetyl-CoA carboxylase subunit beta	md:bami_M00376	I	1129840	1130712	+
Bacillus amyloliquefaciens IT-45	bami	KSO_005905	NA	acetyl-CoA carboxylase carboxyltransferase subunit alpha	md:bami_M00376	I	1130697	1131674	+
Bacillus amyloliquefaciens IT-45	bami	KSO_006290	NA	succinate dehydrogenase, cytochrome b558 subunit	md:bami_M00376	I	1211182	1211790	+
Bacillus amyloliquefaciens IT-45	bami	KSO_006295	sdhA	succinate dehydrogenase flavoprotein subunit	md:bami_M00376	I	1211824	1213584	+
Bacillus amyloliquefaciens IT-45	bami	KSO_006300	sdhB	succinate dehydrogenase iron-sulfur subunit	md:bami_M00376	I	1213587	1214345	+
Bacillus amyloliquefaciens IT-45	bami	KSO_008035	NA	acetyl-CoA carboxylase biotin carboxyl carrier protein subunit	md:bami_M00376	I	1515796	1516275	+
Bacillus amyloliquefaciens IT-45	bami	KSO_008040	NA	acetyl-CoA carboxylase biotin carboxylase subunit	md:bami_M00376	I	1516290	1517642	+
Bacillus amyloliquefaciens IT-45	bami	KSO_008280	NA	lactoylglutathione lyase	md:bami_M00376	I	1560377	1560805	+
Bacillus amyloliquefaciens IT-45	bami	KSO_010180	NA	acetyl-CoA carboxylase biotin carboxylase subunit	md:bami_M00376	I	1976755	1978104	+
Bacillus amyloliquefaciens IT-45	bami	KSO_010185	NA	acetyl-CoA carboxylase biotin carboxyl carrier protein subunit	md:bami_M00376	I	1978101	1978313	+
Bacillus amyloliquefaciens IT-45	bami	KSO_008060	NA	bifunctional 5,10-methylene-tetrahydrofolate dehydrogenase/5,10-methylene-tetrahydrofolate cyclohydrolase	md:bami_M00377	I	1518740	1519591	+
Bacillus amyloliquefaciens IT-45	bami	KSO_001380	NA	AA3-600 quinol oxidase subunit II	md:bami_M00416	I	261627	262583	+
Bacillus amyloliquefaciens IT-45	bami	KSO_001385	NA	quinol oxidase polypeptide I	md:bami_M00416	I	262617	264560	+
Bacillus amyloliquefaciens IT-45	bami	KSO_001390	NA	cytochrome ubiquinol oxidase	md:bami_M00416	I	264575	265189	+
Bacillus amyloliquefaciens IT-45	bami	KSO_001395	NA	quinol oxidase AA3 subunit IV	md:bami_M00416	I	265191	265559	+
Bacillus amyloliquefaciens IT-45	bami	KSO_006380	NA	2-isopropylmalate synthase	md:bami_M00432	I	1225095	1226651	+
Bacillus amyloliquefaciens IT-45	bami	KSO_006385	NA	3-isopropylmalate dehydrogenase	md:bami_M00432	I	1226672	1227769	+
Bacillus amyloliquefaciens IT-45	bami	KSO_006390	NA	isopropylmalate isomerase large subunit	md:bami_M00432	I	1227819	1229237	+
Bacillus amyloliquefaciens IT-45	bami	KSO_006395	leuD	isopropylmalate isomerase small subunit	md:bami_M00432	I	1229253	1229852	+
Bacillus amyloliquefaciens IT-45	bami	KSO_004495	dapF	diaminopimelate epimerase	md:bami_M00525	I	852456	853310	+
Bacillus amyloliquefaciens IT-45	bami	KSO_006280	NA	aspartate kinase	md:bami_M00525	I	1209163	1210392	+
Bacillus amyloliquefaciens IT-45	bami	KSO_008665	NA	diaminopimelate decarboxylase	md:bami_M00525	I	1680432	1681751	+
Bacillus amyloliquefaciens IT-45	bami	KSO_009100	NA	dihydrodipicolinate reductase	md:bami_M00525	I	1756259	1757062	+
Bacillus amyloliquefaciens IT-45	bami	KSO_011045	NA	dihydrodipicolinate synthase	md:bami_M00525	I	2236036	2236905	-
Bacillus amyloliquefaciens IT-45	bami	KSO_011050	NA	aspartate kinase I	md:bami_M00525	I	2236936	2238150	-
Bacillus amyloliquefaciens IT-45	bami	KSO_011055	NA	aspartate-semialdehyde dehydrogenase	md:bami_M00525	I	2238239	2239279	-
Bacillus amyloliquefaciens IT-45	bami	KSO_012380	NA	N-acetyldiaminopimelate deacetylase	md:bami_M00525	I	2539084	2540208	-
Bacillus amyloliquefaciens IT-45	bami	KSO_012385	NA	tetrahydrodipicolinate N-acetyltransferase	md:bami_M00525	I	2540279	2540989	-
Bacillus amyloliquefaciens IT-45	bami	KSO_012480	NA	aminotransferase A	md:bami_M00525	I	2554106	2555275	+
Bacillus amyloliquefaciens IT-45	bami	KSO_016880	NA	dihydrodipicolinate synthase	md:bami_M00525	I	3404519	3405313	-
Bacillus amyloliquefaciens IT-45	bami	KSO_017670	NA	aspartate kinase	md:bami_M00525	I	3547018	3548382	+
Bacillus amyloliquefaciens IT-45	bami	KSO_006280	NA	aspartate kinase	md:bami_M00526	I	1209163	1210392	+
Bacillus amyloliquefaciens IT-45	bami	KSO_008665	NA	diaminopimelate decarboxylase	md:bami_M00526	I	1680432	1681751	+
Bacillus amyloliquefaciens IT-45	bami	KSO_009100	NA	dihydrodipicolinate reductase	md:bami_M00526	I	1756259	1757062	+
Bacillus amyloliquefaciens IT-45	bami	KSO_011045	NA	dihydrodipicolinate synthase	md:bami_M00526	I	2236036	2236905	-
Bacillus amyloliquefaciens IT-45	bami	KSO_011050	NA	aspartate kinase I	md:bami_M00526	I	2236936	2238150	-
Bacillus amyloliquefaciens IT-45	bami	KSO_011055	NA	aspartate-semialdehyde dehydrogenase	md:bami_M00526	I	2238239	2239279	-
Bacillus amyloliquefaciens IT-45	bami	KSO_016880	NA	dihydrodipicolinate synthase	md:bami_M00526	I	3404519	3405313	-
Bacillus amyloliquefaciens IT-45	bami	KSO_017670	NA	aspartate kinase	md:bami_M00526	I	3547018	3548382	+
Bacillus amyloliquefaciens IT-45	bami	KSO_004495	dapF	diaminopimelate epimerase	md:bami_M00527	I	852456	853310	+
Bacillus amyloliquefaciens IT-45	bami	KSO_006280	NA	aspartate kinase	md:bami_M00527	I	1209163	1210392	+
Bacillus amyloliquefaciens IT-45	bami	KSO_008665	NA	diaminopimelate decarboxylase	md:bami_M00527	I	1680432	1681751	+
Bacillus amyloliquefaciens IT-45	bami	KSO_009100	NA	dihydrodipicolinate reductase	md:bami_M00527	I	1756259	1757062	+
Bacillus amyloliquefaciens IT-45	bami	KSO_011045	NA	dihydrodipicolinate synthase	md:bami_M00527	I	2236036	2236905	-
Bacillus amyloliquefaciens IT-45	bami	KSO_011050	NA	aspartate kinase I	md:bami_M00527	I	2236936	2238150	-
Bacillus amyloliquefaciens IT-45	bami	KSO_011055	NA	aspartate-semialdehyde dehydrogenase	md:bami_M00527	I	2238239	2239279	-
Bacillus amyloliquefaciens IT-45	bami	KSO_016880	NA	dihydrodipicolinate synthase	md:bami_M00527	I	3404519	3405313	-
Bacillus amyloliquefaciens IT-45	bami	KSO_017670	NA	aspartate kinase	md:bami_M00527	I	3547018	3548382	+
Bacillus amyloliquefaciens IT-45	bami	KSO_001810	narG	nitrate reductase A subunit alpha	md:bami_M00529	I	339899	343585	+
Bacillus amyloliquefaciens IT-45	bami	KSO_001815	narH	nitrate reductase A subunit beta	md:bami_M00529	I	343575	345038	+
Bacillus amyloliquefaciens IT-45	bami	KSO_001825	NA	respiratory nitrate reductase subunit gamma	md:bami_M00529	I	345618	346289	+
Bacillus amyloliquefaciens IT-45	bami	KSO_001810	narG	nitrate reductase A subunit alpha	md:bami_M00530	I	339899	343585	+
Bacillus amyloliquefaciens IT-45	bami	KSO_001815	narH	nitrate reductase A subunit beta	md:bami_M00530	I	343575	345038	+
Bacillus amyloliquefaciens IT-45	bami	KSO_001825	NA	respiratory nitrate reductase subunit gamma	md:bami_M00530	I	345618	346289	+
Bacillus amyloliquefaciens IT-45	bami	KSO_017905	NA	nitrite reductase (NAD(P)H) large subunit	md:bami_M00530	I	3601598	3604015	+
Bacillus amyloliquefaciens IT-45	bami	KSO_017910	NA	assimilatory nitrite reductase (subunit)	md:bami_M00530	I	3604035	3604355	+
Bacillus amyloliquefaciens IT-45	bami	KSO_000995	NA	catalase	md:bami_M00532	I	187377	189428	+
Bacillus amyloliquefaciens IT-45	bami	KSO_001125	NA	catalase	md:bami_M00532	I	215236	216849	-
Bacillus amyloliquefaciens IT-45	bami	KSO_001995	glyA	serine hydroxymethyltransferase	md:bami_M00532	I	377939	379186	+
Bacillus amyloliquefaciens IT-45	bami	KSO_004205	NA	glycine cleavage system H protein	md:bami_M00532	I	800492	800875	+
Bacillus amyloliquefaciens IT-45	bami	KSO_007930	gcvT	glycine cleavage system aminomethyltransferase T	md:bami_M00532	I	1499039	1500139	+
Bacillus amyloliquefaciens IT-45	bami	KSO_008225	NA	dihydrolipoamide dehydrogenase	md:bami_M00532	I	1549822	1551243	+
Bacillus amyloliquefaciens IT-45	bami	KSO_012135	NA	dihydrolipoamide dehydrogenase	md:bami_M00532	I	2447121	2448533	-
Bacillus amyloliquefaciens IT-45	bami	KSO_015340	NA	catalase	md:bami_M00532	I	3072337	3073782	+
Bacillus amyloliquefaciens IT-45	bami	KSO_015645	acoL	dihydrolipoamide dehydrogenase	md:bami_M00532	I	3140277	3141656	-
Bacillus amyloliquefaciens IT-45	bami	KSO_006385	NA	3-isopropylmalate dehydrogenase	md:bami_M00535	I	1226672	1227769	+
Bacillus amyloliquefaciens IT-45	bami	KSO_006390	NA	isopropylmalate isomerase large subunit	md:bami_M00535	I	1227819	1229237	+
Bacillus amyloliquefaciens IT-45	bami	KSO_006395	leuD	isopropylmalate isomerase small subunit	md:bami_M00535	I	1229253	1229852	+
Bacillus amyloliquefaciens IT-45	bami	KSO_004385	NA	allantoinase	md:bami_M00546	I	831649	833013	+
Bacillus amyloliquefaciens IT-45	bami	KSO_002660	NA	UTP-glucose-1-phosphate uridylyltransferase	md:bami_M00549	I	498296	499180	-
Bacillus amyloliquefaciens IT-45	bami	KSO_007795	NA	glucokinase	md:bami_M00549	I	1479339	1480301	+
Bacillus amyloliquefaciens IT-45	bami	KSO_010210	NA	UTP-glucose-1-phosphate uridylyltransferase	md:bami_M00549	I	1982287	1983180	-
Bacillus amyloliquefaciens IT-45	bami	KSO_015090	NA	phosphoglucomutase	md:bami_M00549	I	3026117	3027859	-
Bacillus amyloliquefaciens IT-45	bami	KSO_006130	NA	L-ribulose-5-phosphate 4-epimerase	md:bami_M00550	I	1174121	1174810	+
Bacillus amyloliquefaciens IT-45	bami	KSO_003475	NA	glyceraldehyde-3-phosphate dehydrogenase	md:bami_M00552	I	661129	662136	+
Bacillus amyloliquefaciens IT-45	bami	KSO_003485	pgk	phosphoglycerate kinase	md:bami_M00552	I	662456	663640	+
Bacillus amyloliquefaciens IT-45	bami	KSO_006005	NA	glyceraldehyde-3-phosphate dehydrogenase	md:bami_M00552	I	1152632	1153654	+
Bacillus amyloliquefaciens IT-45	bami	KSO_001370	NA	galactose-1-phosphate uridylyltransferase	md:bami_M00554	I	259312	260853	+
Bacillus amyloliquefaciens IT-45	bami	KSO_013500	NA	galactokinase	md:bami_M00554	I	2745015	2746184	+
Bacillus amyloliquefaciens IT-45	bami	KSO_013510	NA	galactose-1-phosphate uridylyltransferase	md:bami_M00554	I	2747182	2748681	+
Bacillus amyloliquefaciens IT-45	bami	KSO_005120	NA	betaine aldehyde dehydrogenase	md:bami_M00555	I	972810	974282	+
Bacillus amyloliquefaciens IT-45	bami	KSO_005125	NA	alcohol dehydrogenase	md:bami_M00555	I	974300	975508	+
Bacillus amyloliquefaciens IT-45	bami	KSO_001705	NA	4-oxalocrotonate tautomerase	md:bami_M00569	I	323617	323805	-
Bacillus amyloliquefaciens IT-45	bami	KSO_015600	NA	hypothetical protein	md:bami_M00569	I	3129047	3129904	-
Bacillus amyloliquefaciens IT-45	bami	KSO_001225	NA	branched-chain amino acid aminotransferase	md:bami_M00570	I	234745	235833	-
Bacillus amyloliquefaciens IT-45	bami	KSO_002485	NA	acetolactate synthase	md:bami_M00570	I	456889	458601	+
Bacillus amyloliquefaciens IT-45	bami	KSO_006365	NA	acetolactate synthase catalytic subunit	md:bami_M00570	I	1221818	1223542	+
Bacillus amyloliquefaciens IT-45	bami	KSO_006370	ilvH	acetolactate synthase 3 regulatory subunit	md:bami_M00570	I	1223539	1224057	+
Bacillus amyloliquefaciens IT-45	bami	KSO_006375	NA	ketol-acid reductoisomerase	md:bami_M00570	I	1224080	1225108	+
Bacillus amyloliquefaciens IT-45	bami	KSO_009430	NA	dihydroxy-acid dehydratase	md:bami_M00570	I	1813496	1815172	+
Bacillus amyloliquefaciens IT-45	bami	KSO_009475	NA	threonine dehydratase	md:bami_M00570	I	1821258	1822526	+
Bacillus amyloliquefaciens IT-45	bami	KSO_018280	NA	branched-chain amino acid aminotransferase	md:bami_M00570	I	3680592	3681659	-
Bacillus amyloliquefaciens IT-45	bami	KSO_002260	fabZ	(3R)-hydroxymyristoyl-ACP dehydratase	md:bami_M00572	I	421667	422092	+
Bacillus amyloliquefaciens IT-45	bami	KSO_003715	NA	3-oxoacyl-ACP reductase	md:bami_M00572	I	703885	704679	+
Bacillus amyloliquefaciens IT-45	bami	KSO_005850	fabG	3-ketoacyl-(acyl-carrier-protein) reductase	md:bami_M00572	I	1119143	1119910	+
Bacillus amyloliquefaciens IT-45	bami	KSO_008375	NA	difficidin synthesis	md:bami_M00572	I	1580455	1581192	+
Bacillus amyloliquefaciens IT-45	bami	KSO_010030	fabG	3-ketoacyl-(acyl-carrier-protein) reductase	md:bami_M00572	I	1910287	1911003	+
Bacillus amyloliquefaciens IT-45	bami	KSO_010990	fabG	3-ketoacyl-(acyl-carrier-protein) reductase	md:bami_M00572	I	2221263	2221991	-
Bacillus amyloliquefaciens IT-45	bami	KSO_011485	NA	3-oxoacyl-ACP reductase	md:bami_M00572	I	2319901	2320641	-
Bacillus amyloliquefaciens IT-45	bami	KSO_013975	NA	enoyl-(acyl carrier protein) reductase	md:bami_M00572	I	2813983	2814759	-
Bacillus amyloliquefaciens IT-45	bami	KSO_014170	NA	3-oxoacyl-(acyl carrier protein) synthase II	md:bami_M00572	I	2851882	2853120	-
Bacillus amyloliquefaciens IT-45	bami	KSO_016740	NA	3-oxoacyl-(acyl-carrier-protein) synthase 2	md:bami_M00572	I	3377963	3379198	+
Bacillus amyloliquefaciens IT-45	bami	KSO_010225	NA	adenosylmethionine--8-amino-7-oxononanoate transaminase	md:bami_M00573	I	1984640	1985986	+
Bacillus amyloliquefaciens IT-45	bami	KSO_010230	NA	glycine C-acetyltransferase	md:bami_M00573	I	1985976	1987136	+
Bacillus amyloliquefaciens IT-45	bami	KSO_010235	bioD	dithiobiotin synthetase	md:bami_M00573	I	1987133	1987834	+
Bacillus amyloliquefaciens IT-45	bami	KSO_010240	NA	biotin synthase	md:bami_M00573	I	1987837	1988856	+
Bacillus amyloliquefaciens IT-45	bami	KSO_010245	NA	Cytochrome P450	md:bami_M00573	I	1988858	1990054	+
Bacillus amyloliquefaciens IT-45	bami	KSO_010220	NA	6-carboxyhexanoate--CoA ligase	md:bami_M00577	I	1983873	1984643	+
Bacillus amyloliquefaciens IT-45	bami	KSO_010225	NA	adenosylmethionine--8-amino-7-oxononanoate transaminase	md:bami_M00577	I	1984640	1985986	+
Bacillus amyloliquefaciens IT-45	bami	KSO_010230	NA	glycine C-acetyltransferase	md:bami_M00577	I	1985976	1987136	+
Bacillus amyloliquefaciens IT-45	bami	KSO_010235	bioD	dithiobiotin synthetase	md:bami_M00577	I	1987133	1987834	+
Bacillus amyloliquefaciens IT-45	bami	KSO_010240	NA	biotin synthase	md:bami_M00577	I	1987837	1988856	+
Bacillus amyloliquefaciens IT-45	bami	KSO_001635	eutD	phosphotransacetylase	md:bami_M00579	I	312714	313685	+
Bacillus amyloliquefaciens IT-45	bami	KSO_005825	NA	acetate kinase A/propionate kinase 2	md:bami_M00579	I	1114267	1115454	+
Bacillus amyloliquefaciens IT-45	bami	KSO_017855	NA	3-hexulose-6-phosphate synthase	md:bami_M00580	I	3595074	3595709	+
Bacillus amyloliquefaciens IT-45	bami	KSO_017860	NA	6-phospho 3-hexuloisomerase	md:bami_M00580	I	3595706	3596263	+
Bacillus amyloliquefaciens IT-45	bami	KSO_011645	sat	sulfate adenylyltransferase	md:bami_M00596	I	2352179	2353327	-
Bacillus amyloliquefaciens IT-45	bami	KSO_005225	NA	S-ribosylhomocysteinase	md:bami_M00609	I	1000491	1000964	+
Bacillus amyloliquefaciens IT-45	bami	KSO_005290	NA	S-adenosylmethionine synthetase	md:bami_M00609	I	1009365	1010567	+
Bacillus amyloliquefaciens IT-45	bami	KSO_007185	NA	ubiquinone/menaquinone biosynthesis methyltransferase ubiE	md:bami_M00609	I	1365863	1366504	+
Bacillus amyloliquefaciens IT-45	bami	KSO_007190	NA	5'-methylthioadenosine/S-adenosylhomocysteine nucleosidase	md:bami_M00609	I	1366525	1367220	+
Bacillus amyloliquefaciens IT-45	bami	KSO_007195	NA	cysteine synthase A	md:bami_M00609	I	1367268	1368191	+
Bacillus amyloliquefaciens IT-45	bami	KSO_007200	NA	cystathionine beta-lyase	md:bami_M00609	I	1368193	1369335	+
Bacillus amyloliquefaciens IT-45	bami	KSO_001790	NA	putative nitrate transporter narT	md:bami_M00615	I	336348	337538	+
Bacillus amyloliquefaciens IT-45	bami	KSO_005950	NA	malate dehydrogenase	md:bami_M00620	I	1140990	1141928	+
Bacillus amyloliquefaciens IT-45	bami	KSO_011390	NA	succinyl-CoA synthetase subunit alpha	md:bami_M00620	I	2302425	2303327	-
Bacillus amyloliquefaciens IT-45	bami	KSO_011395	sucC	succinyl-CoA synthetase subunit beta	md:bami_M00620	I	2303356	2304513	-
Bacillus amyloliquefaciens IT-45	bami	KSO_013535	NA	beta-lactamase	md:bami_M00627	I	2752635	2753549	-
Bacillus amyloliquefaciens IT-45	bami	KSO_010370	NA	2-dehydro-3-deoxyphosphogluconate aldolase	md:bami_M00631	I	2048344	2048979	-
Bacillus amyloliquefaciens IT-45	bami	KSO_010380	NA	2-dehydro-3-deoxygluconokinase	md:bami_M00631	I	2049739	2050695	-
Bacillus amyloliquefaciens IT-45	bami	KSO_013360	NA	altronate hydrolase	md:bami_M00631	I	2716509	2718002	-
Bacillus amyloliquefaciens IT-45	bami	KSO_013365	NA	altronate oxidoreductase	md:bami_M00631	I	2717999	2719444	-
Bacillus amyloliquefaciens IT-45	bami	KSO_013380	NA	glucuronate isomerase	md:bami_M00631	I	2722005	2723402	-
Bacillus amyloliquefaciens IT-45	bami	KSO_001055	NA	UDP-glucose 4-epimerase	md:bami_M00632	I	197713	198729	+
Bacillus amyloliquefaciens IT-45	bami	KSO_001370	NA	galactose-1-phosphate uridylyltransferase	md:bami_M00632	I	259312	260853	+
Bacillus amyloliquefaciens IT-45	bami	KSO_010125	NA	hypothetical protein	md:bami_M00632	I	1931038	1932006	+
Bacillus amyloliquefaciens IT-45	bami	KSO_013500	NA	galactokinase	md:bami_M00632	I	2745015	2746184	+
Bacillus amyloliquefaciens IT-45	bami	KSO_013505	NA	UDP-glucose 4-epimerase	md:bami_M00632	I	2746188	2747180	+
Bacillus amyloliquefaciens IT-45	bami	KSO_013510	NA	galactose-1-phosphate uridylyltransferase	md:bami_M00632	I	2747182	2748681	+
Bacillus amyloliquefaciens IT-45	bami	KSO_009640	NA	D-alanyl-D-alanine carboxypeptidase	md:bami_M00651	I	1845008	1845826	+
Bacillus amyloliquefaciens IT-45	bami	KSO_000170	NA	Crp/Fnr family transcriptional regulator	md:bami_M00700	I	29466	30914	+
Bacillus amyloliquefaciens IT-45	bami	KSO_003065	NA	hypothetical protein	md:bami_M00700	I	580218	581987	+
Bacillus amyloliquefaciens IT-45	bami	KSO_000170	NA	Crp/Fnr family transcriptional regulator	md:bami_M00702	I	29466	30914	+
Bacillus amyloliquefaciens IT-45	bami	KSO_007325	NA	multifunctional tetracycline-metal/H+ antiporter	md:bami_M00704	I	1394342	1395718	+
Bacillus amyloliquefaciens IT-45	bami	KSO_001230	NA	Protein dltD	md:bami_M00725	I	236020	237198	-
Bacillus amyloliquefaciens IT-45	bami	KSO_001235	NA	D-alanine--poly(phosphoribitol) ligase subunit 2	md:bami_M00725	I	237199	237435	-
Bacillus amyloliquefaciens IT-45	bami	KSO_001240	NA	putative poly(beta-D-mannuronate) O-acetylase	md:bami_M00725	I	237452	238633	-
Bacillus amyloliquefaciens IT-45	bami	KSO_001245	NA	D-alanine--poly(phosphoribitol) ligase subunit 1	md:bami_M00725	I	238630	240141	-
Bacillus amyloliquefaciens IT-45	bami	KSO_015550	NA	putative lysylphosphatidylglycerol synthetase LPG synthetase	md:bami_M00726	I	3116804	3119374	-
Bacillus amyloliquefaciens IT-45	bami	KSO_004645	NA	Protein mbtH	md:bami_M00736	I	882850	883065	+
Bacillus amyloliquefaciens IT-45	bami	KSO_005940	NA	citrate synthase	md:bami_M00740	I	1138394	1139512	+
Bacillus amyloliquefaciens IT-45	bami	KSO_005945	NA	isocitrate dehydrogenase	md:bami_M00740	I	1139673	1140944	+
Bacillus amyloliquefaciens IT-45	bami	KSO_005950	NA	malate dehydrogenase	md:bami_M00740	I	1140990	1141928	+
Bacillus amyloliquefaciens IT-45	bami	KSO_008185	NA	citrate synthase 3	md:bami_M00740	I	1540608	1541705	+
Bacillus amyloliquefaciens IT-45	bami	KSO_010455	NA	aconitate hydratase	md:bami_M00740	I	2061682	2064408	-
Bacillus amyloliquefaciens IT-45	bami	KSO_015025	NA	citrate synthase I	md:bami_M00740	I	3012707	3013816	-
Bacillus amyloliquefaciens IT-45	bami	KSO_008280	NA	lactoylglutathione lyase	md:bami_M00741	I	1560377	1560805	+
Bacillus amyloliquefaciens IT-45	bami	KSO_008285	NA	propionyl-CoA carboxylase subunit beta	md:bami_M00741	I	1560792	1562315	+
Bacillus amyloliquefaciens IT-45	bami	KSO_001595	NA	hypothetical protein	md:bami_M00787	I	304873	305487	+
Bacillus amyloliquefaciens IT-45	bami	KSO_001600	NA	Bacilysin biosynthesis protein bacB	md:bami_M00787	I	305477	306187	+
Bacillus amyloliquefaciens IT-45	bami	KSO_001605	NA	short-chain dehydrogenase/reductase SDR	md:bami_M00787	I	306184	306945	+
Bacillus amyloliquefaciens IT-45	bami	KSO_001610	NA	hypothetical protein	md:bami_M00787	I	306963	308381	+
Bacillus amyloliquefaciens IT-45	bami	KSO_001620	NA	transaminase	md:bami_M00787	I	309572	310771	+
Bacillus amyloliquefaciens IT-45	bami	KSO_001625	NA	3-oxoacyl-ACP reductase	md:bami_M00787	I	310788	311567	-
Bacillus amyloliquefaciens IT-45	bami	KSO_001540	NA	protein SpsI	md:bami_M00793	I	291906	292643	+
Bacillus amyloliquefaciens IT-45	bami	KSO_001545	NA	dTDP-glucose 4,6-dehydratase	md:bami_M00793	I	292646	293593	+
Bacillus amyloliquefaciens IT-45	bami	KSO_001550	NA	dTDP-4-dehydrorhamnose reductase	md:bami_M00793	I	293614	294462	+
Bacillus amyloliquefaciens IT-45	bami	KSO_001555	NA	dTDP-4-dehydrorhamnose 3,5-epimerase	md:bami_M00793	I	294459	294914	+
Bacillus amyloliquefaciens IT-45	bami	KSO_001810	narG	nitrate reductase A subunit alpha	md:bami_M00804	I	339899	343585	+
Bacillus amyloliquefaciens IT-45	bami	KSO_001815	narH	nitrate reductase A subunit beta	md:bami_M00804	I	343575	345038	+
Bacillus amyloliquefaciens IT-45	bami	KSO_008705	NA	bifunctional 3,4-dihydroxy-2-butanone 4-phosphate synthase/GTP cyclohydrolase II protein	md:bami_M00840	I	1687457	1688653	+
Bacillus amyloliquefaciens IT-45	bami	KSO_009455	NA	dihydrofolate reductase	md:bami_M00840	I	1818260	1818745	+
Bacillus amyloliquefaciens IT-45	bami	KSO_019010	NA	dihydroneopterin aldolase	md:bami_M00840	I	3840934	3841296	-
Bacillus amyloliquefaciens IT-45	bami	KSO_006490	NA	folyl-polyglutamate synthase	md:bami_M00841	I	1252323	1253615	+
Bacillus amyloliquefaciens IT-45	bami	KSO_008950	folE	GTP cyclohydrolase I	md:bami_M00841	I	1729938	1730510	+
Bacillus amyloliquefaciens IT-45	bami	KSO_008950	folE	GTP cyclohydrolase I	md:bami_M00842	I	1729938	1730510	+
Bacillus amyloliquefaciens IT-45	bami	KSO_012610	NA	6-pyruvoyl tetrahydrobiopterin synthase	md:bami_M00842	I	2581669	2582109	-
Bacillus amyloliquefaciens IT-45	bami	KSO_008950	folE	GTP cyclohydrolase I	md:bami_M00843	I	1729938	1730510	+
Bacillus amyloliquefaciens IT-45	bami	KSO_012610	NA	6-pyruvoyl tetrahydrobiopterin synthase	md:bami_M00843	I	2581669	2582109	-
Bacillus amyloliquefaciens IT-45	bami	KSO_005835	NA	argininosuccinate synthase	md:bami_M00844	I	1116218	1117429	+
Bacillus amyloliquefaciens IT-45	bami	KSO_005840	NA	argininosuccinate lyase	md:bami_M00844	I	1117426	1118802	+
Bacillus amyloliquefaciens IT-45	bami	KSO_014220	NA	ornithine carbamoyltransferase	md:bami_M00844	I	2857865	2858836	-
Bacillus amyloliquefaciens IT-45	bami	KSO_005835	NA	argininosuccinate synthase	md:bami_M00845	I	1116218	1117429	+
Bacillus amyloliquefaciens IT-45	bami	KSO_005840	NA	argininosuccinate lyase	md:bami_M00845	I	1117426	1118802	+
Bacillus amyloliquefaciens IT-45	bami	KSO_009575	NA	acetylornithine deacetylase	md:bami_M00845	I	1836844	1838145	+
Bacillus amyloliquefaciens IT-45	bami	KSO_014235	argD	acetylornithine aminotransferase	md:bami_M00845	I	2863039	2864196	-
Bacillus amyloliquefaciens IT-45	bami	KSO_014250	argC	N-acetyl-gamma-glutamyl-phosphate reductase	md:bami_M00845	I	2866224	2867261	-
Bacillus amyloliquefaciens IT-45	bami	KSO_006440	hemA	glutamyl-tRNA reductase	md:bami_M00846	I	1239637	1241004	+
Bacillus amyloliquefaciens IT-45	bami	KSO_006450	hemC	porphobilinogen deaminase	md:bami_M00846	I	1241877	1242818	+
Bacillus amyloliquefaciens IT-45	bami	KSO_006455	NA	uroporphyrinogen III cosynthase	md:bami_M00846	I	1242808	1243590	+
Bacillus amyloliquefaciens IT-45	bami	KSO_006460	NA	delta-aminolevulinic acid dehydratase	md:bami_M00846	I	1243593	1244567	+
Bacillus amyloliquefaciens IT-45	bami	KSO_006465	NA	glutamate-1-semialdehyde aminotransferase	md:bami_M00846	I	1244596	1245885	+
Bacillus amyloliquefaciens IT-45	bami	KSO_011625	NA	precorrin-2 dehydrogenase / sirohydrochlorin ferrochelatase	md:bami_M00846	I	2349419	2349907	-
Bacillus amyloliquefaciens IT-45	bami	KSO_011630	NA	sirohydrochlorin ferrochelatase	md:bami_M00846	I	2349888	2350673	-
Bacillus amyloliquefaciens IT-45	bami	KSO_011635	NA	uroporphyrin-III C-methyltransferase	md:bami_M00846	I	2350674	2351447	-
Bacillus amyloliquefaciens IT-45	bami	KSO_013415	hemD	uroporphyrinogen-III synthase	md:bami_M00846	I	2728779	2729597	-
Bacillus amyloliquefaciens IT-45	bami	KSO_015415	NA	glutamate-1-semialdehyde aminotransferase	md:bami_M00846	I	3094359	3095648	+
Bacillus amyloliquefaciens IT-45	bami	KSO_017915	NA	uroporphyrinogen III methyltransferase / synthase	md:bami_M00846	I	3604422	3605861	+
Bacillus amyloliquefaciens IT-45	bami	KSO_008170	NA	acetyl-CoA C-acetyltransferase	md:bami_M00849	I	1537369	1538550	+
Bacillus amyloliquefaciens IT-45	bami	KSO_008900	NA	isopentenyl pyrophosphate isomerase	md:bami_M00849	I	1721706	1722755	+
Bacillus amyloliquefaciens IT-45	bami	KSO_014590	NA	acetyl-CoA acetyltransferase	md:bami_M00849	I	2928655	2929746	+
Bacillus amyloliquefaciens IT-45	bami	KSO_017790	NA	aromatic acid decarboxylase	md:bami_M00849	I	3571575	3572156	-
Bacillus amyloliquefaciens IT-45	bami	KSO_000320	NA	hypothetical protein	md:bami_M00854	I	58017	59309	+
Bacillus amyloliquefaciens IT-45	bami	KSO_002660	NA	UTP-glucose-1-phosphate uridylyltransferase	md:bami_M00854	I	498296	499180	-
Bacillus amyloliquefaciens IT-45	bami	KSO_010210	NA	UTP-glucose-1-phosphate uridylyltransferase	md:bami_M00854	I	1982287	1983180	-
Bacillus amyloliquefaciens IT-45	bami	KSO_015090	NA	phosphoglucomutase	md:bami_M00855	I	3026117	3027859	-
Bacillus amyloliquefaciens IT-45	bami	KSO_002550	NA	gamma-polyglutamic acid synthetase	md:bami_M00860	I	470930	472111	+
Bacillus amyloliquefaciens IT-45	bami	KSO_002555	NA	PGA biosynthesis protein CapC	md:bami_M00860	I	472126	472575	+
Bacillus amyloliquefaciens IT-45	bami	KSO_002560	NA	capsule biosynthesis protein CapA	md:bami_M00860	I	472594	473742	+
Bacillus amyloliquefaciens IT-45	bami	KSO_006450	hemC	porphobilinogen deaminase	md:bami_M00868	I	1241877	1242818	+
Bacillus amyloliquefaciens IT-45	bami	KSO_006455	NA	uroporphyrinogen III cosynthase	md:bami_M00868	I	1242808	1243590	+
Bacillus amyloliquefaciens IT-45	bami	KSO_006460	NA	delta-aminolevulinic acid dehydratase	md:bami_M00868	I	1243593	1244567	+
Bacillus amyloliquefaciens IT-45	bami	KSO_013415	hemD	uroporphyrinogen-III synthase	md:bami_M00868	I	2728779	2729597	-
Bacillus amyloliquefaciens IT-45	bami	KSO_014680	NA	protoporphyrinogen oxidase	md:bami_M00868	I	2946470	2947903	-
Bacillus amyloliquefaciens IT-45	bami	KSO_014685	NA	ferrochelatase	md:bami_M00868	I	2947931	2948866	-
Bacillus amyloliquefaciens IT-45	bami	KSO_014690	hemE	uroporphyrinogen decarboxylase	md:bami_M00868	I	2948942	2950003	-
Bacillus amyloliquefaciens IT-45	bami	KSO_010270	NA	malonyl CoA-acyl carrier protein transacylase	md:bami_M00873	I	1994563	1995765	+
Bacillus amyloliquefaciens IT-45	bami	KSO_011490	NA	malonyl CoA-ACP transacylase	md:bami_M00873	I	2320634	2321587	-
Bacillus amyloliquefaciens IT-45	bami	KSO_014170	NA	3-oxoacyl-(acyl carrier protein) synthase II	md:bami_M00873	I	2851882	2853120	-
Bacillus amyloliquefaciens IT-45	bami	KSO_016740	NA	3-oxoacyl-(acyl-carrier-protein) synthase 2	md:bami_M00873	I	3377963	3379198	+
Bacillus amyloliquefaciens IT-45	bami	KSO_003715	NA	3-oxoacyl-ACP reductase	md:bami_M00874	I	703885	704679	+
Bacillus amyloliquefaciens IT-45	bami	KSO_005850	fabG	3-ketoacyl-(acyl-carrier-protein) reductase	md:bami_M00874	I	1119143	1119910	+
Bacillus amyloliquefaciens IT-45	bami	KSO_008375	NA	difficidin synthesis	md:bami_M00874	I	1580455	1581192	+
Bacillus amyloliquefaciens IT-45	bami	KSO_010030	fabG	3-ketoacyl-(acyl-carrier-protein) reductase	md:bami_M00874	I	1910287	1911003	+
Bacillus amyloliquefaciens IT-45	bami	KSO_010270	NA	malonyl CoA-acyl carrier protein transacylase	md:bami_M00874	I	1994563	1995765	+
Bacillus amyloliquefaciens IT-45	bami	KSO_010990	fabG	3-ketoacyl-(acyl-carrier-protein) reductase	md:bami_M00874	I	2221263	2221991	-
Bacillus amyloliquefaciens IT-45	bami	KSO_011485	NA	3-oxoacyl-ACP reductase	md:bami_M00874	I	2319901	2320641	-
Bacillus amyloliquefaciens IT-45	bami	KSO_011490	NA	malonyl CoA-ACP transacylase	md:bami_M00874	I	2320634	2321587	-
Bacillus amyloliquefaciens IT-45	bami	KSO_014170	NA	3-oxoacyl-(acyl carrier protein) synthase II	md:bami_M00874	I	2851882	2853120	-
Bacillus amyloliquefaciens IT-45	bami	KSO_016740	NA	3-oxoacyl-(acyl-carrier-protein) synthase 2	md:bami_M00874	I	3377963	3379198	+
Bacillus amyloliquefaciens IT-45	bami	KSO_008175	NA	3-hydroxybutyryl-CoA dehydrogenase	md:bami_M00878	I	1538570	1539421	+
Bacillus amyloliquefaciens IT-45	bami	KSO_014820	NA	enoyl-CoA hydratase	md:bami_M00878	I	2973479	2974246	-
Bacillus amyloliquefaciens IT-45	bami	KSO_002095	moaA	molybdenum cofactor biosynthesis protein A	md:bami_M00880	I	394751	395776	+
Bacillus amyloliquefaciens IT-45	bami	KSO_005830	NA	molybdenum cofactor biosynthesis protein B	md:bami_M00880	I	1115554	1116066	+
Bacillus amyloliquefaciens IT-45	bami	KSO_012330	NA	molybdopterin synthase large subunit	md:bami_M00880	I	2531050	2531520	-
Bacillus amyloliquefaciens IT-45	bami	KSO_012340	NA	molybdopterin biosynthesis protein	md:bami_M00880	I	2532003	2533295	-
Bacillus amyloliquefaciens IT-45	bami	KSO_016565	moaC	molybdenum cofactor biosynthesis protein MoaC	md:bami_M00880	I	3340983	3341495	-
Bacillus amyloliquefaciens IT-45	bami	KSO_004420	NA	lipoyl synthase	md:bami_M00881	I	838672	839568	+
Bacillus amyloliquefaciens IT-45	bami	KSO_004420	NA	lipoyl synthase	md:bami_M00882	I	838672	839568	+
Bacillus amyloliquefaciens IT-45	bami	KSO_001650	NA	lipoate-protein ligase A	md:bami_M00883	I	315761	316624	+
Bacillus amyloliquefaciens IT-45	bami	KSO_004420	NA	lipoyl synthase	md:bami_M00883	I	838672	839568	+
Bacillus amyloliquefaciens IT-45	bami	KSO_007950	NA	lipoate-protein ligase A	md:bami_M00883	I	1503595	1504431	+
Bacillus amyloliquefaciens IT-45	bami	KSO_004420	NA	lipoyl synthase	md:bami_M00884	I	838672	839568	+
Bacillus amyloliquefaciens IT-45	bami	KSO_001325	thiE	thiamine-phosphate pyrophosphorylase	md:bami_M00895	I	252870	253544	+
Bacillus amyloliquefaciens IT-45	bami	KSO_005770	NA	thiamine biosynthesis protein ThiI	md:bami_M00895	I	1103691	1104896	+
Bacillus amyloliquefaciens IT-45	bami	KSO_013980	NA	bifunctional hydroxy-methylpyrimidine kinase/hydroxy-phosphomethylpyrimidine kinase	md:bami_M00895	I	2814890	2815702	-
Bacillus amyloliquefaciens IT-45	bami	KSO_013985	NA	thiamine/molybdopterin biosynthesis ThiF/MoeB-like protein	md:bami_M00895	I	2815725	2816735	-
Bacillus amyloliquefaciens IT-45	bami	KSO_013990	thiG	thiazole synthase	md:bami_M00895	I	2816732	2817496	-
Bacillus amyloliquefaciens IT-45	bami	KSO_013995	NA	Thiazole biosynthesis protein thiG	md:bami_M00895	I	2817499	2817702	-
Bacillus amyloliquefaciens IT-45	bami	KSO_014000	NA	glycine oxidase	md:bami_M00895	I	2817699	2818808	-
Bacillus amyloliquefaciens IT-45	bami	KSO_014005	NA	transcriptional regulator TenI	md:bami_M00895	I	2818792	2819409	-
Bacillus amyloliquefaciens IT-45	bami	KSO_015380	NA	phosphomethylpyrimidine synthase ThiC	md:bami_M00895	I	3081292	3083064	-
Bacillus amyloliquefaciens IT-45	bami	KSO_016595	NA	thiamine monophosphate kinase	md:bami_M00895	I	3346448	3347425	-
Bacillus amyloliquefaciens IT-45	bami	KSO_001325	thiE	thiamine-phosphate pyrophosphorylase	md:bami_M00896	I	252870	253544	+
Bacillus amyloliquefaciens IT-45	bami	KSO_013980	NA	bifunctional hydroxy-methylpyrimidine kinase/hydroxy-phosphomethylpyrimidine kinase	md:bami_M00896	I	2814890	2815702	-
Bacillus amyloliquefaciens IT-45	bami	KSO_015380	NA	phosphomethylpyrimidine synthase ThiC	md:bami_M00896	I	3081292	3083064	-
Bacillus amyloliquefaciens IT-45	bami	KSO_016595	NA	thiamine monophosphate kinase	md:bami_M00896	I	3346448	3347425	-
Bacillus amyloliquefaciens IT-45	bami	KSO_011540	NA	thiamine pyrophosphokinase	md:bami_M00897	I	2329782	2330426	-
Bacillus amyloliquefaciens IT-45	bami	KSO_015380	NA	phosphomethylpyrimidine synthase ThiC	md:bami_M00897	I	3081292	3083064	-
Bacillus amyloliquefaciens IT-45	bami	KSO_011540	NA	thiamine pyrophosphokinase	md:bami_M00898	I	2329782	2330426	-
Bacillus amyloliquefaciens IT-45	bami	KSO_001320	NA	hydroxyethylthiazole kinase	md:bami_M00899	I	252055	252873	+
Bacillus amyloliquefaciens IT-45	bami	KSO_001325	thiE	thiamine-phosphate pyrophosphorylase	md:bami_M00899	I	252870	253544	+
Bacillus amyloliquefaciens IT-45	bami	KSO_013980	NA	bifunctional hydroxy-methylpyrimidine kinase/hydroxy-phosphomethylpyrimidine kinase	md:bami_M00899	I	2814890	2815702	-
Bacillus amyloliquefaciens IT-45	bami	KSO_004950	pgi	glucose-6-phosphate isomerase	md:bami_M00909	I	940542	941894	+
Bacillus amyloliquefaciens IT-45	bami	KSO_007795	NA	glucokinase	md:bami_M00909	I	1479339	1480301	+
Bacillus amyloliquefaciens IT-45	bami	KSO_018485	NA	glucosamine--fructose-6-phosphate aminotransferase	md:bami_M00909	I	3721267	3723069	-
Bacillus amyloliquefaciens IT-45	bami	KSO_018490	glmM	phosphoglucosamine mutase	md:bami_M00909	I	3723500	3724846	-
Bacillus amyloliquefaciens IT-45	bami	KSO_019150	glmU	bifunctional N-acetylglucosamine-1-phosphate uridyltransferase/glucosamine-1-phosphate acetyltransferase	md:bami_M00909	I	3870040	3871410	-
Bacillus amyloliquefaciens IT-45	bami	KSO_008700	NA	riboflavin synthase subunit alpha	md:bami_M00911	I	1686795	1687442	+
Bacillus amyloliquefaciens IT-45	bami	KSO_008710	ribH	6,7-dimethyl-8-ribityllumazine synthase	md:bami_M00911	I	1688686	1689150	+
Bacillus amyloliquefaciens IT-45	bami	KSO_006605	NA	nicotinate-nucleotide pyrophosphorylase	md:bami_M00912	I	1270965	1271813	+
Bacillus amyloliquefaciens IT-45	bami	KSO_007415	nadD	nicotinic acid mononucleotide adenylyltransferase	md:bami_M00912	I	1409274	1409843	+
Bacillus amyloliquefaciens IT-45	bami	KSO_017980	nadE	NAD synthetase	md:bami_M00912	I	3618831	3619649	-
Bacillus amyloliquefaciens IT-45	bami	KSO_000645	NA	AldX	md:bami_M00913	I	121257	122594	-
Bacillus amyloliquefaciens IT-45	bami	KSO_004140	NA	2-dehydropantoate 2-reductase	md:bami_M00913	I	787510	788550	-
Bacillus amyloliquefaciens IT-45	bami	KSO_005720	NA	aldehyde dehydrogenase	md:bami_M00913	I	1092587	1093957	-
Bacillus amyloliquefaciens IT-45	bami	KSO_009130	panB	3-methyl-2-oxobutanoate hydroxymethyltransferase	md:bami_M00913	I	1761737	1762570	+
Bacillus amyloliquefaciens IT-45	bami	KSO_009135	panC	pantoate--beta-alanine ligase	md:bami_M00913	I	1762574	1763434	+
Bacillus amyloliquefaciens IT-45	bami	KSO_009835	NA	aldehyde dehydrogenase	md:bami_M00913	I	1881452	1882939	-
Bacillus amyloliquefaciens IT-45	bami	KSO_011880	NA	2-dehydropantoate 2-reductase	md:bami_M00913	I	2405615	2406496	-
Bacillus amyloliquefaciens IT-45	bami	KSO_012270	NA	2-dehydropantoate 2-reductase	md:bami_M00913	I	2519091	2519999	-
Bacillus amyloliquefaciens IT-45	bami	KSO_004140	NA	2-dehydropantoate 2-reductase	md:bami_M00914	I	787510	788550	-
Bacillus amyloliquefaciens IT-45	bami	KSO_009130	panB	3-methyl-2-oxobutanoate hydroxymethyltransferase	md:bami_M00914	I	1761737	1762570	+
Bacillus amyloliquefaciens IT-45	bami	KSO_011590	NA	bifunctional phosphopantothenoylcysteine decarboxylase/phosphopantothenate synthase	md:bami_M00914	I	2341054	2342274	-
Bacillus amyloliquefaciens IT-45	bami	KSO_011880	NA	2-dehydropantoate 2-reductase	md:bami_M00914	I	2405615	2406496	-
Bacillus amyloliquefaciens IT-45	bami	KSO_012270	NA	2-dehydropantoate 2-reductase	md:bami_M00914	I	2519091	2519999	-
Bacillus amyloliquefaciens IT-45	bami	KSO_019350	NA	glutamine amidotransferase subunit PdxT	md:bami_M00916	I	3908345	3908935	-
Bacillus amyloliquefaciens IT-45	bami	KSO_019355	NA	pyridoxal biosynthesis lyase PdxS	md:bami_M00916	I	3908957	3909841	-
Bacillus amyloliquefaciens IT-45	bami	KSO_014840	NA	Lysine/ornithine N-monooxygenase	md:bami_M00918	I	2976559	2977848	-
Bacillus amyloliquefaciens IT-45	bami	KSO_011625	NA	precorrin-2 dehydrogenase / sirohydrochlorin ferrochelatase	md:bami_M00924	I	2349419	2349907	-
Bacillus amyloliquefaciens IT-45	bami	KSO_011635	NA	uroporphyrin-III C-methyltransferase	md:bami_M00924	I	2350674	2351447	-
Bacillus amyloliquefaciens IT-45	bami	KSO_017915	NA	uroporphyrinogen III methyltransferase / synthase	md:bami_M00924	I	3604422	3605861	+
Bacillus amyloliquefaciens IT-45	bami	KSO_011635	NA	uroporphyrin-III C-methyltransferase	md:bami_M00925	I	2350674	2351447	-
Bacillus amyloliquefaciens IT-45	bami	KSO_017915	NA	uroporphyrinogen III methyltransferase / synthase	md:bami_M00925	I	3604422	3605861	+
Bacillus amyloliquefaciens IT-45	bami	KSO_001630	NA	heme peroxidase	md:bami_M00926	I	311687	312451	-
Bacillus amyloliquefaciens IT-45	bami	KSO_006440	hemA	glutamyl-tRNA reductase	md:bami_M00926	I	1239637	1241004	+
Bacillus amyloliquefaciens IT-45	bami	KSO_006450	hemC	porphobilinogen deaminase	md:bami_M00926	I	1241877	1242818	+
Bacillus amyloliquefaciens IT-45	bami	KSO_006455	NA	uroporphyrinogen III cosynthase	md:bami_M00926	I	1242808	1243590	+
Bacillus amyloliquefaciens IT-45	bami	KSO_006460	NA	delta-aminolevulinic acid dehydratase	md:bami_M00926	I	1243593	1244567	+
Bacillus amyloliquefaciens IT-45	bami	KSO_006465	NA	glutamate-1-semialdehyde aminotransferase	md:bami_M00926	I	1244596	1245885	+
Bacillus amyloliquefaciens IT-45	bami	KSO_013415	hemD	uroporphyrinogen-III synthase	md:bami_M00926	I	2728779	2729597	-
Bacillus amyloliquefaciens IT-45	bami	KSO_014680	NA	protoporphyrinogen oxidase	md:bami_M00926	I	2946470	2947903	-
Bacillus amyloliquefaciens IT-45	bami	KSO_014685	NA	ferrochelatase	md:bami_M00926	I	2947931	2948866	-
Bacillus amyloliquefaciens IT-45	bami	KSO_014690	hemE	uroporphyrinogen decarboxylase	md:bami_M00926	I	2948942	2950003	-
Bacillus amyloliquefaciens IT-45	bami	KSO_015415	NA	glutamate-1-semialdehyde aminotransferase	md:bami_M00926	I	3094359	3095648	+
Bacillus amyloliquefaciens IT-45	bami	KSO_017915	NA	uroporphyrinogen III methyltransferase / synthase	md:bami_M00926	I	3604422	3605861	+
Bacillus amyloliquefaciens IT-45	bami	KSO_004780	NA	thioesterase superfamily protein	md:bami_M00932	I	909614	909997	+
Bacillus amyloliquefaciens IT-45	bami	KSO_005165	NA	menaquinone-specific isochorismate synthase	md:bami_M00932	I	988527	989942	+
Bacillus amyloliquefaciens IT-45	bami	KSO_005170	NA	2-succinyl-5-enolpyruvyl-6-hydroxy-3-cyclohexene-1-carboxylate synthase	md:bami_M00932	I	989939	991675	+
Bacillus amyloliquefaciens IT-45	bami	KSO_005175	NA	2-succinyl-6-hydroxy-2,4-cyclohexadiene-1-carboxylate synthase	md:bami_M00932	I	991663	992487	+
Bacillus amyloliquefaciens IT-45	bami	KSO_005180	NA	dihydroxynaphthoic acid synthetase	md:bami_M00932	I	992546	993364	+
Bacillus amyloliquefaciens IT-45	bami	KSO_005185	NA	O-succinylbenzoic acid--CoA ligase	md:bami_M00932	I	993452	994915	+
Bacillus amyloliquefaciens IT-45	bami	KSO_005190	NA	O-succinylbenzoate synthase	md:bami_M00932	I	994912	996027	+
Bacillus amyloliquefaciens IT-45	bami	KSO_008975	ndk	mulitfunctional nucleoside diphosphate kinase/apyrimidinic endonuclease/3'-phosphodiesterase	md:bami_M00938	I	1733489	1733935	+
Bacillus amyloliquefaciens IT-45	bami	KSO_009450	thyA	thymidylate synthase	md:bami_M00938	I	1817469	1818263	+
Bacillus amyloliquefaciens IT-45	bami	KSO_010560	NA	deoxyuridine 5'-triphosphate nucleotidohydrolase	md:bami_M00938	I	2076981	2077415	-
Bacillus amyloliquefaciens IT-45	bami	KSO_010740	nrdF	ribonucleotide-diphosphate reductase subunit beta	md:bami_M00938	I	2114628	2115617	-
Bacillus amyloliquefaciens IT-45	bami	KSO_010745	NA	ribonucleotide-diphosphate reductase subunit alpha	md:bami_M00938	I	2115635	2117737	-
Bacillus amyloliquefaciens IT-45	bami	KSO_019260	tmk	thymidylate kinase	md:bami_M00938	I	3887955	3888593	-
Bacillus amyloliquefaciens IT-45	bami	KSO_010230	NA	glycine C-acetyltransferase	md:bami_M00950	I	1985976	1987136	+
Bacillus amyloliquefaciens IT-45	bami	KSO_010235	bioD	dithiobiotin synthetase	md:bami_M00950	I	1987133	1987834	+
Bacillus amyloliquefaciens IT-45	bami	KSO_010240	NA	biotin synthase	md:bami_M00950	I	1987837	1988856	+
