Campylobacter jejuni subsp. jejuni 81116	cju	C8J_0367	pyk	pyruvate kinase	md:cju_M00001	I	367852	369294	-
Campylobacter jejuni subsp. jejuni 81116	cju	C8J_0409	pgm	phosphoglyceromutase	md:cju_M00001	I	411620	413098	+
Campylobacter jejuni subsp. jejuni 81116	cju	C8J_0559	fba	fructose-bisphosphate aldolase	md:cju_M00001	I	558777	559841	+
Campylobacter jejuni subsp. jejuni 81116	cju	C8J_1315	tpiA	triosephosphate isomerase	md:cju_M00001	I	1331541	1332212	-
Campylobacter jejuni subsp. jejuni 81116	cju	C8J_1316	pgk	phosphoglycerate kinase	md:cju_M00001	I	1332209	1333411	-
Campylobacter jejuni subsp. jejuni 81116	cju	C8J_1317	gapA	glyceraldehyde 3-phosphate dehydrogenase	md:cju_M00001	I	1333414	1334412	-
Campylobacter jejuni subsp. jejuni 81116	cju	C8J_1434	pgi	glucose-6-phosphate isomerase	md:cju_M00001	I	1453139	1454359	-
Campylobacter jejuni subsp. jejuni 81116	cju	C8J_1573	eno	phosphopyruvate hydratase	md:cju_M00001	I	1580619	1581863	-
Campylobacter jejuni subsp. jejuni 81116	cju	C8J_0367	pyk	pyruvate kinase	md:cju_M00002	I	367852	369294	-
Campylobacter jejuni subsp. jejuni 81116	cju	C8J_0409	pgm	phosphoglyceromutase	md:cju_M00002	I	411620	413098	+
Campylobacter jejuni subsp. jejuni 81116	cju	C8J_1315	tpiA	triosephosphate isomerase	md:cju_M00002	I	1331541	1332212	-
Campylobacter jejuni subsp. jejuni 81116	cju	C8J_1316	pgk	phosphoglycerate kinase	md:cju_M00002	I	1332209	1333411	-
Campylobacter jejuni subsp. jejuni 81116	cju	C8J_1317	gapA	glyceraldehyde 3-phosphate dehydrogenase	md:cju_M00002	I	1333414	1334412	-
Campylobacter jejuni subsp. jejuni 81116	cju	C8J_1573	eno	phosphopyruvate hydratase	md:cju_M00002	I	1580619	1581863	-
Campylobacter jejuni subsp. jejuni 81116	cju	C8J_0409	pgm	phosphoglyceromutase	md:cju_M00003	I	411620	413098	+
Campylobacter jejuni subsp. jejuni 81116	cju	C8J_0559	fba	fructose-bisphosphate aldolase	md:cju_M00003	I	558777	559841	+
Campylobacter jejuni subsp. jejuni 81116	cju	C8J_0787	fbp	putative fructose-1,6-bisphosphatase	md:cju_M00003	I	793875	794717	-
Campylobacter jejuni subsp. jejuni 81116	cju	C8J_0869	pckA	ATP; phosphoenolpyruvate carboxykinase	md:cju_M00003	I	872726	874300	-
Campylobacter jejuni subsp. jejuni 81116	cju	C8J_1315	tpiA	triosephosphate isomerase	md:cju_M00003	I	1331541	1332212	-
Campylobacter jejuni subsp. jejuni 81116	cju	C8J_1316	pgk	phosphoglycerate kinase	md:cju_M00003	I	1332209	1333411	-
Campylobacter jejuni subsp. jejuni 81116	cju	C8J_1317	gapA	glyceraldehyde 3-phosphate dehydrogenase	md:cju_M00003	I	1333414	1334412	-
Campylobacter jejuni subsp. jejuni 81116	cju	C8J_1573	eno	phosphopyruvate hydratase	md:cju_M00003	I	1580619	1581863	-
Campylobacter jejuni subsp. jejuni 81116	cju	C8J_0257	tal	transaldolase	md:cju_M00004	I	261655	262632	-
Campylobacter jejuni subsp. jejuni 81116	cju	C8J_0424	rpe	ribulose-phosphate 3-epimerase	md:cju_M00004	I	426299	426946	+
Campylobacter jejuni subsp. jejuni 81116	cju	C8J_0862	rpiB	putative ribose 5-phosphate isomerase	md:cju_M00004	I	866835	867272	+
Campylobacter jejuni subsp. jejuni 81116	cju	C8J_1434	pgi	glucose-6-phosphate isomerase	md:cju_M00004	I	1453139	1454359	-
Campylobacter jejuni subsp. jejuni 81116	cju	C8J_1547	tkt	transketolase	md:cju_M00004	I	1557268	1559166	+
Campylobacter jejuni subsp. jejuni 81116	cju	C8J_0855	prsA	ribose-phosphate pyrophosphokinase	md:cju_M00005	I	861185	862114	-
Campylobacter jejuni subsp. jejuni 81116	cju	C8J_0257	tal	transaldolase	md:cju_M00007	I	261655	262632	-
Campylobacter jejuni subsp. jejuni 81116	cju	C8J_0424	rpe	ribulose-phosphate 3-epimerase	md:cju_M00007	I	426299	426946	+
Campylobacter jejuni subsp. jejuni 81116	cju	C8J_0862	rpiB	putative ribose 5-phosphate isomerase	md:cju_M00007	I	866835	867272	+
Campylobacter jejuni subsp. jejuni 81116	cju	C8J_1547	tkt	transketolase	md:cju_M00007	I	1557268	1559166	+
Campylobacter jejuni subsp. jejuni 81116	cju	C8J_0368	NA	malate dehydrogenase (acceptor)	md:cju_M00009	I	369343	370689	-
Campylobacter jejuni subsp. jejuni 81116	cju	C8J_0383	frdC	fumarate reductase cytochrome B subunit	md:cju_M00009	I	381689	382471	+
Campylobacter jejuni subsp. jejuni 81116	cju	C8J_0384	frdA	fumarate reductase flavoprotein subunit	md:cju_M00009	I	382455	384446	+
Campylobacter jejuni subsp. jejuni 81116	cju	C8J_0385	frdB	fumarate reductase iron-sulfur protein	md:cju_M00009	I	384439	385164	+
Campylobacter jejuni subsp. jejuni 81116	cju	C8J_0412	sdhA	succinate dehydrogenase flavoprotein subunit	md:cju_M00009	I	414667	416502	+
Campylobacter jejuni subsp. jejuni 81116	cju	C8J_0413	sdhB	succinate dehydrogenase, iron-sulfur protein subunit	md:cju_M00009	I	416499	417464	+
Campylobacter jejuni subsp. jejuni 81116	cju	C8J_0414	sdhC	putative succinate dehydrogenase subunit C	md:cju_M00009	I	417468	418325	+
Campylobacter jejuni subsp. jejuni 81116	cju	C8J_0492	icd	isocitrate dehydrogenase, NADP-dependent	md:cju_M00009	I	499287	501491	+
Campylobacter jejuni subsp. jejuni 81116	cju	C8J_0493	mdh	malate dehydrogenase	md:cju_M00009	I	501488	502390	+
Campylobacter jejuni subsp. jejuni 81116	cju	C8J_0494	sucC	succinyl-CoA synthetase beta chain	md:cju_M00009	I	502391	503554	+
Campylobacter jejuni subsp. jejuni 81116	cju	C8J_0495	sucD	succinyl-CoA synthase, alpha subunit	md:cju_M00009	I	503564	504433	+
Campylobacter jejuni subsp. jejuni 81116	cju	C8J_0496	oorD	2-oxoglutarate:acceptor oxidoreductase, delta subunit	md:cju_M00009	I	504447	504758	+
Campylobacter jejuni subsp. jejuni 81116	cju	C8J_0497	oorA	2-oxoglutarate ferredoxin oxidoreductase, alpha subunit	md:cju_M00009	I	504767	505891	+
Campylobacter jejuni subsp. jejuni 81116	cju	C8J_0498	oorB	2-oxoglutarate ferredoxin oxidoreductase, beta subunit	md:cju_M00009	I	505892	506737	+
Campylobacter jejuni subsp. jejuni 81116	cju	C8J_0499	oorC	2-oxoglutarate ferredoxin oxidoreductase, gamma subunit	md:cju_M00009	I	506734	507291	+
Campylobacter jejuni subsp. jejuni 81116	cju	C8J_0782	acnB	aconitate hydratase 2	md:cju_M00009	I	787799	790345	-
Campylobacter jejuni subsp. jejuni 81116	cju	C8J_1282	fumC	fumarate hydratase	md:cju_M00009	I	1296138	1297529	-
Campylobacter jejuni subsp. jejuni 81116	cju	C8J_1580	gltA	citrate synthase	md:cju_M00009	I	1586593	1587861	-
Campylobacter jejuni subsp. jejuni 81116	cju	C8J_0492	icd	isocitrate dehydrogenase, NADP-dependent	md:cju_M00010	I	499287	501491	+
Campylobacter jejuni subsp. jejuni 81116	cju	C8J_0782	acnB	aconitate hydratase 2	md:cju_M00010	I	787799	790345	-
Campylobacter jejuni subsp. jejuni 81116	cju	C8J_1580	gltA	citrate synthase	md:cju_M00010	I	1586593	1587861	-
Campylobacter jejuni subsp. jejuni 81116	cju	C8J_0368	NA	malate dehydrogenase (acceptor)	md:cju_M00011	I	369343	370689	-
Campylobacter jejuni subsp. jejuni 81116	cju	C8J_0383	frdC	fumarate reductase cytochrome B subunit	md:cju_M00011	I	381689	382471	+
Campylobacter jejuni subsp. jejuni 81116	cju	C8J_0384	frdA	fumarate reductase flavoprotein subunit	md:cju_M00011	I	382455	384446	+
Campylobacter jejuni subsp. jejuni 81116	cju	C8J_0385	frdB	fumarate reductase iron-sulfur protein	md:cju_M00011	I	384439	385164	+
Campylobacter jejuni subsp. jejuni 81116	cju	C8J_0412	sdhA	succinate dehydrogenase flavoprotein subunit	md:cju_M00011	I	414667	416502	+
Campylobacter jejuni subsp. jejuni 81116	cju	C8J_0413	sdhB	succinate dehydrogenase, iron-sulfur protein subunit	md:cju_M00011	I	416499	417464	+
Campylobacter jejuni subsp. jejuni 81116	cju	C8J_0414	sdhC	putative succinate dehydrogenase subunit C	md:cju_M00011	I	417468	418325	+
Campylobacter jejuni subsp. jejuni 81116	cju	C8J_0493	mdh	malate dehydrogenase	md:cju_M00011	I	501488	502390	+
Campylobacter jejuni subsp. jejuni 81116	cju	C8J_0494	sucC	succinyl-CoA synthetase beta chain	md:cju_M00011	I	502391	503554	+
Campylobacter jejuni subsp. jejuni 81116	cju	C8J_0495	sucD	succinyl-CoA synthase, alpha subunit	md:cju_M00011	I	503564	504433	+
Campylobacter jejuni subsp. jejuni 81116	cju	C8J_0496	oorD	2-oxoglutarate:acceptor oxidoreductase, delta subunit	md:cju_M00011	I	504447	504758	+
Campylobacter jejuni subsp. jejuni 81116	cju	C8J_0497	oorA	2-oxoglutarate ferredoxin oxidoreductase, alpha subunit	md:cju_M00011	I	504767	505891	+
Campylobacter jejuni subsp. jejuni 81116	cju	C8J_0498	oorB	2-oxoglutarate ferredoxin oxidoreductase, beta subunit	md:cju_M00011	I	505892	506737	+
Campylobacter jejuni subsp. jejuni 81116	cju	C8J_0499	oorC	2-oxoglutarate ferredoxin oxidoreductase, gamma subunit	md:cju_M00011	I	506734	507291	+
Campylobacter jejuni subsp. jejuni 81116	cju	C8J_1282	fumC	fumarate hydratase	md:cju_M00011	I	1296138	1297529	-
Campylobacter jejuni subsp. jejuni 81116	cju	C8J_0493	mdh	malate dehydrogenase	md:cju_M00012	I	501488	502390	+
Campylobacter jejuni subsp. jejuni 81116	cju	C8J_0782	acnB	aconitate hydratase 2	md:cju_M00012	I	787799	790345	-
Campylobacter jejuni subsp. jejuni 81116	cju	C8J_1580	gltA	citrate synthase	md:cju_M00012	I	1586593	1587861	-
Campylobacter jejuni subsp. jejuni 81116	cju	C8J_1345	NA	hypothetical protein	md:cju_M00014	I	1362327	1363625	-
Campylobacter jejuni subsp. jejuni 81116	cju	C8J_0090	proB	putative glutamate 5-kinase	md:cju_M00015	I	112453	113208	+
Campylobacter jejuni subsp. jejuni 81116	cju	C8J_0519	proA	gamma-glutamyl phosphate reductase	md:cju_M00015	I	525449	526681	-
Campylobacter jejuni subsp. jejuni 81116	cju	C8J_1017	proC	pyrroline-5-carboxylate reductase	md:cju_M00015	I	1026981	1027712	+
Campylobacter jejuni subsp. jejuni 81116	cju	C8J_0186	dapB	dihydrodipicolinate reductase	md:cju_M00016	I	195588	196316	-
Campylobacter jejuni subsp. jejuni 81116	cju	C8J_0205	argD	acetylornithine aminotransferase	md:cju_M00016	I	214483	215670	+
Campylobacter jejuni subsp. jejuni 81116	cju	C8J_0291	lysA	diaminopimelate decarboxylase	md:cju_M00016	I	294337	295545	+
Campylobacter jejuni subsp. jejuni 81116	cju	C8J_0544	NA	aspartate kinase	md:cju_M00016	I	546566	547768	+
Campylobacter jejuni subsp. jejuni 81116	cju	C8J_0757	dapA	dihydrodipicolinate synthase	md:cju_M00016	I	764897	765793	+
Campylobacter jejuni subsp. jejuni 81116	cju	C8J_0960	asd	aspartate-semialdehyde dehydrogenase	md:cju_M00016	I	968443	969474	-
Campylobacter jejuni subsp. jejuni 81116	cju	C8J_0989	dapE	succinyl-diaminopimelate desuccinylase	md:cju_M00016	I	999624	1000721	-
Campylobacter jejuni subsp. jejuni 81116	cju	C8J_1378	NA	putative ATP/GTP-binding protein	md:cju_M00016	I	1392895	1393503	-
Campylobacter jejuni subsp. jejuni 81116	cju	C8J_1430	dapF	putative diaminopimelate epimerase	md:cju_M00016	I	1450004	1450753	+
Campylobacter jejuni subsp. jejuni 81116	cju	C8J_1506	dapD	possible 2,3,4,5-tetrahydropyridine-2-carboxylate N-succinyltransferase	md:cju_M00016	I	1520448	1521608	-
Campylobacter jejuni subsp. jejuni 81116	cju	C8J_0146	hom	homoserine dehydrogenase	md:cju_M00017	I	160962	162209	-
Campylobacter jejuni subsp. jejuni 81116	cju	C8J_0544	NA	aspartate kinase	md:cju_M00017	I	546566	547768	+
Campylobacter jejuni subsp. jejuni 81116	cju	C8J_0960	asd	aspartate-semialdehyde dehydrogenase	md:cju_M00017	I	968443	969474	-
Campylobacter jejuni subsp. jejuni 81116	cju	C8J_1145	metE	5-methyltetrahydropteroyltriglutamate--homocysteine methyltransferase	md:cju_M00017	I	1150746	1153010	+
Campylobacter jejuni subsp. jejuni 81116	cju	C8J_1308	metC	cystathionine beta-lyase	md:cju_M00017	I	1323186	1324349	+
Campylobacter jejuni subsp. jejuni 81116	cju	C8J_0127	thrB	homoserine kinase	md:cju_M00018	I	142778	143656	+
Campylobacter jejuni subsp. jejuni 81116	cju	C8J_0146	hom	homoserine dehydrogenase	md:cju_M00018	I	160962	162209	-
Campylobacter jejuni subsp. jejuni 81116	cju	C8J_0544	NA	aspartate kinase	md:cju_M00018	I	546566	547768	+
Campylobacter jejuni subsp. jejuni 81116	cju	C8J_0763	thrC	threonine synthase	md:cju_M00018	I	769268	770680	+
Campylobacter jejuni subsp. jejuni 81116	cju	C8J_0960	asd	aspartate-semialdehyde dehydrogenase	md:cju_M00018	I	968443	969474	-
Campylobacter jejuni subsp. jejuni 81116	cju	C8J_0012	ilvD	dihydroxy-acid dehydratase	md:cju_M00019	I	15808	17484	+
Campylobacter jejuni subsp. jejuni 81116	cju	C8J_0246	ilvE	branched-chain amino acid aminotransferase	md:cju_M00019	I	250534	251448	-
Campylobacter jejuni subsp. jejuni 81116	cju	C8J_0536	ilvB	acetolactate synthase, large subunit, biosynthetic type	md:cju_M00019	I	539590	541290	+
Campylobacter jejuni subsp. jejuni 81116	cju	C8J_0537	ilvH	acetolactate synthase small subunit	md:cju_M00019	I	541287	541751	+
Campylobacter jejuni subsp. jejuni 81116	cju	C8J_0591	ilvC	ketol-acid reductoisomerase	md:cju_M00019	I	595098	596120	+
Campylobacter jejuni subsp. jejuni 81116	cju	C8J_0258	serB	putative phosphoserine phosphatase	md:cju_M00020	I	262632	263255	-
Campylobacter jejuni subsp. jejuni 81116	cju	C8J_0303	serC	phosphoserine aminotransferase	md:cju_M00020	I	307517	308593	+
Campylobacter jejuni subsp. jejuni 81116	cju	C8J_0828	serA	D-3-phosphoglycerate dehydrogenase	md:cju_M00020	I	836683	838266	-
Campylobacter jejuni subsp. jejuni 81116	cju	C8J_0714	cysE	serine acetyltransferase	md:cju_M00021	I	720302	720940	-
Campylobacter jejuni subsp. jejuni 81116	cju	C8J_0848	cysM	cysteine synthase	md:cju_M00021	I	854959	855858	-
Campylobacter jejuni subsp. jejuni 81116	cju	C8J_0059	aroQ	3-dehydroquinate dehydratase	md:cju_M00022	I	85106	85585	-
Campylobacter jejuni subsp. jejuni 81116	cju	C8J_0362	aroK	shikimate kinase	md:cju_M00022	I	361920	362414	+
Campylobacter jejuni subsp. jejuni 81116	cju	C8J_0380	aroE	shikimate 5-dehydrogenase	md:cju_M00022	I	378954	379742	+
Campylobacter jejuni subsp. jejuni 81116	cju	C8J_0683	NA	3-deoxy-7-phosphoheptulonate synthase	md:cju_M00022	I	679339	680679	+
Campylobacter jejuni subsp. jejuni 81116	cju	C8J_0832	aroA	3-phosphoshikimate 1-carboxyvinyltransferase	md:cju_M00022	I	841376	842647	-
Campylobacter jejuni subsp. jejuni 81116	cju	C8J_0945	aroB	3-dehydroquinate synthase	md:cju_M00022	I	953268	954323	-
Campylobacter jejuni subsp. jejuni 81116	cju	C8J_1536	aroC	chorismate synthase	md:cju_M00022	I	1547802	1548890	-
Campylobacter jejuni subsp. jejuni 81116	cju	C8J_0322	trpE	anthranilate synthase component I	md:cju_M00023	I	325447	326697	+
Campylobacter jejuni subsp. jejuni 81116	cju	C8J_0323	trpD	anthranilate synthase component II	md:cju_M00023	I	326694	328295	+
Campylobacter jejuni subsp. jejuni 81116	cju	C8J_0324	trpF	N-(5'-phosphoribosyl)anthranilate isomerase	md:cju_M00023	I	328282	328881	+
Campylobacter jejuni subsp. jejuni 81116	cju	C8J_0325	trpB	tryptophan synthase beta chain	md:cju_M00023	I	328878	330056	+
Campylobacter jejuni subsp. jejuni 81116	cju	C8J_0326	trpA	tryptophan synthase alpha chain	md:cju_M00023	I	330049	330798	+
Campylobacter jejuni subsp. jejuni 81116	cju	C8J_0460	trpC	indole-3-glycerol phosphate synthase	md:cju_M00023	I	462712	463488	+
Campylobacter jejuni subsp. jejuni 81116	cju	C8J_0293	pheA	chorismate mutase/prephenate dehydratase	md:cju_M00024	I	296302	297375	+
Campylobacter jejuni subsp. jejuni 81116	cju	C8J_0123	tyrA	putative prephenate dehydrogenase	md:cju_M00025	I	139165	139992	+
Campylobacter jejuni subsp. jejuni 81116	cju	C8J_0293	pheA	chorismate mutase/prephenate dehydratase	md:cju_M00025	I	296302	297375	+
Campylobacter jejuni subsp. jejuni 81116	cju	C8J_0294	hisC	histidinol-phosphate aminotransferase	md:cju_M00026	I	297365	298459	+
Campylobacter jejuni subsp. jejuni 81116	cju	C8J_1248	NA	cyclase hisF	md:cju_M00026	I	1256293	1257039	-
Campylobacter jejuni subsp. jejuni 81116	cju	C8J_1249	hisH-1	imidazole glycerol phosphate synthase, glutamine amidotransferase subunit	md:cju_M00026	I	1257040	1257645	-
Campylobacter jejuni subsp. jejuni 81116	cju	C8J_1499	hisG	ATP phosphoribosyltransferase	md:cju_M00026	I	1514487	1515386	+
Campylobacter jejuni subsp. jejuni 81116	cju	C8J_1500	hisD	histidinol dehydrogenase	md:cju_M00026	I	1515394	1516680	+
Campylobacter jejuni subsp. jejuni 81116	cju	C8J_1501	hisB	imidazoleglycerol-phosphate dehydratase/histidinol-phosphatase	md:cju_M00026	I	1516677	1517735	+
Campylobacter jejuni subsp. jejuni 81116	cju	C8J_1502	hisH	amidotransferase hisH	md:cju_M00026	I	1517732	1518319	+
Campylobacter jejuni subsp. jejuni 81116	cju	C8J_1503	hisA	phosphoribosylformimino-5-aminoimidazole carboxamide ribotide isomerase	md:cju_M00026	I	1518316	1519050	+
Campylobacter jejuni subsp. jejuni 81116	cju	C8J_1504	hisF	cyclase hisF	md:cju_M00026	I	1519032	1519799	+
Campylobacter jejuni subsp. jejuni 81116	cju	C8J_1505	hisI	phosphoribosyl-AMP cyclohydrolase/phosphoribosyl-ATP pyrophosphohydrolase	md:cju_M00026	I	1519801	1520424	+
Campylobacter jejuni subsp. jejuni 81116	cju	C8J_0202	argC	N-acetyl-gamma-glutamyl-phosphate reductase	md:cju_M00028	I	212146	213174	+
Campylobacter jejuni subsp. jejuni 81116	cju	C8J_0203	NA	acetyltransferase, GNAT family	md:cju_M00028	I	213184	213630	+
Campylobacter jejuni subsp. jejuni 81116	cju	C8J_0204	argB	acetylglutamate kinase	md:cju_M00028	I	213640	214479	+
Campylobacter jejuni subsp. jejuni 81116	cju	C8J_0205	argD	acetylornithine aminotransferase	md:cju_M00028	I	214483	215670	+
Campylobacter jejuni subsp. jejuni 81116	cju	C8J_0621	argG	argininosuccinate synthase	md:cju_M00029	I	623781	625001	-
Campylobacter jejuni subsp. jejuni 81116	cju	C8J_0868	argH	argininosuccinate lyase	md:cju_M00029	I	871334	872716	-
Campylobacter jejuni subsp. jejuni 81116	cju	C8J_0931	argF	ornithine carbamoyltransferase	md:cju_M00029	I	939466	940386	-
Campylobacter jejuni subsp. jejuni 81116	cju	C8J_0166	NA	hypothetical protein	md:cju_M00030	I	175622	176827	-
Campylobacter jejuni subsp. jejuni 81116	cju	C8J_0544	NA	aspartate kinase	md:cju_M00033	I	546566	547768	+
Campylobacter jejuni subsp. jejuni 81116	cju	C8J_0960	asd	aspartate-semialdehyde dehydrogenase	md:cju_M00033	I	968443	969474	-
Campylobacter jejuni subsp. jejuni 81116	cju	C8J_1037	metK	S-adenosylmethionine synthetase	md:cju_M00034	I	1046588	1047784	-
Campylobacter jejuni subsp. jejuni 81116	cju	C8J_1160	NA	hypothetical protein	md:cju_M00034	I	1165946	1166626	-
Campylobacter jejuni subsp. jejuni 81116	cju	C8J_0133	NA	hypothetical protein	md:cju_M00035	I	148293	149258	-
Campylobacter jejuni subsp. jejuni 81116	cju	C8J_1037	metK	S-adenosylmethionine synthetase	md:cju_M00035	I	1046588	1047784	-
Campylobacter jejuni subsp. jejuni 81116	cju	C8J_0246	ilvE	branched-chain amino acid aminotransferase	md:cju_M00036	I	250534	251448	-
Campylobacter jejuni subsp. jejuni 81116	cju	C8J_0293	pheA	chorismate mutase/prephenate dehydratase	md:cju_M00040	I	296302	297375	+
Campylobacter jejuni subsp. jejuni 81116	cju	C8J_0022	purB	adenylosuccinate lyase	md:cju_M00048	I	26657	27985	+
Campylobacter jejuni subsp. jejuni 81116	cju	C8J_0176	purN	phosphoribosylglycinamide formyltransferase	md:cju_M00048	I	185551	186117	-
Campylobacter jejuni subsp. jejuni 81116	cju	C8J_0185	purF	amidophosphoribosyltransferase	md:cju_M00048	I	194249	195586	-
Campylobacter jejuni subsp. jejuni 81116	cju	C8J_0476	purC	phosphoribosylaminoimidazole-succinocarboxamide synthase	md:cju_M00048	I	484293	485003	+
Campylobacter jejuni subsp. jejuni 81116	cju	C8J_0477	NA	hypothetical protein	md:cju_M00048	I	485012	485257	+
Campylobacter jejuni subsp. jejuni 81116	cju	C8J_0478	purQ	phosphoribosylformylglycinamidine synthase subunit I	md:cju_M00048	I	485259	485906	+
Campylobacter jejuni subsp. jejuni 81116	cju	C8J_0669	purE	phosphoribosylaminoimidazole carboxylase catalytic subunit	md:cju_M00048	I	669987	670481	+
Campylobacter jejuni subsp. jejuni 81116	cju	C8J_0895	purH	phosphoribosylaminoimidazolecarboxamide formyltransferase / IMP cyclohydrolase	md:cju_M00048	I	905022	906554	-
Campylobacter jejuni subsp. jejuni 81116	cju	C8J_0897	purL	phosphoribosylformylglycinamidine synthase	md:cju_M00048	I	907324	909510	-
Campylobacter jejuni subsp. jejuni 81116	cju	C8J_1194	purD	phosphoribosylamine--glycine ligase	md:cju_M00048	I	1200715	1201965	+
Campylobacter jejuni subsp. jejuni 81116	cju	C8J_1428	purM	phosphoribosylformylglycinamidine cyclo-ligase	md:cju_M00048	I	1448352	1449341	-
Campylobacter jejuni subsp. jejuni 81116	cju	C8J_0022	purB	adenylosuccinate lyase	md:cju_M00049	I	26657	27985	+
Campylobacter jejuni subsp. jejuni 81116	cju	C8J_0309	ndk	nucleoside diphosphate kinase	md:cju_M00049	I	311420	311833	-
Campylobacter jejuni subsp. jejuni 81116	cju	C8J_0598	adk	adenylate kinase	md:cju_M00049	I	600459	601037	-
Campylobacter jejuni subsp. jejuni 81116	cju	C8J_1403	purA	adenylosuccinate synthetase	md:cju_M00049	I	1416685	1417935	-
Campylobacter jejuni subsp. jejuni 81116	cju	C8J_0309	ndk	nucleoside diphosphate kinase	md:cju_M00050	I	311420	311833	-
Campylobacter jejuni subsp. jejuni 81116	cju	C8J_0999	guaB	inosine-5'-monophosphate dehydrogenase	md:cju_M00050	I	1010818	1012275	-
Campylobacter jejuni subsp. jejuni 81116	cju	C8J_1121	gmk	guanylate kinase	md:cju_M00050	I	1124723	1125340	-
Campylobacter jejuni subsp. jejuni 81116	cju	C8J_1191	guaA	bifunctional GMP synthase/glutamine amidotransferase protein	md:cju_M00050	I	1197394	1198929	+
Campylobacter jejuni subsp. jejuni 81116	cju	C8J_0211	pyrE	putative orotate phosphoribosyltransferase	md:cju_M00051	I	219732	220340	-
Campylobacter jejuni subsp. jejuni 81116	cju	C8J_0236	pyrC	dihydroorotase	md:cju_M00051	I	239601	240608	+
Campylobacter jejuni subsp. jejuni 81116	cju	C8J_0255	carB	carbamoyl-phosphate synthase large chain	md:cju_M00051	I	257966	261235	+
Campylobacter jejuni subsp. jejuni 81116	cju	C8J_0356	NA	hypothetical protein	md:cju_M00051	I	357166	357846	-
Campylobacter jejuni subsp. jejuni 81116	cju	C8J_0755	pyrD	dihydroorotate dehydrogenase	md:cju_M00051	I	762599	763657	+
Campylobacter jejuni subsp. jejuni 81116	cju	C8J_1039	pyrB	aspartate carbamoyltransferase	md:cju_M00051	I	1049157	1050044	+
Campylobacter jejuni subsp. jejuni 81116	cju	C8J_1139	NA	dihydroorotase, putative	md:cju_M00051	I	1144542	1145720	-
Campylobacter jejuni subsp. jejuni 81116	cju	C8J_1399	carA	carbamoyl-phosphate synthase small chain	md:cju_M00051	I	1413987	1415105	-
Campylobacter jejuni subsp. jejuni 81116	cju	C8J_0026	pyrG	CTP synthetase	md:cju_M00052	I	32656	34287	+
Campylobacter jejuni subsp. jejuni 81116	cju	C8J_0309	ndk	nucleoside diphosphate kinase	md:cju_M00052	I	311420	311833	-
Campylobacter jejuni subsp. jejuni 81116	cju	C8J_1218	pyrH	uridylate kinase	md:cju_M00052	I	1227916	1228635	-
Campylobacter jejuni subsp. jejuni 81116	cju	C8J_0023	nrdA	ribonucleoside-diphosphate reductase alpha chain	md:cju_M00053	I	28001	30370	+
Campylobacter jejuni subsp. jejuni 81116	cju	C8J_0209	nrdB	ribonucleoside-diphosphate reductase beta chain	md:cju_M00053	I	218285	219307	-
Campylobacter jejuni subsp. jejuni 81116	cju	C8J_0309	ndk	nucleoside diphosphate kinase	md:cju_M00053	I	311420	311833	-
Campylobacter jejuni subsp. jejuni 81116	cju	C8J_0125	lpxC	UDP-3-O-[3-hydroxymyristoyl] n-acetylglucosamine deacetylase	md:cju_M00060	I	141445	142329	+
Campylobacter jejuni subsp. jejuni 81116	cju	C8J_0251	lpxA	UDP-N-acetylglucosamine acyltransferase	md:cju_M00060	I	253908	254699	+
Campylobacter jejuni subsp. jejuni 81116	cju	C8J_0262	NA	hypothetical protein	md:cju_M00060	I	267043	267660	-
Campylobacter jejuni subsp. jejuni 81116	cju	C8J_0264	lpxB	lipid-A-disaccharide synthase	md:cju_M00060	I	268308	269402	-
Campylobacter jejuni subsp. jejuni 81116	cju	C8J_0538	lpxD	UDP-3-O-[3-hydroxymyristoyl] glucosamine N-acyltransferase	md:cju_M00060	I	541748	542713	+
Campylobacter jejuni subsp. jejuni 81116	cju	C8J_0674	waaA	3-deoxy-D-manno-octulosonic-acid transferase	md:cju_M00060	I	673337	674494	+
Campylobacter jejuni subsp. jejuni 81116	cju	C8J_0762	lpxK	tetraacyldisaccharide 4'-kinase	md:cju_M00060	I	768345	769271	+
Campylobacter jejuni subsp. jejuni 81116	cju	C8J_1074	waaM	lipid A biosynthesis lauroyl acyltransferase	md:cju_M00060	I	1084185	1085063	+
Campylobacter jejuni subsp. jejuni 81116	cju	C8J_0359	kdsA	2-dehydro-3-deoxyphosphooctonate aldolase (KDO 8-P synthase)	md:cju_M00063	I	358702	359517	-
Campylobacter jejuni subsp. jejuni 81116	cju	C8J_0606	NA	phosphatase, YrbI family	md:cju_M00063	I	609324	609812	+
Campylobacter jejuni subsp. jejuni 81116	cju	C8J_0764	kdsB	3-deoxy-manno-octulosonate cytidylyltransferase	md:cju_M00063	I	770665	771396	+
Campylobacter jejuni subsp. jejuni 81116	cju	C8J_1350	kpsF	arabinose-5-phosphate isomerase	md:cju_M00063	I	1368135	1369082	-
Campylobacter jejuni subsp. jejuni 81116	cju	C8J_1095	gmhA-1	phosphoheptose isomerase	md:cju_M00064	I	1102564	1103124	-
Campylobacter jejuni subsp. jejuni 81116	cju	C8J_1096	waaE	putative ADP-heptose synthase	md:cju_M00064	I	1103121	1104506	-
Campylobacter jejuni subsp. jejuni 81116	cju	C8J_1097	waaD	ADP-L-glycero-D-manno-heptose-6-epimerase	md:cju_M00064	I	1104499	1105452	-
Campylobacter jejuni subsp. jejuni 81116	cju	C8J_1098	NA	putative phosphatase	md:cju_M00064	I	1105453	1106013	-
Campylobacter jejuni subsp. jejuni 81116	cju	C8J_0109	fabD	malonyl CoA-acyl carrier protein transacylase	md:cju_M00082	I	127163	128179	+
Campylobacter jejuni subsp. jejuni 81116	cju	C8J_0120	accD	acetyl-CoA carboxylase carboxyl transferase subunit beta	md:cju_M00082	I	135296	136138	-
Campylobacter jejuni subsp. jejuni 81116	cju	C8J_0305	fabH	3-oxoacyl-[acyl-carrier-protein] synthase III	md:cju_M00082	I	308937	309911	-
Campylobacter jejuni subsp. jejuni 81116	cju	C8J_0418	accA	acetyl-CoA carboxylase, carboxyl transferase, alpha subunit	md:cju_M00082	I	420602	421540	+
Campylobacter jejuni subsp. jejuni 81116	cju	C8J_1233	accC-2	acetyl-CoA carboxylase	md:cju_M00082	I	1243210	1244541	-
Campylobacter jejuni subsp. jejuni 81116	cju	C8J_1234	accB	acetyl-CoA carboxylase biotin carboxyl carrier protein	md:cju_M00082	I	1244543	1244998	-
Campylobacter jejuni subsp. jejuni 81116	cju	C8J_0250	fabZ	(3R)-hydroxymyristoyl-[acyl carrier protein] dehydratase	md:cju_M00083	I	253468	253908	+
Campylobacter jejuni subsp. jejuni 81116	cju	C8J_0410	fabG	3-ketoacyl-(acyl-carrier-protein) reductase	md:cju_M00083	I	413170	413913	+
Campylobacter jejuni subsp. jejuni 81116	cju	C8J_0417	fabF	3-oxoacyl-[acyl-carrier-protein] synthase	md:cju_M00083	I	419386	420600	+
Campylobacter jejuni subsp. jejuni 81116	cju	C8J_1314	fabI	putative enoyl-(acyl-carrier-protein) reductase	md:cju_M00083	I	1330713	1331537	-
Campylobacter jejuni subsp. jejuni 81116	cju	C8J_0480	NA	1-acyl-sn-glycerol-3-phosphate acyltransferase, putative	md:cju_M00089	I	487080	487772	+
Campylobacter jejuni subsp. jejuni 81116	cju	C8J_0794	psd	phosphatidylserine decarboxylase	md:cju_M00093	I	800096	800896	+
Campylobacter jejuni subsp. jejuni 81116	cju	C8J_1055	pssA	CDP-diacylglycerol--serine O-phosphatidyltransferase	md:cju_M00093	I	1063443	1064171	-
Campylobacter jejuni subsp. jejuni 81116	cju	C8J_1056	NA	phosphatidylserine decarboxylase-related protein	md:cju_M00093	I	1064181	1064798	-
Campylobacter jejuni subsp. jejuni 81116	cju	C8J_1263	cdsA	phosphatidate cytidylyltransferase	md:cju_M00093	I	1276501	1277226	-
Campylobacter jejuni subsp. jejuni 81116	cju	C8J_0298	dxs	1-deoxyxylulose-5-phosphate synthase	md:cju_M00096	I	302052	303899	+
Campylobacter jejuni subsp. jejuni 81116	cju	C8J_0654	ispG	4-hydroxy-3-methylbut-2-en-1-yl diphosphate synthase	md:cju_M00096	I	653370	654443	+
Campylobacter jejuni subsp. jejuni 81116	cju	C8J_0831	lytB	lytB-like protein	md:cju_M00096	I	840553	841386	-
Campylobacter jejuni subsp. jejuni 81116	cju	C8J_1045	NA	4-diphosphocytidyl-2-C-methyl-D-erythritol kinase	md:cju_M00096	I	1055305	1056072	+
Campylobacter jejuni subsp. jejuni 81116	cju	C8J_1262	dxr	putative 1-deoxy-D-xylulose 5-phosphate reductoisomerase	md:cju_M00096	I	1275434	1276504	-
Campylobacter jejuni subsp. jejuni 81116	cju	C8J_1508	NA	2-C-methyl-D-erythritol 4-phosphate cytidylyltransferase / 2-C-methyl-D-erythritol 2,4-cyclodiphosphate synthase	md:cju_M00096	I	1522863	1523978	+
Campylobacter jejuni subsp. jejuni 81116	cju	C8J_0761	nadE	NAD+ synthetase	md:cju_M00115	I	767601	768341	+
Campylobacter jejuni subsp. jejuni 81116	cju	C8J_1318	NA	nicotinate-nucleotide adenylyltransferase	md:cju_M00115	I	1334472	1335017	+
Campylobacter jejuni subsp. jejuni 81116	cju	C8J_0301	ubiE	ubiquinone/menaquinone biosynthesis methyltransferase	md:cju_M00116	I	305640	306347	+
Campylobacter jejuni subsp. jejuni 81116	cju	C8J_0161	NA	4-hydroxybenzoate octaprenyltransferase, putative	md:cju_M00117	I	171750	172634	-
Campylobacter jejuni subsp. jejuni 81116	cju	C8J_0301	ubiE	ubiquinone/menaquinone biosynthesis methyltransferase	md:cju_M00117	I	305640	306347	+
Campylobacter jejuni subsp. jejuni 81116	cju	C8J_0507	NA	3-octaprenyl-4-hydroxybenzoate carboxy-lyase, putative	md:cju_M00117	I	513433	515235	+
Campylobacter jejuni subsp. jejuni 81116	cju	C8J_0719	NA	putative decarboxylase	md:cju_M00117	I	725081	725644	-
Campylobacter jejuni subsp. jejuni 81116	cju	C8J_0246	ilvE	branched-chain amino acid aminotransferase	md:cju_M00119	I	250534	251448	-
Campylobacter jejuni subsp. jejuni 81116	cju	C8J_0273	panD	aspartate 1-decarboxylase precursor	md:cju_M00119	I	281096	281476	-
Campylobacter jejuni subsp. jejuni 81116	cju	C8J_0274	panC	pantoate--beta-alanine ligase	md:cju_M00119	I	281473	282321	-
Campylobacter jejuni subsp. jejuni 81116	cju	C8J_0275	panB	3-methyl-2-oxobutanoate hydroxymethyltransferase	md:cju_M00119	I	282332	283156	-
Campylobacter jejuni subsp. jejuni 81116	cju	C8J_0369	NA	transcriptional activator, putative, Baf family	md:cju_M00120	I	370808	371437	-
Campylobacter jejuni subsp. jejuni 81116	cju	C8J_0718	kdtB	pantetheine-phosphate adenylyltransferase	md:cju_M00120	I	724565	725041	-
Campylobacter jejuni subsp. jejuni 81116	cju	C8J_0769	dfp	phosphopantothenoylcysteine synthase/decarboxylase	md:cju_M00120	I	775852	777006	+
Campylobacter jejuni subsp. jejuni 81116	cju	C8J_1429	NA	dephospho-CoA kinase	md:cju_M00120	I	1449402	1450007	+
Campylobacter jejuni subsp. jejuni 81116	cju	C8J_0338	NA	putative integral membrane protein	md:cju_M00121	I	338975	339427	+
Campylobacter jejuni subsp. jejuni 81116	cju	C8J_0467	hemH	ferrochelatase	md:cju_M00121	I	471844	472773	-
Campylobacter jejuni subsp. jejuni 81116	cju	C8J_0503	hemA	glutamyl-tRNA reductase	md:cju_M00121	I	509139	510437	+
Campylobacter jejuni subsp. jejuni 81116	cju	C8J_0506	hemC	porphobilinogen deaminase	md:cju_M00121	I	512513	513436	+
Campylobacter jejuni subsp. jejuni 81116	cju	C8J_0800	hemL	glutamate-1-semialdehyde aminotransferase	md:cju_M00121	I	805407	806681	-
Campylobacter jejuni subsp. jejuni 81116	cju	C8J_0929	hemN	oxygen-independent coproporphyrinogen III oxidase	md:cju_M00121	I	937636	938991	-
Campylobacter jejuni subsp. jejuni 81116	cju	C8J_0932	hemB	delta-aminolevulinic acid dehydratase	md:cju_M00121	I	940383	941366	-
Campylobacter jejuni subsp. jejuni 81116	cju	C8J_1021	NA	uroporphyrinogen-III synthetase	md:cju_M00121	I	1029116	1029745	-
Campylobacter jejuni subsp. jejuni 81116	cju	C8J_1186	hemE	uroporphyrinogen decarboxylase	md:cju_M00121	I	1191759	1192781	+
Campylobacter jejuni subsp. jejuni 81116	cju	C8J_1231	gltX2	glutamyl-tRNA synthetase	md:cju_M00121	I	1240901	1242292	-
Campylobacter jejuni subsp. jejuni 81116	cju	C8J_0283	bioF	8-amino-7-oxononanoate synthase	md:cju_M00123	I	288271	289413	-
Campylobacter jejuni subsp. jejuni 81116	cju	C8J_0284	bioA	adenosylmethionine-8-amino-7-oxononanoate aminotransferase	md:cju_M00123	I	289481	290764	+
Campylobacter jejuni subsp. jejuni 81116	cju	C8J_0285	bioD	dethiobiotin synthetase	md:cju_M00123	I	290751	291356	-
Campylobacter jejuni subsp. jejuni 81116	cju	C8J_1582	bioB	putative biotin synthase	md:cju_M00123	I	1589132	1589968	-
Campylobacter jejuni subsp. jejuni 81116	cju	C8J_0303	serC	phosphoserine aminotransferase	md:cju_M00124	I	307517	308593	+
Campylobacter jejuni subsp. jejuni 81116	cju	C8J_1181	pdxJ	putative pyridoxal phosphate biosynthetic protein	md:cju_M00124	I	1187434	1188207	+
Campylobacter jejuni subsp. jejuni 81116	cju	C8J_1182	pdxA	4-hydroxythreonine-4-phosphate dehydrogenase	md:cju_M00124	I	1188204	1189298	+
Campylobacter jejuni subsp. jejuni 81116	cju	C8J_0358	ribH	riboflavin synthase beta chain	md:cju_M00125	I	358241	358705	-
Campylobacter jejuni subsp. jejuni 81116	cju	C8J_0534	ribB	3,4-dihydroxy-2-butanone 4-phosphate synthase	md:cju_M00125	I	538098	539117	+
Campylobacter jejuni subsp. jejuni 81116	cju	C8J_0551	ribF	putative riboflavin kinase/FMN adenylyltransferase	md:cju_M00125	I	553710	554561	+
Campylobacter jejuni subsp. jejuni 81116	cju	C8J_0933	ribA	GTP cyclohydrolase II	md:cju_M00125	I	941424	941984	+
Campylobacter jejuni subsp. jejuni 81116	cju	C8J_1161	ribE	riboflavin synthase alpha chain	md:cju_M00125	I	1166590	1167201	-
Campylobacter jejuni subsp. jejuni 81116	cju	C8J_1524	ribD	diaminohydroxyphosphoribosylaminopyrimidine deaminase / 5-amino-6-(5-phosphoribosylamino)uracil reductase	md:cju_M00125	I	1538312	1539322	+
Campylobacter jejuni subsp. jejuni 81116	cju	C8J_0058	folK	putative 2-amino-4-hydroxy-6-hydroxymethyldihydropteridine pyrophosphokinase	md:cju_M00126	I	84630	85103	-
Campylobacter jejuni subsp. jejuni 81116	cju	C8J_0183	folE	GTP cyclohydrolase I	md:cju_M00126	I	192289	192861	+
Campylobacter jejuni subsp. jejuni 81116	cju	C8J_0333	NA	FolB domain protein	md:cju_M00126	I	334962	335279	-
Campylobacter jejuni subsp. jejuni 81116	cju	C8J_0547	folP	putative dihydropteroate synthase	md:cju_M00126	I	548912	550054	+
Campylobacter jejuni subsp. jejuni 81116	cju	C8J_0672	NA	hypothetical protein	md:cju_M00126	I	671889	672614	+
Campylobacter jejuni subsp. jejuni 81116	cju	C8J_1029	folC	FolC bifunctional protein	md:cju_M00126	I	1036757	1037917	-
Campylobacter jejuni subsp. jejuni 81116	cju	C8J_0426	thiC	thiamine biosynthesis protein ThiC	md:cju_M00127	I	427887	429179	+
Campylobacter jejuni subsp. jejuni 81116	cju	C8J_0980	NA	possible transferase	md:cju_M00127	I	991237	991842	-
Campylobacter jejuni subsp. jejuni 81116	cju	C8J_0981	thiH	thiamine biosynthesis protein ThiH	md:cju_M00127	I	991832	992977	-
Campylobacter jejuni subsp. jejuni 81116	cju	C8J_0982	thiG	thiamine biosynthesis protein ThiG	md:cju_M00127	I	992980	993756	-
Campylobacter jejuni subsp. jejuni 81116	cju	C8J_0983	moeB	thiamine biosynthesis protein ThiF	md:cju_M00127	I	993759	994559	-
Campylobacter jejuni subsp. jejuni 81116	cju	C8J_0984	thiS	thiamine biosynthesis protein ThiS	md:cju_M00127	I	994559	994750	-
Campylobacter jejuni subsp. jejuni 81116	cju	C8J_1022	thiE	thiamine-phosphate pyrophosphorylase	md:cju_M00127	I	1029723	1030355	-
Campylobacter jejuni subsp. jejuni 81116	cju	C8J_1023	thiD	phosphomethylpyrimidine kinase	md:cju_M00127	I	1030345	1031157	-
Campylobacter jejuni subsp. jejuni 81116	cju	C8J_1364	NA	thiamine-monophosphate kinase, putative	md:cju_M00127	I	1380977	1381798	-
Campylobacter jejuni subsp. jejuni 81116	cju	C8J_1345	NA	hypothetical protein	md:cju_M00129	I	1362327	1363625	-
Campylobacter jejuni subsp. jejuni 81116	cju	C8J_1435	galU	UTP--glucose-1-phosphate uridylyltransferase	md:cju_M00129	I	1454353	1455177	-
Campylobacter jejuni subsp. jejuni 81116	cju	C8J_0121	NA	SuhB-like protein	md:cju_M00131	I	136147	136869	-
Campylobacter jejuni subsp. jejuni 81116	cju	C8J_0715	speA	biosynthetic arginine decarboxylase	md:cju_M00133	I	720941	722773	-
Campylobacter jejuni subsp. jejuni 81116	cju	C8J_0377	glyA	serine hydroxymethyltransferase	md:cju_M00140	I	376321	377565	+
Campylobacter jejuni subsp. jejuni 81116	cju	C8J_0802	folD	methylenetetrahydrofolate dehydrogenase/methenyltetrahydrofolate cyclohydrolase	md:cju_M00140	I	807105	807953	+
Campylobacter jejuni subsp. jejuni 81116	cju	C8J_1463	nuoN	NADH dehydrogenase I chain N	md:cju_M00144	I	1483689	1485077	-
Campylobacter jejuni subsp. jejuni 81116	cju	C8J_1464	nuoM	NADH dehydrogenase I chain M	md:cju_M00144	I	1485067	1486554	-
Campylobacter jejuni subsp. jejuni 81116	cju	C8J_1465	nuoL	NADH dehydrogenase I chain L	md:cju_M00144	I	1486556	1488346	-
Campylobacter jejuni subsp. jejuni 81116	cju	C8J_1466	nuoK	NADH dehydrogenase I chain K	md:cju_M00144	I	1488348	1488644	-
Campylobacter jejuni subsp. jejuni 81116	cju	C8J_1467	nuoJ	NADH dehydrogenase I chain J	md:cju_M00144	I	1488641	1489159	-
Campylobacter jejuni subsp. jejuni 81116	cju	C8J_1468	nuoI	NADH-quinone oxidoreductase, I subunit	md:cju_M00144	I	1489156	1489797	-
Campylobacter jejuni subsp. jejuni 81116	cju	C8J_1469	nuoH	NADH dehydrogenase I chain H	md:cju_M00144	I	1489807	1490805	-
Campylobacter jejuni subsp. jejuni 81116	cju	C8J_1470	nuoG	NADH-quinone oxidoreductase, G subunit	md:cju_M00144	I	1490798	1493260	-
Campylobacter jejuni subsp. jejuni 81116	cju	C8J_1471	NA	NADH dehydrogenase I chain F	md:cju_M00144	I	1493257	1493949	-
Campylobacter jejuni subsp. jejuni 81116	cju	C8J_1472	NA	NADH dehydrogenase I chain E	md:cju_M00144	I	1493946	1494173	-
Campylobacter jejuni subsp. jejuni 81116	cju	C8J_1473	nuoD	NADH dehydrogenase I chain D	md:cju_M00144	I	1494170	1495396	-
Campylobacter jejuni subsp. jejuni 81116	cju	C8J_1474	nuoC	NADH dehydrogenase I chain C	md:cju_M00144	I	1495398	1496189	-
Campylobacter jejuni subsp. jejuni 81116	cju	C8J_1475	nuoB	NADH dehydrogenase I chain B	md:cju_M00144	I	1496189	1496692	-
Campylobacter jejuni subsp. jejuni 81116	cju	C8J_1476	nuoA	NADH-quinone oxidoreductase, A subunit	md:cju_M00144	I	1496674	1497063	-
Campylobacter jejuni subsp. jejuni 81116	cju	C8J_0412	sdhA	succinate dehydrogenase flavoprotein subunit	md:cju_M00149	I	414667	416502	+
Campylobacter jejuni subsp. jejuni 81116	cju	C8J_0413	sdhB	succinate dehydrogenase, iron-sulfur protein subunit	md:cju_M00149	I	416499	417464	+
Campylobacter jejuni subsp. jejuni 81116	cju	C8J_0414	sdhC	putative succinate dehydrogenase subunit C	md:cju_M00149	I	417468	418325	+
Campylobacter jejuni subsp. jejuni 81116	cju	C8J_0383	frdC	fumarate reductase cytochrome B subunit	md:cju_M00150	I	381689	382471	+
Campylobacter jejuni subsp. jejuni 81116	cju	C8J_0384	frdA	fumarate reductase flavoprotein subunit	md:cju_M00150	I	382455	384446	+
Campylobacter jejuni subsp. jejuni 81116	cju	C8J_0385	frdB	fumarate reductase iron-sulfur protein	md:cju_M00150	I	384439	385164	+
Campylobacter jejuni subsp. jejuni 81116	cju	C8J_1128	petC	ubiquinol--cytochrome c reductase, cytochrome c1 subunit	md:cju_M00151	I	1131711	1132835	-
Campylobacter jejuni subsp. jejuni 81116	cju	C8J_1129	petB	putative ubiquinol-cytochrome C reductase cytochrome B subunit	md:cju_M00151	I	1132832	1134082	-
Campylobacter jejuni subsp. jejuni 81116	cju	C8J_1130	petA	putative ubiquinol-cytochrome C reductase iron-sulfur subunit	md:cju_M00151	I	1134084	1134587	-
Campylobacter jejuni subsp. jejuni 81116	cju	C8J_1128	petC	ubiquinol--cytochrome c reductase, cytochrome c1 subunit	md:cju_M00152	I	1131711	1132835	-
Campylobacter jejuni subsp. jejuni 81116	cju	C8J_1129	petB	putative ubiquinol-cytochrome C reductase cytochrome B subunit	md:cju_M00152	I	1132832	1134082	-
Campylobacter jejuni subsp. jejuni 81116	cju	C8J_1130	petA	putative ubiquinol-cytochrome C reductase iron-sulfur subunit	md:cju_M00152	I	1134084	1134587	-
Campylobacter jejuni subsp. jejuni 81116	cju	C8J_0074	cydA	cytochrome d ubiquinol oxidase, subunit I	md:cju_M00153	I	97906	99468	+
Campylobacter jejuni subsp. jejuni 81116	cju	C8J_0075	cydB	cytochrome bd oxidase subunit II	md:cju_M00153	I	99468	100592	+
Campylobacter jejuni subsp. jejuni 81116	cju	C8J_1392	ccoP	cb-type cytochrome c oxidase subunit III	md:cju_M00156	I	1408048	1408911	-
Campylobacter jejuni subsp. jejuni 81116	cju	C8J_1393	ccoQ	cb-type cytochrome c oxidase subunit IV	md:cju_M00156	I	1408911	1409174	-
Campylobacter jejuni subsp. jejuni 81116	cju	C8J_1394	ccoO	cb-type cytochrome c oxidase subunit II	md:cju_M00156	I	1409179	1409844	-
Campylobacter jejuni subsp. jejuni 81116	cju	C8J_1395	ccoN	cb-type cytochrome c oxidase subunit I	md:cju_M00156	I	1409857	1411323	-
Campylobacter jejuni subsp. jejuni 81116	cju	C8J_0095	atpF'	ATP synthase F0 sector B' subunit	md:cju_M00157	I	116500	116925	+
Campylobacter jejuni subsp. jejuni 81116	cju	C8J_0096	atpF	ATP synthase F0 sector B subunit	md:cju_M00157	I	116936	117448	+
Campylobacter jejuni subsp. jejuni 81116	cju	C8J_0097	atpH	ATP synthase F1 sector delta subunit	md:cju_M00157	I	117451	117972	+
Campylobacter jejuni subsp. jejuni 81116	cju	C8J_0098	atpA	ATP synthase F1 sector alpha subunit	md:cju_M00157	I	117986	119491	+
Campylobacter jejuni subsp. jejuni 81116	cju	C8J_0099	atpG	ATP synthase F1, gamma subunit	md:cju_M00157	I	119500	120384	+
Campylobacter jejuni subsp. jejuni 81116	cju	C8J_0100	atpD	ATP synthase F1 sector beta subunit	md:cju_M00157	I	120409	121806	+
Campylobacter jejuni subsp. jejuni 81116	cju	C8J_0101	atpC	ATP synthase F1 sector epsilon subunit	md:cju_M00157	I	121810	122199	+
Campylobacter jejuni subsp. jejuni 81116	cju	C8J_0873	atpE	ATP synthase F0 sector C subunit	md:cju_M00157	I	879066	879404	+
Campylobacter jejuni subsp. jejuni 81116	cju	C8J_1147	atpB	ATP synthase F0 sector A subunit	md:cju_M00157	I	1154078	1154758	-
Campylobacter jejuni subsp. jejuni 81116	cju	C8J_0559	fba	fructose-bisphosphate aldolase	md:cju_M00165	I	558777	559841	+
Campylobacter jejuni subsp. jejuni 81116	cju	C8J_0787	fbp	putative fructose-1,6-bisphosphatase	md:cju_M00165	I	793875	794717	-
Campylobacter jejuni subsp. jejuni 81116	cju	C8J_0862	rpiB	putative ribose 5-phosphate isomerase	md:cju_M00165	I	866835	867272	+
Campylobacter jejuni subsp. jejuni 81116	cju	C8J_1316	pgk	phosphoglycerate kinase	md:cju_M00165	I	1332209	1333411	-
Campylobacter jejuni subsp. jejuni 81116	cju	C8J_1317	gapA	glyceraldehyde 3-phosphate dehydrogenase	md:cju_M00165	I	1333414	1334412	-
Campylobacter jejuni subsp. jejuni 81116	cju	C8J_1547	tkt	transketolase	md:cju_M00165	I	1557268	1559166	+
Campylobacter jejuni subsp. jejuni 81116	cju	C8J_1316	pgk	phosphoglycerate kinase	md:cju_M00166	I	1332209	1333411	-
Campylobacter jejuni subsp. jejuni 81116	cju	C8J_1317	gapA	glyceraldehyde 3-phosphate dehydrogenase	md:cju_M00166	I	1333414	1334412	-
Campylobacter jejuni subsp. jejuni 81116	cju	C8J_0559	fba	fructose-bisphosphate aldolase	md:cju_M00167	I	558777	559841	+
Campylobacter jejuni subsp. jejuni 81116	cju	C8J_0787	fbp	putative fructose-1,6-bisphosphatase	md:cju_M00167	I	793875	794717	-
Campylobacter jejuni subsp. jejuni 81116	cju	C8J_0862	rpiB	putative ribose 5-phosphate isomerase	md:cju_M00167	I	866835	867272	+
Campylobacter jejuni subsp. jejuni 81116	cju	C8J_1547	tkt	transketolase	md:cju_M00167	I	1557268	1559166	+
Campylobacter jejuni subsp. jejuni 81116	cju	C8J_0493	mdh	malate dehydrogenase	md:cju_M00168	I	501488	502390	+
Campylobacter jejuni subsp. jejuni 81116	cju	C8J_1230	NA	malate oxidoreductase	md:cju_M00169	I	1239664	1240899	-
Campylobacter jejuni subsp. jejuni 81116	cju	C8J_0869	pckA	ATP; phosphoenolpyruvate carboxykinase	md:cju_M00170	I	872726	874300	-
Campylobacter jejuni subsp. jejuni 81116	cju	C8J_1230	NA	malate oxidoreductase	md:cju_M00172	I	1239664	1240899	-
Campylobacter jejuni subsp. jejuni 81116	cju	C8J_0383	frdC	fumarate reductase cytochrome B subunit	md:cju_M00173	I	381689	382471	+
Campylobacter jejuni subsp. jejuni 81116	cju	C8J_0384	frdA	fumarate reductase flavoprotein subunit	md:cju_M00173	I	382455	384446	+
Campylobacter jejuni subsp. jejuni 81116	cju	C8J_0385	frdB	fumarate reductase iron-sulfur protein	md:cju_M00173	I	384439	385164	+
Campylobacter jejuni subsp. jejuni 81116	cju	C8J_0412	sdhA	succinate dehydrogenase flavoprotein subunit	md:cju_M00173	I	414667	416502	+
Campylobacter jejuni subsp. jejuni 81116	cju	C8J_0413	sdhB	succinate dehydrogenase, iron-sulfur protein subunit	md:cju_M00173	I	416499	417464	+
Campylobacter jejuni subsp. jejuni 81116	cju	C8J_0414	sdhC	putative succinate dehydrogenase subunit C	md:cju_M00173	I	417468	418325	+
Campylobacter jejuni subsp. jejuni 81116	cju	C8J_0492	icd	isocitrate dehydrogenase, NADP-dependent	md:cju_M00173	I	499287	501491	+
Campylobacter jejuni subsp. jejuni 81116	cju	C8J_0493	mdh	malate dehydrogenase	md:cju_M00173	I	501488	502390	+
Campylobacter jejuni subsp. jejuni 81116	cju	C8J_0494	sucC	succinyl-CoA synthetase beta chain	md:cju_M00173	I	502391	503554	+
Campylobacter jejuni subsp. jejuni 81116	cju	C8J_0495	sucD	succinyl-CoA synthase, alpha subunit	md:cju_M00173	I	503564	504433	+
Campylobacter jejuni subsp. jejuni 81116	cju	C8J_0496	oorD	2-oxoglutarate:acceptor oxidoreductase, delta subunit	md:cju_M00173	I	504447	504758	+
Campylobacter jejuni subsp. jejuni 81116	cju	C8J_0497	oorA	2-oxoglutarate ferredoxin oxidoreductase, alpha subunit	md:cju_M00173	I	504767	505891	+
Campylobacter jejuni subsp. jejuni 81116	cju	C8J_0498	oorB	2-oxoglutarate ferredoxin oxidoreductase, beta subunit	md:cju_M00173	I	505892	506737	+
Campylobacter jejuni subsp. jejuni 81116	cju	C8J_0499	oorC	2-oxoglutarate ferredoxin oxidoreductase, gamma subunit	md:cju_M00173	I	506734	507291	+
Campylobacter jejuni subsp. jejuni 81116	cju	C8J_0782	acnB	aconitate hydratase 2	md:cju_M00173	I	787799	790345	-
Campylobacter jejuni subsp. jejuni 81116	cju	C8J_0870	NA	oxaloacetate decarboxylase, alpha subunit, putative	md:cju_M00173	I	874313	876112	-
Campylobacter jejuni subsp. jejuni 81116	cju	C8J_0974	pycA	pyruvate carboxylase subunit A	md:cju_M00173	I	984521	985966	-
Campylobacter jejuni subsp. jejuni 81116	cju	C8J_1282	fumC	fumarate hydratase	md:cju_M00173	I	1296138	1297529	-
Campylobacter jejuni subsp. jejuni 81116	cju	C8J_1381	NA	pyruvate ferredoxin/flavodoxin oxidoreductase	md:cju_M00173	I	1395221	1398781	-
Campylobacter jejuni subsp. jejuni 81116	cju	C8J_1510	NA	ATP-sulfurylase family protein	md:cju_M00176	I	1524840	1526000	+
Campylobacter jejuni subsp. jejuni 81116	cju	C8J_1381	NA	pyruvate ferredoxin/flavodoxin oxidoreductase	md:cju_M00307	I	1395221	1398781	-
Campylobacter jejuni subsp. jejuni 81116	cju	C8J_1316	pgk	phosphoglycerate kinase	md:cju_M00308	I	1332209	1333411	-
Campylobacter jejuni subsp. jejuni 81116	cju	C8J_1317	gapA	glyceraldehyde 3-phosphate dehydrogenase	md:cju_M00308	I	1333414	1334412	-
Campylobacter jejuni subsp. jejuni 81116	cju	C8J_0559	fba	fructose-bisphosphate aldolase	md:cju_M00344	I	558777	559841	+
Campylobacter jejuni subsp. jejuni 81116	cju	C8J_0787	fbp	putative fructose-1,6-bisphosphatase	md:cju_M00344	I	793875	794717	-
Campylobacter jejuni subsp. jejuni 81116	cju	C8J_0559	fba	fructose-bisphosphate aldolase	md:cju_M00345	I	558777	559841	+
Campylobacter jejuni subsp. jejuni 81116	cju	C8J_0377	glyA	serine hydroxymethyltransferase	md:cju_M00346	I	376321	377565	+
Campylobacter jejuni subsp. jejuni 81116	cju	C8J_0493	mdh	malate dehydrogenase	md:cju_M00346	I	501488	502390	+
Campylobacter jejuni subsp. jejuni 81116	cju	C8J_1573	eno	phosphopyruvate hydratase	md:cju_M00346	I	1580619	1581863	-
Campylobacter jejuni subsp. jejuni 81116	cju	C8J_0657	ackA	acetate kinase	md:cju_M00357	I	656780	657967	+
Campylobacter jejuni subsp. jejuni 81116	cju	C8J_1436	acs	acetyl-coenzyme A synthetase	md:cju_M00357	I	1455259	1457232	-
Campylobacter jejuni subsp. jejuni 81116	cju	C8J_1546	ispA	geranyltranstransferase	md:cju_M00364	I	1556413	1557258	+
Campylobacter jejuni subsp. jejuni 81116	cju	C8J_1037	metK	S-adenosylmethionine synthetase	md:cju_M00368	I	1046588	1047784	-
Campylobacter jejuni subsp. jejuni 81116	cju	C8J_0412	sdhA	succinate dehydrogenase flavoprotein subunit	md:cju_M00374	I	414667	416502	+
Campylobacter jejuni subsp. jejuni 81116	cju	C8J_0413	sdhB	succinate dehydrogenase, iron-sulfur protein subunit	md:cju_M00374	I	416499	417464	+
Campylobacter jejuni subsp. jejuni 81116	cju	C8J_0414	sdhC	putative succinate dehydrogenase subunit C	md:cju_M00374	I	417468	418325	+
Campylobacter jejuni subsp. jejuni 81116	cju	C8J_0493	mdh	malate dehydrogenase	md:cju_M00374	I	501488	502390	+
Campylobacter jejuni subsp. jejuni 81116	cju	C8J_0494	sucC	succinyl-CoA synthetase beta chain	md:cju_M00374	I	502391	503554	+
Campylobacter jejuni subsp. jejuni 81116	cju	C8J_0495	sucD	succinyl-CoA synthase, alpha subunit	md:cju_M00374	I	503564	504433	+
Campylobacter jejuni subsp. jejuni 81116	cju	C8J_0120	accD	acetyl-CoA carboxylase carboxyl transferase subunit beta	md:cju_M00376	I	135296	136138	-
Campylobacter jejuni subsp. jejuni 81116	cju	C8J_0412	sdhA	succinate dehydrogenase flavoprotein subunit	md:cju_M00376	I	414667	416502	+
Campylobacter jejuni subsp. jejuni 81116	cju	C8J_0413	sdhB	succinate dehydrogenase, iron-sulfur protein subunit	md:cju_M00376	I	416499	417464	+
Campylobacter jejuni subsp. jejuni 81116	cju	C8J_0414	sdhC	putative succinate dehydrogenase subunit C	md:cju_M00376	I	417468	418325	+
Campylobacter jejuni subsp. jejuni 81116	cju	C8J_0418	accA	acetyl-CoA carboxylase, carboxyl transferase, alpha subunit	md:cju_M00376	I	420602	421540	+
Campylobacter jejuni subsp. jejuni 81116	cju	C8J_1233	accC-2	acetyl-CoA carboxylase	md:cju_M00376	I	1243210	1244541	-
Campylobacter jejuni subsp. jejuni 81116	cju	C8J_1234	accB	acetyl-CoA carboxylase biotin carboxyl carrier protein	md:cju_M00376	I	1244543	1244998	-
Campylobacter jejuni subsp. jejuni 81116	cju	C8J_1282	fumC	fumarate hydratase	md:cju_M00376	I	1296138	1297529	-
Campylobacter jejuni subsp. jejuni 81116	cju	C8J_0802	folD	methylenetetrahydrofolate dehydrogenase/methenyltetrahydrofolate cyclohydrolase	md:cju_M00377	I	807105	807953	+
Campylobacter jejuni subsp. jejuni 81116	cju	C8J_1146	metF	5,10-methylenetetrahydrofolate reductase	md:cju_M00377	I	1153020	1153868	+
Campylobacter jejuni subsp. jejuni 81116	cju	C8J_0505	NA	hypothetical protein	md:cju_M00432	I	512127	512516	+
Campylobacter jejuni subsp. jejuni 81116	cju	C8J_1622	leuD	3-isopropylmalate dehydratase small subunit	md:cju_M00432	I	1617768	1618370	-
Campylobacter jejuni subsp. jejuni 81116	cju	C8J_1623	leuC	3-isopropylmalate dehydratase, large subunit	md:cju_M00432	I	1618372	1619778	-
Campylobacter jejuni subsp. jejuni 81116	cju	C8J_1624	leuB	3-isopropylmalate dehydrogenase	md:cju_M00432	I	1619771	1620847	-
Campylobacter jejuni subsp. jejuni 81116	cju	C8J_1625	leuA	2-isopropylmalate synthase	md:cju_M00432	I	1620844	1622379	-
Campylobacter jejuni subsp. jejuni 81116	cju	C8J_0186	dapB	dihydrodipicolinate reductase	md:cju_M00525	I	195588	196316	-
Campylobacter jejuni subsp. jejuni 81116	cju	C8J_0291	lysA	diaminopimelate decarboxylase	md:cju_M00525	I	294337	295545	+
Campylobacter jejuni subsp. jejuni 81116	cju	C8J_0544	NA	aspartate kinase	md:cju_M00525	I	546566	547768	+
Campylobacter jejuni subsp. jejuni 81116	cju	C8J_0757	dapA	dihydrodipicolinate synthase	md:cju_M00525	I	764897	765793	+
Campylobacter jejuni subsp. jejuni 81116	cju	C8J_0960	asd	aspartate-semialdehyde dehydrogenase	md:cju_M00525	I	968443	969474	-
Campylobacter jejuni subsp. jejuni 81116	cju	C8J_1378	NA	putative ATP/GTP-binding protein	md:cju_M00525	I	1392895	1393503	-
Campylobacter jejuni subsp. jejuni 81116	cju	C8J_1430	dapF	putative diaminopimelate epimerase	md:cju_M00525	I	1450004	1450753	+
Campylobacter jejuni subsp. jejuni 81116	cju	C8J_0186	dapB	dihydrodipicolinate reductase	md:cju_M00526	I	195588	196316	-
Campylobacter jejuni subsp. jejuni 81116	cju	C8J_0291	lysA	diaminopimelate decarboxylase	md:cju_M00526	I	294337	295545	+
Campylobacter jejuni subsp. jejuni 81116	cju	C8J_0544	NA	aspartate kinase	md:cju_M00526	I	546566	547768	+
Campylobacter jejuni subsp. jejuni 81116	cju	C8J_0757	dapA	dihydrodipicolinate synthase	md:cju_M00526	I	764897	765793	+
Campylobacter jejuni subsp. jejuni 81116	cju	C8J_0960	asd	aspartate-semialdehyde dehydrogenase	md:cju_M00526	I	968443	969474	-
Campylobacter jejuni subsp. jejuni 81116	cju	C8J_1378	NA	putative ATP/GTP-binding protein	md:cju_M00526	I	1392895	1393503	-
Campylobacter jejuni subsp. jejuni 81116	cju	C8J_0186	dapB	dihydrodipicolinate reductase	md:cju_M00527	I	195588	196316	-
Campylobacter jejuni subsp. jejuni 81116	cju	C8J_0291	lysA	diaminopimelate decarboxylase	md:cju_M00527	I	294337	295545	+
Campylobacter jejuni subsp. jejuni 81116	cju	C8J_0544	NA	aspartate kinase	md:cju_M00527	I	546566	547768	+
Campylobacter jejuni subsp. jejuni 81116	cju	C8J_0757	dapA	dihydrodipicolinate synthase	md:cju_M00527	I	764897	765793	+
Campylobacter jejuni subsp. jejuni 81116	cju	C8J_0960	asd	aspartate-semialdehyde dehydrogenase	md:cju_M00527	I	968443	969474	-
Campylobacter jejuni subsp. jejuni 81116	cju	C8J_1378	NA	putative ATP/GTP-binding protein	md:cju_M00527	I	1392895	1393503	-
Campylobacter jejuni subsp. jejuni 81116	cju	C8J_1430	dapF	putative diaminopimelate epimerase	md:cju_M00527	I	1450004	1450753	+
Campylobacter jejuni subsp. jejuni 81116	cju	C8J_0731	napA	periplasmic nitrate reductase	md:cju_M00529	I	738354	741128	+
Campylobacter jejuni subsp. jejuni 81116	cju	C8J_0734	napB	periplasmic nitrate reductase small subunit (cytochrome C-type protein)	md:cju_M00529	I	742665	743186	+
Campylobacter jejuni subsp. jejuni 81116	cju	C8J_0731	napA	periplasmic nitrate reductase	md:cju_M00530	I	738354	741128	+
Campylobacter jejuni subsp. jejuni 81116	cju	C8J_0734	napB	periplasmic nitrate reductase small subunit (cytochrome C-type protein)	md:cju_M00530	I	742665	743186	+
Campylobacter jejuni subsp. jejuni 81116	cju	C8J_1275	nrfA	cytochrome c552	md:cju_M00530	I	1285959	1287791	-
Campylobacter jejuni subsp. jejuni 81116	cju	C8J_1276	NA	putative periplasmic cytochrome c	md:cju_M00530	I	1287806	1288297	-
Campylobacter jejuni subsp. jejuni 81116	cju	C8J_0377	glyA	serine hydroxymethyltransferase	md:cju_M00532	I	376321	377565	+
Campylobacter jejuni subsp. jejuni 81116	cju	C8J_1303	katA	catalase	md:cju_M00532	I	1318592	1320016	+
Campylobacter jejuni subsp. jejuni 81116	cju	C8J_1622	leuD	3-isopropylmalate dehydratase small subunit	md:cju_M00535	I	1617768	1618370	-
Campylobacter jejuni subsp. jejuni 81116	cju	C8J_1623	leuC	3-isopropylmalate dehydratase, large subunit	md:cju_M00535	I	1618372	1619778	-
Campylobacter jejuni subsp. jejuni 81116	cju	C8J_1624	leuB	3-isopropylmalate dehydrogenase	md:cju_M00535	I	1619771	1620847	-
Campylobacter jejuni subsp. jejuni 81116	cju	C8J_0682	NA	transthyretin-like periplasmic protein	md:cju_M00546	I	678902	679315	+
Campylobacter jejuni subsp. jejuni 81116	cju	C8J_1321	algC	phosphomannomutase/phosphoglucomutase	md:cju_M00549	I	1335827	1337197	-
Campylobacter jejuni subsp. jejuni 81116	cju	C8J_1435	galU	UTP--glucose-1-phosphate uridylyltransferase	md:cju_M00549	I	1454353	1455177	-
Campylobacter jejuni subsp. jejuni 81116	cju	C8J_1316	pgk	phosphoglycerate kinase	md:cju_M00552	I	1332209	1333411	-
Campylobacter jejuni subsp. jejuni 81116	cju	C8J_1317	gapA	glyceraldehyde 3-phosphate dehydrogenase	md:cju_M00552	I	1333414	1334412	-
Campylobacter jejuni subsp. jejuni 81116	cju	C8J_0247	NA	possible isomserase	md:cju_M00569	I	251624	251830	+
Campylobacter jejuni subsp. jejuni 81116	cju	C8J_0012	ilvD	dihydroxy-acid dehydratase	md:cju_M00570	I	15808	17484	+
Campylobacter jejuni subsp. jejuni 81116	cju	C8J_0246	ilvE	branched-chain amino acid aminotransferase	md:cju_M00570	I	250534	251448	-
Campylobacter jejuni subsp. jejuni 81116	cju	C8J_0536	ilvB	acetolactate synthase, large subunit, biosynthetic type	md:cju_M00570	I	539590	541290	+
Campylobacter jejuni subsp. jejuni 81116	cju	C8J_0537	ilvH	acetolactate synthase small subunit	md:cju_M00570	I	541287	541751	+
Campylobacter jejuni subsp. jejuni 81116	cju	C8J_0591	ilvC	ketol-acid reductoisomerase	md:cju_M00570	I	595098	596120	+
Campylobacter jejuni subsp. jejuni 81116	cju	C8J_0775	ilvA	threonine dehydratase	md:cju_M00570	I	780809	782020	-
Campylobacter jejuni subsp. jejuni 81116	cju	C8J_0250	fabZ	(3R)-hydroxymyristoyl-[acyl carrier protein] dehydratase	md:cju_M00572	I	253468	253908	+
Campylobacter jejuni subsp. jejuni 81116	cju	C8J_0281	bioC	putative biotin synthesis protein	md:cju_M00572	I	286980	287666	-
Campylobacter jejuni subsp. jejuni 81116	cju	C8J_0282	NA	hypothetical protein	md:cju_M00572	I	287663	288274	-
Campylobacter jejuni subsp. jejuni 81116	cju	C8J_0410	fabG	3-ketoacyl-(acyl-carrier-protein) reductase	md:cju_M00572	I	413170	413913	+
Campylobacter jejuni subsp. jejuni 81116	cju	C8J_0417	fabF	3-oxoacyl-[acyl-carrier-protein] synthase	md:cju_M00572	I	419386	420600	+
Campylobacter jejuni subsp. jejuni 81116	cju	C8J_1314	fabI	putative enoyl-(acyl-carrier-protein) reductase	md:cju_M00572	I	1330713	1331537	-
Campylobacter jejuni subsp. jejuni 81116	cju	C8J_0283	bioF	8-amino-7-oxononanoate synthase	md:cju_M00573	I	288271	289413	-
Campylobacter jejuni subsp. jejuni 81116	cju	C8J_0285	bioD	dethiobiotin synthetase	md:cju_M00573	I	290751	291356	-
Campylobacter jejuni subsp. jejuni 81116	cju	C8J_1582	bioB	putative biotin synthase	md:cju_M00573	I	1589132	1589968	-
Campylobacter jejuni subsp. jejuni 81116	cju	C8J_0968	NA	putative outer membrane component of efflux system	md:cju_M00575	I	977684	978958	+
Campylobacter jejuni subsp. jejuni 81116	cju	C8J_0283	bioF	8-amino-7-oxononanoate synthase	md:cju_M00577	I	288271	289413	-
Campylobacter jejuni subsp. jejuni 81116	cju	C8J_0284	bioA	adenosylmethionine-8-amino-7-oxononanoate aminotransferase	md:cju_M00577	I	289481	290764	+
Campylobacter jejuni subsp. jejuni 81116	cju	C8J_0285	bioD	dethiobiotin synthetase	md:cju_M00577	I	290751	291356	-
Campylobacter jejuni subsp. jejuni 81116	cju	C8J_1582	bioB	putative biotin synthase	md:cju_M00577	I	1589132	1589968	-
Campylobacter jejuni subsp. jejuni 81116	cju	C8J_0656	pta	phosphate acetyltransferase	md:cju_M00579	I	655264	656766	+
Campylobacter jejuni subsp. jejuni 81116	cju	C8J_0657	ackA	acetate kinase	md:cju_M00579	I	656780	657967	+
Campylobacter jejuni subsp. jejuni 81116	cju	C8J_1510	NA	ATP-sulfurylase family protein	md:cju_M00596	I	1524840	1526000	+
Campylobacter jejuni subsp. jejuni 81116	cju	C8J_1037	metK	S-adenosylmethionine synthetase	md:cju_M00609	I	1046588	1047784	-
Campylobacter jejuni subsp. jejuni 81116	cju	C8J_1142	luxS	autoinducer-2 production protein LuxS	md:cju_M00609	I	1148156	1148650	+
Campylobacter jejuni subsp. jejuni 81116	cju	C8J_0493	mdh	malate dehydrogenase	md:cju_M00620	I	501488	502390	+
Campylobacter jejuni subsp. jejuni 81116	cju	C8J_0494	sucC	succinyl-CoA synthetase beta chain	md:cju_M00620	I	502391	503554	+
Campylobacter jejuni subsp. jejuni 81116	cju	C8J_0495	sucD	succinyl-CoA synthase, alpha subunit	md:cju_M00620	I	503564	504433	+
Campylobacter jejuni subsp. jejuni 81116	cju	C8J_0496	oorD	2-oxoglutarate:acceptor oxidoreductase, delta subunit	md:cju_M00620	I	504447	504758	+
Campylobacter jejuni subsp. jejuni 81116	cju	C8J_0497	oorA	2-oxoglutarate ferredoxin oxidoreductase, alpha subunit	md:cju_M00620	I	504767	505891	+
Campylobacter jejuni subsp. jejuni 81116	cju	C8J_0498	oorB	2-oxoglutarate ferredoxin oxidoreductase, beta subunit	md:cju_M00620	I	505892	506737	+
Campylobacter jejuni subsp. jejuni 81116	cju	C8J_0499	oorC	2-oxoglutarate ferredoxin oxidoreductase, gamma subunit	md:cju_M00620	I	506734	507291	+
Campylobacter jejuni subsp. jejuni 81116	cju	C8J_0870	NA	oxaloacetate decarboxylase, alpha subunit, putative	md:cju_M00620	I	874313	876112	-
Campylobacter jejuni subsp. jejuni 81116	cju	C8J_0974	pycA	pyruvate carboxylase subunit A	md:cju_M00620	I	984521	985966	-
Campylobacter jejuni subsp. jejuni 81116	cju	C8J_1071	galE	UDP-glucose 4-epimerase	md:cju_M00632	I	1081262	1082248	-
Campylobacter jejuni subsp. jejuni 81116	cju	C8J_1344	NA	hypothetical protein	md:cju_M00632	I	1361356	1362330	-
Campylobacter jejuni subsp. jejuni 81116	cju	C8J_0341	cmeC	RND efflux system, outer membrane lipoprotein CmeC	md:cju_M00642	I	341171	342649	-
Campylobacter jejuni subsp. jejuni 81116	cju	C8J_0341	cmeC	RND efflux system, outer membrane lipoprotein CmeC	md:cju_M00643	I	341171	342649	-
Campylobacter jejuni subsp. jejuni 81116	cju	C8J_0968	NA	putative outer membrane component of efflux system	md:cju_M00696	I	977684	978958	+
Campylobacter jejuni subsp. jejuni 81116	cju	C8J_0968	NA	putative outer membrane component of efflux system	md:cju_M00697	I	977684	978958	+
Campylobacter jejuni subsp. jejuni 81116	cju	C8J_0341	cmeC	RND efflux system, outer membrane lipoprotein CmeC	md:cju_M00718	I	341171	342649	-
Campylobacter jejuni subsp. jejuni 81116	cju	C8J_0342	cmeB	RND efflux system, inner membrane transporter CmeB	md:cju_M00718	I	342642	345764	-
Campylobacter jejuni subsp. jejuni 81116	cju	C8J_0343	cmeA	RND efflux system, membrane fusion protein CmeA	md:cju_M00718	I	345764	346867	-
Campylobacter jejuni subsp. jejuni 81116	cju	C8J_1240	NA	putative amino acid activating enzyme	md:cju_M00725	I	1249977	1251485	+
Campylobacter jejuni subsp. jejuni 81116	cju	C8J_0492	icd	isocitrate dehydrogenase, NADP-dependent	md:cju_M00740	I	499287	501491	+
Campylobacter jejuni subsp. jejuni 81116	cju	C8J_0493	mdh	malate dehydrogenase	md:cju_M00740	I	501488	502390	+
Campylobacter jejuni subsp. jejuni 81116	cju	C8J_1580	gltA	citrate synthase	md:cju_M00740	I	1586593	1587861	-
Campylobacter jejuni subsp. jejuni 81116	cju	C8J_1076	NA	hypothetical protein	md:cju_M00793	I	1085772	1086650	+
Campylobacter jejuni subsp. jejuni 81116	cju	C8J_1077	NA	hypothetical protein	md:cju_M00793	I	1086650	1087681	+
Campylobacter jejuni subsp. jejuni 81116	cju	C8J_0333	NA	FolB domain protein	md:cju_M00840	I	334962	335279	-
Campylobacter jejuni subsp. jejuni 81116	cju	C8J_0534	ribB	3,4-dihydroxy-2-butanone 4-phosphate synthase	md:cju_M00840	I	538098	539117	+
Campylobacter jejuni subsp. jejuni 81116	cju	C8J_0183	folE	GTP cyclohydrolase I	md:cju_M00841	I	192289	192861	+
Campylobacter jejuni subsp. jejuni 81116	cju	C8J_1029	folC	FolC bifunctional protein	md:cju_M00841	I	1036757	1037917	-
Campylobacter jejuni subsp. jejuni 81116	cju	C8J_0156	NA	hypothetical protein	md:cju_M00842	I	168451	169032	-
Campylobacter jejuni subsp. jejuni 81116	cju	C8J_0183	folE	GTP cyclohydrolase I	md:cju_M00842	I	192289	192861	+
Campylobacter jejuni subsp. jejuni 81116	cju	C8J_0156	NA	hypothetical protein	md:cju_M00843	I	168451	169032	-
Campylobacter jejuni subsp. jejuni 81116	cju	C8J_0183	folE	GTP cyclohydrolase I	md:cju_M00843	I	192289	192861	+
Campylobacter jejuni subsp. jejuni 81116	cju	C8J_0621	argG	argininosuccinate synthase	md:cju_M00844	I	623781	625001	-
Campylobacter jejuni subsp. jejuni 81116	cju	C8J_0868	argH	argininosuccinate lyase	md:cju_M00844	I	871334	872716	-
Campylobacter jejuni subsp. jejuni 81116	cju	C8J_0931	argF	ornithine carbamoyltransferase	md:cju_M00844	I	939466	940386	-
Campylobacter jejuni subsp. jejuni 81116	cju	C8J_0202	argC	N-acetyl-gamma-glutamyl-phosphate reductase	md:cju_M00845	I	212146	213174	+
Campylobacter jejuni subsp. jejuni 81116	cju	C8J_0205	argD	acetylornithine aminotransferase	md:cju_M00845	I	214483	215670	+
Campylobacter jejuni subsp. jejuni 81116	cju	C8J_0621	argG	argininosuccinate synthase	md:cju_M00845	I	623781	625001	-
Campylobacter jejuni subsp. jejuni 81116	cju	C8J_0868	argH	argininosuccinate lyase	md:cju_M00845	I	871334	872716	-
Campylobacter jejuni subsp. jejuni 81116	cju	C8J_0503	hemA	glutamyl-tRNA reductase	md:cju_M00846	I	509139	510437	+
Campylobacter jejuni subsp. jejuni 81116	cju	C8J_0506	hemC	porphobilinogen deaminase	md:cju_M00846	I	512513	513436	+
Campylobacter jejuni subsp. jejuni 81116	cju	C8J_0800	hemL	glutamate-1-semialdehyde aminotransferase	md:cju_M00846	I	805407	806681	-
Campylobacter jejuni subsp. jejuni 81116	cju	C8J_0932	hemB	delta-aminolevulinic acid dehydratase	md:cju_M00846	I	940383	941366	-
Campylobacter jejuni subsp. jejuni 81116	cju	C8J_1021	NA	uroporphyrinogen-III synthetase	md:cju_M00846	I	1029116	1029745	-
Campylobacter jejuni subsp. jejuni 81116	cju	C8J_0719	NA	putative decarboxylase	md:cju_M00849	I	725081	725644	-
Campylobacter jejuni subsp. jejuni 81116	cju	C8J_1435	galU	UTP--glucose-1-phosphate uridylyltransferase	md:cju_M00854	I	1454353	1455177	-
Campylobacter jejuni subsp. jejuni 81116	cju	C8J_1321	algC	phosphomannomutase/phosphoglucomutase	md:cju_M00855	I	1335827	1337197	-
Campylobacter jejuni subsp. jejuni 81116	cju	C8J_0071	cdtB	cytolethal distending toxin, type I deoxyribonuclease-like protein	md:cju_M00856	I	95958	96755	-
Campylobacter jejuni subsp. jejuni 81116	cju	C8J_0125	lpxC	UDP-3-O-[3-hydroxymyristoyl] n-acetylglucosamine deacetylase	md:cju_M00866	I	141445	142329	+
Campylobacter jejuni subsp. jejuni 81116	cju	C8J_0251	lpxA	UDP-N-acetylglucosamine acyltransferase	md:cju_M00866	I	253908	254699	+
Campylobacter jejuni subsp. jejuni 81116	cju	C8J_0262	NA	hypothetical protein	md:cju_M00866	I	267043	267660	-
Campylobacter jejuni subsp. jejuni 81116	cju	C8J_0264	lpxB	lipid-A-disaccharide synthase	md:cju_M00866	I	268308	269402	-
Campylobacter jejuni subsp. jejuni 81116	cju	C8J_0538	lpxD	UDP-3-O-[3-hydroxymyristoyl] glucosamine N-acyltransferase	md:cju_M00866	I	541748	542713	+
Campylobacter jejuni subsp. jejuni 81116	cju	C8J_0674	waaA	3-deoxy-D-manno-octulosonic-acid transferase	md:cju_M00866	I	673337	674494	+
Campylobacter jejuni subsp. jejuni 81116	cju	C8J_0762	lpxK	tetraacyldisaccharide 4'-kinase	md:cju_M00866	I	768345	769271	+
Campylobacter jejuni subsp. jejuni 81116	cju	C8J_1074	waaM	lipid A biosynthesis lauroyl acyltransferase	md:cju_M00866	I	1084185	1085063	+
Campylobacter jejuni subsp. jejuni 81116	cju	C8J_0233	NA	sulfatase, putative	md:cju_M00867	I	237478	239016	+
Campylobacter jejuni subsp. jejuni 81116	cju	C8J_0467	hemH	ferrochelatase	md:cju_M00868	I	471844	472773	-
Campylobacter jejuni subsp. jejuni 81116	cju	C8J_0506	hemC	porphobilinogen deaminase	md:cju_M00868	I	512513	513436	+
Campylobacter jejuni subsp. jejuni 81116	cju	C8J_0932	hemB	delta-aminolevulinic acid dehydratase	md:cju_M00868	I	940383	941366	-
Campylobacter jejuni subsp. jejuni 81116	cju	C8J_1021	NA	uroporphyrinogen-III synthetase	md:cju_M00868	I	1029116	1029745	-
Campylobacter jejuni subsp. jejuni 81116	cju	C8J_1186	hemE	uroporphyrinogen decarboxylase	md:cju_M00868	I	1191759	1192781	+
Campylobacter jejuni subsp. jejuni 81116	cju	C8J_0109	fabD	malonyl CoA-acyl carrier protein transacylase	md:cju_M00873	I	127163	128179	+
Campylobacter jejuni subsp. jejuni 81116	cju	C8J_0417	fabF	3-oxoacyl-[acyl-carrier-protein] synthase	md:cju_M00873	I	419386	420600	+
Campylobacter jejuni subsp. jejuni 81116	cju	C8J_0109	fabD	malonyl CoA-acyl carrier protein transacylase	md:cju_M00874	I	127163	128179	+
Campylobacter jejuni subsp. jejuni 81116	cju	C8J_0410	fabG	3-ketoacyl-(acyl-carrier-protein) reductase	md:cju_M00874	I	413170	413913	+
Campylobacter jejuni subsp. jejuni 81116	cju	C8J_0417	fabF	3-oxoacyl-[acyl-carrier-protein] synthase	md:cju_M00874	I	419386	420600	+
Campylobacter jejuni subsp. jejuni 81116	cju	C8J_0158	moaA	molybdenum cofactor biosynthesis protein A	md:cju_M00880	I	169775	170737	-
Campylobacter jejuni subsp. jejuni 81116	cju	C8J_0229	moaC	molybdenum cofactor biosynthesis protein MoaC	md:cju_M00880	I	234719	235192	+
Campylobacter jejuni subsp. jejuni 81116	cju	C8J_0692	mog	molybdopterin biosynthesis protein	md:cju_M00880	I	689304	689846	-
Campylobacter jejuni subsp. jejuni 81116	cju	C8J_0804	NA	molybdopterin biosynthesis MoeA protein, putative	md:cju_M00880	I	808833	809993	-
Campylobacter jejuni subsp. jejuni 81116	cju	C8J_1421	NA	molybdopterin converting factor, subunit 2	md:cju_M00880	I	1438962	1439408	+
Campylobacter jejuni subsp. jejuni 81116	cju	C8J_1422	moeA2	putative molybdopterin biosynthesis protein	md:cju_M00880	I	1439412	1440602	+
Campylobacter jejuni subsp. jejuni 81116	cju	C8J_0426	thiC	thiamine biosynthesis protein ThiC	md:cju_M00895	I	427887	429179	+
Campylobacter jejuni subsp. jejuni 81116	cju	C8J_0980	NA	possible transferase	md:cju_M00895	I	991237	991842	-
Campylobacter jejuni subsp. jejuni 81116	cju	C8J_0982	thiG	thiamine biosynthesis protein ThiG	md:cju_M00895	I	992980	993756	-
Campylobacter jejuni subsp. jejuni 81116	cju	C8J_0983	moeB	thiamine biosynthesis protein ThiF	md:cju_M00895	I	993759	994559	-
Campylobacter jejuni subsp. jejuni 81116	cju	C8J_0984	thiS	thiamine biosynthesis protein ThiS	md:cju_M00895	I	994559	994750	-
Campylobacter jejuni subsp. jejuni 81116	cju	C8J_1022	thiE	thiamine-phosphate pyrophosphorylase	md:cju_M00895	I	1029723	1030355	-
Campylobacter jejuni subsp. jejuni 81116	cju	C8J_1023	thiD	phosphomethylpyrimidine kinase	md:cju_M00895	I	1030345	1031157	-
Campylobacter jejuni subsp. jejuni 81116	cju	C8J_1364	NA	thiamine-monophosphate kinase, putative	md:cju_M00895	I	1380977	1381798	-
Campylobacter jejuni subsp. jejuni 81116	cju	C8J_0426	thiC	thiamine biosynthesis protein ThiC	md:cju_M00896	I	427887	429179	+
Campylobacter jejuni subsp. jejuni 81116	cju	C8J_0980	NA	possible transferase	md:cju_M00896	I	991237	991842	-
Campylobacter jejuni subsp. jejuni 81116	cju	C8J_1022	thiE	thiamine-phosphate pyrophosphorylase	md:cju_M00896	I	1029723	1030355	-
Campylobacter jejuni subsp. jejuni 81116	cju	C8J_1023	thiD	phosphomethylpyrimidine kinase	md:cju_M00896	I	1030345	1031157	-
Campylobacter jejuni subsp. jejuni 81116	cju	C8J_1364	NA	thiamine-monophosphate kinase, putative	md:cju_M00896	I	1380977	1381798	-
Campylobacter jejuni subsp. jejuni 81116	cju	C8J_0426	thiC	thiamine biosynthesis protein ThiC	md:cju_M00897	I	427887	429179	+
Campylobacter jejuni subsp. jejuni 81116	cju	C8J_0980	NA	possible transferase	md:cju_M00899	I	991237	991842	-
Campylobacter jejuni subsp. jejuni 81116	cju	C8J_1022	thiE	thiamine-phosphate pyrophosphorylase	md:cju_M00899	I	1029723	1030355	-
Campylobacter jejuni subsp. jejuni 81116	cju	C8J_1023	thiD	phosphomethylpyrimidine kinase	md:cju_M00899	I	1030345	1031157	-
Campylobacter jejuni subsp. jejuni 81116	cju	C8J_0336	NA	putative phospho-sugar mutase	md:cju_M00909	I	337191	338528	+
Campylobacter jejuni subsp. jejuni 81116	cju	C8J_0768	glmU	UDP-N-acetylglucosamine pyrophosphorylase	md:cju_M00909	I	774566	775855	+
Campylobacter jejuni subsp. jejuni 81116	cju	C8J_1283	glmS	glucosamine--fructose-6-phosphate aminotransferase (isomerizing)	md:cju_M00909	I	1297664	1299460	-
Campylobacter jejuni subsp. jejuni 81116	cju	C8J_1434	pgi	glucose-6-phosphate isomerase	md:cju_M00909	I	1453139	1454359	-
Campylobacter jejuni subsp. jejuni 81116	cju	C8J_0358	ribH	riboflavin synthase beta chain	md:cju_M00911	I	358241	358705	-
Campylobacter jejuni subsp. jejuni 81116	cju	C8J_0933	ribA	GTP cyclohydrolase II	md:cju_M00911	I	941424	941984	+
Campylobacter jejuni subsp. jejuni 81116	cju	C8J_1161	ribE	riboflavin synthase alpha chain	md:cju_M00911	I	1166590	1167201	-
Campylobacter jejuni subsp. jejuni 81116	cju	C8J_0761	nadE	NAD+ synthetase	md:cju_M00912	I	767601	768341	+
Campylobacter jejuni subsp. jejuni 81116	cju	C8J_1318	NA	nicotinate-nucleotide adenylyltransferase	md:cju_M00912	I	1334472	1335017	+
Campylobacter jejuni subsp. jejuni 81116	cju	C8J_0274	panC	pantoate--beta-alanine ligase	md:cju_M00913	I	281473	282321	-
Campylobacter jejuni subsp. jejuni 81116	cju	C8J_0275	panB	3-methyl-2-oxobutanoate hydroxymethyltransferase	md:cju_M00913	I	282332	283156	-
Campylobacter jejuni subsp. jejuni 81116	cju	C8J_0275	panB	3-methyl-2-oxobutanoate hydroxymethyltransferase	md:cju_M00914	I	282332	283156	-
Campylobacter jejuni subsp. jejuni 81116	cju	C8J_0769	dfp	phosphopantothenoylcysteine synthase/decarboxylase	md:cju_M00914	I	775852	777006	+
Campylobacter jejuni subsp. jejuni 81116	cju	C8J_1339	NA	hypothetical protein	md:cju_M00922	I	1353647	1354687	-
Campylobacter jejuni subsp. jejuni 81116	cju	C8J_1236	NA	possible sugar nucleotide epimerase/dehydratase	md:cju_M00923	I	1245755	1246759	+
Campylobacter jejuni subsp. jejuni 81116	cju	C8J_0467	hemH	ferrochelatase	md:cju_M00926	I	471844	472773	-
Campylobacter jejuni subsp. jejuni 81116	cju	C8J_0503	hemA	glutamyl-tRNA reductase	md:cju_M00926	I	509139	510437	+
Campylobacter jejuni subsp. jejuni 81116	cju	C8J_0506	hemC	porphobilinogen deaminase	md:cju_M00926	I	512513	513436	+
Campylobacter jejuni subsp. jejuni 81116	cju	C8J_0800	hemL	glutamate-1-semialdehyde aminotransferase	md:cju_M00926	I	805407	806681	-
Campylobacter jejuni subsp. jejuni 81116	cju	C8J_0932	hemB	delta-aminolevulinic acid dehydratase	md:cju_M00926	I	940383	941366	-
Campylobacter jejuni subsp. jejuni 81116	cju	C8J_1021	NA	uroporphyrinogen-III synthetase	md:cju_M00926	I	1029116	1029745	-
Campylobacter jejuni subsp. jejuni 81116	cju	C8J_1186	hemE	uroporphyrinogen decarboxylase	md:cju_M00926	I	1191759	1192781	+
Campylobacter jejuni subsp. jejuni 81116	cju	C8J_0060	NA	chlorohydrolase	md:cju_M00930	I	85676	86905	+
Campylobacter jejuni subsp. jejuni 81116	cju	C8J_0435	NA	hypothetical protein	md:cju_M00930	I	435810	436856	+
Campylobacter jejuni subsp. jejuni 81116	cju	C8J_1228	NA	hypothetical protein	md:cju_M00930	I	1238364	1239035	-
Campylobacter jejuni subsp. jejuni 81116	cju	C8J_1287	NA	hypothetical protein	md:cju_M00930	I	1301956	1303020	+
Campylobacter jejuni subsp. jejuni 81116	cju	C8J_1575	NA	hypothetical protein	md:cju_M00930	I	1583000	1583860	+
Campylobacter jejuni subsp. jejuni 81116	cju	C8J_0110	pfs	5'-methylthioadenosine nucleosidase / S-adenosylhomocysteine nucleosidase	md:cju_M00931	I	128179	128865	+
Campylobacter jejuni subsp. jejuni 81116	cju	C8J_0435	NA	hypothetical protein	md:cju_M00931	I	435810	436856	+
Campylobacter jejuni subsp. jejuni 81116	cju	C8J_1228	NA	hypothetical protein	md:cju_M00931	I	1238364	1239035	-
Campylobacter jejuni subsp. jejuni 81116	cju	C8J_1287	NA	hypothetical protein	md:cju_M00931	I	1301956	1303020	+
Campylobacter jejuni subsp. jejuni 81116	cju	C8J_1575	NA	hypothetical protein	md:cju_M00931	I	1583000	1583860	+
Campylobacter jejuni subsp. jejuni 81116	cju	C8J_0023	nrdA	ribonucleoside-diphosphate reductase alpha chain	md:cju_M00938	I	28001	30370	+
Campylobacter jejuni subsp. jejuni 81116	cju	C8J_0025	NA	probable thymidylate synthase	md:cju_M00938	I	31914	32537	-
Campylobacter jejuni subsp. jejuni 81116	cju	C8J_0209	nrdB	ribonucleoside-diphosphate reductase beta chain	md:cju_M00938	I	218285	219307	-
Campylobacter jejuni subsp. jejuni 81116	cju	C8J_0309	ndk	nucleoside diphosphate kinase	md:cju_M00938	I	311420	311833	-
Campylobacter jejuni subsp. jejuni 81116	cju	C8J_0717	tmk	dTMP kinase	md:cju_M00938	I	723996	724574	-
Campylobacter jejuni subsp. jejuni 81116	cju	C8J_0780	NA	oxidoreductase, short chain dehydrogenase/reductase family	md:cju_M00939	I	785755	786504	-
Campylobacter jejuni subsp. jejuni 81116	cju	C8J_0283	bioF	8-amino-7-oxononanoate synthase	md:cju_M00950	I	288271	289413	-
Campylobacter jejuni subsp. jejuni 81116	cju	C8J_0285	bioD	dethiobiotin synthetase	md:cju_M00950	I	290751	291356	-
Campylobacter jejuni subsp. jejuni 81116	cju	C8J_1582	bioB	putative biotin synthase	md:cju_M00950	I	1589132	1589968	-
