Chlamydia trachomatis L1/224	ctlx	L1224_00206	NA	diphosphate--fructose-6-phosphate 1-phosphotransferase	md:ctlx_M00001	I	226677	228338	+
Chlamydia trachomatis L1/224	ctlx	L1224_00218	NA	fructose-bisphosphate aldolase	md:ctlx_M00001	I	240072	241118	+
Chlamydia trachomatis L1/224	ctlx	L1224_00338	NA	triosephosphate isomerase	md:ctlx_M00001	I	366065	366889	+
Chlamydia trachomatis L1/224	ctlx	L1224_00343	NA	pyruvate kinase	md:ctlx_M00001	I	370950	372407	+
Chlamydia trachomatis L1/224	ctlx	L1224_00392	NA	glucose-6-phosphate isomerase	md:ctlx_M00001	I	427349	428926	-
Chlamydia trachomatis L1/224	ctlx	L1224_00532	NA	glyceraldehyde-3-phosphate dehydrogenase A	md:ctlx_M00001	I	579989	580993	-
Chlamydia trachomatis L1/224	ctlx	L1224_00615	NA	enolase	md:ctlx_M00001	I	658736	660010	+
Chlamydia trachomatis L1/224	ctlx	L1224_00733	NA	bifunctional phosphoglycerate kinase/triosephosphate isomerase	md:ctlx_M00001	I	791882	793093	+
Chlamydia trachomatis L1/224	ctlx	L1224_00763	NA	phosphoglyceromutase	md:ctlx_M00001	I	830842	831522	-
Chlamydia trachomatis L1/224	ctlx	L1224_00338	NA	triosephosphate isomerase	md:ctlx_M00002	I	366065	366889	+
Chlamydia trachomatis L1/224	ctlx	L1224_00343	NA	pyruvate kinase	md:ctlx_M00002	I	370950	372407	+
Chlamydia trachomatis L1/224	ctlx	L1224_00532	NA	glyceraldehyde-3-phosphate dehydrogenase A	md:ctlx_M00002	I	579989	580993	-
Chlamydia trachomatis L1/224	ctlx	L1224_00615	NA	enolase	md:ctlx_M00002	I	658736	660010	+
Chlamydia trachomatis L1/224	ctlx	L1224_00733	NA	bifunctional phosphoglycerate kinase/triosephosphate isomerase	md:ctlx_M00002	I	791882	793093	+
Chlamydia trachomatis L1/224	ctlx	L1224_00763	NA	phosphoglyceromutase	md:ctlx_M00002	I	830842	831522	-
Chlamydia trachomatis L1/224	ctlx	L1224_00218	NA	fructose-bisphosphate aldolase	md:ctlx_M00003	I	240072	241118	+
Chlamydia trachomatis L1/224	ctlx	L1224_00338	NA	triosephosphate isomerase	md:ctlx_M00003	I	366065	366889	+
Chlamydia trachomatis L1/224	ctlx	L1224_00532	NA	glyceraldehyde-3-phosphate dehydrogenase A	md:ctlx_M00003	I	579989	580993	-
Chlamydia trachomatis L1/224	ctlx	L1224_00615	NA	enolase	md:ctlx_M00003	I	658736	660010	+
Chlamydia trachomatis L1/224	ctlx	L1224_00733	NA	bifunctional phosphoglycerate kinase/triosephosphate isomerase	md:ctlx_M00003	I	791882	793093	+
Chlamydia trachomatis L1/224	ctlx	L1224_00751	NA	phosphoenolpyruvate carboxykinase	md:ctlx_M00003	I	816396	818195	+
Chlamydia trachomatis L1/224	ctlx	L1224_00763	NA	phosphoglyceromutase	md:ctlx_M00003	I	830842	831522	-
Chlamydia trachomatis L1/224	ctlx	L1224_00066	NA	6-phosphogluconate dehydrogenase	md:ctlx_M00004	I	73710	75152	+
Chlamydia trachomatis L1/224	ctlx	L1224_00123	NA	ribulose-phosphate 3-epimerase	md:ctlx_M00004	I	138794	139480	+
Chlamydia trachomatis L1/224	ctlx	L1224_00186	NA	glucose-6-phosphate 1-dehydrogenase	md:ctlx_M00004	I	203192	204715	+
Chlamydia trachomatis L1/224	ctlx	L1224_00187	NA	glucosamine-6-phosphate deaminase	md:ctlx_M00004	I	204740	205510	+
Chlamydia trachomatis L1/224	ctlx	L1224_00216	NA	ribose-5-phosphate isomerase A	md:ctlx_M00004	I	237302	238030	-
Chlamydia trachomatis L1/224	ctlx	L1224_00318	NA	transaldolase B	md:ctlx_M00004	I	346019	347002	-
Chlamydia trachomatis L1/224	ctlx	L1224_00392	NA	glucose-6-phosphate isomerase	md:ctlx_M00004	I	427349	428926	-
Chlamydia trachomatis L1/224	ctlx	L1224_00798	NA	transketolase	md:ctlx_M00004	I	878432	880432	+
Chlamydia trachomatis L1/224	ctlx	L1224_00066	NA	6-phosphogluconate dehydrogenase	md:ctlx_M00006	I	73710	75152	+
Chlamydia trachomatis L1/224	ctlx	L1224_00186	NA	glucose-6-phosphate 1-dehydrogenase	md:ctlx_M00006	I	203192	204715	+
Chlamydia trachomatis L1/224	ctlx	L1224_00187	NA	glucosamine-6-phosphate deaminase	md:ctlx_M00006	I	204740	205510	+
Chlamydia trachomatis L1/224	ctlx	L1224_00123	NA	ribulose-phosphate 3-epimerase	md:ctlx_M00007	I	138794	139480	+
Chlamydia trachomatis L1/224	ctlx	L1224_00216	NA	ribose-5-phosphate isomerase A	md:ctlx_M00007	I	237302	238030	-
Chlamydia trachomatis L1/224	ctlx	L1224_00318	NA	transaldolase B	md:ctlx_M00007	I	346019	347002	-
Chlamydia trachomatis L1/224	ctlx	L1224_00798	NA	transketolase	md:ctlx_M00007	I	878432	880432	+
Chlamydia trachomatis L1/224	ctlx	L1224_00186	NA	glucose-6-phosphate 1-dehydrogenase	md:ctlx_M00008	I	203192	204715	+
Chlamydia trachomatis L1/224	ctlx	L1224_00187	NA	glucosamine-6-phosphate deaminase	md:ctlx_M00008	I	204740	205510	+
Chlamydia trachomatis L1/224	ctlx	L1224_00056	NA	2-oxoglutarate dehydrogenase E1 component	md:ctlx_M00009	I	61448	64159	+
Chlamydia trachomatis L1/224	ctlx	L1224_00057	NA	dihydrolipoamide succinyltransferase	md:ctlx_M00009	I	64163	65260	+
Chlamydia trachomatis L1/224	ctlx	L1224_00390	NA	malate dehydrogenase	md:ctlx_M00009	I	425924	426904	-
Chlamydia trachomatis L1/224	ctlx	L1224_00415	NA	branched-chain alpha-keto acid dehydrogenase subunit E2	md:ctlx_M00009	I	455175	456341	-
Chlamydia trachomatis L1/224	ctlx	L1224_00585	NA	dihydrolipoamide dehydrogenase	md:ctlx_M00009	I	625939	627336	+
Chlamydia trachomatis L1/224	ctlx	L1224_00619	NA	succinate dehydrogenase iron-sulfur subunit	md:ctlx_M00009	I	667000	667659	-
Chlamydia trachomatis L1/224	ctlx	L1224_00620	NA	succinate dehydrogenase flavoprotein subunit	md:ctlx_M00009	I	667777	669657	-
Chlamydia trachomatis L1/224	ctlx	L1224_00621	NA	Succinate dehydrogenase/fumarate reductase, cytochrome b subunit	md:ctlx_M00009	I	669654	670223	-
Chlamydia trachomatis L1/224	ctlx	L1224_00875	NA	succinyl-CoA synthetase subunit beta	md:ctlx_M00009	I	961789	962949	+
Chlamydia trachomatis L1/224	ctlx	L1224_00876	NA	succinyl-CoA synthetase subunit alpha	md:ctlx_M00009	I	962964	963839	+
Chlamydia trachomatis L1/224	ctlx	L1224_00913	NA	fumarate hydratase	md:ctlx_M00009	I	1002110	1002889	+
Chlamydia trachomatis L1/224	ctlx	L1224_00056	NA	2-oxoglutarate dehydrogenase E1 component	md:ctlx_M00011	I	61448	64159	+
Chlamydia trachomatis L1/224	ctlx	L1224_00057	NA	dihydrolipoamide succinyltransferase	md:ctlx_M00011	I	64163	65260	+
Chlamydia trachomatis L1/224	ctlx	L1224_00390	NA	malate dehydrogenase	md:ctlx_M00011	I	425924	426904	-
Chlamydia trachomatis L1/224	ctlx	L1224_00415	NA	branched-chain alpha-keto acid dehydrogenase subunit E2	md:ctlx_M00011	I	455175	456341	-
Chlamydia trachomatis L1/224	ctlx	L1224_00585	NA	dihydrolipoamide dehydrogenase	md:ctlx_M00011	I	625939	627336	+
Chlamydia trachomatis L1/224	ctlx	L1224_00619	NA	succinate dehydrogenase iron-sulfur subunit	md:ctlx_M00011	I	667000	667659	-
Chlamydia trachomatis L1/224	ctlx	L1224_00620	NA	succinate dehydrogenase flavoprotein subunit	md:ctlx_M00011	I	667777	669657	-
Chlamydia trachomatis L1/224	ctlx	L1224_00621	NA	Succinate dehydrogenase/fumarate reductase, cytochrome b subunit	md:ctlx_M00011	I	669654	670223	-
Chlamydia trachomatis L1/224	ctlx	L1224_00875	NA	succinyl-CoA synthetase subunit beta	md:ctlx_M00011	I	961789	962949	+
Chlamydia trachomatis L1/224	ctlx	L1224_00876	NA	succinyl-CoA synthetase subunit alpha	md:ctlx_M00011	I	962964	963839	+
Chlamydia trachomatis L1/224	ctlx	L1224_00913	NA	fumarate hydratase	md:ctlx_M00011	I	1002110	1002889	+
Chlamydia trachomatis L1/224	ctlx	L1224_00390	NA	malate dehydrogenase	md:ctlx_M00012	I	425924	426904	-
Chlamydia trachomatis L1/224	ctlx	L1224_00375	NA	dihydrodipicolinate synthase	md:ctlx_M00016	I	408801	409661	-
Chlamydia trachomatis L1/224	ctlx	L1224_00376	NA	aspartate kinase	md:ctlx_M00016	I	409671	410966	-
Chlamydia trachomatis L1/224	ctlx	L1224_00377	NA	aspartate-semialdehyde dehydrogenase	md:ctlx_M00016	I	410959	411963	-
Chlamydia trachomatis L1/224	ctlx	L1224_00378	NA	dihydrodipicolinate reductase	md:ctlx_M00016	I	411973	412734	-
Chlamydia trachomatis L1/224	ctlx	L1224_00449	NA	diaminopimelate epimerase	md:ctlx_M00016	I	496312	497139	-
Chlamydia trachomatis L1/224	ctlx	L1224_00376	NA	aspartate kinase	md:ctlx_M00017	I	409671	410966	-
Chlamydia trachomatis L1/224	ctlx	L1224_00377	NA	aspartate-semialdehyde dehydrogenase	md:ctlx_M00017	I	410959	411963	-
Chlamydia trachomatis L1/224	ctlx	L1224_00376	NA	aspartate kinase	md:ctlx_M00018	I	409671	410966	-
Chlamydia trachomatis L1/224	ctlx	L1224_00377	NA	aspartate-semialdehyde dehydrogenase	md:ctlx_M00018	I	410959	411963	-
Chlamydia trachomatis L1/224	ctlx	L1224_00380	NA	3-phosphoshikimate 1-carboxyvinyltransferase	md:ctlx_M00022	I	414808	416130	+
Chlamydia trachomatis L1/224	ctlx	L1224_00381	NA	shikimate kinase	md:ctlx_M00022	I	416072	416626	+
Chlamydia trachomatis L1/224	ctlx	L1224_00382	NA	chorismate synthase	md:ctlx_M00022	I	416619	417692	+
Chlamydia trachomatis L1/224	ctlx	L1224_00383	NA	3-dehydroquinate synthase	md:ctlx_M00022	I	417689	418810	+
Chlamydia trachomatis L1/224	ctlx	L1224_00384	NA	bifunctional 3-dehydroquinate dehydratase/shikimate dehydrogenase protein	md:ctlx_M00022	I	418791	420233	+
Chlamydia trachomatis L1/224	ctlx	L1224_00396	NA	3-deoxy-7-phosphoheptulonate synthase	md:ctlx_M00022	I	432066	432902	-
Chlamydia trachomatis L1/224	ctlx	L1224_00170	NA	bifunctional phosphoribosylanthranilate isomerase/tryptophan synthase subunit beta	md:ctlx_M00023	I	190200	191378	+
Chlamydia trachomatis L1/224	ctlx	L1224_00171	NA	tryptophan synthase subunit alpha	md:ctlx_M00023	I	191371	192132	+
Chlamydia trachomatis L1/224	ctlx	L1224_00057	NA	dihydrolipoamide succinyltransferase	md:ctlx_M00032	I	64163	65260	+
Chlamydia trachomatis L1/224	ctlx	L1224_00415	NA	branched-chain alpha-keto acid dehydrogenase subunit E2	md:ctlx_M00032	I	455175	456341	-
Chlamydia trachomatis L1/224	ctlx	L1224_00585	NA	dihydrolipoamide dehydrogenase	md:ctlx_M00032	I	625939	627336	+
Chlamydia trachomatis L1/224	ctlx	L1224_00376	NA	aspartate kinase	md:ctlx_M00033	I	409671	410966	-
Chlamydia trachomatis L1/224	ctlx	L1224_00377	NA	aspartate-semialdehyde dehydrogenase	md:ctlx_M00033	I	410959	411963	-
Chlamydia trachomatis L1/224	ctlx	L1224_00058	NA	hypothetical protein	md:ctlx_M00034	I	65289	66020	-
Chlamydia trachomatis L1/224	ctlx	L1224_00352	NA	pyruvate dehydrogenase subunit beta	md:ctlx_M00036	I	384229	386265	-
Chlamydia trachomatis L1/224	ctlx	L1224_00585	NA	dihydrolipoamide dehydrogenase	md:ctlx_M00036	I	625939	627336	+
Chlamydia trachomatis L1/224	ctlx	L1224_00130	NA	adenylate kinase	md:ctlx_M00049	I	143993	144730	-
Chlamydia trachomatis L1/224	ctlx	L1224_00526	NA	mulitfunctional nucleoside diphosphate kinase/apyrimidinic endonuclease/3'-	md:ctlx_M00049	I	576444	576869	-
Chlamydia trachomatis L1/224	ctlx	L1224_00032	NA	guanylate kinase	md:ctlx_M00050	I	34397	35014	+
Chlamydia trachomatis L1/224	ctlx	L1224_00526	NA	mulitfunctional nucleoside diphosphate kinase/apyrimidinic endonuclease/3'-	md:ctlx_M00050	I	576444	576869	-
Chlamydia trachomatis L1/224	ctlx	L1224_00184	NA	CTP synthetase	md:ctlx_M00052	I	201023	202642	+
Chlamydia trachomatis L1/224	ctlx	L1224_00526	NA	mulitfunctional nucleoside diphosphate kinase/apyrimidinic endonuclease/3'-	md:ctlx_M00052	I	576444	576869	-
Chlamydia trachomatis L1/224	ctlx	L1224_00716	NA	uridylate kinase	md:ctlx_M00052	I	772983	773717	-
Chlamydia trachomatis L1/224	ctlx	L1224_00526	NA	mulitfunctional nucleoside diphosphate kinase/apyrimidinic endonuclease/3'-	md:ctlx_M00053	I	576444	576869	-
Chlamydia trachomatis L1/224	ctlx	L1224_00881	NA	ribonucleotide-diphosphate reductase subunit alpha	md:ctlx_M00053	I	971323	974466	+
Chlamydia trachomatis L1/224	ctlx	L1224_00882	NA	ribonucleotide-diphosphate reductase subunit beta	md:ctlx_M00053	I	974504	975544	+
Chlamydia trachomatis L1/224	ctlx	L1224_00011	NA	lipid A biosynthesis lauroyl acyltransferase	md:ctlx_M00060	I	10391	11758	-
Chlamydia trachomatis L1/224	ctlx	L1224_00211	NA	3-deoxy-D-manno-octulosonic-acid transferase	md:ctlx_M00060	I	231069	232364	-
Chlamydia trachomatis L1/224	ctlx	L1224_00248	NA	UDP-3-O-[3-hydroxymyristoyl] glucosamine N-acyltransferase	md:ctlx_M00060	I	267694	268758	+
Chlamydia trachomatis L1/224	ctlx	L1224_00417	NA	tetraacyldisaccharide 4'-kinase	md:ctlx_M00060	I	457822	458931	-
Chlamydia trachomatis L1/224	ctlx	L1224_00426	NA	lipid-A-disaccharide synthase	md:ctlx_M00060	I	466088	467911	+
Chlamydia trachomatis L1/224	ctlx	L1224_00558	NA	UDP-N-acetylglucosamine acyltransferase	md:ctlx_M00060	I	595703	596545	-
Chlamydia trachomatis L1/224	ctlx	L1224_00560	NA	UDP-3-O-[3-hydroxymyristoyl] N-acetylglucosamine deacetylase	md:ctlx_M00060	I	597015	597875	-
Chlamydia trachomatis L1/224	ctlx	L1224_00183	NA	3-deoxy-manno-octulosonate cytidylyltransferase	md:ctlx_M00063	I	200283	201047	+
Chlamydia trachomatis L1/224	ctlx	L1224_00414	NA	D-arabinose 5-phosphate isomerase	md:ctlx_M00063	I	454157	455143	-
Chlamydia trachomatis L1/224	ctlx	L1224_00689	NA	2-dehydro-3-deoxyphosphooctonate aldolase	md:ctlx_M00063	I	748462	749271	-
Chlamydia trachomatis L1/224	ctlx	L1224_00125	NA	acetyl-CoA carboxylase biotin carboxyl carrier protein subunit	md:ctlx_M00082	I	140037	140531	+
Chlamydia trachomatis L1/224	ctlx	L1224_00126	NA	acetyl-CoA carboxylase biotin carboxylase subunit	md:ctlx_M00082	I	140535	141908	+
Chlamydia trachomatis L1/224	ctlx	L1224_00243	NA	(acyl-carrier-protein) S-malonyltransferase	md:ctlx_M00082	I	261660	262586	-
Chlamydia trachomatis L1/224	ctlx	L1224_00244	NA	3-oxoacyl-(acyl carrier protein) synthase III	md:ctlx_M00082	I	262603	263598	-
Chlamydia trachomatis L1/224	ctlx	L1224_00270	NA	acetyl-CoA carboxylase carboxyltransferase subunit alpha	md:ctlx_M00082	I	293011	293985	-
Chlamydia trachomatis L1/224	ctlx	L1224_00298	NA	acetyl-CoA carboxylase subunit beta	md:ctlx_M00082	I	323057	323983	-
Chlamydia trachomatis L1/224	ctlx	L1224_00105	NA	enoyl-(acyl carrier protein) reductase	md:ctlx_M00083	I	119881	120777	-
Chlamydia trachomatis L1/224	ctlx	L1224_00242	NA	3-ketoacyl-(acyl-carrier-protein) reductase	md:ctlx_M00083	I	260917	261663	-
Chlamydia trachomatis L1/224	ctlx	L1224_00559	NA	(3R)-hydroxymyristoyl-ACP dehydratase	md:ctlx_M00083	I	596557	597018	-
Chlamydia trachomatis L1/224	ctlx	L1224_00819	NA	3-oxoacyl-(acyl carrier protein) synthase II	md:ctlx_M00083	I	900958	902214	+
Chlamydia trachomatis L1/224	ctlx	L1224_00473	NA	2-acyl-glycerophospho-ethanolamine acyltransferase	md:ctlx_M00089	I	523714	524364	+
Chlamydia trachomatis L1/224	ctlx	L1224_00824	NA	2-acyl-glycerophospho-ethanolamine acyltransferase	md:ctlx_M00089	I	905953	906714	+
Chlamydia trachomatis L1/224	ctlx	L1224_00858	NA	Acyltransferase	md:ctlx_M00089	I	942457	943458	-
Chlamydia trachomatis L1/224	ctlx	L1224_00471	NA	CDP-diglyceride synthase	md:ctlx_M00093	I	522153	523070	+
Chlamydia trachomatis L1/224	ctlx	L1224_00739	NA	phosphatidylserine decarboxylase	md:ctlx_M00093	I	799073	799978	+
Chlamydia trachomatis L1/224	ctlx	L1224_00880	NA	CDP-diacylglycerol-serine O-phosphatidyltransferase	md:ctlx_M00093	I	969897	970688	-
Chlamydia trachomatis L1/224	ctlx	L1224_00059	NA	4-hydroxy-3-methylbut-2-en-1-yl diphosphate synthase	md:ctlx_M00096	I	66029	67837	-
Chlamydia trachomatis L1/224	ctlx	L1224_00074	NA	1-deoxy-D-xylulose 5-phosphate reductoisomerase	md:ctlx_M00096	I	84362	85501	+
Chlamydia trachomatis L1/224	ctlx	L1224_00342	NA	1-deoxy-D-xylulose-5-phosphate synthase	md:ctlx_M00096	I	368931	370853	+
Chlamydia trachomatis L1/224	ctlx	L1224_00453	NA	2-C-methyl-D-erythritol 2,4-cyclodiphosphate synthase	md:ctlx_M00096	I	500329	500865	+
Chlamydia trachomatis L1/224	ctlx	L1224_00482	NA	2-C-methyl-D-erythritol 4-phosphate cytidylyltransferase	md:ctlx_M00096	I	535012	535671	+
Chlamydia trachomatis L1/224	ctlx	L1224_00854	NA	4-diphosphocytidyl-2-C-methyl-D-erythritol kinase	md:ctlx_M00096	I	936835	937701	+
Chlamydia trachomatis L1/224	ctlx	L1224_00917	NA	4-hydroxy-3-methylbut-2-enyl diphosphate reductase	md:ctlx_M00096	I	1008704	1009627	+
Chlamydia trachomatis L1/224	ctlx	L1224_00447	NA	ubiquinone/menaquinone biosynthesis methyltransferase	md:ctlx_M00116	I	494583	495236	+
Chlamydia trachomatis L1/224	ctlx	L1224_00222	NA	prenyltransferase	md:ctlx_M00117	I	244484	245392	+
Chlamydia trachomatis L1/224	ctlx	L1224_00223	NA	aromatic acid decarboxylase	md:ctlx_M00117	I	245389	245967	+
Chlamydia trachomatis L1/224	ctlx	L1224_00447	NA	ubiquinone/menaquinone biosynthesis methyltransferase	md:ctlx_M00117	I	494583	495236	+
Chlamydia trachomatis L1/224	ctlx	L1224_00517	NA	dephospho-CoA kinase	md:ctlx_M00120	I	564943	565551	-
Chlamydia trachomatis L1/224	ctlx	L1224_00054	NA	coproporphyrinogen III oxidase	md:ctlx_M00121	I	59550	60680	-
Chlamydia trachomatis L1/224	ctlx	L1224_00213	NA	glutamate-1-semialdehyde aminotransferase	md:ctlx_M00121	I	235017	236285	+
Chlamydia trachomatis L1/224	ctlx	L1224_00304	NA	porphobilinogen deaminase	md:ctlx_M00121	I	329336	330061	+
Chlamydia trachomatis L1/224	ctlx	L1224_00452	NA	uroporphyrinogen-III synthase	md:ctlx_M00121	I	499555	500226	+
Chlamydia trachomatis L1/224	ctlx	L1224_00465	NA	glutamyl-tRNA synthetase	md:ctlx_M00121	I	511351	512871	-
Chlamydia trachomatis L1/224	ctlx	L1224_00510	NA	ferrochelatase	md:ctlx_M00121	I	558585	559529	-
Chlamydia trachomatis L1/224	ctlx	L1224_00665	NA	delta-aminolevulinic acid dehydratase	md:ctlx_M00121	I	717167	718183	+
Chlamydia trachomatis L1/224	ctlx	L1224_00697	NA	glutamyl-tRNA reductase	md:ctlx_M00121	I	755579	756622	+
Chlamydia trachomatis L1/224	ctlx	L1224_00790	NA	protoporphyrinogen oxidase	md:ctlx_M00121	I	863125	864399	-
Chlamydia trachomatis L1/224	ctlx	L1224_00791	NA	coproporphyrinogen III oxidase	md:ctlx_M00121	I	864396	865769	-
Chlamydia trachomatis L1/224	ctlx	L1224_00792	NA	uroporphyrinogen decarboxylase	md:ctlx_M00121	I	865742	866746	-
Chlamydia trachomatis L1/224	ctlx	L1224_00826	NA	8-amino-7-oxononanoate synthase	md:ctlx_M00123	I	908378	909511	+
Chlamydia trachomatis L1/224	ctlx	L1224_00094	NA	bifunctional riboflavin kinase/FMN adenylyltransferase	md:ctlx_M00125	I	108455	109378	-
Chlamydia trachomatis L1/224	ctlx	L1224_00420	NA	riboflavin synthase subunit alpha	md:ctlx_M00125	I	460718	461317	-
Chlamydia trachomatis L1/224	ctlx	L1224_00771	NA	bifunctional diaminohydroxyphosphoribosylaminopyrimidine deaminase/5-amino-6-(5-phosphoribosylamino)uracil reductase	md:ctlx_M00125	I	839118	840245	+
Chlamydia trachomatis L1/224	ctlx	L1224_00772	NA	bifunctional 3,4-dihydroxy-2-butanone 4-phosphate synthase/GTP cyclohydrolase II protein	md:ctlx_M00125	I	840355	841629	+
Chlamydia trachomatis L1/224	ctlx	L1224_00773	NA	6,7-dimethyl-8-ribityllumazine synthase	md:ctlx_M00125	I	841598	842071	+
Chlamydia trachomatis L1/224	ctlx	L1224_00643	NA	dihydrofolate reductase	md:ctlx_M00126	I	688707	689186	-
Chlamydia trachomatis L1/224	ctlx	L1224_00644	NA	dihydropteroate synthase	md:ctlx_M00126	I	689183	690535	-
Chlamydia trachomatis L1/224	ctlx	L1224_00645	NA	D-erythro-7,8-dihydroneopterin triphosphate 2'-epimerase	md:ctlx_M00126	I	690532	690900	-
Chlamydia trachomatis L1/224	ctlx	L1224_00387	NA	pyruvoyl-dependent arginine decarboxylase	md:ctlx_M00133	I	422598	422981	+
Chlamydia trachomatis L1/224	ctlx	L1224_00081	NA	bifunctional 5,10-methylene-tetrahydrofolate dehydrogenase/5,10-methylene-tetrahydrofolate cyclohydrolase	md:ctlx_M00140	I	92468	93331	-
Chlamydia trachomatis L1/224	ctlx	L1224_00451	NA	serine hydroxymethyltransferase	md:ctlx_M00140	I	497698	499191	-
Chlamydia trachomatis L1/224	ctlx	L1224_00619	NA	succinate dehydrogenase iron-sulfur subunit	md:ctlx_M00149	I	667000	667659	-
Chlamydia trachomatis L1/224	ctlx	L1224_00620	NA	succinate dehydrogenase flavoprotein subunit	md:ctlx_M00149	I	667777	669657	-
Chlamydia trachomatis L1/224	ctlx	L1224_00621	NA	Succinate dehydrogenase/fumarate reductase, cytochrome b subunit	md:ctlx_M00149	I	669654	670223	-
Chlamydia trachomatis L1/224	ctlx	L1224_00014	NA	cytochrome bd-II oxidase subunit 1	md:ctlx_M00153	I	14212	15552	+
Chlamydia trachomatis L1/224	ctlx	L1224_00015	NA	cytochrome bd-II oxidase subunit 2	md:ctlx_M00153	I	15564	16625	+
Chlamydia trachomatis L1/224	ctlx	L1224_00309	NA	V-type ATP synthase subunit K	md:ctlx_M00159	I	337057	337482	-
Chlamydia trachomatis L1/224	ctlx	L1224_00310	NA	V-type ATP synthase subunit I	md:ctlx_M00159	I	337544	339493	-
Chlamydia trachomatis L1/224	ctlx	L1224_00311	NA	V-type ATP synthase subunit D	md:ctlx_M00159	I	339499	340110	-
Chlamydia trachomatis L1/224	ctlx	L1224_00312	NA	V-type ATP synthase subunit B	md:ctlx_M00159	I	340095	341411	-
Chlamydia trachomatis L1/224	ctlx	L1224_00313	NA	V-type ATP synthase subunit A	md:ctlx_M00159	I	341414	343189	-
Chlamydia trachomatis L1/224	ctlx	L1224_00315	NA	V-type ATP synthase subunit E	md:ctlx_M00159	I	344150	344776	-
Chlamydia trachomatis L1/224	ctlx	L1224_00216	NA	ribose-5-phosphate isomerase A	md:ctlx_M00165	I	237302	238030	-
Chlamydia trachomatis L1/224	ctlx	L1224_00532	NA	glyceraldehyde-3-phosphate dehydrogenase A	md:ctlx_M00165	I	579989	580993	-
Chlamydia trachomatis L1/224	ctlx	L1224_00733	NA	bifunctional phosphoglycerate kinase/triosephosphate isomerase	md:ctlx_M00165	I	791882	793093	+
Chlamydia trachomatis L1/224	ctlx	L1224_00798	NA	transketolase	md:ctlx_M00165	I	878432	880432	+
Chlamydia trachomatis L1/224	ctlx	L1224_00532	NA	glyceraldehyde-3-phosphate dehydrogenase A	md:ctlx_M00166	I	579989	580993	-
Chlamydia trachomatis L1/224	ctlx	L1224_00733	NA	bifunctional phosphoglycerate kinase/triosephosphate isomerase	md:ctlx_M00166	I	791882	793093	+
Chlamydia trachomatis L1/224	ctlx	L1224_00216	NA	ribose-5-phosphate isomerase A	md:ctlx_M00167	I	237302	238030	-
Chlamydia trachomatis L1/224	ctlx	L1224_00798	NA	transketolase	md:ctlx_M00167	I	878432	880432	+
Chlamydia trachomatis L1/224	ctlx	L1224_00390	NA	malate dehydrogenase	md:ctlx_M00168	I	425924	426904	-
Chlamydia trachomatis L1/224	ctlx	L1224_00390	NA	malate dehydrogenase	md:ctlx_M00173	I	425924	426904	-
Chlamydia trachomatis L1/224	ctlx	L1224_00619	NA	succinate dehydrogenase iron-sulfur subunit	md:ctlx_M00173	I	667000	667659	-
Chlamydia trachomatis L1/224	ctlx	L1224_00620	NA	succinate dehydrogenase flavoprotein subunit	md:ctlx_M00173	I	667777	669657	-
Chlamydia trachomatis L1/224	ctlx	L1224_00621	NA	Succinate dehydrogenase/fumarate reductase, cytochrome b subunit	md:ctlx_M00173	I	669654	670223	-
Chlamydia trachomatis L1/224	ctlx	L1224_00875	NA	succinyl-CoA synthetase subunit beta	md:ctlx_M00173	I	961789	962949	+
Chlamydia trachomatis L1/224	ctlx	L1224_00876	NA	succinyl-CoA synthetase subunit alpha	md:ctlx_M00173	I	962964	963839	+
Chlamydia trachomatis L1/224	ctlx	L1224_00913	NA	fumarate hydratase	md:ctlx_M00173	I	1002110	1002889	+
Chlamydia trachomatis L1/224	ctlx	L1224_00454	NA	sulfite reductase	md:ctlx_M00176	I	500862	501914	-
Chlamydia trachomatis L1/224	ctlx	L1224_00250	NA	hypothetical protein	md:ctlx_M00307	I	270173	271195	+
Chlamydia trachomatis L1/224	ctlx	L1224_00251	NA	pyruvate dehydrogenase subunit beta	md:ctlx_M00307	I	271188	272174	+
Chlamydia trachomatis L1/224	ctlx	L1224_00252	NA	branched-chain alpha-keto acid dehydrogenase subunit E2	md:ctlx_M00307	I	272179	273468	+
Chlamydia trachomatis L1/224	ctlx	L1224_00585	NA	dihydrolipoamide dehydrogenase	md:ctlx_M00307	I	625939	627336	+
Chlamydia trachomatis L1/224	ctlx	L1224_00532	NA	glyceraldehyde-3-phosphate dehydrogenase A	md:ctlx_M00308	I	579989	580993	-
Chlamydia trachomatis L1/224	ctlx	L1224_00733	NA	bifunctional phosphoglycerate kinase/triosephosphate isomerase	md:ctlx_M00308	I	791882	793093	+
Chlamydia trachomatis L1/224	ctlx	L1224_00206	NA	diphosphate--fructose-6-phosphate 1-phosphotransferase	md:ctlx_M00345	I	226677	228338	+
Chlamydia trachomatis L1/224	ctlx	L1224_00390	NA	malate dehydrogenase	md:ctlx_M00346	I	425924	426904	-
Chlamydia trachomatis L1/224	ctlx	L1224_00451	NA	serine hydroxymethyltransferase	md:ctlx_M00346	I	497698	499191	-
Chlamydia trachomatis L1/224	ctlx	L1224_00615	NA	enolase	md:ctlx_M00346	I	658736	660010	+
Chlamydia trachomatis L1/224	ctlx	L1224_00659	NA	geranyltranstransferase	md:ctlx_M00364	I	712381	713256	-
Chlamydia trachomatis L1/224	ctlx	L1224_00390	NA	malate dehydrogenase	md:ctlx_M00374	I	425924	426904	-
Chlamydia trachomatis L1/224	ctlx	L1224_00619	NA	succinate dehydrogenase iron-sulfur subunit	md:ctlx_M00374	I	667000	667659	-
Chlamydia trachomatis L1/224	ctlx	L1224_00620	NA	succinate dehydrogenase flavoprotein subunit	md:ctlx_M00374	I	667777	669657	-
Chlamydia trachomatis L1/224	ctlx	L1224_00621	NA	Succinate dehydrogenase/fumarate reductase, cytochrome b subunit	md:ctlx_M00374	I	669654	670223	-
Chlamydia trachomatis L1/224	ctlx	L1224_00875	NA	succinyl-CoA synthetase subunit beta	md:ctlx_M00374	I	961789	962949	+
Chlamydia trachomatis L1/224	ctlx	L1224_00876	NA	succinyl-CoA synthetase subunit alpha	md:ctlx_M00374	I	962964	963839	+
Chlamydia trachomatis L1/224	ctlx	L1224_00125	NA	acetyl-CoA carboxylase biotin carboxyl carrier protein subunit	md:ctlx_M00376	I	140037	140531	+
Chlamydia trachomatis L1/224	ctlx	L1224_00126	NA	acetyl-CoA carboxylase biotin carboxylase subunit	md:ctlx_M00376	I	140535	141908	+
Chlamydia trachomatis L1/224	ctlx	L1224_00270	NA	acetyl-CoA carboxylase carboxyltransferase subunit alpha	md:ctlx_M00376	I	293011	293985	-
Chlamydia trachomatis L1/224	ctlx	L1224_00298	NA	acetyl-CoA carboxylase subunit beta	md:ctlx_M00376	I	323057	323983	-
Chlamydia trachomatis L1/224	ctlx	L1224_00619	NA	succinate dehydrogenase iron-sulfur subunit	md:ctlx_M00376	I	667000	667659	-
Chlamydia trachomatis L1/224	ctlx	L1224_00620	NA	succinate dehydrogenase flavoprotein subunit	md:ctlx_M00376	I	667777	669657	-
Chlamydia trachomatis L1/224	ctlx	L1224_00621	NA	Succinate dehydrogenase/fumarate reductase, cytochrome b subunit	md:ctlx_M00376	I	669654	670223	-
Chlamydia trachomatis L1/224	ctlx	L1224_00913	NA	fumarate hydratase	md:ctlx_M00376	I	1002110	1002889	+
Chlamydia trachomatis L1/224	ctlx	L1224_00081	NA	bifunctional 5,10-methylene-tetrahydrofolate dehydrogenase/5,10-methylene-tetrahydrofolate cyclohydrolase	md:ctlx_M00377	I	92468	93331	-
Chlamydia trachomatis L1/224	ctlx	L1224_00375	NA	dihydrodipicolinate synthase	md:ctlx_M00525	I	408801	409661	-
Chlamydia trachomatis L1/224	ctlx	L1224_00376	NA	aspartate kinase	md:ctlx_M00525	I	409671	410966	-
Chlamydia trachomatis L1/224	ctlx	L1224_00377	NA	aspartate-semialdehyde dehydrogenase	md:ctlx_M00525	I	410959	411963	-
Chlamydia trachomatis L1/224	ctlx	L1224_00378	NA	dihydrodipicolinate reductase	md:ctlx_M00525	I	411973	412734	-
Chlamydia trachomatis L1/224	ctlx	L1224_00449	NA	diaminopimelate epimerase	md:ctlx_M00525	I	496312	497139	-
Chlamydia trachomatis L1/224	ctlx	L1224_00375	NA	dihydrodipicolinate synthase	md:ctlx_M00526	I	408801	409661	-
Chlamydia trachomatis L1/224	ctlx	L1224_00376	NA	aspartate kinase	md:ctlx_M00526	I	409671	410966	-
Chlamydia trachomatis L1/224	ctlx	L1224_00377	NA	aspartate-semialdehyde dehydrogenase	md:ctlx_M00526	I	410959	411963	-
Chlamydia trachomatis L1/224	ctlx	L1224_00378	NA	dihydrodipicolinate reductase	md:ctlx_M00526	I	411973	412734	-
Chlamydia trachomatis L1/224	ctlx	L1224_00375	NA	dihydrodipicolinate synthase	md:ctlx_M00527	I	408801	409661	-
Chlamydia trachomatis L1/224	ctlx	L1224_00376	NA	aspartate kinase	md:ctlx_M00527	I	409671	410966	-
Chlamydia trachomatis L1/224	ctlx	L1224_00377	NA	aspartate-semialdehyde dehydrogenase	md:ctlx_M00527	I	410959	411963	-
Chlamydia trachomatis L1/224	ctlx	L1224_00378	NA	dihydrodipicolinate reductase	md:ctlx_M00527	I	411973	412734	-
Chlamydia trachomatis L1/224	ctlx	L1224_00405	NA	L,L-diaminopimelate aminotransferase	md:ctlx_M00527	I	441229	442413	+
Chlamydia trachomatis L1/224	ctlx	L1224_00449	NA	diaminopimelate epimerase	md:ctlx_M00527	I	496312	497139	-
Chlamydia trachomatis L1/224	ctlx	L1224_00287	NA	glycine cleavage system protein H	md:ctlx_M00532	I	309534	309887	-
Chlamydia trachomatis L1/224	ctlx	L1224_00451	NA	serine hydroxymethyltransferase	md:ctlx_M00532	I	497698	499191	-
Chlamydia trachomatis L1/224	ctlx	L1224_00585	NA	dihydrolipoamide dehydrogenase	md:ctlx_M00532	I	625939	627336	+
Chlamydia trachomatis L1/224	ctlx	L1224_00091	NA	type III secretion system protein InvA	md:ctlx_M00542	I	103881	106007	-
Chlamydia trachomatis L1/224	ctlx	L1224_00092	NA	type III secretion system protein	md:ctlx_M00542	I	106007	107089	-
Chlamydia trachomatis L1/224	ctlx	L1224_00587	NA	flagellar MS-ring protein	md:ctlx_M00542	I	628372	629349	+
Chlamydia trachomatis L1/224	ctlx	L1224_00590	NA	type III secretion system protein	md:ctlx_M00542	I	631146	632066	+
Chlamydia trachomatis L1/224	ctlx	L1224_00591	NA	flagellar biosynthesis protein FliQ	md:ctlx_M00542	I	632078	632362	+
Chlamydia trachomatis L1/224	ctlx	L1224_00592	NA	flagellar biosynthesis protein FliR	md:ctlx_M00542	I	632369	633238	+
Chlamydia trachomatis L1/224	ctlx	L1224_00704	NA	type III secretion system ATPase	md:ctlx_M00542	I	761969	763297	+
Chlamydia trachomatis L1/224	ctlx	L1224_00709	NA	putative outer membrane porin HofQ	md:ctlx_M00542	I	767416	770181	+
Chlamydia trachomatis L1/224	ctlx	L1224_00532	NA	glyceraldehyde-3-phosphate dehydrogenase A	md:ctlx_M00552	I	579989	580993	-
Chlamydia trachomatis L1/224	ctlx	L1224_00733	NA	bifunctional phosphoglycerate kinase/triosephosphate isomerase	md:ctlx_M00552	I	791882	793093	+
Chlamydia trachomatis L1/224	ctlx	L1224_00044	NA	glycogen debranching enzyme	md:ctlx_M00565	I	46491	48491	-
Chlamydia trachomatis L1/224	ctlx	L1224_00514	NA	glucose-1-phosphate adenylyltransferase	md:ctlx_M00565	I	561774	563099	-
Chlamydia trachomatis L1/224	ctlx	L1224_00847	NA	glycogen synthase	md:ctlx_M00565	I	932404	933828	-
Chlamydia trachomatis L1/224	ctlx	L1224_00926	NA	glycogen branching enzyme	md:ctlx_M00565	I	1017700	1019916	+
Chlamydia trachomatis L1/224	ctlx	L1224_00105	NA	enoyl-(acyl carrier protein) reductase	md:ctlx_M00572	I	119881	120777	-
Chlamydia trachomatis L1/224	ctlx	L1224_00242	NA	3-ketoacyl-(acyl-carrier-protein) reductase	md:ctlx_M00572	I	260917	261663	-
Chlamydia trachomatis L1/224	ctlx	L1224_00559	NA	(3R)-hydroxymyristoyl-ACP dehydratase	md:ctlx_M00572	I	596557	597018	-
Chlamydia trachomatis L1/224	ctlx	L1224_00819	NA	3-oxoacyl-(acyl carrier protein) synthase II	md:ctlx_M00572	I	900958	902214	+
Chlamydia trachomatis L1/224	ctlx	L1224_00826	NA	8-amino-7-oxononanoate synthase	md:ctlx_M00573	I	908378	909511	+
Chlamydia trachomatis L1/224	ctlx	L1224_00826	NA	8-amino-7-oxononanoate synthase	md:ctlx_M00577	I	908378	909511	+
Chlamydia trachomatis L1/224	ctlx	L1224_00216	NA	ribose-5-phosphate isomerase A	md:ctlx_M00580	I	237302	238030	-
Chlamydia trachomatis L1/224	ctlx	L1224_00390	NA	malate dehydrogenase	md:ctlx_M00620	I	425924	426904	-
Chlamydia trachomatis L1/224	ctlx	L1224_00875	NA	succinyl-CoA synthetase subunit beta	md:ctlx_M00620	I	961789	962949	+
Chlamydia trachomatis L1/224	ctlx	L1224_00876	NA	succinyl-CoA synthetase subunit alpha	md:ctlx_M00620	I	962964	963839	+
Chlamydia trachomatis L1/224	ctlx	L1224_00091	NA	type III secretion system protein InvA	md:ctlx_M00660	I	103881	106007	-
Chlamydia trachomatis L1/224	ctlx	L1224_00092	NA	type III secretion system protein	md:ctlx_M00660	I	106007	107089	-
Chlamydia trachomatis L1/224	ctlx	L1224_00587	NA	flagellar MS-ring protein	md:ctlx_M00660	I	628372	629349	+
Chlamydia trachomatis L1/224	ctlx	L1224_00589	NA	type III secretion system protein	md:ctlx_M00660	I	630462	631133	+
Chlamydia trachomatis L1/224	ctlx	L1224_00590	NA	type III secretion system protein	md:ctlx_M00660	I	631146	632066	+
Chlamydia trachomatis L1/224	ctlx	L1224_00591	NA	flagellar biosynthesis protein FliQ	md:ctlx_M00660	I	632078	632362	+
Chlamydia trachomatis L1/224	ctlx	L1224_00592	NA	flagellar biosynthesis protein FliR	md:ctlx_M00660	I	632369	633238	+
Chlamydia trachomatis L1/224	ctlx	L1224_00704	NA	type III secretion system ATPase	md:ctlx_M00660	I	761969	763297	+
Chlamydia trachomatis L1/224	ctlx	L1224_00390	NA	malate dehydrogenase	md:ctlx_M00740	I	425924	426904	-
Chlamydia trachomatis L1/224	ctlx	L1224_00337	NA	N-(5'-phosphoribosyl)anthranilate isomerase	md:ctlx_M00840	I	365243	365869	-
Chlamydia trachomatis L1/224	ctlx	L1224_00642	NA	F420-0--gamma-glutamyl ligase	md:ctlx_M00840	I	688004	688735	-
Chlamydia trachomatis L1/224	ctlx	L1224_00643	NA	dihydrofolate reductase	md:ctlx_M00840	I	688707	689186	-
Chlamydia trachomatis L1/224	ctlx	L1224_00644	NA	dihydropteroate synthase	md:ctlx_M00840	I	689183	690535	-
Chlamydia trachomatis L1/224	ctlx	L1224_00645	NA	D-erythro-7,8-dihydroneopterin triphosphate 2'-epimerase	md:ctlx_M00840	I	690532	690900	-
Chlamydia trachomatis L1/224	ctlx	L1224_00772	NA	bifunctional 3,4-dihydroxy-2-butanone 4-phosphate synthase/GTP cyclohydrolase II protein	md:ctlx_M00840	I	840355	841629	+
Chlamydia trachomatis L1/224	ctlx	L1224_00644	NA	dihydropteroate synthase	md:ctlx_M00841	I	689183	690535	-
Chlamydia trachomatis L1/224	ctlx	L1224_00213	NA	glutamate-1-semialdehyde aminotransferase	md:ctlx_M00846	I	235017	236285	+
Chlamydia trachomatis L1/224	ctlx	L1224_00304	NA	porphobilinogen deaminase	md:ctlx_M00846	I	329336	330061	+
Chlamydia trachomatis L1/224	ctlx	L1224_00452	NA	uroporphyrinogen-III synthase	md:ctlx_M00846	I	499555	500226	+
Chlamydia trachomatis L1/224	ctlx	L1224_00665	NA	delta-aminolevulinic acid dehydratase	md:ctlx_M00846	I	717167	718183	+
Chlamydia trachomatis L1/224	ctlx	L1224_00697	NA	glutamyl-tRNA reductase	md:ctlx_M00846	I	755579	756622	+
Chlamydia trachomatis L1/224	ctlx	L1224_00223	NA	aromatic acid decarboxylase	md:ctlx_M00849	I	245389	245967	+
Chlamydia trachomatis L1/224	ctlx	L1224_00514	NA	glucose-1-phosphate adenylyltransferase	md:ctlx_M00854	I	561774	563099	-
Chlamydia trachomatis L1/224	ctlx	L1224_00847	NA	glycogen synthase	md:ctlx_M00854	I	932404	933828	-
Chlamydia trachomatis L1/224	ctlx	L1224_00926	NA	glycogen branching enzyme	md:ctlx_M00854	I	1017700	1019916	+
Chlamydia trachomatis L1/224	ctlx	L1224_00088	NA	4-alpha-glucanotransferase	md:ctlx_M00855	I	100533	102116	-
Chlamydia trachomatis L1/224	ctlx	L1224_00253	NA	glycogen phosphorylase	md:ctlx_M00855	I	273495	275939	-
Chlamydia trachomatis L1/224	ctlx	L1224_00011	NA	lipid A biosynthesis lauroyl acyltransferase	md:ctlx_M00866	I	10391	11758	-
Chlamydia trachomatis L1/224	ctlx	L1224_00211	NA	3-deoxy-D-manno-octulosonic-acid transferase	md:ctlx_M00866	I	231069	232364	-
Chlamydia trachomatis L1/224	ctlx	L1224_00248	NA	UDP-3-O-[3-hydroxymyristoyl] glucosamine N-acyltransferase	md:ctlx_M00866	I	267694	268758	+
Chlamydia trachomatis L1/224	ctlx	L1224_00417	NA	tetraacyldisaccharide 4'-kinase	md:ctlx_M00866	I	457822	458931	-
Chlamydia trachomatis L1/224	ctlx	L1224_00426	NA	lipid-A-disaccharide synthase	md:ctlx_M00866	I	466088	467911	+
Chlamydia trachomatis L1/224	ctlx	L1224_00558	NA	UDP-N-acetylglucosamine acyltransferase	md:ctlx_M00866	I	595703	596545	-
Chlamydia trachomatis L1/224	ctlx	L1224_00560	NA	UDP-3-O-[3-hydroxymyristoyl] N-acetylglucosamine deacetylase	md:ctlx_M00866	I	597015	597875	-
Chlamydia trachomatis L1/224	ctlx	L1224_00304	NA	porphobilinogen deaminase	md:ctlx_M00868	I	329336	330061	+
Chlamydia trachomatis L1/224	ctlx	L1224_00452	NA	uroporphyrinogen-III synthase	md:ctlx_M00868	I	499555	500226	+
Chlamydia trachomatis L1/224	ctlx	L1224_00510	NA	ferrochelatase	md:ctlx_M00868	I	558585	559529	-
Chlamydia trachomatis L1/224	ctlx	L1224_00665	NA	delta-aminolevulinic acid dehydratase	md:ctlx_M00868	I	717167	718183	+
Chlamydia trachomatis L1/224	ctlx	L1224_00790	NA	protoporphyrinogen oxidase	md:ctlx_M00868	I	863125	864399	-
Chlamydia trachomatis L1/224	ctlx	L1224_00792	NA	uroporphyrinogen decarboxylase	md:ctlx_M00868	I	865742	866746	-
Chlamydia trachomatis L1/224	ctlx	L1224_00243	NA	(acyl-carrier-protein) S-malonyltransferase	md:ctlx_M00873	I	261660	262586	-
Chlamydia trachomatis L1/224	ctlx	L1224_00819	NA	3-oxoacyl-(acyl carrier protein) synthase II	md:ctlx_M00873	I	900958	902214	+
Chlamydia trachomatis L1/224	ctlx	L1224_00242	NA	3-ketoacyl-(acyl-carrier-protein) reductase	md:ctlx_M00874	I	260917	261663	-
Chlamydia trachomatis L1/224	ctlx	L1224_00243	NA	(acyl-carrier-protein) S-malonyltransferase	md:ctlx_M00874	I	261660	262586	-
Chlamydia trachomatis L1/224	ctlx	L1224_00819	NA	3-oxoacyl-(acyl carrier protein) synthase II	md:ctlx_M00874	I	900958	902214	+
Chlamydia trachomatis L1/224	ctlx	L1224_00586	NA	lipoyl synthase	md:ctlx_M00881	I	627333	628268	+
Chlamydia trachomatis L1/224	ctlx	L1224_00586	NA	lipoyl synthase	md:ctlx_M00882	I	627333	628268	+
Chlamydia trachomatis L1/224	ctlx	L1224_00586	NA	lipoyl synthase	md:ctlx_M00883	I	627333	628268	+
Chlamydia trachomatis L1/224	ctlx	L1224_00586	NA	lipoyl synthase	md:ctlx_M00884	I	627333	628268	+
Chlamydia trachomatis L1/224	ctlx	L1224_00392	NA	glucose-6-phosphate isomerase	md:ctlx_M00909	I	427349	428926	-
Chlamydia trachomatis L1/224	ctlx	L1224_00868	NA	phosphoglucosamine mutase	md:ctlx_M00909	I	954127	955503	+
Chlamydia trachomatis L1/224	ctlx	L1224_00869	NA	glucosamine--fructose-6-phosphate aminotransferase	md:ctlx_M00909	I	955514	957334	+
Chlamydia trachomatis L1/224	ctlx	L1224_00420	NA	riboflavin synthase subunit alpha	md:ctlx_M00911	I	460718	461317	-
Chlamydia trachomatis L1/224	ctlx	L1224_00773	NA	6,7-dimethyl-8-ribityllumazine synthase	md:ctlx_M00911	I	841598	842071	+
Chlamydia trachomatis L1/224	ctlx	L1224_00213	NA	glutamate-1-semialdehyde aminotransferase	md:ctlx_M00926	I	235017	236285	+
Chlamydia trachomatis L1/224	ctlx	L1224_00304	NA	porphobilinogen deaminase	md:ctlx_M00926	I	329336	330061	+
Chlamydia trachomatis L1/224	ctlx	L1224_00452	NA	uroporphyrinogen-III synthase	md:ctlx_M00926	I	499555	500226	+
Chlamydia trachomatis L1/224	ctlx	L1224_00510	NA	ferrochelatase	md:ctlx_M00926	I	558585	559529	-
Chlamydia trachomatis L1/224	ctlx	L1224_00665	NA	delta-aminolevulinic acid dehydratase	md:ctlx_M00926	I	717167	718183	+
Chlamydia trachomatis L1/224	ctlx	L1224_00697	NA	glutamyl-tRNA reductase	md:ctlx_M00926	I	755579	756622	+
Chlamydia trachomatis L1/224	ctlx	L1224_00790	NA	protoporphyrinogen oxidase	md:ctlx_M00926	I	863125	864399	-
Chlamydia trachomatis L1/224	ctlx	L1224_00792	NA	uroporphyrinogen decarboxylase	md:ctlx_M00926	I	865742	866746	-
Chlamydia trachomatis L1/224	ctlx	L1224_00445	NA	hypothetical protein	md:ctlx_M00930	I	492708	493817	+
Chlamydia trachomatis L1/224	ctlx	L1224_00816	NA	hypothetical protein	md:ctlx_M00930	I	897310	898362	-
Chlamydia trachomatis L1/224	ctlx	L1224_00445	NA	hypothetical protein	md:ctlx_M00931	I	492708	493817	+
Chlamydia trachomatis L1/224	ctlx	L1224_00816	NA	hypothetical protein	md:ctlx_M00931	I	897310	898362	-
Chlamydia trachomatis L1/224	ctlx	L1224_00189	NA	thymidylate kinase	md:ctlx_M00938	I	206393	207004	-
Chlamydia trachomatis L1/224	ctlx	L1224_00297	NA	deoxyuridine 5'-triphosphate nucleotidohydrolase	md:ctlx_M00938	I	322583	323020	-
Chlamydia trachomatis L1/224	ctlx	L1224_00526	NA	mulitfunctional nucleoside diphosphate kinase/apyrimidinic endonuclease/3'-	md:ctlx_M00938	I	576444	576869	-
Chlamydia trachomatis L1/224	ctlx	L1224_00881	NA	ribonucleotide-diphosphate reductase subunit alpha	md:ctlx_M00938	I	971323	974466	+
Chlamydia trachomatis L1/224	ctlx	L1224_00882	NA	ribonucleotide-diphosphate reductase subunit beta	md:ctlx_M00938	I	974504	975544	+
Chlamydia trachomatis L1/224	ctlx	L1224_00826	NA	8-amino-7-oxononanoate synthase	md:ctlx_M00950	I	908378	909511	+
