Chlamydia trachomatis IU824	ctri	BN197_2041	pfkA	pyrophosphate--fructose 6-phosphate 1-phosphotransferase	md:ctri_M00001	I	231098	232759	+
Chlamydia trachomatis IU824	ctri	BN197_2141	dhnA	fructose-bisphosphate aldolase	md:ctri_M00001	I	244493	245539	+
Chlamydia trachomatis IU824	ctri	BN197_3291	tpiS	triosephosphate isomerase	md:ctri_M00001	I	370464	371288	+
Chlamydia trachomatis IU824	ctri	BN197_3341	pykF	pyruvate kinase	md:ctri_M00001	I	375349	376806	+
Chlamydia trachomatis IU824	ctri	BN197_3811	pgi	glucose-6-phosphate isomerase	md:ctri_M00001	I	431748	433325	-
Chlamydia trachomatis IU824	ctri	BN197_5131	gapA	glyceraldehyde 3-phosphate dehydrogenase	md:ctri_M00001	I	584140	585144	-
Chlamydia trachomatis IU824	ctri	BN197_5951	eno	enolase	md:ctri_M00001	I	662904	664178	+
Chlamydia trachomatis IU824	ctri	BN197_7031	pgk	phosphoglycerate kinase	md:ctri_M00001	I	796021	797232	+
Chlamydia trachomatis IU824	ctri	BN197_7321	pgmA	phosphoglycerate mutase	md:ctri_M00001	I	834982	835662	-
Chlamydia trachomatis IU824	ctri	BN197_3291	tpiS	triosephosphate isomerase	md:ctri_M00002	I	370464	371288	+
Chlamydia trachomatis IU824	ctri	BN197_3341	pykF	pyruvate kinase	md:ctri_M00002	I	375349	376806	+
Chlamydia trachomatis IU824	ctri	BN197_5131	gapA	glyceraldehyde 3-phosphate dehydrogenase	md:ctri_M00002	I	584140	585144	-
Chlamydia trachomatis IU824	ctri	BN197_5951	eno	enolase	md:ctri_M00002	I	662904	664178	+
Chlamydia trachomatis IU824	ctri	BN197_7031	pgk	phosphoglycerate kinase	md:ctri_M00002	I	796021	797232	+
Chlamydia trachomatis IU824	ctri	BN197_7321	pgmA	phosphoglycerate mutase	md:ctri_M00002	I	834982	835662	-
Chlamydia trachomatis IU824	ctri	BN197_2141	dhnA	fructose-bisphosphate aldolase	md:ctri_M00003	I	244493	245539	+
Chlamydia trachomatis IU824	ctri	BN197_3291	tpiS	triosephosphate isomerase	md:ctri_M00003	I	370464	371288	+
Chlamydia trachomatis IU824	ctri	BN197_5131	gapA	glyceraldehyde 3-phosphate dehydrogenase	md:ctri_M00003	I	584140	585144	-
Chlamydia trachomatis IU824	ctri	BN197_5951	eno	enolase	md:ctri_M00003	I	662904	664178	+
Chlamydia trachomatis IU824	ctri	BN197_7031	pgk	phosphoglycerate kinase	md:ctri_M00003	I	796021	797232	+
Chlamydia trachomatis IU824	ctri	BN197_7201	pckA	phosphoenolpyruvate carboxykinase (GTP)	md:ctri_M00003	I	820536	822335	+
Chlamydia trachomatis IU824	ctri	BN197_7321	pgmA	phosphoglycerate mutase	md:ctri_M00003	I	834982	835662	-
Chlamydia trachomatis IU824	ctri	BN197_0641	gnd	6-phosphogluconate dehydrogenase	md:ctri_M00004	I	73933	75375	+
Chlamydia trachomatis IU824	ctri	BN197_1221	araD	ribulose-phosphate 3-epimerase	md:ctri_M00004	I	138950	139636	+
Chlamydia trachomatis IU824	ctri	BN197_1841	zwf	glucose-6-phosphate 1-dehydrogenase	md:ctri_M00004	I	207651	209174	+
Chlamydia trachomatis IU824	ctri	BN197_1851	devB	6-phosphogluconolactonase	md:ctri_M00004	I	209199	209969	+
Chlamydia trachomatis IU824	ctri	BN197_2121	rpiA	ribose 5-phosphate isomerase	md:ctri_M00004	I	241723	242451	-
Chlamydia trachomatis IU824	ctri	BN197_3131	tal	transaldolase	md:ctri_M00004	I	350432	351415	-
Chlamydia trachomatis IU824	ctri	BN197_3811	pgi	glucose-6-phosphate isomerase	md:ctri_M00004	I	431748	433325	-
Chlamydia trachomatis IU824	ctri	BN197_7601	tktB	transketolase	md:ctri_M00004	I	882537	884537	+
Chlamydia trachomatis IU824	ctri	BN197_0641	gnd	6-phosphogluconate dehydrogenase	md:ctri_M00006	I	73933	75375	+
Chlamydia trachomatis IU824	ctri	BN197_1841	zwf	glucose-6-phosphate 1-dehydrogenase	md:ctri_M00006	I	207651	209174	+
Chlamydia trachomatis IU824	ctri	BN197_1851	devB	6-phosphogluconolactonase	md:ctri_M00006	I	209199	209969	+
Chlamydia trachomatis IU824	ctri	BN197_1221	araD	ribulose-phosphate 3-epimerase	md:ctri_M00007	I	138950	139636	+
Chlamydia trachomatis IU824	ctri	BN197_2121	rpiA	ribose 5-phosphate isomerase	md:ctri_M00007	I	241723	242451	-
Chlamydia trachomatis IU824	ctri	BN197_3131	tal	transaldolase	md:ctri_M00007	I	350432	351415	-
Chlamydia trachomatis IU824	ctri	BN197_7601	tktB	transketolase	md:ctri_M00007	I	882537	884537	+
Chlamydia trachomatis IU824	ctri	BN197_1841	zwf	glucose-6-phosphate 1-dehydrogenase	md:ctri_M00008	I	207651	209174	+
Chlamydia trachomatis IU824	ctri	BN197_1851	devB	6-phosphogluconolactonase	md:ctri_M00008	I	209199	209969	+
Chlamydia trachomatis IU824	ctri	BN197_0551	sucA	2-oxoglutarate dehydrogenase E1 component	md:ctri_M00009	I	61659	64370	+
Chlamydia trachomatis IU824	ctri	BN197_0561	sucB	dihydrolipoamide succinyltransferase component (E2) of 2-oxoglutarate dehydrogenase complex	md:ctri_M00009	I	64374	65471	+
Chlamydia trachomatis IU824	ctri	BN197_3791	mdhC	malate dehydrogenase	md:ctri_M00009	I	430322	431302	-
Chlamydia trachomatis IU824	ctri	BN197_4041	sucB_1	lipoamide acyltransferase component (E2) of branched-chain alpha-keto acid dehydrogenase complex	md:ctri_M00009	I	459579	460745	-
Chlamydia trachomatis IU824	ctri	BN197_5651	lpdA	dihydrolipoamide dehydrogenase	md:ctri_M00009	I	630067	631464	+
Chlamydia trachomatis IU824	ctri	BN197_8341	sucC	succinyl-CoA synthetase beta chain	md:ctri_M00009	I	965951	967111	+
Chlamydia trachomatis IU824	ctri	BN197_8351	sucD	succinyl-CoA synthetase alpha chain	md:ctri_M00009	I	967126	968001	+
Chlamydia trachomatis IU824	ctri	BN197_8691	fumC	fumarate hydratase	md:ctri_M00009	I	1005659	1007050	+
Chlamydia trachomatis IU824	ctri	BN197_0551	sucA	2-oxoglutarate dehydrogenase E1 component	md:ctri_M00011	I	61659	64370	+
Chlamydia trachomatis IU824	ctri	BN197_0561	sucB	dihydrolipoamide succinyltransferase component (E2) of 2-oxoglutarate dehydrogenase complex	md:ctri_M00011	I	64374	65471	+
Chlamydia trachomatis IU824	ctri	BN197_3791	mdhC	malate dehydrogenase	md:ctri_M00011	I	430322	431302	-
Chlamydia trachomatis IU824	ctri	BN197_4041	sucB_1	lipoamide acyltransferase component (E2) of branched-chain alpha-keto acid dehydrogenase complex	md:ctri_M00011	I	459579	460745	-
Chlamydia trachomatis IU824	ctri	BN197_5651	lpdA	dihydrolipoamide dehydrogenase	md:ctri_M00011	I	630067	631464	+
Chlamydia trachomatis IU824	ctri	BN197_8341	sucC	succinyl-CoA synthetase beta chain	md:ctri_M00011	I	965951	967111	+
Chlamydia trachomatis IU824	ctri	BN197_8351	sucD	succinyl-CoA synthetase alpha chain	md:ctri_M00011	I	967126	968001	+
Chlamydia trachomatis IU824	ctri	BN197_8691	fumC	fumarate hydratase	md:ctri_M00011	I	1005659	1007050	+
Chlamydia trachomatis IU824	ctri	BN197_3791	mdhC	malate dehydrogenase	md:ctri_M00012	I	430322	431302	-
Chlamydia trachomatis IU824	ctri	BN197_3641	dapA	dihydrodipicolinate synthase	md:ctri_M00016	I	413204	414064	-
Chlamydia trachomatis IU824	ctri	BN197_3651	lysC	aspartokinase	md:ctri_M00016	I	414074	415369	-
Chlamydia trachomatis IU824	ctri	BN197_3661	asd	aspartate-semialdehyde dehydrogenase	md:ctri_M00016	I	415362	416366	-
Chlamydia trachomatis IU824	ctri	BN197_3671	dapB	dihydrodipicolinate reductase	md:ctri_M00016	I	416376	417137	-
Chlamydia trachomatis IU824	ctri	BN197_4361	dapF	diaminopimelate epimerase	md:ctri_M00016	I	500754	501581	-
Chlamydia trachomatis IU824	ctri	BN197_3651	lysC	aspartokinase	md:ctri_M00017	I	414074	415369	-
Chlamydia trachomatis IU824	ctri	BN197_3661	asd	aspartate-semialdehyde dehydrogenase	md:ctri_M00017	I	415362	416366	-
Chlamydia trachomatis IU824	ctri	BN197_3651	lysC	aspartokinase	md:ctri_M00018	I	414074	415369	-
Chlamydia trachomatis IU824	ctri	BN197_3661	asd	aspartate-semialdehyde dehydrogenase	md:ctri_M00018	I	415362	416366	-
Chlamydia trachomatis IU824	ctri	BN197_3691	aroA	3-phosphoshikimate 1-carboxyvinyltransferase	md:ctri_M00022	I	419212	420534	+
Chlamydia trachomatis IU824	ctri	BN197_3701	aroL	shikimate kinase	md:ctri_M00022	I	420476	421030	+
Chlamydia trachomatis IU824	ctri	BN197_3711	aroC	chorismate synthase	md:ctri_M00022	I	421023	422096	+
Chlamydia trachomatis IU824	ctri	BN197_3721	aroB	3-dehydroquinate synthase	md:ctri_M00022	I	422093	423214	+
Chlamydia trachomatis IU824	ctri	BN197_3731	aroE	shikimate 5-dehydrogenase	md:ctri_M00022	I	423195	424631	+
Chlamydia trachomatis IU824	ctri	BN197_3851	aroG	phospho-2-dehydro-3-deoxyheptonate aldolase	md:ctri_M00022	I	436466	437302	-
Chlamydia trachomatis IU824	ctri	BN197_1691	trpB	tryptophan synthase beta chain	md:ctri_M00023	I	193657	194835	+
Chlamydia trachomatis IU824	ctri	BN197_1701	trpA	Tryptophan synthase alpha chain	md:ctri_M00023	I	194828	195589	+
Chlamydia trachomatis IU824	ctri	BN197_0561	sucB	dihydrolipoamide succinyltransferase component (E2) of 2-oxoglutarate dehydrogenase complex	md:ctri_M00032	I	64374	65471	+
Chlamydia trachomatis IU824	ctri	BN197_4041	sucB_1	lipoamide acyltransferase component (E2) of branched-chain alpha-keto acid dehydrogenase complex	md:ctri_M00032	I	459579	460745	-
Chlamydia trachomatis IU824	ctri	BN197_5651	lpdA	dihydrolipoamide dehydrogenase	md:ctri_M00032	I	630067	631464	+
Chlamydia trachomatis IU824	ctri	BN197_3651	lysC	aspartokinase	md:ctri_M00033	I	414074	415369	-
Chlamydia trachomatis IU824	ctri	BN197_3661	asd	aspartate-semialdehyde dehydrogenase	md:ctri_M00033	I	415362	416366	-
Chlamydia trachomatis IU824	ctri	BN197_0571	NA	conserved hypothetical protein	md:ctri_M00034	I	65500	66231	-
Chlamydia trachomatis IU824	ctri	BN197_3431	NA	2-oxoisovalerate dehydrogenase alpha subunit	md:ctri_M00036	I	388629	390665	-
Chlamydia trachomatis IU824	ctri	BN197_5651	lpdA	dihydrolipoamide dehydrogenase	md:ctri_M00036	I	630067	631464	+
Chlamydia trachomatis IU824	ctri	BN197_1291	adk	adenylate kinase	md:ctri_M00049	I	144149	144886	-
Chlamydia trachomatis IU824	ctri	BN197_5081	ndk	nucleoside diphosphate kinase	md:ctri_M00049	I	580595	581020	-
Chlamydia trachomatis IU824	ctri	BN197_0301	gmk	guanylate kinase	md:ctri_M00050	I	34399	35016	+
Chlamydia trachomatis IU824	ctri	BN197_5081	ndk	nucleoside diphosphate kinase	md:ctri_M00050	I	580595	581020	-
Chlamydia trachomatis IU824	ctri	BN197_1821	pyrG	CTP synthase	md:ctri_M00052	I	205482	207101	+
Chlamydia trachomatis IU824	ctri	BN197_5081	ndk	nucleoside diphosphate kinase	md:ctri_M00052	I	580595	581020	-
Chlamydia trachomatis IU824	ctri	BN197_6881	pyrH	uridylate kinase	md:ctri_M00052	I	777142	777879	-
Chlamydia trachomatis IU824	ctri	BN197_5081	ndk	nucleoside diphosphate kinase	md:ctri_M00053	I	580595	581020	-
Chlamydia trachomatis IU824	ctri	BN197_8401	nrdA	ribonucleoside-diphosphate reductase alpha chain	md:ctri_M00053	I	975484	978627	+
Chlamydia trachomatis IU824	ctri	BN197_8411	nrdB	ribonucleoside-diphosphate reductase beta chain	md:ctri_M00053	I	978665	979705	+
Chlamydia trachomatis IU824	ctri	BN197_0101	htrB	lipid A biosynthesis lauroyl acyltransferase	md:ctri_M00060	I	10392	11759	-
Chlamydia trachomatis IU824	ctri	BN197_2071	gseA	3-deoxy-D-manno-octulosonic-acid transferase	md:ctri_M00060	I	235490	236785	-
Chlamydia trachomatis IU824	ctri	BN197_2431	lpxD	UDP-3-O-[3-hydroxymyristoyl] glucosamine N-acyltransferase	md:ctri_M00060	I	272097	273161	+
Chlamydia trachomatis IU824	ctri	BN197_4061	NA	Tetraacyldisaccharide-1-P 4'-kinase	md:ctri_M00060	I	462226	463335	-
Chlamydia trachomatis IU824	ctri	BN197_4151	lpxB	lipid-A-disaccharide synthase	md:ctri_M00060	I	470492	472315	+
Chlamydia trachomatis IU824	ctri	BN197_5391	lpxA	acyl-[acyl-carrier-protein]--UDP-N-acetylglucos amine O-acyltransferase	md:ctri_M00060	I	599838	600680	-
Chlamydia trachomatis IU824	ctri	BN197_5411	lpxC	UDP-3-O-[3-hydroxymyristoyl] N-acetylglucosamine deacetylase	md:ctri_M00060	I	601150	602010	-
Chlamydia trachomatis IU824	ctri	BN197_1811	kdsB	3-deoxy-manno-octulosonate cytidylyltransferase	md:ctri_M00063	I	204742	205506	+
Chlamydia trachomatis IU824	ctri	BN197_4031	NA	carbohydrate isomerase	md:ctri_M00063	I	458561	459547	-
Chlamydia trachomatis IU824	ctri	BN197_6651	kdsA	2-dehydro-3-deoxyphosphooctonate aldolase	md:ctri_M00063	I	752626	753435	-
Chlamydia trachomatis IU824	ctri	BN197_1241	accB	biotin carboxyl carrier protein of acetyl-CoA carboxylase	md:ctri_M00082	I	140193	140687	+
Chlamydia trachomatis IU824	ctri	BN197_1251	accC	biotin carboxylase	md:ctri_M00082	I	140691	142064	+
Chlamydia trachomatis IU824	ctri	BN197_2381	fabD	malonyl-CoA-[acyl-carrier-protein] transacylase	md:ctri_M00082	I	266060	266986	-
Chlamydia trachomatis IU824	ctri	BN197_2391	fabH	3-oxoacyl-[acyl-carrier-protein] synthase III	md:ctri_M00082	I	267003	267986	-
Chlamydia trachomatis IU824	ctri	BN197_2651	accA	acetyl-coenzyme A carboxylase carboxyl transferase subunit alpha	md:ctri_M00082	I	297414	298388	-
Chlamydia trachomatis IU824	ctri	BN197_2931	accD	acetyl-coenzyme A carboxylase carboxyl transferase subunit beta	md:ctri_M00082	I	327475	328401	-
Chlamydia trachomatis IU824	ctri	BN197_1051	fabI	enoyl-acyl-carrier protein reductase	md:ctri_M00083	I	120100	120996	-
Chlamydia trachomatis IU824	ctri	BN197_2371	fabG	3-oxoacyl-[acyl-carrier protein] reductase	md:ctri_M00083	I	265317	266063	-
Chlamydia trachomatis IU824	ctri	BN197_5401	fabZ	(3R)-hydroxymyristoyl-[acyl carrier protein] dehydratase	md:ctri_M00083	I	600692	601153	-
Chlamydia trachomatis IU824	ctri	BN197_7801	fabF	3-oxoacyl-[acyl-carrier-protein] synthase	md:ctri_M00083	I	905064	906320	+
Chlamydia trachomatis IU824	ctri	BN197_4601	plsC	1-acyl-sn-glycerol-3-phosphate acyltransferase	md:ctri_M00089	I	528185	528835	+
Chlamydia trachomatis IU824	ctri	BN197_7851	NA	1-acyl-sn-glycerol-3-phosphate acyltransferase	md:ctri_M00089	I	910059	910820	+
Chlamydia trachomatis IU824	ctri	BN197_8181	plsB	glycerol-3-phosphate acyltransferase	md:ctri_M00089	I	946573	947574	-
Chlamydia trachomatis IU824	ctri	BN197_4581	cdsA	phosphatidate cytidylyltransferase	md:ctri_M00093	I	526624	527541	+
Chlamydia trachomatis IU824	ctri	BN197_7091	psdD	phosphatidylserine decarboxylase	md:ctri_M00093	I	803214	804119	+
Chlamydia trachomatis IU824	ctri	BN197_8391	pssA	CDP-diacylglycerol--serine O-phosphatidyltransferase	md:ctri_M00093	I	974057	974848	-
Chlamydia trachomatis IU824	ctri	BN197_0581	gcpE	1-hydroxy-2-methyl-2-(E)-butenyl 4-diphosphate synthase	md:ctri_M00096	I	66240	68048	-
Chlamydia trachomatis IU824	ctri	BN197_0721	dxr	1-deoxy-D-xylulose 5-phosphate reductoisomerase	md:ctri_M00096	I	84583	85722	+
Chlamydia trachomatis IU824	ctri	BN197_3331	dxs	1-deoxy-D-xylulose 5-phosphate synthase	md:ctri_M00096	I	373330	375252	+
Chlamydia trachomatis IU824	ctri	BN197_4401	ispF	2-C-methyl-D-erythritol 2,4-cyclodiphosphate synthase	md:ctri_M00096	I	504771	505307	+
Chlamydia trachomatis IU824	ctri	BN197_4691	ispD	2-C-methyl-D-erythritol 4-phosphate cytidylyltransferase	md:ctri_M00096	I	539174	539833	+
Chlamydia trachomatis IU824	ctri	BN197_8151	ispE	4-diphosphocytidyl-2-C-methyl-D-erythritol kinase	md:ctri_M00096	I	940952	941818	+
Chlamydia trachomatis IU824	ctri	BN197_8731	ispH	4-hydroxy-3-methylbut-2-enyl diphosphate reductase	md:ctri_M00096	I	1012869	1013792	+
Chlamydia trachomatis IU824	ctri	BN197_4341	ubiE	ubiquinone/menaquinone biosynthesis methyltransferase	md:ctri_M00116	I	498989	499678	+
Chlamydia trachomatis IU824	ctri	BN197_2181	ubiA	4-hydroxybenzoate polyprenyltransferase	md:ctri_M00117	I	248905	249813	+
Chlamydia trachomatis IU824	ctri	BN197_2191	NA	putative flavoprotein	md:ctri_M00117	I	249810	250388	+
Chlamydia trachomatis IU824	ctri	BN197_4341	ubiE	ubiquinone/menaquinone biosynthesis methyltransferase	md:ctri_M00117	I	498989	499678	+
Chlamydia trachomatis IU824	ctri	BN197_4991	NA	dephospho-CoA kinase	md:ctri_M00120	I	569094	569702	-
Chlamydia trachomatis IU824	ctri	BN197_0531	hemN	oxygen-independent coproporphyrinogen-III oxidase	md:ctri_M00121	I	59761	60891	-
Chlamydia trachomatis IU824	ctri	BN197_2091	hemL	glutamate-1-semialdehyde 2,1-aminomutase	md:ctri_M00121	I	239438	240706	+
Chlamydia trachomatis IU824	ctri	BN197_2991	hemC	porphobilinogen deaminase	md:ctri_M00121	I	333821	334480	+
Chlamydia trachomatis IU824	ctri	BN197_4391	NA	conserved hypothetical protein	md:ctri_M00121	I	503997	504668	+
Chlamydia trachomatis IU824	ctri	BN197_4521	gltX	glutamyl-tRNA synthetase	md:ctri_M00121	I	515800	517320	-
Chlamydia trachomatis IU824	ctri	BN197_4921	hemZ	ferrochelatase	md:ctri_M00121	I	562736	563680	-
Chlamydia trachomatis IU824	ctri	BN197_6421	hemB	delta-aminolevulinic acid dehydratase	md:ctri_M00121	I	721330	722346	+
Chlamydia trachomatis IU824	ctri	BN197_6721	hemA	glutamyl-tRNA reductase	md:ctri_M00121	I	759777	760784	+
Chlamydia trachomatis IU824	ctri	BN197_7551	hemG	protoporphyrinogen oxidase	md:ctri_M00121	I	867228	868502	-
Chlamydia trachomatis IU824	ctri	BN197_7561	hemN_1	coproporphyrinogen oxidase (NAD)	md:ctri_M00121	I	868499	869872	-
Chlamydia trachomatis IU824	ctri	BN197_7571	hemE	uroporphyrinogen decarboxylase	md:ctri_M00121	I	869845	870855	-
Chlamydia trachomatis IU824	ctri	BN197_7871	bioF	8-amino-7-oxononanoate synthase	md:ctri_M00123	I	912484	913617	+
Chlamydia trachomatis IU824	ctri	BN197_0941	ribF	riboflavin kinase	md:ctri_M00125	I	108675	109580	-
Chlamydia trachomatis IU824	ctri	BN197_4091	ribC	riboflavin synthase alpha chain	md:ctri_M00125	I	465122	465721	-
Chlamydia trachomatis IU824	ctri	BN197_7401	ribD	Riboflavin biosynthesis protein (diaminohydroxyphosphoribosylaminopyrimidine deaminase)	md:ctri_M00125	I	843259	844386	+
Chlamydia trachomatis IU824	ctri	BN197_7411	ribA	GTP cyclohydrolase II	md:ctri_M00125	I	844496	845770	+
Chlamydia trachomatis IU824	ctri	BN197_7421	ribH	Riboflavin synthase beta chain (6,7-dimethyl-8-ribityllumazine synthase)	md:ctri_M00125	I	845739	846212	+
Chlamydia trachomatis IU824	ctri	BN197_6211	folA	dihydrofolate reductase	md:ctri_M00126	I	692869	693348	-
Chlamydia trachomatis IU824	ctri	BN197_6221	folP	2-amino-4-hydroxy-6-hydroxymethyldihydropteridi ne pyrophosphokinase	md:ctri_M00126	I	693345	694697	-
Chlamydia trachomatis IU824	ctri	BN197_6231	folX	dihydroneopterin aldolase	md:ctri_M00126	I	694694	695068	-
Chlamydia trachomatis IU824	ctri	BN197_3761	NA	pyruvoyl-dependent arginine decarboxylase	md:ctri_M00133	I	426996	427583	+
Chlamydia trachomatis IU824	ctri	BN197_0791	folD	methylenetetrahydrofolate dehydrogenase (NADP+)	md:ctri_M00140	I	92689	93552	-
Chlamydia trachomatis IU824	ctri	BN197_4381	glyA	serine hydroxymethyltransferase	md:ctri_M00140	I	502140	503633	-
Chlamydia trachomatis IU824	ctri	BN197_0131	cydA	cytochrome d ubiquinol oxidase subunit I	md:ctri_M00153	I	14213	15553	+
Chlamydia trachomatis IU824	ctri	BN197_0141	cydB	cytochrome d ubiquinol oxidase subunit II	md:ctri_M00153	I	15565	16626	+
Chlamydia trachomatis IU824	ctri	BN197_3041	atpK	V-type sodium ATP synthase subunit C	md:ctri_M00159	I	341468	341893	-
Chlamydia trachomatis IU824	ctri	BN197_3051	atpI	V-type sodium ATP synthase subunit I	md:ctri_M00159	I	341956	343905	-
Chlamydia trachomatis IU824	ctri	BN197_3061	atpD	V-type ATP synthase subunit D	md:ctri_M00159	I	343911	344522	-
Chlamydia trachomatis IU824	ctri	BN197_3071	atpB	V-type sodium ATP synthase subunit B	md:ctri_M00159	I	344507	345823	-
Chlamydia trachomatis IU824	ctri	BN197_3081	atpA	V-type ATP synthase alpha chain	md:ctri_M00159	I	345826	347601	-
Chlamydia trachomatis IU824	ctri	BN197_3101	atpE	V-type ATP synthase subunit E	md:ctri_M00159	I	348563	349189	-
Chlamydia trachomatis IU824	ctri	BN197_2121	rpiA	ribose 5-phosphate isomerase	md:ctri_M00165	I	241723	242451	-
Chlamydia trachomatis IU824	ctri	BN197_5131	gapA	glyceraldehyde 3-phosphate dehydrogenase	md:ctri_M00165	I	584140	585144	-
Chlamydia trachomatis IU824	ctri	BN197_7031	pgk	phosphoglycerate kinase	md:ctri_M00165	I	796021	797232	+
Chlamydia trachomatis IU824	ctri	BN197_7601	tktB	transketolase	md:ctri_M00165	I	882537	884537	+
Chlamydia trachomatis IU824	ctri	BN197_5131	gapA	glyceraldehyde 3-phosphate dehydrogenase	md:ctri_M00166	I	584140	585144	-
Chlamydia trachomatis IU824	ctri	BN197_7031	pgk	phosphoglycerate kinase	md:ctri_M00166	I	796021	797232	+
Chlamydia trachomatis IU824	ctri	BN197_2121	rpiA	ribose 5-phosphate isomerase	md:ctri_M00167	I	241723	242451	-
Chlamydia trachomatis IU824	ctri	BN197_7601	tktB	transketolase	md:ctri_M00167	I	882537	884537	+
Chlamydia trachomatis IU824	ctri	BN197_3791	mdhC	malate dehydrogenase	md:ctri_M00168	I	430322	431302	-
Chlamydia trachomatis IU824	ctri	BN197_3791	mdhC	malate dehydrogenase	md:ctri_M00173	I	430322	431302	-
Chlamydia trachomatis IU824	ctri	BN197_8341	sucC	succinyl-CoA synthetase beta chain	md:ctri_M00173	I	965951	967111	+
Chlamydia trachomatis IU824	ctri	BN197_8351	sucD	succinyl-CoA synthetase alpha chain	md:ctri_M00173	I	967126	968001	+
Chlamydia trachomatis IU824	ctri	BN197_8691	fumC	fumarate hydratase	md:ctri_M00173	I	1005659	1007050	+
Chlamydia trachomatis IU824	ctri	BN197_4411	NA	Putative oxidoreductase	md:ctri_M00176	I	505304	506359	-
Chlamydia trachomatis IU824	ctri	BN197_2451	pdhA	pyruvate dehydrogenase E1 component alpha subunit	md:ctri_M00307	I	274576	275598	+
Chlamydia trachomatis IU824	ctri	BN197_2461	pdhB	pyruvate dehydrogenase E1 component beta subunit	md:ctri_M00307	I	275591	276577	+
Chlamydia trachomatis IU824	ctri	BN197_2471	pdhC	dihydrolipoamide acetyltransferase component of pyruvate dehydrogenase complex	md:ctri_M00307	I	276582	277871	+
Chlamydia trachomatis IU824	ctri	BN197_5651	lpdA	dihydrolipoamide dehydrogenase	md:ctri_M00307	I	630067	631464	+
Chlamydia trachomatis IU824	ctri	BN197_5131	gapA	glyceraldehyde 3-phosphate dehydrogenase	md:ctri_M00308	I	584140	585144	-
Chlamydia trachomatis IU824	ctri	BN197_7031	pgk	phosphoglycerate kinase	md:ctri_M00308	I	796021	797232	+
Chlamydia trachomatis IU824	ctri	BN197_2041	pfkA	pyrophosphate--fructose 6-phosphate 1-phosphotransferase	md:ctri_M00345	I	231098	232759	+
Chlamydia trachomatis IU824	ctri	BN197_3791	mdhC	malate dehydrogenase	md:ctri_M00346	I	430322	431302	-
Chlamydia trachomatis IU824	ctri	BN197_4381	glyA	serine hydroxymethyltransferase	md:ctri_M00346	I	502140	503633	-
Chlamydia trachomatis IU824	ctri	BN197_5951	eno	enolase	md:ctri_M00346	I	662904	664178	+
Chlamydia trachomatis IU824	ctri	BN197_6371	ispA	dimethylallyltransferase	md:ctri_M00364	I	716542	717417	-
Chlamydia trachomatis IU824	ctri	BN197_3791	mdhC	malate dehydrogenase	md:ctri_M00374	I	430322	431302	-
Chlamydia trachomatis IU824	ctri	BN197_8341	sucC	succinyl-CoA synthetase beta chain	md:ctri_M00374	I	965951	967111	+
Chlamydia trachomatis IU824	ctri	BN197_8351	sucD	succinyl-CoA synthetase alpha chain	md:ctri_M00374	I	967126	968001	+
Chlamydia trachomatis IU824	ctri	BN197_1241	accB	biotin carboxyl carrier protein of acetyl-CoA carboxylase	md:ctri_M00376	I	140193	140687	+
Chlamydia trachomatis IU824	ctri	BN197_1251	accC	biotin carboxylase	md:ctri_M00376	I	140691	142064	+
Chlamydia trachomatis IU824	ctri	BN197_2651	accA	acetyl-coenzyme A carboxylase carboxyl transferase subunit alpha	md:ctri_M00376	I	297414	298388	-
Chlamydia trachomatis IU824	ctri	BN197_2931	accD	acetyl-coenzyme A carboxylase carboxyl transferase subunit beta	md:ctri_M00376	I	327475	328401	-
Chlamydia trachomatis IU824	ctri	BN197_8691	fumC	fumarate hydratase	md:ctri_M00376	I	1005659	1007050	+
Chlamydia trachomatis IU824	ctri	BN197_0791	folD	methylenetetrahydrofolate dehydrogenase (NADP+)	md:ctri_M00377	I	92689	93552	-
Chlamydia trachomatis IU824	ctri	BN197_3641	dapA	dihydrodipicolinate synthase	md:ctri_M00525	I	413204	414064	-
Chlamydia trachomatis IU824	ctri	BN197_3651	lysC	aspartokinase	md:ctri_M00525	I	414074	415369	-
Chlamydia trachomatis IU824	ctri	BN197_3661	asd	aspartate-semialdehyde dehydrogenase	md:ctri_M00525	I	415362	416366	-
Chlamydia trachomatis IU824	ctri	BN197_3671	dapB	dihydrodipicolinate reductase	md:ctri_M00525	I	416376	417137	-
Chlamydia trachomatis IU824	ctri	BN197_4361	dapF	diaminopimelate epimerase	md:ctri_M00525	I	500754	501581	-
Chlamydia trachomatis IU824	ctri	BN197_3641	dapA	dihydrodipicolinate synthase	md:ctri_M00526	I	413204	414064	-
Chlamydia trachomatis IU824	ctri	BN197_3651	lysC	aspartokinase	md:ctri_M00526	I	414074	415369	-
Chlamydia trachomatis IU824	ctri	BN197_3661	asd	aspartate-semialdehyde dehydrogenase	md:ctri_M00526	I	415362	416366	-
Chlamydia trachomatis IU824	ctri	BN197_3671	dapB	dihydrodipicolinate reductase	md:ctri_M00526	I	416376	417137	-
Chlamydia trachomatis IU824	ctri	BN197_3641	dapA	dihydrodipicolinate synthase	md:ctri_M00527	I	413204	414064	-
Chlamydia trachomatis IU824	ctri	BN197_3651	lysC	aspartokinase	md:ctri_M00527	I	414074	415369	-
Chlamydia trachomatis IU824	ctri	BN197_3661	asd	aspartate-semialdehyde dehydrogenase	md:ctri_M00527	I	415362	416366	-
Chlamydia trachomatis IU824	ctri	BN197_3671	dapB	dihydrodipicolinate reductase	md:ctri_M00527	I	416376	417137	-
Chlamydia trachomatis IU824	ctri	BN197_3941	dapL	DAP (diaminopimelic acid) aminotransferase	md:ctri_M00527	I	445633	446817	+
Chlamydia trachomatis IU824	ctri	BN197_4361	dapF	diaminopimelate epimerase	md:ctri_M00527	I	500754	501581	-
Chlamydia trachomatis IU824	ctri	BN197_2821	gcsH	glycine cleavage system H protein	md:ctri_M00532	I	313938	314291	-
Chlamydia trachomatis IU824	ctri	BN197_4381	glyA	serine hydroxymethyltransferase	md:ctri_M00532	I	502140	503633	-
Chlamydia trachomatis IU824	ctri	BN197_5651	lpdA	dihydrolipoamide dehydrogenase	md:ctri_M00532	I	630067	631464	+
Chlamydia trachomatis IU824	ctri	BN197_0911	lcrD	low calcium response protein D (predicted to be part of the TTSS apparatus)	md:ctri_M00542	I	104101	106227	-
Chlamydia trachomatis IU824	ctri	BN197_0921	sctU	type III secretion system inner membrane protein	md:ctri_M00542	I	106227	107309	-
Chlamydia trachomatis IU824	ctri	BN197_5671	sctJ	type III secretion system protein, membrane component	md:ctri_M00542	I	632500	633480	+
Chlamydia trachomatis IU824	ctri	BN197_5701	sctR	type III secretion system, membrane protein	md:ctri_M00542	I	635280	636200	+
Chlamydia trachomatis IU824	ctri	BN197_5711	sctS	type III secretion system, membrane protein	md:ctri_M00542	I	636212	636496	+
Chlamydia trachomatis IU824	ctri	BN197_5721	sctT	type III secretion system, membrane protein	md:ctri_M00542	I	636503	637372	+
Chlamydia trachomatis IU824	ctri	BN197_6791	sctN	ATP synthase (predicted TTSS protein)	md:ctri_M00542	I	766132	767460	+
Chlamydia trachomatis IU824	ctri	BN197_6841	NA	Type III secretion structural protein (outer membrane ring)	md:ctri_M00542	I	771576	774341	+
Chlamydia trachomatis IU824	ctri	BN197_5131	gapA	glyceraldehyde 3-phosphate dehydrogenase	md:ctri_M00552	I	584140	585144	-
Chlamydia trachomatis IU824	ctri	BN197_7031	pgk	phosphoglycerate kinase	md:ctri_M00552	I	796021	797232	+
Chlamydia trachomatis IU824	ctri	BN197_0431	NA	putative glycosyl hydrolase	md:ctri_M00565	I	46566	48566	-
Chlamydia trachomatis IU824	ctri	BN197_4961	glgC	glucose-1-phosphate adenylyltransferase	md:ctri_M00565	I	565925	567250	-
Chlamydia trachomatis IU824	ctri	BN197_8091	glgA	glycogen synthase	md:ctri_M00565	I	936522	937946	-
Chlamydia trachomatis IU824	ctri	BN197_8801	glgB	1,4-alpha-glucan branching enzyme	md:ctri_M00565	I	1021866	1024082	+
Chlamydia trachomatis IU824	ctri	BN197_1051	fabI	enoyl-acyl-carrier protein reductase	md:ctri_M00572	I	120100	120996	-
Chlamydia trachomatis IU824	ctri	BN197_2371	fabG	3-oxoacyl-[acyl-carrier protein] reductase	md:ctri_M00572	I	265317	266063	-
Chlamydia trachomatis IU824	ctri	BN197_5401	fabZ	(3R)-hydroxymyristoyl-[acyl carrier protein] dehydratase	md:ctri_M00572	I	600692	601153	-
Chlamydia trachomatis IU824	ctri	BN197_7801	fabF	3-oxoacyl-[acyl-carrier-protein] synthase	md:ctri_M00572	I	905064	906320	+
Chlamydia trachomatis IU824	ctri	BN197_7871	bioF	8-amino-7-oxononanoate synthase	md:ctri_M00573	I	912484	913617	+
Chlamydia trachomatis IU824	ctri	BN197_7871	bioF	8-amino-7-oxononanoate synthase	md:ctri_M00577	I	912484	913617	+
Chlamydia trachomatis IU824	ctri	BN197_2121	rpiA	ribose 5-phosphate isomerase	md:ctri_M00580	I	241723	242451	-
Chlamydia trachomatis IU824	ctri	BN197_3791	mdhC	malate dehydrogenase	md:ctri_M00620	I	430322	431302	-
Chlamydia trachomatis IU824	ctri	BN197_8341	sucC	succinyl-CoA synthetase beta chain	md:ctri_M00620	I	965951	967111	+
Chlamydia trachomatis IU824	ctri	BN197_8351	sucD	succinyl-CoA synthetase alpha chain	md:ctri_M00620	I	967126	968001	+
Chlamydia trachomatis IU824	ctri	BN197_0911	lcrD	low calcium response protein D (predicted to be part of the TTSS apparatus)	md:ctri_M00660	I	104101	106227	-
Chlamydia trachomatis IU824	ctri	BN197_0921	sctU	type III secretion system inner membrane protein	md:ctri_M00660	I	106227	107309	-
Chlamydia trachomatis IU824	ctri	BN197_5671	sctJ	type III secretion system protein, membrane component	md:ctri_M00660	I	632500	633480	+
Chlamydia trachomatis IU824	ctri	BN197_5691	sctL	type III secretion system protein	md:ctri_M00660	I	634596	635267	+
Chlamydia trachomatis IU824	ctri	BN197_5701	sctR	type III secretion system, membrane protein	md:ctri_M00660	I	635280	636200	+
Chlamydia trachomatis IU824	ctri	BN197_5711	sctS	type III secretion system, membrane protein	md:ctri_M00660	I	636212	636496	+
Chlamydia trachomatis IU824	ctri	BN197_5721	sctT	type III secretion system, membrane protein	md:ctri_M00660	I	636503	637372	+
Chlamydia trachomatis IU824	ctri	BN197_6791	sctN	ATP synthase (predicted TTSS protein)	md:ctri_M00660	I	766132	767460	+
Chlamydia trachomatis IU824	ctri	BN197_3791	mdhC	malate dehydrogenase	md:ctri_M00740	I	430322	431302	-
Chlamydia trachomatis IU824	ctri	BN197_3281	trpC	N-(5'-phosphoribosyl)anthranilate isomerase	md:ctri_M00840	I	369637	370263	-
Chlamydia trachomatis IU824	ctri	BN197_6201	NA	conserved hypothetical protein	md:ctri_M00840	I	692166	692897	-
Chlamydia trachomatis IU824	ctri	BN197_6211	folA	dihydrofolate reductase	md:ctri_M00840	I	692869	693348	-
Chlamydia trachomatis IU824	ctri	BN197_6221	folP	2-amino-4-hydroxy-6-hydroxymethyldihydropteridi ne pyrophosphokinase	md:ctri_M00840	I	693345	694697	-
Chlamydia trachomatis IU824	ctri	BN197_6231	folX	dihydroneopterin aldolase	md:ctri_M00840	I	694694	695068	-
Chlamydia trachomatis IU824	ctri	BN197_7411	ribA	GTP cyclohydrolase II	md:ctri_M00840	I	844496	845770	+
Chlamydia trachomatis IU824	ctri	BN197_6221	folP	2-amino-4-hydroxy-6-hydroxymethyldihydropteridi ne pyrophosphokinase	md:ctri_M00841	I	693345	694697	-
Chlamydia trachomatis IU824	ctri	BN197_2091	hemL	glutamate-1-semialdehyde 2,1-aminomutase	md:ctri_M00846	I	239438	240706	+
Chlamydia trachomatis IU824	ctri	BN197_2991	hemC	porphobilinogen deaminase	md:ctri_M00846	I	333821	334480	+
Chlamydia trachomatis IU824	ctri	BN197_4391	NA	conserved hypothetical protein	md:ctri_M00846	I	503997	504668	+
Chlamydia trachomatis IU824	ctri	BN197_6421	hemB	delta-aminolevulinic acid dehydratase	md:ctri_M00846	I	721330	722346	+
Chlamydia trachomatis IU824	ctri	BN197_6721	hemA	glutamyl-tRNA reductase	md:ctri_M00846	I	759777	760784	+
Chlamydia trachomatis IU824	ctri	BN197_2191	NA	putative flavoprotein	md:ctri_M00849	I	249810	250388	+
Chlamydia trachomatis IU824	ctri	BN197_4961	glgC	glucose-1-phosphate adenylyltransferase	md:ctri_M00854	I	565925	567250	-
Chlamydia trachomatis IU824	ctri	BN197_8091	glgA	glycogen synthase	md:ctri_M00854	I	936522	937946	-
Chlamydia trachomatis IU824	ctri	BN197_8801	glgB	1,4-alpha-glucan branching enzyme	md:ctri_M00854	I	1021866	1024082	+
Chlamydia trachomatis IU824	ctri	BN197_0881	malQ	4-alpha-glucanotransferase	md:ctri_M00855	I	100753	102336	-
Chlamydia trachomatis IU824	ctri	BN197_2481	glgP	glycogen phosphorylase	md:ctri_M00855	I	277898	280342	-
Chlamydia trachomatis IU824	ctri	BN197_0101	htrB	lipid A biosynthesis lauroyl acyltransferase	md:ctri_M00866	I	10392	11759	-
Chlamydia trachomatis IU824	ctri	BN197_2071	gseA	3-deoxy-D-manno-octulosonic-acid transferase	md:ctri_M00866	I	235490	236785	-
Chlamydia trachomatis IU824	ctri	BN197_2431	lpxD	UDP-3-O-[3-hydroxymyristoyl] glucosamine N-acyltransferase	md:ctri_M00866	I	272097	273161	+
Chlamydia trachomatis IU824	ctri	BN197_4061	NA	Tetraacyldisaccharide-1-P 4'-kinase	md:ctri_M00866	I	462226	463335	-
Chlamydia trachomatis IU824	ctri	BN197_4151	lpxB	lipid-A-disaccharide synthase	md:ctri_M00866	I	470492	472315	+
Chlamydia trachomatis IU824	ctri	BN197_5391	lpxA	acyl-[acyl-carrier-protein]--UDP-N-acetylglucos amine O-acyltransferase	md:ctri_M00866	I	599838	600680	-
Chlamydia trachomatis IU824	ctri	BN197_5411	lpxC	UDP-3-O-[3-hydroxymyristoyl] N-acetylglucosamine deacetylase	md:ctri_M00866	I	601150	602010	-
Chlamydia trachomatis IU824	ctri	BN197_2991	hemC	porphobilinogen deaminase	md:ctri_M00868	I	333821	334480	+
Chlamydia trachomatis IU824	ctri	BN197_4391	NA	conserved hypothetical protein	md:ctri_M00868	I	503997	504668	+
Chlamydia trachomatis IU824	ctri	BN197_4921	hemZ	ferrochelatase	md:ctri_M00868	I	562736	563680	-
Chlamydia trachomatis IU824	ctri	BN197_6421	hemB	delta-aminolevulinic acid dehydratase	md:ctri_M00868	I	721330	722346	+
Chlamydia trachomatis IU824	ctri	BN197_7551	hemG	protoporphyrinogen oxidase	md:ctri_M00868	I	867228	868502	-
Chlamydia trachomatis IU824	ctri	BN197_7571	hemE	uroporphyrinogen decarboxylase	md:ctri_M00868	I	869845	870855	-
Chlamydia trachomatis IU824	ctri	BN197_2381	fabD	malonyl-CoA-[acyl-carrier-protein] transacylase	md:ctri_M00873	I	266060	266986	-
Chlamydia trachomatis IU824	ctri	BN197_7801	fabF	3-oxoacyl-[acyl-carrier-protein] synthase	md:ctri_M00873	I	905064	906320	+
Chlamydia trachomatis IU824	ctri	BN197_2371	fabG	3-oxoacyl-[acyl-carrier protein] reductase	md:ctri_M00874	I	265317	266063	-
Chlamydia trachomatis IU824	ctri	BN197_2381	fabD	malonyl-CoA-[acyl-carrier-protein] transacylase	md:ctri_M00874	I	266060	266986	-
Chlamydia trachomatis IU824	ctri	BN197_7801	fabF	3-oxoacyl-[acyl-carrier-protein] synthase	md:ctri_M00874	I	905064	906320	+
Chlamydia trachomatis IU824	ctri	BN197_5661	lipA	lipoic acid synthetase	md:ctri_M00881	I	631461	632396	+
Chlamydia trachomatis IU824	ctri	BN197_5661	lipA	lipoic acid synthetase	md:ctri_M00882	I	631461	632396	+
Chlamydia trachomatis IU824	ctri	BN197_5661	lipA	lipoic acid synthetase	md:ctri_M00883	I	631461	632396	+
Chlamydia trachomatis IU824	ctri	BN197_5661	lipA	lipoic acid synthetase	md:ctri_M00884	I	631461	632396	+
Chlamydia trachomatis IU824	ctri	BN197_3811	pgi	glucose-6-phosphate isomerase	md:ctri_M00909	I	431748	433325	-
Chlamydia trachomatis IU824	ctri	BN197_8281	NA	phosphoglucosamine mutase	md:ctri_M00909	I	958289	959665	+
Chlamydia trachomatis IU824	ctri	BN197_8291	glmS	glucosamine--fructose-6-phosphate aminotransferase	md:ctri_M00909	I	959676	961496	+
Chlamydia trachomatis IU824	ctri	BN197_4091	ribC	riboflavin synthase alpha chain	md:ctri_M00911	I	465122	465721	-
Chlamydia trachomatis IU824	ctri	BN197_7421	ribH	Riboflavin synthase beta chain (6,7-dimethyl-8-ribityllumazine synthase)	md:ctri_M00911	I	845739	846212	+
Chlamydia trachomatis IU824	ctri	BN197_2091	hemL	glutamate-1-semialdehyde 2,1-aminomutase	md:ctri_M00926	I	239438	240706	+
Chlamydia trachomatis IU824	ctri	BN197_2991	hemC	porphobilinogen deaminase	md:ctri_M00926	I	333821	334480	+
Chlamydia trachomatis IU824	ctri	BN197_4391	NA	conserved hypothetical protein	md:ctri_M00926	I	503997	504668	+
Chlamydia trachomatis IU824	ctri	BN197_4921	hemZ	ferrochelatase	md:ctri_M00926	I	562736	563680	-
Chlamydia trachomatis IU824	ctri	BN197_6421	hemB	delta-aminolevulinic acid dehydratase	md:ctri_M00926	I	721330	722346	+
Chlamydia trachomatis IU824	ctri	BN197_6721	hemA	glutamyl-tRNA reductase	md:ctri_M00926	I	759777	760784	+
Chlamydia trachomatis IU824	ctri	BN197_7551	hemG	protoporphyrinogen oxidase	md:ctri_M00926	I	867228	868502	-
Chlamydia trachomatis IU824	ctri	BN197_7571	hemE	uroporphyrinogen decarboxylase	md:ctri_M00926	I	869845	870855	-
Chlamydia trachomatis IU824	ctri	BN197_4321	NA	conserved hypothetical protein	md:ctri_M00930	I	497150	498259	+
Chlamydia trachomatis IU824	ctri	BN197_7771	NA	conserved hypothetical protein	md:ctri_M00930	I	901409	902461	-
Chlamydia trachomatis IU824	ctri	BN197_4321	NA	conserved hypothetical protein	md:ctri_M00931	I	497150	498259	+
Chlamydia trachomatis IU824	ctri	BN197_7771	NA	conserved hypothetical protein	md:ctri_M00931	I	901409	902461	-
Chlamydia trachomatis IU824	ctri	BN197_1871	tdk	thymidylate kinase	md:ctri_M00938	I	210852	211463	-
Chlamydia trachomatis IU824	ctri	BN197_2921	dut	deoxyuridine 5'-triphosphate nucleotidohydrolase	md:ctri_M00938	I	327001	327438	-
Chlamydia trachomatis IU824	ctri	BN197_5081	ndk	nucleoside diphosphate kinase	md:ctri_M00938	I	580595	581020	-
Chlamydia trachomatis IU824	ctri	BN197_8401	nrdA	ribonucleoside-diphosphate reductase alpha chain	md:ctri_M00938	I	975484	978627	+
Chlamydia trachomatis IU824	ctri	BN197_8411	nrdB	ribonucleoside-diphosphate reductase beta chain	md:ctri_M00938	I	978665	979705	+
Chlamydia trachomatis IU824	ctri	BN197_7871	bioF	8-amino-7-oxononanoate synthase	md:ctri_M00950	I	912484	913617	+
