Chlamydia trachomatis L1/440/LN	ctll	L1440_00208	NA	diphosphate--fructose-6-phosphate 1-phosphotransferase	md:ctll_M00001	I	226839	228500	+
Chlamydia trachomatis L1/440/LN	ctll	L1440_00220	NA	fructose-bisphosphate aldolase	md:ctll_M00001	I	240234	241280	+
Chlamydia trachomatis L1/440/LN	ctll	L1440_00340	NA	triosephosphate isomerase	md:ctll_M00001	I	366226	367050	+
Chlamydia trachomatis L1/440/LN	ctll	L1440_00345	NA	pyruvate kinase	md:ctll_M00001	I	371111	372568	+
Chlamydia trachomatis L1/440/LN	ctll	L1440_00394	NA	glucose-6-phosphate isomerase	md:ctll_M00001	I	427510	429087	-
Chlamydia trachomatis L1/440/LN	ctll	L1440_00535	NA	glyceraldehyde-3-phosphate dehydrogenase A	md:ctll_M00001	I	580420	581424	-
Chlamydia trachomatis L1/440/LN	ctll	L1440_00618	NA	enolase	md:ctll_M00001	I	659167	660441	+
Chlamydia trachomatis L1/440/LN	ctll	L1440_00736	NA	bifunctional phosphoglycerate kinase/triosephosphate isomerase	md:ctll_M00001	I	792313	793524	+
Chlamydia trachomatis L1/440/LN	ctll	L1440_00766	NA	phosphoglyceromutase	md:ctll_M00001	I	831273	831953	-
Chlamydia trachomatis L1/440/LN	ctll	L1440_00340	NA	triosephosphate isomerase	md:ctll_M00002	I	366226	367050	+
Chlamydia trachomatis L1/440/LN	ctll	L1440_00345	NA	pyruvate kinase	md:ctll_M00002	I	371111	372568	+
Chlamydia trachomatis L1/440/LN	ctll	L1440_00535	NA	glyceraldehyde-3-phosphate dehydrogenase A	md:ctll_M00002	I	580420	581424	-
Chlamydia trachomatis L1/440/LN	ctll	L1440_00618	NA	enolase	md:ctll_M00002	I	659167	660441	+
Chlamydia trachomatis L1/440/LN	ctll	L1440_00736	NA	bifunctional phosphoglycerate kinase/triosephosphate isomerase	md:ctll_M00002	I	792313	793524	+
Chlamydia trachomatis L1/440/LN	ctll	L1440_00766	NA	phosphoglyceromutase	md:ctll_M00002	I	831273	831953	-
Chlamydia trachomatis L1/440/LN	ctll	L1440_00220	NA	fructose-bisphosphate aldolase	md:ctll_M00003	I	240234	241280	+
Chlamydia trachomatis L1/440/LN	ctll	L1440_00340	NA	triosephosphate isomerase	md:ctll_M00003	I	366226	367050	+
Chlamydia trachomatis L1/440/LN	ctll	L1440_00535	NA	glyceraldehyde-3-phosphate dehydrogenase A	md:ctll_M00003	I	580420	581424	-
Chlamydia trachomatis L1/440/LN	ctll	L1440_00618	NA	enolase	md:ctll_M00003	I	659167	660441	+
Chlamydia trachomatis L1/440/LN	ctll	L1440_00736	NA	bifunctional phosphoglycerate kinase/triosephosphate isomerase	md:ctll_M00003	I	792313	793524	+
Chlamydia trachomatis L1/440/LN	ctll	L1440_00754	NA	phosphoenolpyruvate carboxykinase	md:ctll_M00003	I	816827	818626	+
Chlamydia trachomatis L1/440/LN	ctll	L1440_00766	NA	phosphoglyceromutase	md:ctll_M00003	I	831273	831953	-
Chlamydia trachomatis L1/440/LN	ctll	L1440_00066	NA	6-phosphogluconate dehydrogenase	md:ctll_M00004	I	73848	75290	+
Chlamydia trachomatis L1/440/LN	ctll	L1440_00123	NA	ribulose-phosphate 3-epimerase	md:ctll_M00004	I	138932	139618	+
Chlamydia trachomatis L1/440/LN	ctll	L1440_00188	NA	glucose-6-phosphate 1-dehydrogenase	md:ctll_M00004	I	203354	204877	+
Chlamydia trachomatis L1/440/LN	ctll	L1440_00189	NA	glucosamine-6-phosphate deaminase	md:ctll_M00004	I	204902	205672	+
Chlamydia trachomatis L1/440/LN	ctll	L1440_00218	NA	ribose-5-phosphate isomerase A	md:ctll_M00004	I	237464	238192	-
Chlamydia trachomatis L1/440/LN	ctll	L1440_00320	NA	transaldolase B	md:ctll_M00004	I	346180	347163	-
Chlamydia trachomatis L1/440/LN	ctll	L1440_00394	NA	glucose-6-phosphate isomerase	md:ctll_M00004	I	427510	429087	-
Chlamydia trachomatis L1/440/LN	ctll	L1440_00801	NA	transketolase	md:ctll_M00004	I	878863	880863	+
Chlamydia trachomatis L1/440/LN	ctll	L1440_00066	NA	6-phosphogluconate dehydrogenase	md:ctll_M00006	I	73848	75290	+
Chlamydia trachomatis L1/440/LN	ctll	L1440_00188	NA	glucose-6-phosphate 1-dehydrogenase	md:ctll_M00006	I	203354	204877	+
Chlamydia trachomatis L1/440/LN	ctll	L1440_00189	NA	glucosamine-6-phosphate deaminase	md:ctll_M00006	I	204902	205672	+
Chlamydia trachomatis L1/440/LN	ctll	L1440_00123	NA	ribulose-phosphate 3-epimerase	md:ctll_M00007	I	138932	139618	+
Chlamydia trachomatis L1/440/LN	ctll	L1440_00218	NA	ribose-5-phosphate isomerase A	md:ctll_M00007	I	237464	238192	-
Chlamydia trachomatis L1/440/LN	ctll	L1440_00320	NA	transaldolase B	md:ctll_M00007	I	346180	347163	-
Chlamydia trachomatis L1/440/LN	ctll	L1440_00801	NA	transketolase	md:ctll_M00007	I	878863	880863	+
Chlamydia trachomatis L1/440/LN	ctll	L1440_00188	NA	glucose-6-phosphate 1-dehydrogenase	md:ctll_M00008	I	203354	204877	+
Chlamydia trachomatis L1/440/LN	ctll	L1440_00189	NA	glucosamine-6-phosphate deaminase	md:ctll_M00008	I	204902	205672	+
Chlamydia trachomatis L1/440/LN	ctll	L1440_00056	NA	2-oxoglutarate dehydrogenase E1 component	md:ctll_M00009	I	61586	64297	+
Chlamydia trachomatis L1/440/LN	ctll	L1440_00057	NA	dihydrolipoamide succinyltransferase	md:ctll_M00009	I	64301	65398	+
Chlamydia trachomatis L1/440/LN	ctll	L1440_00392	NA	malate dehydrogenase	md:ctll_M00009	I	426085	427065	-
Chlamydia trachomatis L1/440/LN	ctll	L1440_00417	NA	branched-chain alpha-keto acid dehydrogenase subunit E2	md:ctll_M00009	I	455336	456502	-
Chlamydia trachomatis L1/440/LN	ctll	L1440_00588	NA	dihydrolipoamide dehydrogenase	md:ctll_M00009	I	626370	627767	+
Chlamydia trachomatis L1/440/LN	ctll	L1440_00622	NA	succinate dehydrogenase iron-sulfur subunit	md:ctll_M00009	I	667430	668089	-
Chlamydia trachomatis L1/440/LN	ctll	L1440_00623	NA	succinate dehydrogenase flavoprotein subunit	md:ctll_M00009	I	668207	670087	-
Chlamydia trachomatis L1/440/LN	ctll	L1440_00624	NA	Succinate dehydrogenase/fumarate reductase, cytochrome b subunit	md:ctll_M00009	I	670084	670653	-
Chlamydia trachomatis L1/440/LN	ctll	L1440_00877	NA	succinyl-CoA synthetase subunit beta	md:ctll_M00009	I	962220	963380	+
Chlamydia trachomatis L1/440/LN	ctll	L1440_00878	NA	succinyl-CoA synthetase subunit alpha	md:ctll_M00009	I	963395	964270	+
Chlamydia trachomatis L1/440/LN	ctll	L1440_00914	NA	fumarate hydratase	md:ctll_M00009	I	1002541	1003320	+
Chlamydia trachomatis L1/440/LN	ctll	L1440_00056	NA	2-oxoglutarate dehydrogenase E1 component	md:ctll_M00011	I	61586	64297	+
Chlamydia trachomatis L1/440/LN	ctll	L1440_00057	NA	dihydrolipoamide succinyltransferase	md:ctll_M00011	I	64301	65398	+
Chlamydia trachomatis L1/440/LN	ctll	L1440_00392	NA	malate dehydrogenase	md:ctll_M00011	I	426085	427065	-
Chlamydia trachomatis L1/440/LN	ctll	L1440_00417	NA	branched-chain alpha-keto acid dehydrogenase subunit E2	md:ctll_M00011	I	455336	456502	-
Chlamydia trachomatis L1/440/LN	ctll	L1440_00588	NA	dihydrolipoamide dehydrogenase	md:ctll_M00011	I	626370	627767	+
Chlamydia trachomatis L1/440/LN	ctll	L1440_00622	NA	succinate dehydrogenase iron-sulfur subunit	md:ctll_M00011	I	667430	668089	-
Chlamydia trachomatis L1/440/LN	ctll	L1440_00623	NA	succinate dehydrogenase flavoprotein subunit	md:ctll_M00011	I	668207	670087	-
Chlamydia trachomatis L1/440/LN	ctll	L1440_00624	NA	Succinate dehydrogenase/fumarate reductase, cytochrome b subunit	md:ctll_M00011	I	670084	670653	-
Chlamydia trachomatis L1/440/LN	ctll	L1440_00877	NA	succinyl-CoA synthetase subunit beta	md:ctll_M00011	I	962220	963380	+
Chlamydia trachomatis L1/440/LN	ctll	L1440_00878	NA	succinyl-CoA synthetase subunit alpha	md:ctll_M00011	I	963395	964270	+
Chlamydia trachomatis L1/440/LN	ctll	L1440_00914	NA	fumarate hydratase	md:ctll_M00011	I	1002541	1003320	+
Chlamydia trachomatis L1/440/LN	ctll	L1440_00392	NA	malate dehydrogenase	md:ctll_M00012	I	426085	427065	-
Chlamydia trachomatis L1/440/LN	ctll	L1440_00377	NA	dihydrodipicolinate synthase	md:ctll_M00016	I	408962	409822	-
Chlamydia trachomatis L1/440/LN	ctll	L1440_00378	NA	aspartate kinase	md:ctll_M00016	I	409832	411127	-
Chlamydia trachomatis L1/440/LN	ctll	L1440_00379	NA	aspartate-semialdehyde dehydrogenase	md:ctll_M00016	I	411120	412124	-
Chlamydia trachomatis L1/440/LN	ctll	L1440_00380	NA	dihydrodipicolinate reductase	md:ctll_M00016	I	412134	412895	-
Chlamydia trachomatis L1/440/LN	ctll	L1440_00452	NA	diaminopimelate epimerase	md:ctll_M00016	I	496472	497299	-
Chlamydia trachomatis L1/440/LN	ctll	L1440_00378	NA	aspartate kinase	md:ctll_M00017	I	409832	411127	-
Chlamydia trachomatis L1/440/LN	ctll	L1440_00379	NA	aspartate-semialdehyde dehydrogenase	md:ctll_M00017	I	411120	412124	-
Chlamydia trachomatis L1/440/LN	ctll	L1440_00378	NA	aspartate kinase	md:ctll_M00018	I	409832	411127	-
Chlamydia trachomatis L1/440/LN	ctll	L1440_00379	NA	aspartate-semialdehyde dehydrogenase	md:ctll_M00018	I	411120	412124	-
Chlamydia trachomatis L1/440/LN	ctll	L1440_00382	NA	3-phosphoshikimate 1-carboxyvinyltransferase	md:ctll_M00022	I	414969	416291	+
Chlamydia trachomatis L1/440/LN	ctll	L1440_00383	NA	shikimate kinase	md:ctll_M00022	I	416233	416787	+
Chlamydia trachomatis L1/440/LN	ctll	L1440_00384	NA	chorismate synthase	md:ctll_M00022	I	416780	417853	+
Chlamydia trachomatis L1/440/LN	ctll	L1440_00385	NA	3-dehydroquinate synthase	md:ctll_M00022	I	417850	418971	+
Chlamydia trachomatis L1/440/LN	ctll	L1440_00386	NA	bifunctional 3-dehydroquinate dehydratase/shikimate dehydrogenase protein	md:ctll_M00022	I	418952	420394	+
Chlamydia trachomatis L1/440/LN	ctll	L1440_00398	NA	3-deoxy-7-phosphoheptulonate synthase	md:ctll_M00022	I	432227	433063	-
Chlamydia trachomatis L1/440/LN	ctll	L1440_00172	NA	bifunctional phosphoribosylanthranilate isomerase/tryptophan synthase subunit beta	md:ctll_M00023	I	190389	191567	+
Chlamydia trachomatis L1/440/LN	ctll	L1440_00173	NA	tryptophan synthase subunit alpha	md:ctll_M00023	I	191560	192321	+
Chlamydia trachomatis L1/440/LN	ctll	L1440_00057	NA	dihydrolipoamide succinyltransferase	md:ctll_M00032	I	64301	65398	+
Chlamydia trachomatis L1/440/LN	ctll	L1440_00417	NA	branched-chain alpha-keto acid dehydrogenase subunit E2	md:ctll_M00032	I	455336	456502	-
Chlamydia trachomatis L1/440/LN	ctll	L1440_00588	NA	dihydrolipoamide dehydrogenase	md:ctll_M00032	I	626370	627767	+
Chlamydia trachomatis L1/440/LN	ctll	L1440_00378	NA	aspartate kinase	md:ctll_M00033	I	409832	411127	-
Chlamydia trachomatis L1/440/LN	ctll	L1440_00379	NA	aspartate-semialdehyde dehydrogenase	md:ctll_M00033	I	411120	412124	-
Chlamydia trachomatis L1/440/LN	ctll	L1440_00058	NA	hypothetical protein	md:ctll_M00034	I	65427	66158	-
Chlamydia trachomatis L1/440/LN	ctll	L1440_00354	NA	pyruvate dehydrogenase subunit beta	md:ctll_M00036	I	384390	386426	-
Chlamydia trachomatis L1/440/LN	ctll	L1440_00588	NA	dihydrolipoamide dehydrogenase	md:ctll_M00036	I	626370	627767	+
Chlamydia trachomatis L1/440/LN	ctll	L1440_00130	NA	adenylate kinase	md:ctll_M00049	I	144131	144868	-
Chlamydia trachomatis L1/440/LN	ctll	L1440_00529	NA	mulitfunctional nucleoside diphosphate kinase/apyrimidinic endonuclease/3'-	md:ctll_M00049	I	576875	577300	-
Chlamydia trachomatis L1/440/LN	ctll	L1440_00032	NA	guanylate kinase	md:ctll_M00050	I	34397	35014	+
Chlamydia trachomatis L1/440/LN	ctll	L1440_00529	NA	mulitfunctional nucleoside diphosphate kinase/apyrimidinic endonuclease/3'-	md:ctll_M00050	I	576875	577300	-
Chlamydia trachomatis L1/440/LN	ctll	L1440_00186	NA	CTP synthetase	md:ctll_M00052	I	201185	202804	+
Chlamydia trachomatis L1/440/LN	ctll	L1440_00529	NA	mulitfunctional nucleoside diphosphate kinase/apyrimidinic endonuclease/3'-	md:ctll_M00052	I	576875	577300	-
Chlamydia trachomatis L1/440/LN	ctll	L1440_00719	NA	uridylate kinase	md:ctll_M00052	I	773414	774148	-
Chlamydia trachomatis L1/440/LN	ctll	L1440_00529	NA	mulitfunctional nucleoside diphosphate kinase/apyrimidinic endonuclease/3'-	md:ctll_M00053	I	576875	577300	-
Chlamydia trachomatis L1/440/LN	ctll	L1440_00883	NA	ribonucleotide-diphosphate reductase subunit alpha	md:ctll_M00053	I	971754	974897	+
Chlamydia trachomatis L1/440/LN	ctll	L1440_00884	NA	ribonucleotide-diphosphate reductase subunit beta	md:ctll_M00053	I	974935	975975	+
Chlamydia trachomatis L1/440/LN	ctll	L1440_00011	NA	lipid A biosynthesis lauroyl acyltransferase	md:ctll_M00060	I	10391	11758	-
Chlamydia trachomatis L1/440/LN	ctll	L1440_00213	NA	3-deoxy-D-manno-octulosonic-acid transferase	md:ctll_M00060	I	231231	232526	-
Chlamydia trachomatis L1/440/LN	ctll	L1440_00250	NA	UDP-3-O-[3-hydroxymyristoyl] glucosamine N-acyltransferase	md:ctll_M00060	I	267856	268920	+
Chlamydia trachomatis L1/440/LN	ctll	L1440_00419	NA	tetraacyldisaccharide 4'-kinase	md:ctll_M00060	I	457983	459092	-
Chlamydia trachomatis L1/440/LN	ctll	L1440_00428	NA	lipid-A-disaccharide synthase	md:ctll_M00060	I	466249	468072	+
Chlamydia trachomatis L1/440/LN	ctll	L1440_00561	NA	UDP-N-acetylglucosamine acyltransferase	md:ctll_M00060	I	596134	596976	-
Chlamydia trachomatis L1/440/LN	ctll	L1440_00563	NA	UDP-3-O-[3-hydroxymyristoyl] N-acetylglucosamine deacetylase	md:ctll_M00060	I	597446	598306	-
Chlamydia trachomatis L1/440/LN	ctll	L1440_00185	NA	3-deoxy-manno-octulosonate cytidylyltransferase	md:ctll_M00063	I	200445	201209	+
Chlamydia trachomatis L1/440/LN	ctll	L1440_00416	NA	D-arabinose 5-phosphate isomerase	md:ctll_M00063	I	454318	455304	-
Chlamydia trachomatis L1/440/LN	ctll	L1440_00692	NA	2-dehydro-3-deoxyphosphooctonate aldolase	md:ctll_M00063	I	748893	749702	-
Chlamydia trachomatis L1/440/LN	ctll	L1440_00125	NA	acetyl-CoA carboxylase biotin carboxyl carrier protein subunit	md:ctll_M00082	I	140175	140669	+
Chlamydia trachomatis L1/440/LN	ctll	L1440_00126	NA	acetyl-CoA carboxylase biotin carboxylase subunit	md:ctll_M00082	I	140673	142046	+
Chlamydia trachomatis L1/440/LN	ctll	L1440_00245	NA	(acyl-carrier-protein) S-malonyltransferase	md:ctll_M00082	I	261822	262748	-
Chlamydia trachomatis L1/440/LN	ctll	L1440_00246	NA	3-oxoacyl-(acyl carrier protein) synthase III	md:ctll_M00082	I	262765	263760	-
Chlamydia trachomatis L1/440/LN	ctll	L1440_00272	NA	acetyl-CoA carboxylase carboxyltransferase subunit alpha	md:ctll_M00082	I	293173	294147	-
Chlamydia trachomatis L1/440/LN	ctll	L1440_00300	NA	acetyl-CoA carboxylase subunit beta	md:ctll_M00082	I	323218	324144	-
Chlamydia trachomatis L1/440/LN	ctll	L1440_00105	NA	enoyl-(acyl carrier protein) reductase	md:ctll_M00083	I	120019	120915	-
Chlamydia trachomatis L1/440/LN	ctll	L1440_00244	NA	3-ketoacyl-(acyl-carrier-protein) reductase	md:ctll_M00083	I	261079	261825	-
Chlamydia trachomatis L1/440/LN	ctll	L1440_00562	NA	(3R)-hydroxymyristoyl-ACP dehydratase	md:ctll_M00083	I	596988	597449	-
Chlamydia trachomatis L1/440/LN	ctll	L1440_00822	NA	3-oxoacyl-(acyl carrier protein) synthase II	md:ctll_M00083	I	901389	902645	+
Chlamydia trachomatis L1/440/LN	ctll	L1440_00476	NA	2-acyl-glycerophospho-ethanolamine acyltransferase	md:ctll_M00089	I	523872	524522	+
Chlamydia trachomatis L1/440/LN	ctll	L1440_00827	NA	2-acyl-glycerophospho-ethanolamine acyltransferase	md:ctll_M00089	I	906384	907145	+
Chlamydia trachomatis L1/440/LN	ctll	L1440_00860	NA	Acyltransferase	md:ctll_M00089	I	942888	943889	-
Chlamydia trachomatis L1/440/LN	ctll	L1440_00474	NA	CDP-diglyceride synthase	md:ctll_M00093	I	522311	523228	+
Chlamydia trachomatis L1/440/LN	ctll	L1440_00742	NA	phosphatidylserine decarboxylase	md:ctll_M00093	I	799504	800409	+
Chlamydia trachomatis L1/440/LN	ctll	L1440_00882	NA	CDP-diacylglycerol-serine O-phosphatidyltransferase	md:ctll_M00093	I	970328	971119	-
Chlamydia trachomatis L1/440/LN	ctll	L1440_00059	NA	4-hydroxy-3-methylbut-2-en-1-yl diphosphate synthase	md:ctll_M00096	I	66167	67975	-
Chlamydia trachomatis L1/440/LN	ctll	L1440_00074	NA	1-deoxy-D-xylulose 5-phosphate reductoisomerase	md:ctll_M00096	I	84500	85639	+
Chlamydia trachomatis L1/440/LN	ctll	L1440_00344	NA	1-deoxy-D-xylulose-5-phosphate synthase	md:ctll_M00096	I	369092	371014	+
Chlamydia trachomatis L1/440/LN	ctll	L1440_00456	NA	2-C-methyl-D-erythritol 2,4-cyclodiphosphate synthase	md:ctll_M00096	I	500489	501025	+
Chlamydia trachomatis L1/440/LN	ctll	L1440_00485	NA	2-C-methyl-D-erythritol 4-phosphate cytidylyltransferase	md:ctll_M00096	I	535443	536102	+
Chlamydia trachomatis L1/440/LN	ctll	L1440_00856	NA	4-diphosphocytidyl-2-C-methyl-D-erythritol kinase	md:ctll_M00096	I	937266	938132	+
Chlamydia trachomatis L1/440/LN	ctll	L1440_00918	NA	4-hydroxy-3-methylbut-2-enyl diphosphate reductase	md:ctll_M00096	I	1009135	1010058	+
Chlamydia trachomatis L1/440/LN	ctll	L1440_00450	NA	ubiquinone/menaquinone biosynthesis methyltransferase	md:ctll_M00116	I	494743	495396	+
Chlamydia trachomatis L1/440/LN	ctll	L1440_00224	NA	prenyltransferase	md:ctll_M00117	I	244646	245554	+
Chlamydia trachomatis L1/440/LN	ctll	L1440_00225	NA	aromatic acid decarboxylase	md:ctll_M00117	I	245551	246129	+
Chlamydia trachomatis L1/440/LN	ctll	L1440_00450	NA	ubiquinone/menaquinone biosynthesis methyltransferase	md:ctll_M00117	I	494743	495396	+
Chlamydia trachomatis L1/440/LN	ctll	L1440_00520	NA	dephospho-CoA kinase	md:ctll_M00120	I	565374	565982	-
Chlamydia trachomatis L1/440/LN	ctll	L1440_00054	NA	coproporphyrinogen III oxidase	md:ctll_M00121	I	59688	60818	-
Chlamydia trachomatis L1/440/LN	ctll	L1440_00215	NA	glutamate-1-semialdehyde aminotransferase	md:ctll_M00121	I	235179	236447	+
Chlamydia trachomatis L1/440/LN	ctll	L1440_00306	NA	porphobilinogen deaminase	md:ctll_M00121	I	329497	330222	+
Chlamydia trachomatis L1/440/LN	ctll	L1440_00455	NA	uroporphyrinogen-III synthase	md:ctll_M00121	I	499715	500386	+
Chlamydia trachomatis L1/440/LN	ctll	L1440_00468	NA	glutamyl-tRNA synthetase	md:ctll_M00121	I	511510	513030	-
Chlamydia trachomatis L1/440/LN	ctll	L1440_00513	NA	ferrochelatase	md:ctll_M00121	I	559016	559960	-
Chlamydia trachomatis L1/440/LN	ctll	L1440_00668	NA	delta-aminolevulinic acid dehydratase	md:ctll_M00121	I	717598	718614	+
Chlamydia trachomatis L1/440/LN	ctll	L1440_00700	NA	glutamyl-tRNA reductase	md:ctll_M00121	I	756010	757053	+
Chlamydia trachomatis L1/440/LN	ctll	L1440_00793	NA	protoporphyrinogen oxidase	md:ctll_M00121	I	863556	864830	-
Chlamydia trachomatis L1/440/LN	ctll	L1440_00794	NA	coproporphyrinogen III oxidase	md:ctll_M00121	I	864827	866200	-
Chlamydia trachomatis L1/440/LN	ctll	L1440_00795	NA	uroporphyrinogen decarboxylase	md:ctll_M00121	I	866173	867177	-
Chlamydia trachomatis L1/440/LN	ctll	L1440_00829	NA	8-amino-7-oxononanoate synthase	md:ctll_M00123	I	908809	909942	+
Chlamydia trachomatis L1/440/LN	ctll	L1440_00094	NA	bifunctional riboflavin kinase/FMN adenylyltransferase	md:ctll_M00125	I	108593	109516	-
Chlamydia trachomatis L1/440/LN	ctll	L1440_00422	NA	riboflavin synthase subunit alpha	md:ctll_M00125	I	460879	461478	-
Chlamydia trachomatis L1/440/LN	ctll	L1440_00774	NA	bifunctional diaminohydroxyphosphoribosylaminopyrimidine deaminase/5-amino-6-(5-phosphoribosylamino)uracil reductase	md:ctll_M00125	I	839549	840676	+
Chlamydia trachomatis L1/440/LN	ctll	L1440_00775	NA	bifunctional 3,4-dihydroxy-2-butanone 4-phosphate synthase/GTP cyclohydrolase II protein	md:ctll_M00125	I	840786	842060	+
Chlamydia trachomatis L1/440/LN	ctll	L1440_00776	NA	6,7-dimethyl-8-ribityllumazine synthase	md:ctll_M00125	I	842029	842502	+
Chlamydia trachomatis L1/440/LN	ctll	L1440_00646	NA	dihydrofolate reductase	md:ctll_M00126	I	689137	689616	-
Chlamydia trachomatis L1/440/LN	ctll	L1440_00647	NA	dihydropteroate synthase	md:ctll_M00126	I	689613	690965	-
Chlamydia trachomatis L1/440/LN	ctll	L1440_00648	NA	D-erythro-7,8-dihydroneopterin triphosphate 2'-epimerase	md:ctll_M00126	I	690962	691330	-
Chlamydia trachomatis L1/440/LN	ctll	L1440_00389	NA	pyruvoyl-dependent arginine decarboxylase	md:ctll_M00133	I	422759	423142	+
Chlamydia trachomatis L1/440/LN	ctll	L1440_00081	NA	bifunctional 5,10-methylene-tetrahydrofolate dehydrogenase/5,10-methylene-tetrahydrofolate cyclohydrolase	md:ctll_M00140	I	92606	93469	-
Chlamydia trachomatis L1/440/LN	ctll	L1440_00454	NA	serine hydroxymethyltransferase	md:ctll_M00140	I	497858	499351	-
Chlamydia trachomatis L1/440/LN	ctll	L1440_00622	NA	succinate dehydrogenase iron-sulfur subunit	md:ctll_M00149	I	667430	668089	-
Chlamydia trachomatis L1/440/LN	ctll	L1440_00623	NA	succinate dehydrogenase flavoprotein subunit	md:ctll_M00149	I	668207	670087	-
Chlamydia trachomatis L1/440/LN	ctll	L1440_00624	NA	Succinate dehydrogenase/fumarate reductase, cytochrome b subunit	md:ctll_M00149	I	670084	670653	-
Chlamydia trachomatis L1/440/LN	ctll	L1440_00014	NA	cytochrome bd-II oxidase subunit 1	md:ctll_M00153	I	14212	15552	+
Chlamydia trachomatis L1/440/LN	ctll	L1440_00015	NA	cytochrome bd-II oxidase subunit 2	md:ctll_M00153	I	15564	16625	+
Chlamydia trachomatis L1/440/LN	ctll	L1440_00311	NA	V-type ATP synthase subunit K	md:ctll_M00159	I	337218	337643	-
Chlamydia trachomatis L1/440/LN	ctll	L1440_00312	NA	V-type ATP synthase subunit I	md:ctll_M00159	I	337705	339654	-
Chlamydia trachomatis L1/440/LN	ctll	L1440_00313	NA	V-type ATP synthase subunit D	md:ctll_M00159	I	339660	340271	-
Chlamydia trachomatis L1/440/LN	ctll	L1440_00314	NA	V-type ATP synthase subunit B	md:ctll_M00159	I	340256	341572	-
Chlamydia trachomatis L1/440/LN	ctll	L1440_00315	NA	V-type ATP synthase subunit A	md:ctll_M00159	I	341575	343350	-
Chlamydia trachomatis L1/440/LN	ctll	L1440_00317	NA	V-type ATP synthase subunit E	md:ctll_M00159	I	344311	344937	-
Chlamydia trachomatis L1/440/LN	ctll	L1440_00218	NA	ribose-5-phosphate isomerase A	md:ctll_M00165	I	237464	238192	-
Chlamydia trachomatis L1/440/LN	ctll	L1440_00535	NA	glyceraldehyde-3-phosphate dehydrogenase A	md:ctll_M00165	I	580420	581424	-
Chlamydia trachomatis L1/440/LN	ctll	L1440_00736	NA	bifunctional phosphoglycerate kinase/triosephosphate isomerase	md:ctll_M00165	I	792313	793524	+
Chlamydia trachomatis L1/440/LN	ctll	L1440_00801	NA	transketolase	md:ctll_M00165	I	878863	880863	+
Chlamydia trachomatis L1/440/LN	ctll	L1440_00535	NA	glyceraldehyde-3-phosphate dehydrogenase A	md:ctll_M00166	I	580420	581424	-
Chlamydia trachomatis L1/440/LN	ctll	L1440_00736	NA	bifunctional phosphoglycerate kinase/triosephosphate isomerase	md:ctll_M00166	I	792313	793524	+
Chlamydia trachomatis L1/440/LN	ctll	L1440_00218	NA	ribose-5-phosphate isomerase A	md:ctll_M00167	I	237464	238192	-
Chlamydia trachomatis L1/440/LN	ctll	L1440_00801	NA	transketolase	md:ctll_M00167	I	878863	880863	+
Chlamydia trachomatis L1/440/LN	ctll	L1440_00392	NA	malate dehydrogenase	md:ctll_M00168	I	426085	427065	-
Chlamydia trachomatis L1/440/LN	ctll	L1440_00392	NA	malate dehydrogenase	md:ctll_M00173	I	426085	427065	-
Chlamydia trachomatis L1/440/LN	ctll	L1440_00622	NA	succinate dehydrogenase iron-sulfur subunit	md:ctll_M00173	I	667430	668089	-
Chlamydia trachomatis L1/440/LN	ctll	L1440_00623	NA	succinate dehydrogenase flavoprotein subunit	md:ctll_M00173	I	668207	670087	-
Chlamydia trachomatis L1/440/LN	ctll	L1440_00624	NA	Succinate dehydrogenase/fumarate reductase, cytochrome b subunit	md:ctll_M00173	I	670084	670653	-
Chlamydia trachomatis L1/440/LN	ctll	L1440_00877	NA	succinyl-CoA synthetase subunit beta	md:ctll_M00173	I	962220	963380	+
Chlamydia trachomatis L1/440/LN	ctll	L1440_00878	NA	succinyl-CoA synthetase subunit alpha	md:ctll_M00173	I	963395	964270	+
Chlamydia trachomatis L1/440/LN	ctll	L1440_00914	NA	fumarate hydratase	md:ctll_M00173	I	1002541	1003320	+
Chlamydia trachomatis L1/440/LN	ctll	L1440_00457	NA	sulfite reductase	md:ctll_M00176	I	501022	502074	-
Chlamydia trachomatis L1/440/LN	ctll	L1440_00252	NA	hypothetical protein	md:ctll_M00307	I	270335	271357	+
Chlamydia trachomatis L1/440/LN	ctll	L1440_00253	NA	pyruvate dehydrogenase subunit beta	md:ctll_M00307	I	271350	272336	+
Chlamydia trachomatis L1/440/LN	ctll	L1440_00254	NA	branched-chain alpha-keto acid dehydrogenase subunit E2	md:ctll_M00307	I	272341	273630	+
Chlamydia trachomatis L1/440/LN	ctll	L1440_00588	NA	dihydrolipoamide dehydrogenase	md:ctll_M00307	I	626370	627767	+
Chlamydia trachomatis L1/440/LN	ctll	L1440_00535	NA	glyceraldehyde-3-phosphate dehydrogenase A	md:ctll_M00308	I	580420	581424	-
Chlamydia trachomatis L1/440/LN	ctll	L1440_00736	NA	bifunctional phosphoglycerate kinase/triosephosphate isomerase	md:ctll_M00308	I	792313	793524	+
Chlamydia trachomatis L1/440/LN	ctll	L1440_00208	NA	diphosphate--fructose-6-phosphate 1-phosphotransferase	md:ctll_M00345	I	226839	228500	+
Chlamydia trachomatis L1/440/LN	ctll	L1440_00392	NA	malate dehydrogenase	md:ctll_M00346	I	426085	427065	-
Chlamydia trachomatis L1/440/LN	ctll	L1440_00454	NA	serine hydroxymethyltransferase	md:ctll_M00346	I	497858	499351	-
Chlamydia trachomatis L1/440/LN	ctll	L1440_00618	NA	enolase	md:ctll_M00346	I	659167	660441	+
Chlamydia trachomatis L1/440/LN	ctll	L1440_00662	NA	geranyltranstransferase	md:ctll_M00364	I	712813	713688	-
Chlamydia trachomatis L1/440/LN	ctll	L1440_00392	NA	malate dehydrogenase	md:ctll_M00374	I	426085	427065	-
Chlamydia trachomatis L1/440/LN	ctll	L1440_00622	NA	succinate dehydrogenase iron-sulfur subunit	md:ctll_M00374	I	667430	668089	-
Chlamydia trachomatis L1/440/LN	ctll	L1440_00623	NA	succinate dehydrogenase flavoprotein subunit	md:ctll_M00374	I	668207	670087	-
Chlamydia trachomatis L1/440/LN	ctll	L1440_00624	NA	Succinate dehydrogenase/fumarate reductase, cytochrome b subunit	md:ctll_M00374	I	670084	670653	-
Chlamydia trachomatis L1/440/LN	ctll	L1440_00877	NA	succinyl-CoA synthetase subunit beta	md:ctll_M00374	I	962220	963380	+
Chlamydia trachomatis L1/440/LN	ctll	L1440_00878	NA	succinyl-CoA synthetase subunit alpha	md:ctll_M00374	I	963395	964270	+
Chlamydia trachomatis L1/440/LN	ctll	L1440_00125	NA	acetyl-CoA carboxylase biotin carboxyl carrier protein subunit	md:ctll_M00376	I	140175	140669	+
Chlamydia trachomatis L1/440/LN	ctll	L1440_00126	NA	acetyl-CoA carboxylase biotin carboxylase subunit	md:ctll_M00376	I	140673	142046	+
Chlamydia trachomatis L1/440/LN	ctll	L1440_00272	NA	acetyl-CoA carboxylase carboxyltransferase subunit alpha	md:ctll_M00376	I	293173	294147	-
Chlamydia trachomatis L1/440/LN	ctll	L1440_00300	NA	acetyl-CoA carboxylase subunit beta	md:ctll_M00376	I	323218	324144	-
Chlamydia trachomatis L1/440/LN	ctll	L1440_00622	NA	succinate dehydrogenase iron-sulfur subunit	md:ctll_M00376	I	667430	668089	-
Chlamydia trachomatis L1/440/LN	ctll	L1440_00623	NA	succinate dehydrogenase flavoprotein subunit	md:ctll_M00376	I	668207	670087	-
Chlamydia trachomatis L1/440/LN	ctll	L1440_00624	NA	Succinate dehydrogenase/fumarate reductase, cytochrome b subunit	md:ctll_M00376	I	670084	670653	-
Chlamydia trachomatis L1/440/LN	ctll	L1440_00914	NA	fumarate hydratase	md:ctll_M00376	I	1002541	1003320	+
Chlamydia trachomatis L1/440/LN	ctll	L1440_00081	NA	bifunctional 5,10-methylene-tetrahydrofolate dehydrogenase/5,10-methylene-tetrahydrofolate cyclohydrolase	md:ctll_M00377	I	92606	93469	-
Chlamydia trachomatis L1/440/LN	ctll	L1440_00377	NA	dihydrodipicolinate synthase	md:ctll_M00525	I	408962	409822	-
Chlamydia trachomatis L1/440/LN	ctll	L1440_00378	NA	aspartate kinase	md:ctll_M00525	I	409832	411127	-
Chlamydia trachomatis L1/440/LN	ctll	L1440_00379	NA	aspartate-semialdehyde dehydrogenase	md:ctll_M00525	I	411120	412124	-
Chlamydia trachomatis L1/440/LN	ctll	L1440_00380	NA	dihydrodipicolinate reductase	md:ctll_M00525	I	412134	412895	-
Chlamydia trachomatis L1/440/LN	ctll	L1440_00452	NA	diaminopimelate epimerase	md:ctll_M00525	I	496472	497299	-
Chlamydia trachomatis L1/440/LN	ctll	L1440_00377	NA	dihydrodipicolinate synthase	md:ctll_M00526	I	408962	409822	-
Chlamydia trachomatis L1/440/LN	ctll	L1440_00378	NA	aspartate kinase	md:ctll_M00526	I	409832	411127	-
Chlamydia trachomatis L1/440/LN	ctll	L1440_00379	NA	aspartate-semialdehyde dehydrogenase	md:ctll_M00526	I	411120	412124	-
Chlamydia trachomatis L1/440/LN	ctll	L1440_00380	NA	dihydrodipicolinate reductase	md:ctll_M00526	I	412134	412895	-
Chlamydia trachomatis L1/440/LN	ctll	L1440_00377	NA	dihydrodipicolinate synthase	md:ctll_M00527	I	408962	409822	-
Chlamydia trachomatis L1/440/LN	ctll	L1440_00378	NA	aspartate kinase	md:ctll_M00527	I	409832	411127	-
Chlamydia trachomatis L1/440/LN	ctll	L1440_00379	NA	aspartate-semialdehyde dehydrogenase	md:ctll_M00527	I	411120	412124	-
Chlamydia trachomatis L1/440/LN	ctll	L1440_00380	NA	dihydrodipicolinate reductase	md:ctll_M00527	I	412134	412895	-
Chlamydia trachomatis L1/440/LN	ctll	L1440_00407	NA	L,L-diaminopimelate aminotransferase	md:ctll_M00527	I	441390	442574	+
Chlamydia trachomatis L1/440/LN	ctll	L1440_00452	NA	diaminopimelate epimerase	md:ctll_M00527	I	496472	497299	-
Chlamydia trachomatis L1/440/LN	ctll	L1440_00289	NA	glycine cleavage system protein H	md:ctll_M00532	I	309696	310049	-
Chlamydia trachomatis L1/440/LN	ctll	L1440_00454	NA	serine hydroxymethyltransferase	md:ctll_M00532	I	497858	499351	-
Chlamydia trachomatis L1/440/LN	ctll	L1440_00588	NA	dihydrolipoamide dehydrogenase	md:ctll_M00532	I	626370	627767	+
Chlamydia trachomatis L1/440/LN	ctll	L1440_00091	NA	type III secretion system protein InvA	md:ctll_M00542	I	104019	106145	-
Chlamydia trachomatis L1/440/LN	ctll	L1440_00092	NA	type III secretion system protein	md:ctll_M00542	I	106145	107227	-
Chlamydia trachomatis L1/440/LN	ctll	L1440_00590	NA	flagellar MS-ring protein	md:ctll_M00542	I	628803	629780	+
Chlamydia trachomatis L1/440/LN	ctll	L1440_00593	NA	type III secretion system protein	md:ctll_M00542	I	631577	632497	+
Chlamydia trachomatis L1/440/LN	ctll	L1440_00594	NA	flagellar biosynthesis protein FliQ	md:ctll_M00542	I	632509	632793	+
Chlamydia trachomatis L1/440/LN	ctll	L1440_00595	NA	flagellar biosynthesis protein FliR	md:ctll_M00542	I	632800	633669	+
Chlamydia trachomatis L1/440/LN	ctll	L1440_00707	NA	type III secretion system ATPase	md:ctll_M00542	I	762400	763728	+
Chlamydia trachomatis L1/440/LN	ctll	L1440_00712	NA	putative outer membrane porin HofQ	md:ctll_M00542	I	767847	770612	+
Chlamydia trachomatis L1/440/LN	ctll	L1440_00535	NA	glyceraldehyde-3-phosphate dehydrogenase A	md:ctll_M00552	I	580420	581424	-
Chlamydia trachomatis L1/440/LN	ctll	L1440_00736	NA	bifunctional phosphoglycerate kinase/triosephosphate isomerase	md:ctll_M00552	I	792313	793524	+
Chlamydia trachomatis L1/440/LN	ctll	L1440_00044	NA	glycogen debranching enzyme	md:ctll_M00565	I	46491	48491	-
Chlamydia trachomatis L1/440/LN	ctll	L1440_00517	NA	glucose-1-phosphate adenylyltransferase	md:ctll_M00565	I	562205	563530	-
Chlamydia trachomatis L1/440/LN	ctll	L1440_00849	NA	glycogen synthase	md:ctll_M00565	I	932835	934259	-
Chlamydia trachomatis L1/440/LN	ctll	L1440_00927	NA	glycogen branching enzyme	md:ctll_M00565	I	1018132	1020348	+
Chlamydia trachomatis L1/440/LN	ctll	L1440_00105	NA	enoyl-(acyl carrier protein) reductase	md:ctll_M00572	I	120019	120915	-
Chlamydia trachomatis L1/440/LN	ctll	L1440_00244	NA	3-ketoacyl-(acyl-carrier-protein) reductase	md:ctll_M00572	I	261079	261825	-
Chlamydia trachomatis L1/440/LN	ctll	L1440_00562	NA	(3R)-hydroxymyristoyl-ACP dehydratase	md:ctll_M00572	I	596988	597449	-
Chlamydia trachomatis L1/440/LN	ctll	L1440_00822	NA	3-oxoacyl-(acyl carrier protein) synthase II	md:ctll_M00572	I	901389	902645	+
Chlamydia trachomatis L1/440/LN	ctll	L1440_00829	NA	8-amino-7-oxononanoate synthase	md:ctll_M00573	I	908809	909942	+
Chlamydia trachomatis L1/440/LN	ctll	L1440_00829	NA	8-amino-7-oxononanoate synthase	md:ctll_M00577	I	908809	909942	+
Chlamydia trachomatis L1/440/LN	ctll	L1440_00218	NA	ribose-5-phosphate isomerase A	md:ctll_M00580	I	237464	238192	-
Chlamydia trachomatis L1/440/LN	ctll	L1440_00392	NA	malate dehydrogenase	md:ctll_M00620	I	426085	427065	-
Chlamydia trachomatis L1/440/LN	ctll	L1440_00877	NA	succinyl-CoA synthetase subunit beta	md:ctll_M00620	I	962220	963380	+
Chlamydia trachomatis L1/440/LN	ctll	L1440_00878	NA	succinyl-CoA synthetase subunit alpha	md:ctll_M00620	I	963395	964270	+
Chlamydia trachomatis L1/440/LN	ctll	L1440_00091	NA	type III secretion system protein InvA	md:ctll_M00660	I	104019	106145	-
Chlamydia trachomatis L1/440/LN	ctll	L1440_00092	NA	type III secretion system protein	md:ctll_M00660	I	106145	107227	-
Chlamydia trachomatis L1/440/LN	ctll	L1440_00590	NA	flagellar MS-ring protein	md:ctll_M00660	I	628803	629780	+
Chlamydia trachomatis L1/440/LN	ctll	L1440_00592	NA	type III secretion system protein	md:ctll_M00660	I	630893	631564	+
Chlamydia trachomatis L1/440/LN	ctll	L1440_00593	NA	type III secretion system protein	md:ctll_M00660	I	631577	632497	+
Chlamydia trachomatis L1/440/LN	ctll	L1440_00594	NA	flagellar biosynthesis protein FliQ	md:ctll_M00660	I	632509	632793	+
Chlamydia trachomatis L1/440/LN	ctll	L1440_00595	NA	flagellar biosynthesis protein FliR	md:ctll_M00660	I	632800	633669	+
Chlamydia trachomatis L1/440/LN	ctll	L1440_00707	NA	type III secretion system ATPase	md:ctll_M00660	I	762400	763728	+
Chlamydia trachomatis L1/440/LN	ctll	L1440_00392	NA	malate dehydrogenase	md:ctll_M00740	I	426085	427065	-
Chlamydia trachomatis L1/440/LN	ctll	L1440_00339	NA	N-(5'-phosphoribosyl)anthranilate isomerase	md:ctll_M00840	I	365404	366030	-
Chlamydia trachomatis L1/440/LN	ctll	L1440_00645	NA	F420-0--gamma-glutamyl ligase	md:ctll_M00840	I	688434	689165	-
Chlamydia trachomatis L1/440/LN	ctll	L1440_00646	NA	dihydrofolate reductase	md:ctll_M00840	I	689137	689616	-
Chlamydia trachomatis L1/440/LN	ctll	L1440_00647	NA	dihydropteroate synthase	md:ctll_M00840	I	689613	690965	-
Chlamydia trachomatis L1/440/LN	ctll	L1440_00648	NA	D-erythro-7,8-dihydroneopterin triphosphate 2'-epimerase	md:ctll_M00840	I	690962	691330	-
Chlamydia trachomatis L1/440/LN	ctll	L1440_00775	NA	bifunctional 3,4-dihydroxy-2-butanone 4-phosphate synthase/GTP cyclohydrolase II protein	md:ctll_M00840	I	840786	842060	+
Chlamydia trachomatis L1/440/LN	ctll	L1440_00647	NA	dihydropteroate synthase	md:ctll_M00841	I	689613	690965	-
Chlamydia trachomatis L1/440/LN	ctll	L1440_00215	NA	glutamate-1-semialdehyde aminotransferase	md:ctll_M00846	I	235179	236447	+
Chlamydia trachomatis L1/440/LN	ctll	L1440_00306	NA	porphobilinogen deaminase	md:ctll_M00846	I	329497	330222	+
Chlamydia trachomatis L1/440/LN	ctll	L1440_00455	NA	uroporphyrinogen-III synthase	md:ctll_M00846	I	499715	500386	+
Chlamydia trachomatis L1/440/LN	ctll	L1440_00668	NA	delta-aminolevulinic acid dehydratase	md:ctll_M00846	I	717598	718614	+
Chlamydia trachomatis L1/440/LN	ctll	L1440_00700	NA	glutamyl-tRNA reductase	md:ctll_M00846	I	756010	757053	+
Chlamydia trachomatis L1/440/LN	ctll	L1440_00225	NA	aromatic acid decarboxylase	md:ctll_M00849	I	245551	246129	+
Chlamydia trachomatis L1/440/LN	ctll	L1440_00517	NA	glucose-1-phosphate adenylyltransferase	md:ctll_M00854	I	562205	563530	-
Chlamydia trachomatis L1/440/LN	ctll	L1440_00849	NA	glycogen synthase	md:ctll_M00854	I	932835	934259	-
Chlamydia trachomatis L1/440/LN	ctll	L1440_00927	NA	glycogen branching enzyme	md:ctll_M00854	I	1018132	1020348	+
Chlamydia trachomatis L1/440/LN	ctll	L1440_00088	NA	4-alpha-glucanotransferase	md:ctll_M00855	I	100671	102254	-
Chlamydia trachomatis L1/440/LN	ctll	L1440_00255	NA	glycogen phosphorylase	md:ctll_M00855	I	273657	276101	-
Chlamydia trachomatis L1/440/LN	ctll	L1440_00011	NA	lipid A biosynthesis lauroyl acyltransferase	md:ctll_M00866	I	10391	11758	-
Chlamydia trachomatis L1/440/LN	ctll	L1440_00213	NA	3-deoxy-D-manno-octulosonic-acid transferase	md:ctll_M00866	I	231231	232526	-
Chlamydia trachomatis L1/440/LN	ctll	L1440_00250	NA	UDP-3-O-[3-hydroxymyristoyl] glucosamine N-acyltransferase	md:ctll_M00866	I	267856	268920	+
Chlamydia trachomatis L1/440/LN	ctll	L1440_00419	NA	tetraacyldisaccharide 4'-kinase	md:ctll_M00866	I	457983	459092	-
Chlamydia trachomatis L1/440/LN	ctll	L1440_00428	NA	lipid-A-disaccharide synthase	md:ctll_M00866	I	466249	468072	+
Chlamydia trachomatis L1/440/LN	ctll	L1440_00561	NA	UDP-N-acetylglucosamine acyltransferase	md:ctll_M00866	I	596134	596976	-
Chlamydia trachomatis L1/440/LN	ctll	L1440_00563	NA	UDP-3-O-[3-hydroxymyristoyl] N-acetylglucosamine deacetylase	md:ctll_M00866	I	597446	598306	-
Chlamydia trachomatis L1/440/LN	ctll	L1440_00306	NA	porphobilinogen deaminase	md:ctll_M00868	I	329497	330222	+
Chlamydia trachomatis L1/440/LN	ctll	L1440_00455	NA	uroporphyrinogen-III synthase	md:ctll_M00868	I	499715	500386	+
Chlamydia trachomatis L1/440/LN	ctll	L1440_00513	NA	ferrochelatase	md:ctll_M00868	I	559016	559960	-
Chlamydia trachomatis L1/440/LN	ctll	L1440_00668	NA	delta-aminolevulinic acid dehydratase	md:ctll_M00868	I	717598	718614	+
Chlamydia trachomatis L1/440/LN	ctll	L1440_00793	NA	protoporphyrinogen oxidase	md:ctll_M00868	I	863556	864830	-
Chlamydia trachomatis L1/440/LN	ctll	L1440_00795	NA	uroporphyrinogen decarboxylase	md:ctll_M00868	I	866173	867177	-
Chlamydia trachomatis L1/440/LN	ctll	L1440_00245	NA	(acyl-carrier-protein) S-malonyltransferase	md:ctll_M00873	I	261822	262748	-
Chlamydia trachomatis L1/440/LN	ctll	L1440_00822	NA	3-oxoacyl-(acyl carrier protein) synthase II	md:ctll_M00873	I	901389	902645	+
Chlamydia trachomatis L1/440/LN	ctll	L1440_00244	NA	3-ketoacyl-(acyl-carrier-protein) reductase	md:ctll_M00874	I	261079	261825	-
Chlamydia trachomatis L1/440/LN	ctll	L1440_00245	NA	(acyl-carrier-protein) S-malonyltransferase	md:ctll_M00874	I	261822	262748	-
Chlamydia trachomatis L1/440/LN	ctll	L1440_00822	NA	3-oxoacyl-(acyl carrier protein) synthase II	md:ctll_M00874	I	901389	902645	+
Chlamydia trachomatis L1/440/LN	ctll	L1440_00589	NA	lipoyl synthase	md:ctll_M00881	I	627764	628699	+
Chlamydia trachomatis L1/440/LN	ctll	L1440_00589	NA	lipoyl synthase	md:ctll_M00882	I	627764	628699	+
Chlamydia trachomatis L1/440/LN	ctll	L1440_00589	NA	lipoyl synthase	md:ctll_M00883	I	627764	628699	+
Chlamydia trachomatis L1/440/LN	ctll	L1440_00589	NA	lipoyl synthase	md:ctll_M00884	I	627764	628699	+
Chlamydia trachomatis L1/440/LN	ctll	L1440_00394	NA	glucose-6-phosphate isomerase	md:ctll_M00909	I	427510	429087	-
Chlamydia trachomatis L1/440/LN	ctll	L1440_00870	NA	phosphoglucosamine mutase	md:ctll_M00909	I	954558	955934	+
Chlamydia trachomatis L1/440/LN	ctll	L1440_00871	NA	glucosamine--fructose-6-phosphate aminotransferase	md:ctll_M00909	I	955945	957765	+
Chlamydia trachomatis L1/440/LN	ctll	L1440_00422	NA	riboflavin synthase subunit alpha	md:ctll_M00911	I	460879	461478	-
Chlamydia trachomatis L1/440/LN	ctll	L1440_00776	NA	6,7-dimethyl-8-ribityllumazine synthase	md:ctll_M00911	I	842029	842502	+
Chlamydia trachomatis L1/440/LN	ctll	L1440_00215	NA	glutamate-1-semialdehyde aminotransferase	md:ctll_M00926	I	235179	236447	+
Chlamydia trachomatis L1/440/LN	ctll	L1440_00306	NA	porphobilinogen deaminase	md:ctll_M00926	I	329497	330222	+
Chlamydia trachomatis L1/440/LN	ctll	L1440_00455	NA	uroporphyrinogen-III synthase	md:ctll_M00926	I	499715	500386	+
Chlamydia trachomatis L1/440/LN	ctll	L1440_00513	NA	ferrochelatase	md:ctll_M00926	I	559016	559960	-
Chlamydia trachomatis L1/440/LN	ctll	L1440_00668	NA	delta-aminolevulinic acid dehydratase	md:ctll_M00926	I	717598	718614	+
Chlamydia trachomatis L1/440/LN	ctll	L1440_00700	NA	glutamyl-tRNA reductase	md:ctll_M00926	I	756010	757053	+
Chlamydia trachomatis L1/440/LN	ctll	L1440_00793	NA	protoporphyrinogen oxidase	md:ctll_M00926	I	863556	864830	-
Chlamydia trachomatis L1/440/LN	ctll	L1440_00795	NA	uroporphyrinogen decarboxylase	md:ctll_M00926	I	866173	867177	-
Chlamydia trachomatis L1/440/LN	ctll	L1440_00448	NA	hypothetical protein	md:ctll_M00930	I	492868	493977	+
Chlamydia trachomatis L1/440/LN	ctll	L1440_00819	NA	hypothetical protein	md:ctll_M00930	I	897741	898793	-
Chlamydia trachomatis L1/440/LN	ctll	L1440_00448	NA	hypothetical protein	md:ctll_M00931	I	492868	493977	+
Chlamydia trachomatis L1/440/LN	ctll	L1440_00819	NA	hypothetical protein	md:ctll_M00931	I	897741	898793	-
Chlamydia trachomatis L1/440/LN	ctll	L1440_00191	NA	thymidylate kinase	md:ctll_M00938	I	206555	207166	-
Chlamydia trachomatis L1/440/LN	ctll	L1440_00299	NA	deoxyuridine 5'-triphosphate nucleotidohydrolase	md:ctll_M00938	I	322744	323181	-
Chlamydia trachomatis L1/440/LN	ctll	L1440_00529	NA	mulitfunctional nucleoside diphosphate kinase/apyrimidinic endonuclease/3'-	md:ctll_M00938	I	576875	577300	-
Chlamydia trachomatis L1/440/LN	ctll	L1440_00883	NA	ribonucleotide-diphosphate reductase subunit alpha	md:ctll_M00938	I	971754	974897	+
Chlamydia trachomatis L1/440/LN	ctll	L1440_00884	NA	ribonucleotide-diphosphate reductase subunit beta	md:ctll_M00938	I	974935	975975	+
Chlamydia trachomatis L1/440/LN	ctll	L1440_00829	NA	8-amino-7-oxononanoate synthase	md:ctll_M00950	I	908809	909942	+
