Chlamydia trachomatis E/11023	ctg	E11023_01055	NA	diphosphate--fructose-6-phosphate 1-phosphotransferase	md:ctg_M00001	I	230488	232149	+
Chlamydia trachomatis E/11023	ctg	E11023_01105	NA	fructose-bisphosphate aldolase	md:ctg_M00001	I	243883	244929	+
Chlamydia trachomatis E/11023	ctg	E11023_01705	tpiA	triosephosphate isomerase	md:ctg_M00001	I	369854	370678	+
Chlamydia trachomatis E/11023	ctg	E11023_01730	NA	pyruvate kinase	md:ctg_M00001	I	374739	376196	+
Chlamydia trachomatis E/11023	ctg	E11023_01970	pgi	glucose-6-phosphate isomerase	md:ctg_M00001	I	431138	432715	-
Chlamydia trachomatis E/11023	ctg	E11023_02665	NA	glyceraldehyde 3-phosphate dehydrogenase	md:ctg_M00001	I	583529	584533	-
Chlamydia trachomatis E/11023	ctg	E11023_03080	eno	phosphopyruvate hydratase	md:ctg_M00001	I	662293	663567	+
Chlamydia trachomatis E/11023	ctg	E11023_03655	pgk	phosphoglycerate kinase	md:ctg_M00001	I	795410	796621	+
Chlamydia trachomatis E/11023	ctg	E11023_03810	NA	phosphoglyceromutase	md:ctg_M00001	I	834371	835051	-
Chlamydia trachomatis E/11023	ctg	E11023_01705	tpiA	triosephosphate isomerase	md:ctg_M00002	I	369854	370678	+
Chlamydia trachomatis E/11023	ctg	E11023_01730	NA	pyruvate kinase	md:ctg_M00002	I	374739	376196	+
Chlamydia trachomatis E/11023	ctg	E11023_02665	NA	glyceraldehyde 3-phosphate dehydrogenase	md:ctg_M00002	I	583529	584533	-
Chlamydia trachomatis E/11023	ctg	E11023_03080	eno	phosphopyruvate hydratase	md:ctg_M00002	I	662293	663567	+
Chlamydia trachomatis E/11023	ctg	E11023_03655	pgk	phosphoglycerate kinase	md:ctg_M00002	I	795410	796621	+
Chlamydia trachomatis E/11023	ctg	E11023_03810	NA	phosphoglyceromutase	md:ctg_M00002	I	834371	835051	-
Chlamydia trachomatis E/11023	ctg	E11023_01105	NA	fructose-bisphosphate aldolase	md:ctg_M00003	I	243883	244929	+
Chlamydia trachomatis E/11023	ctg	E11023_01705	tpiA	triosephosphate isomerase	md:ctg_M00003	I	369854	370678	+
Chlamydia trachomatis E/11023	ctg	E11023_02665	NA	glyceraldehyde 3-phosphate dehydrogenase	md:ctg_M00003	I	583529	584533	-
Chlamydia trachomatis E/11023	ctg	E11023_03080	eno	phosphopyruvate hydratase	md:ctg_M00003	I	662293	663567	+
Chlamydia trachomatis E/11023	ctg	E11023_03655	pgk	phosphoglycerate kinase	md:ctg_M00003	I	795410	796621	+
Chlamydia trachomatis E/11023	ctg	E11023_03745	NA	phosphoenolpyruvate carboxykinase	md:ctg_M00003	I	819925	821724	+
Chlamydia trachomatis E/11023	ctg	E11023_03810	NA	phosphoglyceromutase	md:ctg_M00003	I	834371	835051	-
Chlamydia trachomatis E/11023	ctg	E11023_00335	NA	6-phosphogluconate dehydrogenase	md:ctg_M00004	I	73333	74775	+
Chlamydia trachomatis E/11023	ctg	E11023_00630	NA	ribulose-phosphate 3-epimerase	md:ctg_M00004	I	138343	139029	+
Chlamydia trachomatis E/11023	ctg	E11023_00955	NA	glucose-6-phosphate 1-dehydrogenase	md:ctg_M00004	I	207041	208564	+
Chlamydia trachomatis E/11023	ctg	E11023_00960	NA	6-phosphogluconolactonase	md:ctg_M00004	I	208589	209359	+
Chlamydia trachomatis E/11023	ctg	E11023_01095	NA	ribose-5-phosphate isomerase A	md:ctg_M00004	I	241113	241841	-
Chlamydia trachomatis E/11023	ctg	E11023_01610	NA	transaldolase B	md:ctg_M00004	I	349822	350805	-
Chlamydia trachomatis E/11023	ctg	E11023_01970	pgi	glucose-6-phosphate isomerase	md:ctg_M00004	I	431138	432715	-
Chlamydia trachomatis E/11023	ctg	E11023_03965	NA	transketolase	md:ctg_M00004	I	881938	883938	+
Chlamydia trachomatis E/11023	ctg	E11023_00335	NA	6-phosphogluconate dehydrogenase	md:ctg_M00006	I	73333	74775	+
Chlamydia trachomatis E/11023	ctg	E11023_00955	NA	glucose-6-phosphate 1-dehydrogenase	md:ctg_M00006	I	207041	208564	+
Chlamydia trachomatis E/11023	ctg	E11023_00960	NA	6-phosphogluconolactonase	md:ctg_M00006	I	208589	209359	+
Chlamydia trachomatis E/11023	ctg	E11023_00630	NA	ribulose-phosphate 3-epimerase	md:ctg_M00007	I	138343	139029	+
Chlamydia trachomatis E/11023	ctg	E11023_01095	NA	ribose-5-phosphate isomerase A	md:ctg_M00007	I	241113	241841	-
Chlamydia trachomatis E/11023	ctg	E11023_01610	NA	transaldolase B	md:ctg_M00007	I	349822	350805	-
Chlamydia trachomatis E/11023	ctg	E11023_03965	NA	transketolase	md:ctg_M00007	I	881938	883938	+
Chlamydia trachomatis E/11023	ctg	E11023_00955	NA	glucose-6-phosphate 1-dehydrogenase	md:ctg_M00008	I	207041	208564	+
Chlamydia trachomatis E/11023	ctg	E11023_00960	NA	6-phosphogluconolactonase	md:ctg_M00008	I	208589	209359	+
Chlamydia trachomatis E/11023	ctg	E11023_00285	sucA	2-oxoglutarate dehydrogenase E1 component	md:ctg_M00009	I	61059	63770	+
Chlamydia trachomatis E/11023	ctg	E11023_00290	NA	dihydrolipoamide succinyltransferase	md:ctg_M00009	I	63774	64871	+
Chlamydia trachomatis E/11023	ctg	E11023_01965	NA	malate dehydrogenase	md:ctg_M00009	I	429712	430692	-
Chlamydia trachomatis E/11023	ctg	E11023_02080	NA	branched-chain alpha-keto acid dehydrogenase subunit E2	md:ctg_M00009	I	458969	460135	-
Chlamydia trachomatis E/11023	ctg	E11023_02925	NA	dihydrolipoamide dehydrogenase	md:ctg_M00009	I	629456	630853	+
Chlamydia trachomatis E/11023	ctg	E11023_03100	sdhB	succinate dehydrogenase iron-sulfur subunit	md:ctg_M00009	I	670555	671253	-
Chlamydia trachomatis E/11023	ctg	E11023_03115	NA	succinate dehydrogenase cytochrome b558 subunit	md:ctg_M00009	I	673208	673726	-
Chlamydia trachomatis E/11023	ctg	E11023_04370	sucC	succinyl-CoA synthetase subunit beta	md:ctg_M00009	I	965354	966514	+
Chlamydia trachomatis E/11023	ctg	E11023_04375	NA	succinyl-CoA synthetase subunit alpha	md:ctg_M00009	I	966529	967404	+
Chlamydia trachomatis E/11023	ctg	E11023_04555	fumC	fumarate hydratase	md:ctg_M00009	I	1005062	1006453	+
Chlamydia trachomatis E/11023	ctg	E11023_00285	sucA	2-oxoglutarate dehydrogenase E1 component	md:ctg_M00011	I	61059	63770	+
Chlamydia trachomatis E/11023	ctg	E11023_00290	NA	dihydrolipoamide succinyltransferase	md:ctg_M00011	I	63774	64871	+
Chlamydia trachomatis E/11023	ctg	E11023_01965	NA	malate dehydrogenase	md:ctg_M00011	I	429712	430692	-
Chlamydia trachomatis E/11023	ctg	E11023_02080	NA	branched-chain alpha-keto acid dehydrogenase subunit E2	md:ctg_M00011	I	458969	460135	-
Chlamydia trachomatis E/11023	ctg	E11023_02925	NA	dihydrolipoamide dehydrogenase	md:ctg_M00011	I	629456	630853	+
Chlamydia trachomatis E/11023	ctg	E11023_03100	sdhB	succinate dehydrogenase iron-sulfur subunit	md:ctg_M00011	I	670555	671253	-
Chlamydia trachomatis E/11023	ctg	E11023_03115	NA	succinate dehydrogenase cytochrome b558 subunit	md:ctg_M00011	I	673208	673726	-
Chlamydia trachomatis E/11023	ctg	E11023_04370	sucC	succinyl-CoA synthetase subunit beta	md:ctg_M00011	I	965354	966514	+
Chlamydia trachomatis E/11023	ctg	E11023_04375	NA	succinyl-CoA synthetase subunit alpha	md:ctg_M00011	I	966529	967404	+
Chlamydia trachomatis E/11023	ctg	E11023_04555	fumC	fumarate hydratase	md:ctg_M00011	I	1005062	1006453	+
Chlamydia trachomatis E/11023	ctg	E11023_01965	NA	malate dehydrogenase	md:ctg_M00012	I	429712	430692	-
Chlamydia trachomatis E/11023	ctg	E11023_01890	NA	dihydrodipicolinate synthase	md:ctg_M00016	I	412594	413454	-
Chlamydia trachomatis E/11023	ctg	E11023_01895	NA	aspartate kinase	md:ctg_M00016	I	413464	414759	-
Chlamydia trachomatis E/11023	ctg	E11023_01900	NA	aspartate-semialdehyde dehydrogenase	md:ctg_M00016	I	414752	415756	-
Chlamydia trachomatis E/11023	ctg	E11023_01905	NA	dihydrodipicolinate reductase	md:ctg_M00016	I	415766	416527	-
Chlamydia trachomatis E/11023	ctg	E11023_02240	dapF	diaminopimelate epimerase	md:ctg_M00016	I	500144	500971	-
Chlamydia trachomatis E/11023	ctg	E11023_01895	NA	aspartate kinase	md:ctg_M00017	I	413464	414759	-
Chlamydia trachomatis E/11023	ctg	E11023_01900	NA	aspartate-semialdehyde dehydrogenase	md:ctg_M00017	I	414752	415756	-
Chlamydia trachomatis E/11023	ctg	E11023_01895	NA	aspartate kinase	md:ctg_M00018	I	413464	414759	-
Chlamydia trachomatis E/11023	ctg	E11023_01900	NA	aspartate-semialdehyde dehydrogenase	md:ctg_M00018	I	414752	415756	-
Chlamydia trachomatis E/11023	ctg	E11023_01915	NA	3-phosphoshikimate 1-carboxyvinyltransferase	md:ctg_M00022	I	418602	419924	+
Chlamydia trachomatis E/11023	ctg	E11023_01920	NA	shikimate kinase	md:ctg_M00022	I	419866	420420	+
Chlamydia trachomatis E/11023	ctg	E11023_01925	NA	chorismate synthase	md:ctg_M00022	I	420413	421486	+
Chlamydia trachomatis E/11023	ctg	E11023_01930	aroB	3-dehydroquinate synthase	md:ctg_M00022	I	421483	422604	+
Chlamydia trachomatis E/11023	ctg	E11023_01935	aroDE	bifunctional 3-dehydroquinate dehydratase/shikimate dehydrogenase protein	md:ctg_M00022	I	422585	424021	+
Chlamydia trachomatis E/11023	ctg	E11023_01990	NA	3-deoxy-7-phosphoheptulonate synthase	md:ctg_M00022	I	435856	436692	-
Chlamydia trachomatis E/11023	ctg	E11023_00880	NA	tryptophan synthase subunit beta	md:ctg_M00023	I	193047	194225	+
Chlamydia trachomatis E/11023	ctg	E11023_00885	NA	tryptophan synthase subunit alpha	md:ctg_M00023	I	194218	194979	+
Chlamydia trachomatis E/11023	ctg	E11023_00290	NA	dihydrolipoamide succinyltransferase	md:ctg_M00032	I	63774	64871	+
Chlamydia trachomatis E/11023	ctg	E11023_02080	NA	branched-chain alpha-keto acid dehydrogenase subunit E2	md:ctg_M00032	I	458969	460135	-
Chlamydia trachomatis E/11023	ctg	E11023_02925	NA	dihydrolipoamide dehydrogenase	md:ctg_M00032	I	629456	630853	+
Chlamydia trachomatis E/11023	ctg	E11023_01895	NA	aspartate kinase	md:ctg_M00033	I	413464	414759	-
Chlamydia trachomatis E/11023	ctg	E11023_01900	NA	aspartate-semialdehyde dehydrogenase	md:ctg_M00033	I	414752	415756	-
Chlamydia trachomatis E/11023	ctg	E11023_00295	NA	hypothetical protein	md:ctg_M00034	I	64900	65631	-
Chlamydia trachomatis E/11023	ctg	E11023_01775	NA	2-oxoisovalerate dehydrogenase alpha subunit	md:ctg_M00036	I	388019	390055	-
Chlamydia trachomatis E/11023	ctg	E11023_02925	NA	dihydrolipoamide dehydrogenase	md:ctg_M00036	I	629456	630853	+
Chlamydia trachomatis E/11023	ctg	E11023_00670	adk	adenylate kinase	md:ctg_M00049	I	143542	144279	-
Chlamydia trachomatis E/11023	ctg	E11023_02640	ndk	nucleoside diphosphate kinase	md:ctg_M00049	I	579984	580409	-
Chlamydia trachomatis E/11023	ctg	E11023_00160	gmk	guanylate kinase	md:ctg_M00050	I	33799	34416	+
Chlamydia trachomatis E/11023	ctg	E11023_02640	ndk	nucleoside diphosphate kinase	md:ctg_M00050	I	579984	580409	-
Chlamydia trachomatis E/11023	ctg	E11023_00945	pyrG	CTP synthetase	md:ctg_M00052	I	204872	206491	+
Chlamydia trachomatis E/11023	ctg	E11023_02640	ndk	nucleoside diphosphate kinase	md:ctg_M00052	I	579984	580409	-
Chlamydia trachomatis E/11023	ctg	E11023_03575	pyrH	uridylate kinase	md:ctg_M00052	I	776531	777268	-
Chlamydia trachomatis E/11023	ctg	E11023_02640	ndk	nucleoside diphosphate kinase	md:ctg_M00053	I	579984	580409	-
Chlamydia trachomatis E/11023	ctg	E11023_04400	NA	ribonucleotide-diphosphate reductase subunit alpha	md:ctg_M00053	I	974887	978030	+
Chlamydia trachomatis E/11023	ctg	E11023_04405	NA	ribonucleotide-diphosphate reductase subunit beta	md:ctg_M00053	I	978068	979108	+
Chlamydia trachomatis E/11023	ctg	E11023_00060	NA	lipid A biosynthesis lauroyl acyltransferase	md:ctg_M00060	I	9792	11159	-
Chlamydia trachomatis E/11023	ctg	E11023_01070	NA	3-deoxy-D-manno-octulosonic-acid transferase	md:ctg_M00060	I	234880	236175	-
Chlamydia trachomatis E/11023	ctg	E11023_01255	lpxD	UDP-3-O-[3-hydroxymyristoyl] glucosamine N-acyltransferase	md:ctg_M00060	I	271487	272551	+
Chlamydia trachomatis E/11023	ctg	E11023_02090	lpxK	tetraacyldisaccharide 4'-kinase	md:ctg_M00060	I	461616	462725	-
Chlamydia trachomatis E/11023	ctg	E11023_02135	lpxB	lipid-A-disaccharide synthase	md:ctg_M00060	I	469882	471705	+
Chlamydia trachomatis E/11023	ctg	E11023_02795	NA	UDP-N-acetylglucosamine acyltransferase	md:ctg_M00060	I	599227	600069	-
Chlamydia trachomatis E/11023	ctg	E11023_02805	lpxC	UDP-3-O-[3-hydroxymyristoyl] N-acetylglucosamine deacetylase	md:ctg_M00060	I	600539	601399	-
Chlamydia trachomatis E/11023	ctg	E11023_00940	NA	3-deoxy-manno-octulosonate cytidylyltransferase	md:ctg_M00063	I	204132	204896	+
Chlamydia trachomatis E/11023	ctg	E11023_02075	NA	carbohydrate isomerase	md:ctg_M00063	I	457951	458937	-
Chlamydia trachomatis E/11023	ctg	E11023_03460	NA	2-dehydro-3-deoxyphosphooctonate aldolase	md:ctg_M00063	I	752015	752824	-
Chlamydia trachomatis E/11023	ctg	E11023_00640	NA	acetyl-CoA carboxylase biotin carboxyl carrier protein subunit	md:ctg_M00082	I	139586	140080	+
Chlamydia trachomatis E/11023	ctg	E11023_00645	NA	acetyl-CoA carboxylase biotin carboxylase subunit	md:ctg_M00082	I	140084	141457	+
Chlamydia trachomatis E/11023	ctg	E11023_01225	NA	malonyl-CoA-[acyl-carrier-protein] transacylase	md:ctg_M00082	I	265450	266376	-
Chlamydia trachomatis E/11023	ctg	E11023_01230	NA	3-oxoacyl-(acyl carrier protein) synthase III	md:ctg_M00082	I	266393	267376	-
Chlamydia trachomatis E/11023	ctg	E11023_01370	NA	acetyl-CoA carboxylase carboxyltransferase subunit alpha	md:ctg_M00082	I	296804	297778	-
Chlamydia trachomatis E/11023	ctg	E11023_01515	NA	acetyl-CoA carboxylase subunit beta	md:ctg_M00082	I	326865	327791	-
Chlamydia trachomatis E/11023	ctg	E11023_00540	NA	enoyl-(acyl carrier protein) reductase	md:ctg_M00083	I	119500	120396	-
Chlamydia trachomatis E/11023	ctg	E11023_01220	fabG	3-ketoacyl-(acyl-carrier-protein) reductase	md:ctg_M00083	I	264707	265453	-
Chlamydia trachomatis E/11023	ctg	E11023_02800	fabZ	(3R)-hydroxymyristoyl-ACP dehydratase	md:ctg_M00083	I	600081	600542	-
Chlamydia trachomatis E/11023	ctg	E11023_04070	NA	3-oxoacyl-(acyl carrier protein) synthase II	md:ctg_M00083	I	904465	905721	+
Chlamydia trachomatis E/11023	ctg	E11023_02380	NA	1-acyl-sn-glycerol-3-phosphate acyltransferase	md:ctg_M00089	I	527575	528225	+
Chlamydia trachomatis E/11023	ctg	E11023_04100	NA	1-acyl-sn-glycerol-3-phosphate acyltransferase	md:ctg_M00089	I	909460	910221	+
Chlamydia trachomatis E/11023	ctg	E11023_04285	NA	glycerol-3-phosphate acyltransferase	md:ctg_M00089	I	945975	946976	-
Chlamydia trachomatis E/11023	ctg	E11023_02370	NA	phosphatidate cytidylyltransferase	md:ctg_M00093	I	526014	526931	+
Chlamydia trachomatis E/11023	ctg	E11023_03685	NA	phosphatidylserine decarboxylase	md:ctg_M00093	I	802603	803508	+
Chlamydia trachomatis E/11023	ctg	E11023_04395	NA	CDP-diacylglycerol--serine O-phosphatidyltransferase	md:ctg_M00093	I	973460	974251	-
Chlamydia trachomatis E/11023	ctg	E11023_00300	NA	4-hydroxy-3-methylbut-2-en-1-yl diphosphate synthase	md:ctg_M00096	I	65640	67448	-
Chlamydia trachomatis E/11023	ctg	E11023_00380	NA	1-deoxy-D-xylulose 5-phosphate reductoisomerase	md:ctg_M00096	I	83983	85122	+
Chlamydia trachomatis E/11023	ctg	E11023_01725	NA	1-deoxy-D-xylulose-5-phosphate synthase	md:ctg_M00096	I	372720	374642	+
Chlamydia trachomatis E/11023	ctg	E11023_02265	ispF	2-C-methyl-D-erythritol 2,4-cyclodiphosphate synthase	md:ctg_M00096	I	504161	504697	+
Chlamydia trachomatis E/11023	ctg	E11023_02425	ispD	2-C-methyl-D-erythritol 4-phosphate cytidylyltransferase	md:ctg_M00096	I	538563	539222	+
Chlamydia trachomatis E/11023	ctg	E11023_04265	NA	4-diphosphocytidyl-2-C-methyl-D-erythritol kinase	md:ctg_M00096	I	940354	941220	+
Chlamydia trachomatis E/11023	ctg	E11023_04575	ispH	4-hydroxy-3-methylbut-2-enyl diphosphate reductase	md:ctg_M00096	I	1012272	1013195	+
Chlamydia trachomatis E/11023	ctg	E11023_02230	ubiE	ubiquinone/menaquinone biosynthesis methyltransferase	md:ctg_M00116	I	498379	499068	+
Chlamydia trachomatis E/11023	ctg	E11023_01125	ubiA	prenyltransferase	md:ctg_M00117	I	248295	249203	+
Chlamydia trachomatis E/11023	ctg	E11023_01130	NA	aromatic acid decarboxylase	md:ctg_M00117	I	249200	249778	+
Chlamydia trachomatis E/11023	ctg	E11023_02230	ubiE	ubiquinone/menaquinone biosynthesis methyltransferase	md:ctg_M00117	I	498379	499068	+
Chlamydia trachomatis E/11023	ctg	E11023_02595	coaE	dephospho-CoA kinase	md:ctg_M00120	I	568483	569091	-
Chlamydia trachomatis E/11023	ctg	E11023_00275	NA	coproporphyrinogen III oxidase	md:ctg_M00121	I	59161	60291	-
Chlamydia trachomatis E/11023	ctg	E11023_01080	NA	glutamate-1-semialdehyde aminotransferase	md:ctg_M00121	I	238828	240096	+
Chlamydia trachomatis E/11023	ctg	E11023_01545	NA	porphobilinogen deaminase	md:ctg_M00121	I	333145	333870	+
Chlamydia trachomatis E/11023	ctg	E11023_02260	hemD	uroporphyrinogen-III synthase	md:ctg_M00121	I	503387	504058	+
Chlamydia trachomatis E/11023	ctg	E11023_02325	gltX	glutamyl-tRNA synthetase	md:ctg_M00121	I	515190	516710	-
Chlamydia trachomatis E/11023	ctg	E11023_02560	hemH	ferrochelatase	md:ctg_M00121	I	562125	563069	-
Chlamydia trachomatis E/11023	ctg	E11023_03340	NA	delta-aminolevulinic acid dehydratase	md:ctg_M00121	I	720719	721735	+
Chlamydia trachomatis E/11023	ctg	E11023_03495	hemA	glutamyl-tRNA reductase	md:ctg_M00121	I	759166	760173	+
Chlamydia trachomatis E/11023	ctg	E11023_03935	NA	protoporphyrinogen oxidase	md:ctg_M00121	I	866629	867903	-
Chlamydia trachomatis E/11023	ctg	E11023_03940	NA	coproporphyrinogen III oxidase	md:ctg_M00121	I	867900	869273	-
Chlamydia trachomatis E/11023	ctg	E11023_03945	hemE	uroporphyrinogen decarboxylase	md:ctg_M00121	I	869246	870256	-
Chlamydia trachomatis E/11023	ctg	E11023_04110	NA	8-amino-7-oxononanoate synthase	md:ctg_M00123	I	911885	913018	+
Chlamydia trachomatis E/11023	ctg	E11023_00485	NA	bifunctional riboflavin kinase/FMN adenylyltransferase	md:ctg_M00125	I	108075	108980	-
Chlamydia trachomatis E/11023	ctg	E11023_02105	NA	riboflavin synthase subunit alpha	md:ctg_M00125	I	464512	465111	-
Chlamydia trachomatis E/11023	ctg	E11023_03855	NA	riboflavin biosynthesis protein (diaminohydroxyphosphoribosylaminopyrimidine deaminase)	md:ctg_M00125	I	842648	843775	+
Chlamydia trachomatis E/11023	ctg	E11023_03860	NA	bifunctional 3,4-dihydroxy-2-butanone 4-phosphate synthase/GTP cyclohydrolase II protein	md:ctg_M00125	I	843885	845159	+
Chlamydia trachomatis E/11023	ctg	E11023_03865	ribH	6,7-dimethyl-8-ribityllumazine synthase	md:ctg_M00125	I	845128	845601	+
Chlamydia trachomatis E/11023	ctg	E11023_03215	NA	dihydrofolate reductase	md:ctg_M00126	I	692258	692737	-
Chlamydia trachomatis E/11023	ctg	E11023_03220	NA	2-amino-4-hydroxy-6-hydroxymethyldihydropteridi ne pyrophosphokinase	md:ctg_M00126	I	692734	694086	-
Chlamydia trachomatis E/11023	ctg	E11023_03225	NA	dihydroneopterin aldolase	md:ctg_M00126	I	694083	694457	-
Chlamydia trachomatis E/11023	ctg	E11023_01950	NA	hypothetical protein	md:ctg_M00133	I	426386	426973	+
Chlamydia trachomatis E/11023	ctg	E11023_00415	NA	bifunctional 5,10-methylene-tetrahydrofolate dehydrogenase/5,10-methylene-tetrahydrofolate cyclohydrolase	md:ctg_M00140	I	92089	92952	-
Chlamydia trachomatis E/11023	ctg	E11023_02250	NA	serine hydroxymethyltransferase	md:ctg_M00140	I	501530	503023	-
Chlamydia trachomatis E/11023	ctg	E11023_03100	sdhB	succinate dehydrogenase iron-sulfur subunit	md:ctg_M00149	I	670555	671253	-
Chlamydia trachomatis E/11023	ctg	E11023_03115	NA	succinate dehydrogenase cytochrome b558 subunit	md:ctg_M00149	I	673208	673726	-
Chlamydia trachomatis E/11023	ctg	E11023_00075	NA	cytochrome d ubiquinol oxidase subunit I	md:ctg_M00153	I	13613	14953	+
Chlamydia trachomatis E/11023	ctg	E11023_00080	NA	cytochrome d ubiquinol oxidase subunit II	md:ctg_M00153	I	14965	16026	+
Chlamydia trachomatis E/11023	ctg	E11023_01565	NA	V-type ATP synthase subunit K	md:ctg_M00159	I	340858	341283	-
Chlamydia trachomatis E/11023	ctg	E11023_01570	NA	V-type ATP synthase subunit I	md:ctg_M00159	I	341346	343295	-
Chlamydia trachomatis E/11023	ctg	E11023_01575	NA	V-type ATP synthase subunit D	md:ctg_M00159	I	343301	343912	-
Chlamydia trachomatis E/11023	ctg	E11023_01580	NA	V-type ATP synthase subunit B	md:ctg_M00159	I	343897	345213	-
Chlamydia trachomatis E/11023	ctg	E11023_01585	NA	V-type ATP synthase subunit A	md:ctg_M00159	I	345216	346991	-
Chlamydia trachomatis E/11023	ctg	E11023_01595	NA	V-type ATP synthase subunit E	md:ctg_M00159	I	347953	348579	-
Chlamydia trachomatis E/11023	ctg	E11023_01095	NA	ribose-5-phosphate isomerase A	md:ctg_M00165	I	241113	241841	-
Chlamydia trachomatis E/11023	ctg	E11023_02665	NA	glyceraldehyde 3-phosphate dehydrogenase	md:ctg_M00165	I	583529	584533	-
Chlamydia trachomatis E/11023	ctg	E11023_03655	pgk	phosphoglycerate kinase	md:ctg_M00165	I	795410	796621	+
Chlamydia trachomatis E/11023	ctg	E11023_03965	NA	transketolase	md:ctg_M00165	I	881938	883938	+
Chlamydia trachomatis E/11023	ctg	E11023_02665	NA	glyceraldehyde 3-phosphate dehydrogenase	md:ctg_M00166	I	583529	584533	-
Chlamydia trachomatis E/11023	ctg	E11023_03655	pgk	phosphoglycerate kinase	md:ctg_M00166	I	795410	796621	+
Chlamydia trachomatis E/11023	ctg	E11023_01095	NA	ribose-5-phosphate isomerase A	md:ctg_M00167	I	241113	241841	-
Chlamydia trachomatis E/11023	ctg	E11023_03965	NA	transketolase	md:ctg_M00167	I	881938	883938	+
Chlamydia trachomatis E/11023	ctg	E11023_01965	NA	malate dehydrogenase	md:ctg_M00168	I	429712	430692	-
Chlamydia trachomatis E/11023	ctg	E11023_01965	NA	malate dehydrogenase	md:ctg_M00173	I	429712	430692	-
Chlamydia trachomatis E/11023	ctg	E11023_03100	sdhB	succinate dehydrogenase iron-sulfur subunit	md:ctg_M00173	I	670555	671253	-
Chlamydia trachomatis E/11023	ctg	E11023_03115	NA	succinate dehydrogenase cytochrome b558 subunit	md:ctg_M00173	I	673208	673726	-
Chlamydia trachomatis E/11023	ctg	E11023_04370	sucC	succinyl-CoA synthetase subunit beta	md:ctg_M00173	I	965354	966514	+
Chlamydia trachomatis E/11023	ctg	E11023_04375	NA	succinyl-CoA synthetase subunit alpha	md:ctg_M00173	I	966529	967404	+
Chlamydia trachomatis E/11023	ctg	E11023_04555	fumC	fumarate hydratase	md:ctg_M00173	I	1005062	1006453	+
Chlamydia trachomatis E/11023	ctg	E11023_02270	NA	Putative oxidoreductase	md:ctg_M00176	I	504694	505749	-
Chlamydia trachomatis E/11023	ctg	E11023_01265	NA	pyruvate dehydrogenase E1 component alpha subunit	md:ctg_M00307	I	273966	274988	+
Chlamydia trachomatis E/11023	ctg	E11023_01270	NA	pyruvate dehydrogenase E1 component beta subunit	md:ctg_M00307	I	274981	275967	+
Chlamydia trachomatis E/11023	ctg	E11023_01275	NA	branched-chain alpha-keto acid dehydrogenase subunit E2	md:ctg_M00307	I	275972	277261	+
Chlamydia trachomatis E/11023	ctg	E11023_02925	NA	dihydrolipoamide dehydrogenase	md:ctg_M00307	I	629456	630853	+
Chlamydia trachomatis E/11023	ctg	E11023_02665	NA	glyceraldehyde 3-phosphate dehydrogenase	md:ctg_M00308	I	583529	584533	-
Chlamydia trachomatis E/11023	ctg	E11023_03655	pgk	phosphoglycerate kinase	md:ctg_M00308	I	795410	796621	+
Chlamydia trachomatis E/11023	ctg	E11023_01055	NA	diphosphate--fructose-6-phosphate 1-phosphotransferase	md:ctg_M00345	I	230488	232149	+
Chlamydia trachomatis E/11023	ctg	E11023_01965	NA	malate dehydrogenase	md:ctg_M00346	I	429712	430692	-
Chlamydia trachomatis E/11023	ctg	E11023_02250	NA	serine hydroxymethyltransferase	md:ctg_M00346	I	501530	503023	-
Chlamydia trachomatis E/11023	ctg	E11023_03080	eno	phosphopyruvate hydratase	md:ctg_M00346	I	662293	663567	+
Chlamydia trachomatis E/11023	ctg	E11023_03310	NA	dimethylallyltransferase	md:ctg_M00364	I	715931	716806	-
Chlamydia trachomatis E/11023	ctg	E11023_01965	NA	malate dehydrogenase	md:ctg_M00374	I	429712	430692	-
Chlamydia trachomatis E/11023	ctg	E11023_03100	sdhB	succinate dehydrogenase iron-sulfur subunit	md:ctg_M00374	I	670555	671253	-
Chlamydia trachomatis E/11023	ctg	E11023_03115	NA	succinate dehydrogenase cytochrome b558 subunit	md:ctg_M00374	I	673208	673726	-
Chlamydia trachomatis E/11023	ctg	E11023_04370	sucC	succinyl-CoA synthetase subunit beta	md:ctg_M00374	I	965354	966514	+
Chlamydia trachomatis E/11023	ctg	E11023_04375	NA	succinyl-CoA synthetase subunit alpha	md:ctg_M00374	I	966529	967404	+
Chlamydia trachomatis E/11023	ctg	E11023_00640	NA	acetyl-CoA carboxylase biotin carboxyl carrier protein subunit	md:ctg_M00376	I	139586	140080	+
Chlamydia trachomatis E/11023	ctg	E11023_00645	NA	acetyl-CoA carboxylase biotin carboxylase subunit	md:ctg_M00376	I	140084	141457	+
Chlamydia trachomatis E/11023	ctg	E11023_01370	NA	acetyl-CoA carboxylase carboxyltransferase subunit alpha	md:ctg_M00376	I	296804	297778	-
Chlamydia trachomatis E/11023	ctg	E11023_01515	NA	acetyl-CoA carboxylase subunit beta	md:ctg_M00376	I	326865	327791	-
Chlamydia trachomatis E/11023	ctg	E11023_03100	sdhB	succinate dehydrogenase iron-sulfur subunit	md:ctg_M00376	I	670555	671253	-
Chlamydia trachomatis E/11023	ctg	E11023_03115	NA	succinate dehydrogenase cytochrome b558 subunit	md:ctg_M00376	I	673208	673726	-
Chlamydia trachomatis E/11023	ctg	E11023_04555	fumC	fumarate hydratase	md:ctg_M00376	I	1005062	1006453	+
Chlamydia trachomatis E/11023	ctg	E11023_00415	NA	bifunctional 5,10-methylene-tetrahydrofolate dehydrogenase/5,10-methylene-tetrahydrofolate cyclohydrolase	md:ctg_M00377	I	92089	92952	-
Chlamydia trachomatis E/11023	ctg	E11023_01890	NA	dihydrodipicolinate synthase	md:ctg_M00525	I	412594	413454	-
Chlamydia trachomatis E/11023	ctg	E11023_01895	NA	aspartate kinase	md:ctg_M00525	I	413464	414759	-
Chlamydia trachomatis E/11023	ctg	E11023_01900	NA	aspartate-semialdehyde dehydrogenase	md:ctg_M00525	I	414752	415756	-
Chlamydia trachomatis E/11023	ctg	E11023_01905	NA	dihydrodipicolinate reductase	md:ctg_M00525	I	415766	416527	-
Chlamydia trachomatis E/11023	ctg	E11023_02240	dapF	diaminopimelate epimerase	md:ctg_M00525	I	500144	500971	-
Chlamydia trachomatis E/11023	ctg	E11023_01890	NA	dihydrodipicolinate synthase	md:ctg_M00526	I	412594	413454	-
Chlamydia trachomatis E/11023	ctg	E11023_01895	NA	aspartate kinase	md:ctg_M00526	I	413464	414759	-
Chlamydia trachomatis E/11023	ctg	E11023_01900	NA	aspartate-semialdehyde dehydrogenase	md:ctg_M00526	I	414752	415756	-
Chlamydia trachomatis E/11023	ctg	E11023_01905	NA	dihydrodipicolinate reductase	md:ctg_M00526	I	415766	416527	-
Chlamydia trachomatis E/11023	ctg	E11023_01890	NA	dihydrodipicolinate synthase	md:ctg_M00527	I	412594	413454	-
Chlamydia trachomatis E/11023	ctg	E11023_01895	NA	aspartate kinase	md:ctg_M00527	I	413464	414759	-
Chlamydia trachomatis E/11023	ctg	E11023_01900	NA	aspartate-semialdehyde dehydrogenase	md:ctg_M00527	I	414752	415756	-
Chlamydia trachomatis E/11023	ctg	E11023_01905	NA	dihydrodipicolinate reductase	md:ctg_M00527	I	415766	416527	-
Chlamydia trachomatis E/11023	ctg	E11023_02030	NA	L,L-diaminopimelate aminotransferase	md:ctg_M00527	I	445023	446207	+
Chlamydia trachomatis E/11023	ctg	E11023_02240	dapF	diaminopimelate epimerase	md:ctg_M00527	I	500144	500971	-
Chlamydia trachomatis E/11023	ctg	E11023_01455	NA	glycine cleavage system protein H	md:ctg_M00532	I	313328	313681	-
Chlamydia trachomatis E/11023	ctg	E11023_02250	NA	serine hydroxymethyltransferase	md:ctg_M00532	I	501530	503023	-
Chlamydia trachomatis E/11023	ctg	E11023_02925	NA	dihydrolipoamide dehydrogenase	md:ctg_M00532	I	629456	630853	+
Chlamydia trachomatis E/11023	ctg	E11023_00470	NA	low calcium response protein D (predicted to be part of the TTSS apparatus)	md:ctg_M00542	I	103501	105627	-
Chlamydia trachomatis E/11023	ctg	E11023_00475	NA	type III secretion system protein	md:ctg_M00542	I	105627	106709	-
Chlamydia trachomatis E/11023	ctg	E11023_02935	NA	type III secretion system protein, membrane component	md:ctg_M00542	I	631889	632869	+
Chlamydia trachomatis E/11023	ctg	E11023_02955	NA	type III secretion system protein	md:ctg_M00542	I	634669	635589	+
Chlamydia trachomatis E/11023	ctg	E11023_02960	NA	type III secretion system, membrane protein	md:ctg_M00542	I	635601	635885	+
Chlamydia trachomatis E/11023	ctg	E11023_02965	NA	type III secretion system, membrane protein	md:ctg_M00542	I	635892	636761	+
Chlamydia trachomatis E/11023	ctg	E11023_03530	NA	type III secretion system ATPase	md:ctg_M00542	I	765521	766849	+
Chlamydia trachomatis E/11023	ctg	E11023_03555	NA	Type III secretion structural protein (outer membrane ring)	md:ctg_M00542	I	770965	773730	+
Chlamydia trachomatis E/11023	ctg	E11023_02665	NA	glyceraldehyde 3-phosphate dehydrogenase	md:ctg_M00552	I	583529	584533	-
Chlamydia trachomatis E/11023	ctg	E11023_03655	pgk	phosphoglycerate kinase	md:ctg_M00552	I	795410	796621	+
Chlamydia trachomatis E/11023	ctg	E11023_00225	NA	putative glycosyl hydrolase	md:ctg_M00565	I	45966	47966	-
Chlamydia trachomatis E/11023	ctg	E11023_02580	NA	glucose-1-phosphate adenylyltransferase	md:ctg_M00565	I	565314	566639	-
Chlamydia trachomatis E/11023	ctg	E11023_04230	glgA	glycogen synthase	md:ctg_M00565	I	935924	937348	-
Chlamydia trachomatis E/11023	ctg	E11023_04615	NA	glycogen branching enzyme	md:ctg_M00565	I	1021269	1023485	+
Chlamydia trachomatis E/11023	ctg	E11023_00540	NA	enoyl-(acyl carrier protein) reductase	md:ctg_M00572	I	119500	120396	-
Chlamydia trachomatis E/11023	ctg	E11023_01220	fabG	3-ketoacyl-(acyl-carrier-protein) reductase	md:ctg_M00572	I	264707	265453	-
Chlamydia trachomatis E/11023	ctg	E11023_02800	fabZ	(3R)-hydroxymyristoyl-ACP dehydratase	md:ctg_M00572	I	600081	600542	-
Chlamydia trachomatis E/11023	ctg	E11023_04070	NA	3-oxoacyl-(acyl carrier protein) synthase II	md:ctg_M00572	I	904465	905721	+
Chlamydia trachomatis E/11023	ctg	E11023_04110	NA	8-amino-7-oxononanoate synthase	md:ctg_M00573	I	911885	913018	+
Chlamydia trachomatis E/11023	ctg	E11023_04110	NA	8-amino-7-oxononanoate synthase	md:ctg_M00577	I	911885	913018	+
Chlamydia trachomatis E/11023	ctg	E11023_01095	NA	ribose-5-phosphate isomerase A	md:ctg_M00580	I	241113	241841	-
Chlamydia trachomatis E/11023	ctg	E11023_01965	NA	malate dehydrogenase	md:ctg_M00620	I	429712	430692	-
Chlamydia trachomatis E/11023	ctg	E11023_04370	sucC	succinyl-CoA synthetase subunit beta	md:ctg_M00620	I	965354	966514	+
Chlamydia trachomatis E/11023	ctg	E11023_04375	NA	succinyl-CoA synthetase subunit alpha	md:ctg_M00620	I	966529	967404	+
Chlamydia trachomatis E/11023	ctg	E11023_00470	NA	low calcium response protein D (predicted to be part of the TTSS apparatus)	md:ctg_M00660	I	103501	105627	-
Chlamydia trachomatis E/11023	ctg	E11023_00475	NA	type III secretion system protein	md:ctg_M00660	I	105627	106709	-
Chlamydia trachomatis E/11023	ctg	E11023_02935	NA	type III secretion system protein, membrane component	md:ctg_M00660	I	631889	632869	+
Chlamydia trachomatis E/11023	ctg	E11023_02950	NA	type III secretion system protein	md:ctg_M00660	I	633985	634656	+
Chlamydia trachomatis E/11023	ctg	E11023_02955	NA	type III secretion system protein	md:ctg_M00660	I	634669	635589	+
Chlamydia trachomatis E/11023	ctg	E11023_02960	NA	type III secretion system, membrane protein	md:ctg_M00660	I	635601	635885	+
Chlamydia trachomatis E/11023	ctg	E11023_02965	NA	type III secretion system, membrane protein	md:ctg_M00660	I	635892	636761	+
Chlamydia trachomatis E/11023	ctg	E11023_03530	NA	type III secretion system ATPase	md:ctg_M00660	I	765521	766849	+
Chlamydia trachomatis E/11023	ctg	E11023_01965	NA	malate dehydrogenase	md:ctg_M00740	I	429712	430692	-
Chlamydia trachomatis E/11023	ctg	E11023_01700	NA	N-(5'-phosphoribosyl)anthranilate isomerase	md:ctg_M00840	I	369027	369653	-
Chlamydia trachomatis E/11023	ctg	E11023_03210	NA	hypothetical protein	md:ctg_M00840	I	691555	692286	-
Chlamydia trachomatis E/11023	ctg	E11023_03215	NA	dihydrofolate reductase	md:ctg_M00840	I	692258	692737	-
Chlamydia trachomatis E/11023	ctg	E11023_03220	NA	2-amino-4-hydroxy-6-hydroxymethyldihydropteridi ne pyrophosphokinase	md:ctg_M00840	I	692734	694086	-
Chlamydia trachomatis E/11023	ctg	E11023_03225	NA	dihydroneopterin aldolase	md:ctg_M00840	I	694083	694457	-
Chlamydia trachomatis E/11023	ctg	E11023_03860	NA	bifunctional 3,4-dihydroxy-2-butanone 4-phosphate synthase/GTP cyclohydrolase II protein	md:ctg_M00840	I	843885	845159	+
Chlamydia trachomatis E/11023	ctg	E11023_03220	NA	2-amino-4-hydroxy-6-hydroxymethyldihydropteridi ne pyrophosphokinase	md:ctg_M00841	I	692734	694086	-
Chlamydia trachomatis E/11023	ctg	E11023_01080	NA	glutamate-1-semialdehyde aminotransferase	md:ctg_M00846	I	238828	240096	+
Chlamydia trachomatis E/11023	ctg	E11023_01545	NA	porphobilinogen deaminase	md:ctg_M00846	I	333145	333870	+
Chlamydia trachomatis E/11023	ctg	E11023_02260	hemD	uroporphyrinogen-III synthase	md:ctg_M00846	I	503387	504058	+
Chlamydia trachomatis E/11023	ctg	E11023_03340	NA	delta-aminolevulinic acid dehydratase	md:ctg_M00846	I	720719	721735	+
Chlamydia trachomatis E/11023	ctg	E11023_03495	hemA	glutamyl-tRNA reductase	md:ctg_M00846	I	759166	760173	+
Chlamydia trachomatis E/11023	ctg	E11023_01130	NA	aromatic acid decarboxylase	md:ctg_M00849	I	249200	249778	+
Chlamydia trachomatis E/11023	ctg	E11023_02580	NA	glucose-1-phosphate adenylyltransferase	md:ctg_M00854	I	565314	566639	-
Chlamydia trachomatis E/11023	ctg	E11023_04230	glgA	glycogen synthase	md:ctg_M00854	I	935924	937348	-
Chlamydia trachomatis E/11023	ctg	E11023_04615	NA	glycogen branching enzyme	md:ctg_M00854	I	1021269	1023485	+
Chlamydia trachomatis E/11023	ctg	E11023_00455	NA	4-alpha-glucanotransferase	md:ctg_M00855	I	100153	101736	-
Chlamydia trachomatis E/11023	ctg	E11023_01280	NA	glycogen phosphorylase	md:ctg_M00855	I	277288	279732	-
Chlamydia trachomatis E/11023	ctg	E11023_00060	NA	lipid A biosynthesis lauroyl acyltransferase	md:ctg_M00866	I	9792	11159	-
Chlamydia trachomatis E/11023	ctg	E11023_01070	NA	3-deoxy-D-manno-octulosonic-acid transferase	md:ctg_M00866	I	234880	236175	-
Chlamydia trachomatis E/11023	ctg	E11023_01255	lpxD	UDP-3-O-[3-hydroxymyristoyl] glucosamine N-acyltransferase	md:ctg_M00866	I	271487	272551	+
Chlamydia trachomatis E/11023	ctg	E11023_02090	lpxK	tetraacyldisaccharide 4'-kinase	md:ctg_M00866	I	461616	462725	-
Chlamydia trachomatis E/11023	ctg	E11023_02135	lpxB	lipid-A-disaccharide synthase	md:ctg_M00866	I	469882	471705	+
Chlamydia trachomatis E/11023	ctg	E11023_02795	NA	UDP-N-acetylglucosamine acyltransferase	md:ctg_M00866	I	599227	600069	-
Chlamydia trachomatis E/11023	ctg	E11023_02805	lpxC	UDP-3-O-[3-hydroxymyristoyl] N-acetylglucosamine deacetylase	md:ctg_M00866	I	600539	601399	-
Chlamydia trachomatis E/11023	ctg	E11023_01545	NA	porphobilinogen deaminase	md:ctg_M00868	I	333145	333870	+
Chlamydia trachomatis E/11023	ctg	E11023_02260	hemD	uroporphyrinogen-III synthase	md:ctg_M00868	I	503387	504058	+
Chlamydia trachomatis E/11023	ctg	E11023_02560	hemH	ferrochelatase	md:ctg_M00868	I	562125	563069	-
Chlamydia trachomatis E/11023	ctg	E11023_03340	NA	delta-aminolevulinic acid dehydratase	md:ctg_M00868	I	720719	721735	+
Chlamydia trachomatis E/11023	ctg	E11023_03935	NA	protoporphyrinogen oxidase	md:ctg_M00868	I	866629	867903	-
Chlamydia trachomatis E/11023	ctg	E11023_03945	hemE	uroporphyrinogen decarboxylase	md:ctg_M00868	I	869246	870256	-
Chlamydia trachomatis E/11023	ctg	E11023_01225	NA	malonyl-CoA-[acyl-carrier-protein] transacylase	md:ctg_M00873	I	265450	266376	-
Chlamydia trachomatis E/11023	ctg	E11023_04070	NA	3-oxoacyl-(acyl carrier protein) synthase II	md:ctg_M00873	I	904465	905721	+
Chlamydia trachomatis E/11023	ctg	E11023_01220	fabG	3-ketoacyl-(acyl-carrier-protein) reductase	md:ctg_M00874	I	264707	265453	-
Chlamydia trachomatis E/11023	ctg	E11023_01225	NA	malonyl-CoA-[acyl-carrier-protein] transacylase	md:ctg_M00874	I	265450	266376	-
Chlamydia trachomatis E/11023	ctg	E11023_04070	NA	3-oxoacyl-(acyl carrier protein) synthase II	md:ctg_M00874	I	904465	905721	+
Chlamydia trachomatis E/11023	ctg	E11023_02930	NA	lipoyl synthase	md:ctg_M00881	I	630850	631785	+
Chlamydia trachomatis E/11023	ctg	E11023_02930	NA	lipoyl synthase	md:ctg_M00882	I	630850	631785	+
Chlamydia trachomatis E/11023	ctg	E11023_02930	NA	lipoyl synthase	md:ctg_M00883	I	630850	631785	+
Chlamydia trachomatis E/11023	ctg	E11023_02930	NA	lipoyl synthase	md:ctg_M00884	I	630850	631785	+
Chlamydia trachomatis E/11023	ctg	E11023_01970	pgi	glucose-6-phosphate isomerase	md:ctg_M00909	I	431138	432715	-
Chlamydia trachomatis E/11023	ctg	E11023_04335	glmM	phosphoglucosamine mutase	md:ctg_M00909	I	957692	959068	+
Chlamydia trachomatis E/11023	ctg	E11023_04340	NA	glucosamine--fructose-6-phosphate aminotransferase	md:ctg_M00909	I	959079	960899	+
Chlamydia trachomatis E/11023	ctg	E11023_02105	NA	riboflavin synthase subunit alpha	md:ctg_M00911	I	464512	465111	-
Chlamydia trachomatis E/11023	ctg	E11023_03865	ribH	6,7-dimethyl-8-ribityllumazine synthase	md:ctg_M00911	I	845128	845601	+
Chlamydia trachomatis E/11023	ctg	E11023_01080	NA	glutamate-1-semialdehyde aminotransferase	md:ctg_M00926	I	238828	240096	+
Chlamydia trachomatis E/11023	ctg	E11023_01545	NA	porphobilinogen deaminase	md:ctg_M00926	I	333145	333870	+
Chlamydia trachomatis E/11023	ctg	E11023_02260	hemD	uroporphyrinogen-III synthase	md:ctg_M00926	I	503387	504058	+
Chlamydia trachomatis E/11023	ctg	E11023_02560	hemH	ferrochelatase	md:ctg_M00926	I	562125	563069	-
Chlamydia trachomatis E/11023	ctg	E11023_03340	NA	delta-aminolevulinic acid dehydratase	md:ctg_M00926	I	720719	721735	+
Chlamydia trachomatis E/11023	ctg	E11023_03495	hemA	glutamyl-tRNA reductase	md:ctg_M00926	I	759166	760173	+
Chlamydia trachomatis E/11023	ctg	E11023_03935	NA	protoporphyrinogen oxidase	md:ctg_M00926	I	866629	867903	-
Chlamydia trachomatis E/11023	ctg	E11023_03945	hemE	uroporphyrinogen decarboxylase	md:ctg_M00926	I	869246	870256	-
Chlamydia trachomatis E/11023	ctg	E11023_02220	NA	hypothetical protein	md:ctg_M00930	I	496540	497649	+
Chlamydia trachomatis E/11023	ctg	E11023_04055	NA	hypothetical protein	md:ctg_M00930	I	900810	901862	-
Chlamydia trachomatis E/11023	ctg	E11023_02220	NA	hypothetical protein	md:ctg_M00931	I	496540	497649	+
Chlamydia trachomatis E/11023	ctg	E11023_04055	NA	hypothetical protein	md:ctg_M00931	I	900810	901862	-
Chlamydia trachomatis E/11023	ctg	E11023_00970	tmk	thymidylate kinase	md:ctg_M00938	I	210242	210853	-
Chlamydia trachomatis E/11023	ctg	E11023_01510	dut	deoxyuridine 5'-triphosphate nucleotidohydrolase	md:ctg_M00938	I	326391	326828	-
Chlamydia trachomatis E/11023	ctg	E11023_02640	ndk	nucleoside diphosphate kinase	md:ctg_M00938	I	579984	580409	-
Chlamydia trachomatis E/11023	ctg	E11023_04400	NA	ribonucleotide-diphosphate reductase subunit alpha	md:ctg_M00938	I	974887	978030	+
Chlamydia trachomatis E/11023	ctg	E11023_04405	NA	ribonucleotide-diphosphate reductase subunit beta	md:ctg_M00938	I	978068	979108	+
Chlamydia trachomatis E/11023	ctg	E11023_04110	NA	8-amino-7-oxononanoate synthase	md:ctg_M00950	I	911885	913018	+
