Bacillus safensis	bsaf	BSL056_04405	NA	histidine phosphatase family protein	md:bsaf_M00001	I	898678	899220	-
Bacillus safensis	bsaf	BSL056_12270	NA	glucokinase	md:bsaf_M00001	I	2372435	2373388	-
Bacillus safensis	bsaf	BSL056_14445	NA	type I glyceraldehyde-3-phosphate dehydrogenase	md:bsaf_M00001	I	2796531	2797553	-
Bacillus safensis	bsaf	BSL056_14510	NA	pyruvate kinase	md:bsaf_M00001	I	2811643	2813403	-
Bacillus safensis	bsaf	BSL056_14515	NA	6-phosphofructokinase	md:bsaf_M00001	I	2813431	2814390	-
Bacillus safensis	bsaf	BSL056_15840	NA	glucose-6-phosphate isomerase	md:bsaf_M00001	I	3044279	3045634	-
Bacillus safensis	bsaf	BSL056_17040	NA	phosphopyruvate hydratase	md:bsaf_M00001	I	3274234	3275526	-
Bacillus safensis	bsaf	BSL056_17045	NA	phosphoglycerate mutase (2,3-diphosphoglycerate-independent)	md:bsaf_M00001	I	3275557	3277092	-
Bacillus safensis	bsaf	BSL056_17050	NA	triose-phosphate isomerase	md:bsaf_M00001	I	3277085	3277846	-
Bacillus safensis	bsaf	BSL056_17055	NA	phosphoglycerate kinase	md:bsaf_M00001	I	3277877	3279061	-
Bacillus safensis	bsaf	BSL056_17060	NA	type I glyceraldehyde-3-phosphate dehydrogenase	md:bsaf_M00001	I	3279275	3280282	-
Bacillus safensis	bsaf	BSL056_18435	NA	fructose-1,6-bisphosphate aldolase, class II	md:bsaf_M00001	I	3562011	3562868	-
Bacillus safensis	bsaf	BSL056_04405	NA	histidine phosphatase family protein	md:bsaf_M00002	I	898678	899220	-
Bacillus safensis	bsaf	BSL056_14445	NA	type I glyceraldehyde-3-phosphate dehydrogenase	md:bsaf_M00002	I	2796531	2797553	-
Bacillus safensis	bsaf	BSL056_14510	NA	pyruvate kinase	md:bsaf_M00002	I	2811643	2813403	-
Bacillus safensis	bsaf	BSL056_17040	NA	phosphopyruvate hydratase	md:bsaf_M00002	I	3274234	3275526	-
Bacillus safensis	bsaf	BSL056_17045	NA	phosphoglycerate mutase (2,3-diphosphoglycerate-independent)	md:bsaf_M00002	I	3275557	3277092	-
Bacillus safensis	bsaf	BSL056_17050	NA	triose-phosphate isomerase	md:bsaf_M00002	I	3277085	3277846	-
Bacillus safensis	bsaf	BSL056_17055	NA	phosphoglycerate kinase	md:bsaf_M00002	I	3277877	3279061	-
Bacillus safensis	bsaf	BSL056_17060	NA	type I glyceraldehyde-3-phosphate dehydrogenase	md:bsaf_M00002	I	3279275	3280282	-
Bacillus safensis	bsaf	BSL056_04405	NA	histidine phosphatase family protein	md:bsaf_M00003	I	898678	899220	-
Bacillus safensis	bsaf	BSL056_14445	NA	type I glyceraldehyde-3-phosphate dehydrogenase	md:bsaf_M00003	I	2796531	2797553	-
Bacillus safensis	bsaf	BSL056_15145	NA	phosphoenolpyruvate carboxykinase (ATP)	md:bsaf_M00003	I	2941400	2942986	+
Bacillus safensis	bsaf	BSL056_17040	NA	phosphopyruvate hydratase	md:bsaf_M00003	I	3274234	3275526	-
Bacillus safensis	bsaf	BSL056_17045	NA	phosphoglycerate mutase (2,3-diphosphoglycerate-independent)	md:bsaf_M00003	I	3275557	3277092	-
Bacillus safensis	bsaf	BSL056_17050	NA	triose-phosphate isomerase	md:bsaf_M00003	I	3277085	3277846	-
Bacillus safensis	bsaf	BSL056_17055	NA	phosphoglycerate kinase	md:bsaf_M00003	I	3277877	3279061	-
Bacillus safensis	bsaf	BSL056_17060	NA	type I glyceraldehyde-3-phosphate dehydrogenase	md:bsaf_M00003	I	3279275	3280282	-
Bacillus safensis	bsaf	BSL056_18420	NA	fructose-bisphosphatase, class II	md:bsaf_M00003	I	3558726	3559691	-
Bacillus safensis	bsaf	BSL056_18435	NA	fructose-1,6-bisphosphate aldolase, class II	md:bsaf_M00003	I	3562011	3562868	-
Bacillus safensis	bsaf	BSL056_07685	NA	ribulose-phosphate 3-epimerase	md:bsaf_M00004	I	1534757	1535407	+
Bacillus safensis	bsaf	BSL056_09585	NA	transketolase	md:bsaf_M00004	I	1870067	1872070	+
Bacillus safensis	bsaf	BSL056_11770	NA	glucose-6-phosphate dehydrogenase	md:bsaf_M00004	I	2286197	2287672	+
Bacillus safensis	bsaf	BSL056_11815	NA	phosphogluconate dehydrogenase (NADP(+)-dependent, decarboxylating)	md:bsaf_M00004	I	2294123	2295532	-
Bacillus safensis	bsaf	BSL056_12745	NA	transketolase	md:bsaf_M00004	I	2459150	2460115	-
Bacillus safensis	bsaf	BSL056_12750	NA	transketolase	md:bsaf_M00004	I	2460112	2460966	-
Bacillus safensis	bsaf	BSL056_13805	NA	6-phosphogluconolactonase	md:bsaf_M00004	I	2684821	2685864	+
Bacillus safensis	bsaf	BSL056_15045	NA	hypothetical protein	md:bsaf_M00004	I	2921180	2921932	-
Bacillus safensis	bsaf	BSL056_15840	NA	glucose-6-phosphate isomerase	md:bsaf_M00004	I	3044279	3045634	-
Bacillus safensis	bsaf	BSL056_18345	NA	ribose 5-phosphate isomerase B	md:bsaf_M00004	I	3545453	3545902	-
Bacillus safensis	bsaf	BSL056_18430	NA	fructose-6-phosphate aldolase	md:bsaf_M00004	I	3561261	3561899	-
Bacillus safensis	bsaf	BSL056_00330	NA	ribose-phosphate pyrophosphokinase	md:bsaf_M00005	I	60359	61312	+
Bacillus safensis	bsaf	BSL056_11770	NA	glucose-6-phosphate dehydrogenase	md:bsaf_M00006	I	2286197	2287672	+
Bacillus safensis	bsaf	BSL056_11815	NA	phosphogluconate dehydrogenase (NADP(+)-dependent, decarboxylating)	md:bsaf_M00006	I	2294123	2295532	-
Bacillus safensis	bsaf	BSL056_13805	NA	6-phosphogluconolactonase	md:bsaf_M00006	I	2684821	2685864	+
Bacillus safensis	bsaf	BSL056_15045	NA	hypothetical protein	md:bsaf_M00006	I	2921180	2921932	-
Bacillus safensis	bsaf	BSL056_07685	NA	ribulose-phosphate 3-epimerase	md:bsaf_M00007	I	1534757	1535407	+
Bacillus safensis	bsaf	BSL056_09585	NA	transketolase	md:bsaf_M00007	I	1870067	1872070	+
Bacillus safensis	bsaf	BSL056_12745	NA	transketolase	md:bsaf_M00007	I	2459150	2460115	-
Bacillus safensis	bsaf	BSL056_12750	NA	transketolase	md:bsaf_M00007	I	2460112	2460966	-
Bacillus safensis	bsaf	BSL056_18345	NA	ribose 5-phosphate isomerase B	md:bsaf_M00007	I	3545453	3545902	-
Bacillus safensis	bsaf	BSL056_18430	NA	fructose-6-phosphate aldolase	md:bsaf_M00007	I	3561261	3561899	-
Bacillus safensis	bsaf	BSL056_11770	NA	glucose-6-phosphate dehydrogenase	md:bsaf_M00008	I	2286197	2287672	+
Bacillus safensis	bsaf	BSL056_13805	NA	6-phosphogluconolactonase	md:bsaf_M00008	I	2684821	2685864	+
Bacillus safensis	bsaf	BSL056_17925	NA	2-dehydro-3-deoxyphosphogluconate aldolase	md:bsaf_M00008	I	3461675	3462274	-
Bacillus safensis	bsaf	BSL056_02580	NA	dihydrolipoyl dehydrogenase	md:bsaf_M00009	I	532752	534131	+
Bacillus safensis	bsaf	BSL056_06040	NA	dihydrolipoyl dehydrogenase	md:bsaf_M00009	I	1213528	1214922	-
Bacillus safensis	bsaf	BSL056_06210	NA	dihydrolipoyl dehydrogenase	md:bsaf_M00009	I	1245945	1247327	+
Bacillus safensis	bsaf	BSL056_07050	NA	dihydrolipoyl dehydrogenase	md:bsaf_M00009	I	1410311	1411723	+
Bacillus safensis	bsaf	BSL056_07830	NA	succinate--CoA ligase subunit beta	md:bsaf_M00009	I	1560602	1561762	+
Bacillus safensis	bsaf	BSL056_07835	NA	succinate--CoA ligase subunit alpha	md:bsaf_M00009	I	1561785	1562687	+
Bacillus safensis	bsaf	BSL056_09635	NA	aconitate hydratase 1	md:bsaf_M00009	I	1876692	1879421	+
Bacillus safensis	bsaf	BSL056_10410	NA	citrate synthase 3	md:bsaf_M00009	I	2049235	2050377	-
Bacillus safensis	bsaf	BSL056_10495	NA	dihydrolipoamide succinyltransferase	md:bsaf_M00009	I	2063512	2064768	-
Bacillus safensis	bsaf	BSL056_10500	NA	2-oxoglutarate dehydrogenase E1 component	md:bsaf_M00009	I	2064783	2067617	-
Bacillus safensis	bsaf	BSL056_11915	NA	dihydrolipoyl dehydrogenase	md:bsaf_M00009	I	2312445	2313869	-
Bacillus safensis	bsaf	BSL056_14220	NA	succinate dehydrogenase iron-sulfur subunit	md:bsaf_M00009	I	2750048	2750812	-
Bacillus safensis	bsaf	BSL056_14225	NA	succinate dehydrogenase flavoprotein subunit	md:bsaf_M00009	I	2750814	2752574	-
Bacillus safensis	bsaf	BSL056_14230	NA	succinate dehydrogenase	md:bsaf_M00009	I	2752612	2753220	-
Bacillus safensis	bsaf	BSL056_14480	NA	malate dehydrogenase	md:bsaf_M00009	I	2805556	2806494	-
Bacillus safensis	bsaf	BSL056_14485	NA	NADP-dependent isocitrate dehydrogenase	md:bsaf_M00009	I	2806529	2807800	-
Bacillus safensis	bsaf	BSL056_14490	NA	citrate synthase	md:bsaf_M00009	I	2807949	2809067	-
Bacillus safensis	bsaf	BSL056_16585	NA	fumarate hydratase, class II	md:bsaf_M00009	I	3186188	3187582	-
Bacillus safensis	bsaf	BSL056_09635	NA	aconitate hydratase 1	md:bsaf_M00010	I	1876692	1879421	+
Bacillus safensis	bsaf	BSL056_10410	NA	citrate synthase 3	md:bsaf_M00010	I	2049235	2050377	-
Bacillus safensis	bsaf	BSL056_14485	NA	NADP-dependent isocitrate dehydrogenase	md:bsaf_M00010	I	2806529	2807800	-
Bacillus safensis	bsaf	BSL056_14490	NA	citrate synthase	md:bsaf_M00010	I	2807949	2809067	-
Bacillus safensis	bsaf	BSL056_02580	NA	dihydrolipoyl dehydrogenase	md:bsaf_M00011	I	532752	534131	+
Bacillus safensis	bsaf	BSL056_06040	NA	dihydrolipoyl dehydrogenase	md:bsaf_M00011	I	1213528	1214922	-
Bacillus safensis	bsaf	BSL056_06210	NA	dihydrolipoyl dehydrogenase	md:bsaf_M00011	I	1245945	1247327	+
Bacillus safensis	bsaf	BSL056_07050	NA	dihydrolipoyl dehydrogenase	md:bsaf_M00011	I	1410311	1411723	+
Bacillus safensis	bsaf	BSL056_07830	NA	succinate--CoA ligase subunit beta	md:bsaf_M00011	I	1560602	1561762	+
Bacillus safensis	bsaf	BSL056_07835	NA	succinate--CoA ligase subunit alpha	md:bsaf_M00011	I	1561785	1562687	+
Bacillus safensis	bsaf	BSL056_10495	NA	dihydrolipoamide succinyltransferase	md:bsaf_M00011	I	2063512	2064768	-
Bacillus safensis	bsaf	BSL056_10500	NA	2-oxoglutarate dehydrogenase E1 component	md:bsaf_M00011	I	2064783	2067617	-
Bacillus safensis	bsaf	BSL056_11915	NA	dihydrolipoyl dehydrogenase	md:bsaf_M00011	I	2312445	2313869	-
Bacillus safensis	bsaf	BSL056_14220	NA	succinate dehydrogenase iron-sulfur subunit	md:bsaf_M00011	I	2750048	2750812	-
Bacillus safensis	bsaf	BSL056_14225	NA	succinate dehydrogenase flavoprotein subunit	md:bsaf_M00011	I	2750814	2752574	-
Bacillus safensis	bsaf	BSL056_14230	NA	succinate dehydrogenase	md:bsaf_M00011	I	2752612	2753220	-
Bacillus safensis	bsaf	BSL056_14480	NA	malate dehydrogenase	md:bsaf_M00011	I	2805556	2806494	-
Bacillus safensis	bsaf	BSL056_16585	NA	fumarate hydratase, class II	md:bsaf_M00011	I	3186188	3187582	-
Bacillus safensis	bsaf	BSL056_09635	NA	aconitate hydratase 1	md:bsaf_M00012	I	1876692	1879421	+
Bacillus safensis	bsaf	BSL056_10410	NA	citrate synthase 3	md:bsaf_M00012	I	2049235	2050377	-
Bacillus safensis	bsaf	BSL056_14480	NA	malate dehydrogenase	md:bsaf_M00012	I	2805556	2806494	-
Bacillus safensis	bsaf	BSL056_14490	NA	citrate synthase	md:bsaf_M00012	I	2807949	2809067	-
Bacillus safensis	bsaf	BSL056_09895	NA	methylmalonate-semialdehyde dehydrogenase (acylating)	md:bsaf_M00013	I	1925457	1926917	-
Bacillus safensis	bsaf	BSL056_06190	NA	L-iditol 2-dehydrogenase	md:bsaf_M00014	I	1241382	1242413	+
Bacillus safensis	bsaf	BSL056_10310	NA	xylulokinase	md:bsaf_M00014	I	2028667	2030166	-
Bacillus safensis	bsaf	BSL056_17775	NA	UDP-glucose 6-dehydrogenase	md:bsaf_M00014	I	3423418	3424755	-
Bacillus safensis	bsaf	BSL056_18085	NA	UDP-glucose 6-dehydrogenase	md:bsaf_M00014	I	3495860	3497179	-
Bacillus safensis	bsaf	BSL056_06360	NA	glutamate 5-kinase	md:bsaf_M00015	I	1273225	1274322	+
Bacillus safensis	bsaf	BSL056_06365	NA	glutamate-5-semialdehyde dehydrogenase	md:bsaf_M00015	I	1274335	1275582	+
Bacillus safensis	bsaf	BSL056_10275	NA	glutamate-5-semialdehyde dehydrogenase	md:bsaf_M00015	I	2020582	2021850	-
Bacillus safensis	bsaf	BSL056_10280	NA	glutamate 5-kinase	md:bsaf_M00015	I	2021869	2022987	-
Bacillus safensis	bsaf	BSL056_10285	NA	pyrroline-5-carboxylate reductase	md:bsaf_M00015	I	2023015	2023860	-
Bacillus safensis	bsaf	BSL056_11735	NA	pyrroline-5-carboxylate reductase	md:bsaf_M00015	I	2278448	2279275	+
Bacillus safensis	bsaf	BSL056_02090	NA	aspartate kinase	md:bsaf_M00016	I	434535	435911	-
Bacillus safensis	bsaf	BSL056_05525	argD	acetylornithine transaminase	md:bsaf_M00016	I	1122027	1123178	+
Bacillus safensis	bsaf	BSL056_08195	NA	aspartate-semialdehyde dehydrogenase	md:bsaf_M00016	I	1633753	1634772	+
Bacillus safensis	bsaf	BSL056_08200	NA	aspartate kinase	md:bsaf_M00016	I	1634865	1636079	+
Bacillus safensis	bsaf	BSL056_08205	NA	4-hydroxy-tetrahydrodipicolinate synthase	md:bsaf_M00016	I	1636110	1636976	+
Bacillus safensis	bsaf	BSL056_11085	NA	4-hydroxy-tetrahydrodipicolinate reductase	md:bsaf_M00016	I	2168471	2169274	-
Bacillus safensis	bsaf	BSL056_11535	NA	diaminopimelate decarboxylase	md:bsaf_M00016	I	2245045	2246370	-
Bacillus safensis	bsaf	BSL056_14240	NA	aspartate kinase	md:bsaf_M00016	I	2754102	2755337	-
Bacillus safensis	bsaf	BSL056_16205	NA	diaminopimelate epimerase	md:bsaf_M00016	I	3116446	3117300	-
Bacillus safensis	bsaf	BSL056_16685	NA	4-hydroxy-tetrahydrodipicolinate synthase	md:bsaf_M00016	I	3206368	3207267	-
Bacillus safensis	bsaf	BSL056_02090	NA	aspartate kinase	md:bsaf_M00017	I	434535	435911	-
Bacillus safensis	bsaf	BSL056_05430	NA	methionine synthase	md:bsaf_M00017	I	1101923	1105351	-
Bacillus safensis	bsaf	BSL056_05435	NA	bifunctional homocysteine S-methyltransferase/methylenetetrahydrofolate reductase	md:bsaf_M00017	I	1105335	1107176	-
Bacillus safensis	bsaf	BSL056_05865	NA	cystathionine gamma-synthase	md:bsaf_M00017	I	1185141	1186259	+
Bacillus safensis	bsaf	BSL056_05870	NA	cystathionine gamma-synthase	md:bsaf_M00017	I	1186256	1187434	+
Bacillus safensis	bsaf	BSL056_06400	NA	5-methyltetrahydropteroyltriglutamate--homocysteine S-methyltransferase	md:bsaf_M00017	I	1279320	1281608	-
Bacillus safensis	bsaf	BSL056_08195	NA	aspartate-semialdehyde dehydrogenase	md:bsaf_M00017	I	1633753	1634772	+
Bacillus safensis	bsaf	BSL056_08200	NA	aspartate kinase	md:bsaf_M00017	I	1634865	1636079	+
Bacillus safensis	bsaf	BSL056_10815	NA	homoserine O-succinyltransferase	md:bsaf_M00017	I	2117780	2118688	+
Bacillus safensis	bsaf	BSL056_14240	NA	aspartate kinase	md:bsaf_M00017	I	2754102	2755337	-
Bacillus safensis	bsaf	BSL056_15885	NA	cystathionine beta-lyase	md:bsaf_M00017	I	3052465	3053640	+
Bacillus safensis	bsaf	BSL056_16250	NA	homoserine dehydrogenase	md:bsaf_M00017	I	3124725	3126026	-
Bacillus safensis	bsaf	BSL056_19405	NA	5-methyltetrahydropteroyltriglutamate--homocysteine methyltransferase	md:bsaf_M00017	I	3745287	3746411	+
Bacillus safensis	bsaf	BSL056_02090	NA	aspartate kinase	md:bsaf_M00018	I	434535	435911	-
Bacillus safensis	bsaf	BSL056_08195	NA	aspartate-semialdehyde dehydrogenase	md:bsaf_M00018	I	1633753	1634772	+
Bacillus safensis	bsaf	BSL056_08200	NA	aspartate kinase	md:bsaf_M00018	I	1634865	1636079	+
Bacillus safensis	bsaf	BSL056_09765	NA	threonine synthase	md:bsaf_M00018	I	1901679	1902782	-
Bacillus safensis	bsaf	BSL056_14240	NA	aspartate kinase	md:bsaf_M00018	I	2754102	2755337	-
Bacillus safensis	bsaf	BSL056_16240	NA	homoserine kinase	md:bsaf_M00018	I	3122735	3123667	-
Bacillus safensis	bsaf	BSL056_16245	NA	threonine synthase	md:bsaf_M00018	I	3123664	3124725	-
Bacillus safensis	bsaf	BSL056_16250	NA	homoserine dehydrogenase	md:bsaf_M00018	I	3124725	3126026	-
Bacillus safensis	bsaf	BSL056_01760	NA	acetohydroxyacid synthase large subunit	md:bsaf_M00019	I	324141	325901	+
Bacillus safensis	bsaf	BSL056_10790	NA	dihydroxy-acid dehydratase	md:bsaf_M00019	I	2111626	2113302	-
Bacillus safensis	bsaf	BSL056_13785	NA	ketol-acid reductoisomerase	md:bsaf_M00019	I	2679811	2680839	-
Bacillus safensis	bsaf	BSL056_13790	NA	acetolactate synthase small subunit	md:bsaf_M00019	I	2680858	2681376	-
Bacillus safensis	bsaf	BSL056_13795	NA	acetolactate synthase, large subunit, biosynthetic type	md:bsaf_M00019	I	2681373	2683097	-
Bacillus safensis	bsaf	BSL056_13800	NA	branched-chain-amino-acid transaminase	md:bsaf_M00019	I	2683474	2684388	-
Bacillus safensis	bsaf	BSL056_18060	NA	acetolactate synthase large subunit	md:bsaf_M00019	I	3491557	3493257	+
Bacillus safensis	bsaf	BSL056_19090	NA	branched chain amino acid aminotransferase	md:bsaf_M00019	I	3686032	3687123	+
Bacillus safensis	bsaf	BSL056_05030	NA	phosphoserine transaminase	md:bsaf_M00020	I	1020291	1021370	-
Bacillus safensis	bsaf	BSL056_11390	NA	phosphoglycerate dehydrogenase	md:bsaf_M00020	I	2220737	2222311	+
Bacillus safensis	bsaf	BSL056_14395	NA	haloacid dehalogenase	md:bsaf_M00020	I	2786623	2787402	+
Bacillus safensis	bsaf	BSL056_00450	NA	cysteine synthase A	md:bsaf_M00021	I	84513	85436	+
Bacillus safensis	bsaf	BSL056_00625	NA	serine O-acetyltransferase	md:bsaf_M00021	I	116328	116981	+
Bacillus safensis	bsaf	BSL056_05390	NA	serine acetyltransferase	md:bsaf_M00021	I	1091656	1092192	-
Bacillus safensis	bsaf	BSL056_14925	NA	cysteine synthase A	md:bsaf_M00021	I	2896444	2897373	+
Bacillus safensis	bsaf	BSL056_01755	NA	3-dehydroquinate dehydratase	md:bsaf_M00022	I	323329	324102	+
Bacillus safensis	bsaf	BSL056_01790	NA	shikimate kinase	md:bsaf_M00022	I	331602	332159	+
Bacillus safensis	bsaf	BSL056_11140	NA	3-phosphoshikimate 1-carboxyvinyltransferase	md:bsaf_M00022	I	2177032	2178318	-
Bacillus safensis	bsaf	BSL056_11190	NA	3-dehydroquinate synthase	md:bsaf_M00022	I	2187211	2188302	-
Bacillus safensis	bsaf	BSL056_11195	NA	chorismate synthase	md:bsaf_M00022	I	2188302	2189474	-
Bacillus safensis	bsaf	BSL056_12085	NA	type II 3-dehydroquinate dehydratase	md:bsaf_M00022	I	2343899	2344342	-
Bacillus safensis	bsaf	BSL056_14815	NA	chorismate mutase	md:bsaf_M00022	I	2876294	2877370	-
Bacillus safensis	bsaf	BSL056_19790	NA	quinate/shikimate dehydrogenase	md:bsaf_M00022	I	3829688	3830590	+
Bacillus safensis	bsaf	BSL056_11155	NA	tryptophan synthase subunit alpha	md:bsaf_M00023	I	2180668	2181471	-
Bacillus safensis	bsaf	BSL056_11160	NA	tryptophan synthase subunit beta	md:bsaf_M00023	I	2181468	2182667	-
Bacillus safensis	bsaf	BSL056_11165	NA	N-(5'-phosphoribosyl)anthranilate isomerase	md:bsaf_M00023	I	2182648	2183316	-
Bacillus safensis	bsaf	BSL056_11170	NA	indole-3-glycerol phosphate synthase	md:bsaf_M00023	I	2183313	2184065	-
Bacillus safensis	bsaf	BSL056_11175	NA	anthranilate phosphoribosyltransferase	md:bsaf_M00023	I	2184058	2185080	-
Bacillus safensis	bsaf	BSL056_11180	NA	anthranilate synthase component I	md:bsaf_M00023	I	2185052	2186599	-
Bacillus safensis	bsaf	BSL056_11185	NA	chorismate mutase	md:bsaf_M00024	I	2186831	2187214	-
Bacillus safensis	bsaf	BSL056_13315	NA	prephenate dehydratase	md:bsaf_M00024	I	2567121	2567999	-
Bacillus safensis	bsaf	BSL056_13320	NA	ACT domain-containing protein	md:bsaf_M00024	I	2568018	2568461	-
Bacillus safensis	bsaf	BSL056_11145	NA	prephenate dehydrogenase	md:bsaf_M00025	I	2178329	2179444	-
Bacillus safensis	bsaf	BSL056_11185	NA	chorismate mutase	md:bsaf_M00025	I	2186831	2187214	-
Bacillus safensis	bsaf	BSL056_13320	NA	ACT domain-containing protein	md:bsaf_M00025	I	2568018	2568461	-
Bacillus safensis	bsaf	BSL056_11150	NA	histidinol-phosphate transaminase	md:bsaf_M00026	I	2179559	2180656	-
Bacillus safensis	bsaf	BSL056_14735	NA	histidinol phosphatase	md:bsaf_M00026	I	2861766	2862581	+
Bacillus safensis	bsaf	BSL056_17355	NA	bifunctional phosphoribosyl-AMP cyclohydrolase/phosphoribosyl-ATP pyrophosphatase	md:bsaf_M00026	I	3340273	3340902	-
Bacillus safensis	bsaf	BSL056_17360	NA	imidazole glycerol phosphate synthase subunit HisF	md:bsaf_M00026	I	3340899	3341657	-
Bacillus safensis	bsaf	BSL056_17365	NA	1-(5-phosphoribosyl)-5-[(5-phosphoribosylamino)methylideneamino]imidazole-4-carboxamide isomerase	md:bsaf_M00026	I	3341654	3342391	-
Bacillus safensis	bsaf	BSL056_17370	NA	imidazole glycerol phosphate synthase subunit HisH	md:bsaf_M00026	I	3342388	3343026	-
Bacillus safensis	bsaf	BSL056_17375	NA	imidazoleglycerol-phosphate dehydratase	md:bsaf_M00026	I	3343026	3343610	-
Bacillus safensis	bsaf	BSL056_17380	NA	histidinol dehydrogenase	md:bsaf_M00026	I	3343610	3344896	-
Bacillus safensis	bsaf	BSL056_17385	NA	ATP phosphoribosyltransferase	md:bsaf_M00026	I	3344893	3345537	-
Bacillus safensis	bsaf	BSL056_17390	NA	ATP phosphoribosyltransferase regulatory subunit	md:bsaf_M00026	I	3345530	3346705	-
Bacillus safensis	bsaf	BSL056_02115	NA	4-aminobutyrate--2-oxoglutarate transaminase	md:bsaf_M00027	I	440605	441921	+
Bacillus safensis	bsaf	BSL056_02125	gabD	succinate-semialdehyde dehydrogenase (NADP(+))	md:bsaf_M00027	I	443306	444700	+
Bacillus safensis	bsaf	BSL056_03245	NA	acetylornithine deacetylase	md:bsaf_M00028	I	647010	648275	+
Bacillus safensis	bsaf	BSL056_05510	NA	N-acetyl-gamma-glutamyl-phosphate reductase	md:bsaf_M00028	I	1118959	1119996	+
Bacillus safensis	bsaf	BSL056_05515	NA	bifunctional ornithine acetyltransferase/N-acetylglutamate synthase	md:bsaf_M00028	I	1120019	1121239	+
Bacillus safensis	bsaf	BSL056_05520	NA	acetylglutamate kinase	md:bsaf_M00028	I	1121254	1122030	+
Bacillus safensis	bsaf	BSL056_05525	argD	acetylornithine transaminase	md:bsaf_M00028	I	1122027	1123178	+
Bacillus safensis	bsaf	BSL056_01060	NA	arginase	md:bsaf_M00029	I	182741	183652	+
Bacillus safensis	bsaf	BSL056_05540	NA	ornithine carbamoyltransferase	md:bsaf_M00029	I	1127380	1128330	+
Bacillus safensis	bsaf	BSL056_14590	NA	argininosuccinate lyase	md:bsaf_M00029	I	2828631	2830004	-
Bacillus safensis	bsaf	BSL056_14595	NA	argininosuccinate synthase	md:bsaf_M00029	I	2830001	2831212	-
Bacillus safensis	bsaf	BSL056_19525	NA	saccharopine dehydrogenase	md:bsaf_M00030	I	3771886	3772983	-
Bacillus safensis	bsaf	BSL056_02580	NA	dihydrolipoyl dehydrogenase	md:bsaf_M00032	I	532752	534131	+
Bacillus safensis	bsaf	BSL056_06040	NA	dihydrolipoyl dehydrogenase	md:bsaf_M00032	I	1213528	1214922	-
Bacillus safensis	bsaf	BSL056_06210	NA	dihydrolipoyl dehydrogenase	md:bsaf_M00032	I	1245945	1247327	+
Bacillus safensis	bsaf	BSL056_07050	NA	dihydrolipoyl dehydrogenase	md:bsaf_M00032	I	1410311	1411723	+
Bacillus safensis	bsaf	BSL056_10495	NA	dihydrolipoamide succinyltransferase	md:bsaf_M00032	I	2063512	2064768	-
Bacillus safensis	bsaf	BSL056_11915	NA	dihydrolipoyl dehydrogenase	md:bsaf_M00032	I	2312445	2313869	-
Bacillus safensis	bsaf	BSL056_02090	NA	aspartate kinase	md:bsaf_M00033	I	434535	435911	-
Bacillus safensis	bsaf	BSL056_05395	NA	diaminobutyrate--2-oxoglutarate transaminase	md:bsaf_M00033	I	1092577	1093923	+
Bacillus safensis	bsaf	BSL056_08195	NA	aspartate-semialdehyde dehydrogenase	md:bsaf_M00033	I	1633753	1634772	+
Bacillus safensis	bsaf	BSL056_08200	NA	aspartate kinase	md:bsaf_M00033	I	1634865	1636079	+
Bacillus safensis	bsaf	BSL056_14240	NA	aspartate kinase	md:bsaf_M00033	I	2754102	2755337	-
Bacillus safensis	bsaf	BSL056_06525	mtnA	S-methyl-5-thioribose-1-phosphate isomerase	md:bsaf_M00034	I	1306901	1307962	-
Bacillus safensis	bsaf	BSL056_06530	NA	S-methyl-5-thioribose kinase	md:bsaf_M00034	I	1307969	1309162	-
Bacillus safensis	bsaf	BSL056_06535	NA	LL-diaminopimelate aminotransferase	md:bsaf_M00034	I	1309565	1310755	+
Bacillus safensis	bsaf	BSL056_06540	NA	2,3-diketo-5-methylthiopentyl-1-phosphate enolase	md:bsaf_M00034	I	1311004	1312224	+
Bacillus safensis	bsaf	BSL056_06545	NA	2-hydroxy-3-keto-5-methylthiopentenyl-1-phosphate phosphatase	md:bsaf_M00034	I	1312224	1312919	+
Bacillus safensis	bsaf	BSL056_06550	NA	methylthioribulose-1-phosphate dehydratase	md:bsaf_M00034	I	1312883	1313521	+
Bacillus safensis	bsaf	BSL056_06555	NA	acireductone dioxygenase	md:bsaf_M00034	I	1313538	1314068	+
Bacillus safensis	bsaf	BSL056_07470	NA	laccase	md:bsaf_M00034	I	1489920	1490783	+
Bacillus safensis	bsaf	BSL056_12975	NA	5'-methylthioadenosine/S-adenosylhomocysteine nucleosidase	md:bsaf_M00034	I	2500473	2501168	-
Bacillus safensis	bsaf	BSL056_14440	NA	S-adenosylmethionine decarboxylase proenzyme	md:bsaf_M00034	I	2795915	2796295	-
Bacillus safensis	bsaf	BSL056_15140	NA	methionine adenosyltransferase	md:bsaf_M00034	I	2939640	2940842	-
Bacillus safensis	bsaf	BSL056_18550	NA	spermidine synthase	md:bsaf_M00034	I	3585878	3586708	-
Bacillus safensis	bsaf	BSL056_15140	NA	methionine adenosyltransferase	md:bsaf_M00035	I	2939640	2940842	-
Bacillus safensis	bsaf	BSL056_02580	NA	dihydrolipoyl dehydrogenase	md:bsaf_M00036	I	532752	534131	+
Bacillus safensis	bsaf	BSL056_06040	NA	dihydrolipoyl dehydrogenase	md:bsaf_M00036	I	1213528	1214922	-
Bacillus safensis	bsaf	BSL056_06210	NA	dihydrolipoyl dehydrogenase	md:bsaf_M00036	I	1245945	1247327	+
Bacillus safensis	bsaf	BSL056_07050	NA	dihydrolipoyl dehydrogenase	md:bsaf_M00036	I	1410311	1411723	+
Bacillus safensis	bsaf	BSL056_10065	NA	hydroxymethylglutaryl-CoA lyase	md:bsaf_M00036	I	1963462	1964358	-
Bacillus safensis	bsaf	BSL056_11900	NA	branched-chain alpha-keto acid dehydrogenase subunit E2	md:bsaf_M00036	I	2309163	2310419	-
Bacillus safensis	bsaf	BSL056_11905	NA	alpha-ketoacid dehydrogenase subunit beta	md:bsaf_M00036	I	2310439	2311422	-
Bacillus safensis	bsaf	BSL056_11910	NA	2-oxoisovalerate dehydrogenase	md:bsaf_M00036	I	2311435	2312427	-
Bacillus safensis	bsaf	BSL056_11915	NA	dihydrolipoyl dehydrogenase	md:bsaf_M00036	I	2312445	2313869	-
Bacillus safensis	bsaf	BSL056_13800	NA	branched-chain-amino-acid transaminase	md:bsaf_M00036	I	2683474	2684388	-
Bacillus safensis	bsaf	BSL056_19090	NA	branched chain amino acid aminotransferase	md:bsaf_M00036	I	3686032	3687123	+
Bacillus safensis	bsaf	BSL056_03155	NA	5-(carboxyamino)imidazole ribonucleotide mutase	md:bsaf_M00048	I	628471	628959	+
Bacillus safensis	bsaf	BSL056_03160	NA	5-(carboxyamino)imidazole ribonucleotide synthase	md:bsaf_M00048	I	628952	630094	+
Bacillus safensis	bsaf	BSL056_03165	NA	adenylosuccinate lyase	md:bsaf_M00048	I	630091	631386	+
Bacillus safensis	bsaf	BSL056_03170	NA	phosphoribosylaminoimidazolesuccinocarboxamide synthase	md:bsaf_M00048	I	631459	632181	+
Bacillus safensis	bsaf	BSL056_03175	NA	phosphoribosylformylglycinamidine synthase subunit PurS	md:bsaf_M00048	I	632174	632428	+
Bacillus safensis	bsaf	BSL056_03180	NA	phosphoribosylformylglycinamidine synthase I	md:bsaf_M00048	I	632425	633108	+
Bacillus safensis	bsaf	BSL056_03185	NA	phosphoribosylformylglycinamidine synthase II	md:bsaf_M00048	I	633092	635323	+
Bacillus safensis	bsaf	BSL056_03190	NA	amidophosphoribosyltransferase	md:bsaf_M00048	I	635299	636729	+
Bacillus safensis	bsaf	BSL056_03195	NA	phosphoribosylformylglycinamidine cyclo-ligase	md:bsaf_M00048	I	636826	637866	+
Bacillus safensis	bsaf	BSL056_03200	NA	phosphoribosylglycinamide formyltransferase	md:bsaf_M00048	I	637863	638432	+
Bacillus safensis	bsaf	BSL056_03205	NA	bifunctional phosphoribosylaminoimidazolecarboxamide formyltransferase/IMP cyclohydrolase	md:bsaf_M00048	I	638448	639986	+
Bacillus safensis	bsaf	BSL056_03210	NA	phosphoribosylamine--glycine ligase	md:bsaf_M00048	I	639999	641273	+
Bacillus safensis	bsaf	BSL056_00845	NA	adenylate kinase	md:bsaf_M00049	I	149448	150101	+
Bacillus safensis	bsaf	BSL056_03165	NA	adenylosuccinate lyase	md:bsaf_M00049	I	630091	631386	+
Bacillus safensis	bsaf	BSL056_11205	NA	nucleoside-diphosphate kinase	md:bsaf_M00049	I	2190473	2190919	-
Bacillus safensis	bsaf	BSL056_20040	NA	adenylosuccinate synthase	md:bsaf_M00049	I	3878027	3879316	-
Bacillus safensis	bsaf	BSL056_00070	NA	IMP dehydrogenase	md:bsaf_M00050	I	15723	17189	+
Bacillus safensis	bsaf	BSL056_03045	NA	glutamine-hydrolyzing GMP synthase	md:bsaf_M00050	I	607442	608983	+
Bacillus safensis	bsaf	BSL056_07630	NA	guanylate kinase	md:bsaf_M00050	I	1522687	1523301	+
Bacillus safensis	bsaf	BSL056_09000	NA	hypothetical protein	md:bsaf_M00050	I	1783655	1784191	+
Bacillus safensis	bsaf	BSL056_11205	NA	nucleoside-diphosphate kinase	md:bsaf_M00050	I	2190473	2190919	-
Bacillus safensis	bsaf	BSL056_05530	NA	carbamoyl phosphate synthase small subunit	md:bsaf_M00051	I	1123249	1124310	+
Bacillus safensis	bsaf	BSL056_05535	NA	carbamoyl phosphate synthase large subunit	md:bsaf_M00051	I	1124303	1127383	+
Bacillus safensis	bsaf	BSL056_07530	NA	aspartate carbamoyltransferase	md:bsaf_M00051	I	1501036	1501959	+
Bacillus safensis	bsaf	BSL056_07535	NA	dihydroorotase	md:bsaf_M00051	I	1501943	1503229	+
Bacillus safensis	bsaf	BSL056_07540	NA	carbamoyl phosphate synthase small subunit	md:bsaf_M00051	I	1503226	1504320	+
Bacillus safensis	bsaf	BSL056_07545	NA	carbamoyl phosphate synthase large subunit	md:bsaf_M00051	I	1504305	1507520	+
Bacillus safensis	bsaf	BSL056_07555	NA	dihydroorotate dehydrogenase B catalytic subunit	md:bsaf_M00051	I	1508287	1509219	+
Bacillus safensis	bsaf	BSL056_07560	NA	orotidine 5'-phosphate decarboxylase	md:bsaf_M00051	I	1509191	1509895	+
Bacillus safensis	bsaf	BSL056_07565	NA	orotate phosphoribosyltransferase	md:bsaf_M00051	I	1509903	1510541	+
Bacillus safensis	bsaf	BSL056_08045	NA	UMP kinase	md:bsaf_M00052	I	1599878	1600600	+
Bacillus safensis	bsaf	BSL056_11205	NA	nucleoside-diphosphate kinase	md:bsaf_M00052	I	2190473	2190919	-
Bacillus safensis	bsaf	BSL056_18450	NA	CTP synthase	md:bsaf_M00052	I	3564173	3565780	-
Bacillus safensis	bsaf	BSL056_08465	NA	ribonucleotide-diphosphate reductase subunit alpha	md:bsaf_M00053	I	1692003	1694105	+
Bacillus safensis	bsaf	BSL056_08470	NA	class 1b ribonucleoside-diphosphate reductase subunit beta	md:bsaf_M00053	I	1694123	1695103	+
Bacillus safensis	bsaf	BSL056_09145	NA	ribonucleotide-diphosphate reductase subunit alpha	md:bsaf_M00053	I	1805009	1805686	+
Bacillus safensis	bsaf	BSL056_09155	NA	hypothetical protein	md:bsaf_M00053	I	1806620	1809157	+
Bacillus safensis	bsaf	BSL056_09165	NA	class 1b ribonucleoside-diphosphate reductase subunit beta	md:bsaf_M00053	I	1809674	1810675	+
Bacillus safensis	bsaf	BSL056_11205	NA	nucleoside-diphosphate kinase	md:bsaf_M00053	I	2190473	2190919	-
Bacillus safensis	bsaf	BSL056_02005	NA	mannonate dehydratase	md:bsaf_M00061	I	414587	415684	-
Bacillus safensis	bsaf	BSL056_02025	NA	glucuronate isomerase	md:bsaf_M00061	I	419162	420613	+
Bacillus safensis	bsaf	BSL056_16730	NA	glucuronate isomerase	md:bsaf_M00061	I	3216958	3218394	-
Bacillus safensis	bsaf	BSL056_17925	NA	2-dehydro-3-deoxyphosphogluconate aldolase	md:bsaf_M00061	I	3461675	3462274	-
Bacillus safensis	bsaf	BSL056_17930	NA	2-dehydro-3-deoxygluconokinase	md:bsaf_M00061	I	3462246	3463262	-
Bacillus safensis	bsaf	BSL056_10200	NA	pectin esterase	md:bsaf_M00081	I	1997069	1998043	-
Bacillus safensis	bsaf	BSL056_05585	NA	3-oxoacyl-ACP synthase	md:bsaf_M00082	I	1133628	1134566	+
Bacillus safensis	bsaf	BSL056_05930	NA	acetyl-CoA carboxylase carboxyltransferase subunit alpha	md:bsaf_M00082	I	1193304	1194245	-
Bacillus safensis	bsaf	BSL056_07740	NA	[acyl-carrier-protein] S-malonyltransferase	md:bsaf_M00082	I	1544315	1545259	+
Bacillus safensis	bsaf	BSL056_10070	NA	acetyl-CoA carboxylase biotin carboxyl carrier protein subunit	md:bsaf_M00082	I	1964370	1964585	-
Bacillus safensis	bsaf	BSL056_10075	NA	biotin carboxylase	md:bsaf_M00082	I	1964582	1965931	-
Bacillus safensis	bsaf	BSL056_12020	NA	acetyl-CoA carboxylase biotin carboxylase subunit	md:bsaf_M00082	I	2334476	2335825	-
Bacillus safensis	bsaf	BSL056_12025	NA	acetyl-CoA carboxylase, biotin carboxyl carrier protein	md:bsaf_M00082	I	2335837	2336319	-
Bacillus safensis	bsaf	BSL056_14520	NA	acetyl-CoA carboxylase carboxyltransferase subunit alpha	md:bsaf_M00082	I	2814732	2815709	-
Bacillus safensis	bsaf	BSL056_14525	NA	acetyl-CoA carboxylase subunit beta	md:bsaf_M00082	I	2815694	2816569	-
Bacillus safensis	bsaf	BSL056_01200	NA	beta-ketoacyl-[acyl-carrier-protein] synthase II	md:bsaf_M00083	I	211589	212821	-
Bacillus safensis	bsaf	BSL056_04215	NA	enoyl-[acyl-carrier-protein] reductase	md:bsaf_M00083	I	874074	874826	+
Bacillus safensis	bsaf	BSL056_05590	NA	beta-ketoacyl-[acyl-carrier-protein] synthase II	md:bsaf_M00083	I	1134588	1135829	+
Bacillus safensis	bsaf	BSL056_05785	NA	enoyl-[acyl-carrier-protein] reductase	md:bsaf_M00083	I	1174267	1175043	+
Bacillus safensis	bsaf	BSL056_06215	NA	short-chain dehydrogenase	md:bsaf_M00083	I	1247359	1248054	+
Bacillus safensis	bsaf	BSL056_06220	NA	short-chain dehydrogenase	md:bsaf_M00083	I	1248032	1248817	+
Bacillus safensis	bsaf	BSL056_06695	NA	3-oxoacyl-ACP reductase	md:bsaf_M00083	I	1342618	1343403	+
Bacillus safensis	bsaf	BSL056_07745	NA	3-oxoacyl-[acyl-carrier-protein] reductase	md:bsaf_M00083	I	1545259	1546002	+
Bacillus safensis	bsaf	BSL056_08265	fabG	3-oxoacyl-ACP reductase	md:bsaf_M00083	I	1654503	1655231	+
Bacillus safensis	bsaf	BSL056_14575	fabG	3-oxoacyl-ACP reductase	md:bsaf_M00083	I	2826556	2827311	-
Bacillus safensis	bsaf	BSL056_16650	NA	3-ketoacyl-ACP reductase	md:bsaf_M00083	I	3197483	3198229	+
Bacillus safensis	bsaf	BSL056_18125	NA	3-hydroxyacyl-[acyl-carrier-protein] dehydratase FabZ	md:bsaf_M00083	I	3505711	3506145	-
Bacillus safensis	bsaf	BSL056_01475	NA	long-chain fatty acid--CoA ligase	md:bsaf_M00086	I	262795	264303	+
Bacillus safensis	bsaf	BSL056_05135	NA	long-chain fatty acid--CoA ligase	md:bsaf_M00086	I	1041794	1043347	+
Bacillus safensis	bsaf	BSL056_13045	NA	acyl-CoA synthetase	md:bsaf_M00086	I	2512428	2513852	-
Bacillus safensis	bsaf	BSL056_14280	NA	long-chain fatty acid--CoA ligase	md:bsaf_M00086	I	2763122	2764840	-
Bacillus safensis	bsaf	BSL056_14270	NA	enoyl-CoA hydratase	md:bsaf_M00087	I	2761563	2762342	-
Bacillus safensis	bsaf	BSL056_16510	NA	acetyl-CoA acetyltransferase	md:bsaf_M00087	I	3173208	3174383	-
Bacillus safensis	bsaf	BSL056_16515	NA	3-hydroxyacyl-CoA dehydrogenase	md:bsaf_M00087	I	3174396	3176783	-
Bacillus safensis	bsaf	BSL056_10065	NA	hydroxymethylglutaryl-CoA lyase	md:bsaf_M00088	I	1963462	1964358	-
Bacillus safensis	bsaf	BSL056_13040	NA	acetyl-CoA acetyltransferase	md:bsaf_M00088	I	2511352	2512440	-
Bacillus safensis	bsaf	BSL056_04785	NA	1-acyl-sn-glycerol-3-phosphate acyltransferase	md:bsaf_M00089	I	978006	978608	+
Bacillus safensis	bsaf	BSL056_10755	NA	1-acyl-sn-glycerol-3-phosphate acyltransferase	md:bsaf_M00089	I	2106769	2107392	-
Bacillus safensis	bsaf	BSL056_08060	NA	phosphatidate cytidylyltransferase	md:bsaf_M00093	I	1602085	1602879	+
Bacillus safensis	bsaf	BSL056_11295	NA	type 2 isopentenyl-diphosphate Delta-isomerase	md:bsaf_M00095	I	2202866	2203921	-
Bacillus safensis	bsaf	BSL056_13040	NA	acetyl-CoA acetyltransferase	md:bsaf_M00095	I	2511352	2512440	-
Bacillus safensis	bsaf	BSL056_00305	NA	4-(cytidine 5'-diphospho)-2-C-methyl-D-erythritol kinase	md:bsaf_M00096	I	56067	56936	+
Bacillus safensis	bsaf	BSL056_00610	NA	2-C-methyl-D-erythritol 4-phosphate cytidylyltransferase	md:bsaf_M00096	I	113300	113989	+
Bacillus safensis	bsaf	BSL056_00615	NA	2-C-methyl-D-erythritol 2,4-cyclodiphosphate synthase	md:bsaf_M00096	I	113993	114469	+
Bacillus safensis	bsaf	BSL056_08065	NA	1-deoxy-D-xylulose-5-phosphate reductoisomerase	md:bsaf_M00096	I	1602919	1604070	+
Bacillus safensis	bsaf	BSL056_11295	NA	type 2 isopentenyl-diphosphate Delta-isomerase	md:bsaf_M00096	I	2202866	2203921	-
Bacillus safensis	bsaf	BSL056_11985	NA	1-deoxy-D-xylulose-5-phosphate synthase	md:bsaf_M00096	I	2327967	2329868	-
Bacillus safensis	bsaf	BSL056_12375	NA	4-hydroxy-3-methylbut-2-en-1-yl diphosphate synthase	md:bsaf_M00096	I	2389949	2391064	+
Bacillus safensis	bsaf	BSL056_12435	NA	4-hydroxy-3-methylbut-2-enyl diphosphate reductase	md:bsaf_M00096	I	2400029	2400973	+
Bacillus safensis	bsaf	BSL056_14775	NA	esterase	md:bsaf_M00098	I	2867543	2868190	-
Bacillus safensis	bsaf	BSL056_17885	NA	mannose-6-phosphate isomerase	md:bsaf_M00114	I	3452864	3453814	-
Bacillus safensis	bsaf	BSL056_01740	NA	NAD(+) synthase	md:bsaf_M00115	I	319898	320719	+
Bacillus safensis	bsaf	BSL056_12680	NA	nicotinic acid mononucleotide adenylyltransferase	md:bsaf_M00115	I	2447757	2448326	-
Bacillus safensis	bsaf	BSL056_13290	NA	quinolinate synthetase	md:bsaf_M00115	I	2561799	2562908	-
Bacillus safensis	bsaf	BSL056_13295	NA	nicotinate-nucleotide diphosphorylase (carboxylating)	md:bsaf_M00115	I	2562895	2563758	-
Bacillus safensis	bsaf	BSL056_13300	NA	L-aspartate oxidase	md:bsaf_M00115	I	2563740	2565314	-
Bacillus safensis	bsaf	BSL056_11215	NA	bifunctional demethylmenaquinone methyltransferase/2-methoxy-6-polyprenyl-1,4-benzoquinol methylase	md:bsaf_M00116	I	2192036	2192740	-
Bacillus safensis	bsaf	BSL056_15285	NA	o-succinylbenzoate synthase	md:bsaf_M00116	I	2961661	2962785	-
Bacillus safensis	bsaf	BSL056_15290	NA	o-succinylbenzoate--CoA ligase	md:bsaf_M00116	I	2962772	2964232	-
Bacillus safensis	bsaf	BSL056_15295	NA	1,4-dihydroxy-2-naphthoyl-CoA synthase	md:bsaf_M00116	I	2964304	2965122	-
Bacillus safensis	bsaf	BSL056_15300	NA	2-succinyl-6-hydroxy-2,4-cyclohexadiene-1-carboxylate synthase	md:bsaf_M00116	I	2965143	2965964	-
Bacillus safensis	bsaf	BSL056_15305	NA	2-succinyl-5-enolpyruvyl-6-hydroxy-3-cyclohexene-1-carboxylic-acid synthase	md:bsaf_M00116	I	2965946	2967691	-
Bacillus safensis	bsaf	BSL056_15310	NA	isochorismate synthase	md:bsaf_M00116	I	2967684	2969102	-
Bacillus safensis	bsaf	BSL056_15315	NA	1,4-dihydroxy-2-naphthoate octaprenyltransferase	md:bsaf_M00116	I	2969483	2970421	+
Bacillus safensis	bsaf	BSL056_16005	NA	esterase	md:bsaf_M00116	I	3076517	3076906	-
Bacillus safensis	bsaf	BSL056_11215	NA	bifunctional demethylmenaquinone methyltransferase/2-methoxy-6-polyprenyl-1,4-benzoquinol methylase	md:bsaf_M00117	I	2192036	2192740	-
Bacillus safensis	bsaf	BSL056_07310	NA	2-dehydropantoate 2-reductase	md:bsaf_M00119	I	1454355	1455254	+
Bacillus safensis	bsaf	BSL056_11045	NA	aspartate 1-decarboxylase	md:bsaf_M00119	I	2161768	2162151	-
Bacillus safensis	bsaf	BSL056_11050	NA	pantoate--beta-alanine ligase	md:bsaf_M00119	I	2162144	2163010	-
Bacillus safensis	bsaf	BSL056_11055	NA	3-methyl-2-oxobutanoate hydroxymethyltransferase	md:bsaf_M00119	I	2163007	2163846	-
Bacillus safensis	bsaf	BSL056_13800	NA	branched-chain-amino-acid transaminase	md:bsaf_M00119	I	2683474	2684388	-
Bacillus safensis	bsaf	BSL056_19090	NA	branched chain amino acid aminotransferase	md:bsaf_M00119	I	3686032	3687123	+
Bacillus safensis	bsaf	BSL056_00435	NA	pantothenate kinase	md:bsaf_M00120	I	81815	82591	+
Bacillus safensis	bsaf	BSL056_07260	NA	pantetheine-phosphate adenylyltransferase	md:bsaf_M00120	I	1446872	1447354	+
Bacillus safensis	bsaf	BSL056_07640	NA	bifunctional 4'-phosphopantothenoylcysteine decarboxylase/phosphopantothenoylcysteine synthetase	md:bsaf_M00120	I	1523626	1524843	+
Bacillus safensis	bsaf	BSL056_11715	NA	type I pantothenate kinase	md:bsaf_M00120	I	2273745	2274704	-
Bacillus safensis	bsaf	BSL056_14450	NA	dephospho-CoA kinase	md:bsaf_M00120	I	2797726	2798331	-
Bacillus safensis	bsaf	BSL056_04270	NA	aspartate aminotransferase family protein	md:bsaf_M00121	I	885172	886467	-
Bacillus safensis	bsaf	BSL056_04915	NA	coproporphyrinogen III oxidase	md:bsaf_M00121	I	1003367	1004866	+
Bacillus safensis	bsaf	BSL056_05085	NA	uroporphyrinogen decarboxylase	md:bsaf_M00121	I	1030146	1031204	+
Bacillus safensis	bsaf	BSL056_05090	NA	ferrochelatase	md:bsaf_M00121	I	1031237	1032175	+
Bacillus safensis	bsaf	BSL056_05095	NA	protoporphyrinogen oxidase	md:bsaf_M00121	I	1032198	1033610	+
Bacillus safensis	bsaf	BSL056_10165	NA	uroporphyrinogen-III synthase	md:bsaf_M00121	I	1984130	1984951	-
Bacillus safensis	bsaf	BSL056_13700	NA	glutamate-1-semialdehyde-2,1-aminomutase	md:bsaf_M00121	I	2658849	2660141	-
Bacillus safensis	bsaf	BSL056_13705	NA	delta-aminolevulinic acid dehydratase	md:bsaf_M00121	I	2660169	2661137	-
Bacillus safensis	bsaf	BSL056_13710	NA	uroporphyrinogen-III synthase	md:bsaf_M00121	I	2661137	2661928	-
Bacillus safensis	bsaf	BSL056_13715	NA	hydroxymethylbilane synthase	md:bsaf_M00121	I	2661925	2662857	-
Bacillus safensis	bsaf	BSL056_13725	NA	glutamyl-tRNA reductase	md:bsaf_M00121	I	2663733	2665100	-
Bacillus safensis	bsaf	BSL056_16645	NA	ATP:cob(I)alamin adenosyltransferase	md:bsaf_M00122	I	3196724	3197293	-
Bacillus safensis	bsaf	BSL056_15735	NA	biotin synthase BioB	md:bsaf_M00123	I	3022789	3023784	+
Bacillus safensis	bsaf	BSL056_05030	NA	phosphoserine transaminase	md:bsaf_M00124	I	1020291	1021370	-
Bacillus safensis	bsaf	BSL056_02200	NA	phosphoglycolate phosphatase, TA0175-type	md:bsaf_M00125	I	457036	457791	+
Bacillus safensis	bsaf	BSL056_03655	NA	GTP cyclohydrolase	md:bsaf_M00125	I	762365	763090	+
Bacillus safensis	bsaf	BSL056_03675	NA	riboflavin biosynthesis protein RibD	md:bsaf_M00125	I	765972	767054	+
Bacillus safensis	bsaf	BSL056_05485	NA	phosphatase	md:bsaf_M00125	I	1114618	1115430	-
Bacillus safensis	bsaf	BSL056_08150	NA	riboflavin biosynthesis protein RibF	md:bsaf_M00125	I	1624643	1625608	+
Bacillus safensis	bsaf	BSL056_11485	NA	6,7-dimethyl-8-ribityllumazine synthase	md:bsaf_M00125	I	2237711	2238175	-
Bacillus safensis	bsaf	BSL056_11495	NA	riboflavin synthase subunit alpha	md:bsaf_M00125	I	2238840	2239490	-
Bacillus safensis	bsaf	BSL056_17980	NA	hypothetical protein	md:bsaf_M00125	I	3474319	3475221	+
Bacillus safensis	bsaf	BSL056_19260	NA	GTP cyclohydrolase	md:bsaf_M00125	I	3718268	3719029	+
Bacillus safensis	bsaf	BSL056_19265	NA	riboflavin biosynthesis protein RibD	md:bsaf_M00125	I	3719016	3720107	+
Bacillus safensis	bsaf	BSL056_00470	NA	dihydropteroate synthase	md:bsaf_M00126	I	88441	89298	+
Bacillus safensis	bsaf	BSL056_00475	NA	dihydroneopterin aldolase	md:bsaf_M00126	I	89291	89653	+
Bacillus safensis	bsaf	BSL056_00480	NA	2-amino-4-hydroxy-6-hydroxymethyldihydropteridine diphosphokinase	md:bsaf_M00126	I	89650	90153	+
Bacillus safensis	bsaf	BSL056_03605	NA	GTP cyclohydrolase	md:bsaf_M00126	I	752752	753648	-
Bacillus safensis	bsaf	BSL056_04755	NA	alkaline phosphatase	md:bsaf_M00126	I	971352	972713	-
Bacillus safensis	bsaf	BSL056_10760	NA	dihydrofolate reductase	md:bsaf_M00126	I	2107412	2107897	-
Bacillus safensis	bsaf	BSL056_11230	NA	GTP cyclohydrolase I FolE	md:bsaf_M00126	I	2193881	2194450	-
Bacillus safensis	bsaf	BSL056_13675	NA	bifunctional folylpolyglutamate synthase/dihydrofolate synthase	md:bsaf_M00126	I	2651607	2652911	-
Bacillus safensis	bsaf	BSL056_02885	NA	thiamine-phosphate kinase	md:bsaf_M00127	I	578754	579731	+
Bacillus safensis	bsaf	BSL056_05765	NA	thiamine biosynthesis protein ThiS	md:bsaf_M00127	I	1171308	1171511	+
Bacillus safensis	bsaf	BSL056_05770	NA	thiazole synthase	md:bsaf_M00127	I	1171516	1172283	+
Bacillus safensis	bsaf	BSL056_05775	NA	thiamine biosynthesis protein MoeB	md:bsaf_M00127	I	1172280	1173293	+
Bacillus safensis	bsaf	BSL056_05780	NA	bifunctional hydroxymethylpyrimidine kinase/phosphomethylpyrimidine kinase	md:bsaf_M00127	I	1173310	1174116	+
Bacillus safensis	bsaf	BSL056_13270	NA	phosphomethylpyrimidine synthase ThiC	md:bsaf_M00127	I	2556738	2558498	-
Bacillus safensis	bsaf	BSL056_14710	NA	tRNA 4-thiouridine(8) synthase ThiI	md:bsaf_M00127	I	2854222	2855427	-
Bacillus safensis	bsaf	BSL056_19010	NA	thiamine-phosphate diphosphorylase	md:bsaf_M00127	I	3670012	3670680	-
Bacillus safensis	bsaf	BSL056_10155	NA	UTP--glucose-1-phosphate uridylyltransferase	md:bsaf_M00129	I	1982554	1983435	+
Bacillus safensis	bsaf	BSL056_17775	NA	UDP-glucose 6-dehydrogenase	md:bsaf_M00129	I	3423418	3424755	-
Bacillus safensis	bsaf	BSL056_17830	NA	UTP--glucose-1-phosphate uridylyltransferase	md:bsaf_M00129	I	3437208	3438089	+
Bacillus safensis	bsaf	BSL056_18085	NA	UDP-glucose 6-dehydrogenase	md:bsaf_M00129	I	3495860	3497179	-
Bacillus safensis	bsaf	BSL056_07090	NA	inositol monophosphatase	md:bsaf_M00131	I	1415908	1416714	+
Bacillus safensis	bsaf	BSL056_07070	NA	arginine decarboxylase	md:bsaf_M00133	I	1412710	1414200	-
Bacillus safensis	bsaf	BSL056_14440	NA	S-adenosylmethionine decarboxylase proenzyme	md:bsaf_M00133	I	2795915	2796295	-
Bacillus safensis	bsaf	BSL056_18545	NA	agmatinase	md:bsaf_M00133	I	3584936	3585808	-
Bacillus safensis	bsaf	BSL056_18550	NA	spermidine synthase	md:bsaf_M00133	I	3585878	3586708	-
Bacillus safensis	bsaf	BSL056_01060	NA	arginase	md:bsaf_M00134	I	182741	183652	+
Bacillus safensis	bsaf	BSL056_02755	NA	GNAT family N-acetyltransferase	md:bsaf_M00135	I	559303	559842	-
Bacillus safensis	bsaf	BSL056_10030	NA	aldehyde dehydrogenase family protein	md:bsaf_M00135	I	1953407	1954834	+
Bacillus safensis	bsaf	BSL056_10470	NA	betaine-aldehyde dehydrogenase	md:bsaf_M00135	I	2057904	2059388	+
Bacillus safensis	bsaf	BSL056_18825	NA	aldehyde dehydrogenase family protein	md:bsaf_M00135	I	3633625	3634983	+
Bacillus safensis	bsaf	BSL056_10810	NA	formate--tetrahydrofolate ligase	md:bsaf_M00140	I	2115959	2117641	-
Bacillus safensis	bsaf	BSL056_12005	NA	bifunctional methylenetetrahydrofolate dehydrogenase/methenyltetrahydrofolate cyclohydrolase	md:bsaf_M00140	I	2332574	2333425	-
Bacillus safensis	bsaf	BSL056_18335	NA	serine hydroxymethyltransferase	md:bsaf_M00140	I	3543476	3544723	-
Bacillus safensis	bsaf	BSL056_14220	NA	succinate dehydrogenase iron-sulfur subunit	md:bsaf_M00149	I	2750048	2750812	-
Bacillus safensis	bsaf	BSL056_14225	NA	succinate dehydrogenase flavoprotein subunit	md:bsaf_M00149	I	2750814	2752574	-
Bacillus safensis	bsaf	BSL056_14230	NA	succinate dehydrogenase	md:bsaf_M00149	I	2752612	2753220	-
Bacillus safensis	bsaf	BSL056_11110	NA	cytochrome C oxidase Cbb3	md:bsaf_M00151	I	2172220	2172987	-
Bacillus safensis	bsaf	BSL056_11115	NA	cytochrome b6	md:bsaf_M00151	I	2173029	2173703	-
Bacillus safensis	bsaf	BSL056_11120	NA	menaquinol-cytochrome C reductase	md:bsaf_M00151	I	2173706	2174212	-
Bacillus safensis	bsaf	BSL056_15265	NA	cytochrome ubiquinol oxidase subunit I	md:bsaf_M00153	I	2958710	2960041	+
Bacillus safensis	bsaf	BSL056_15270	NA	hypothetical protein	md:bsaf_M00153	I	2960058	2961110	+
Bacillus safensis	bsaf	BSL056_19185	NA	cytochrome d ubiquinol oxidase subunit II	md:bsaf_M00153	I	3704205	3705221	-
Bacillus safensis	bsaf	BSL056_19190	NA	cytochrome ubiquinol oxidase subunit I	md:bsaf_M00153	I	3705208	3706623	-
Bacillus safensis	bsaf	BSL056_07180	NA	heme A synthase	md:bsaf_M00154	I	1434205	1435128	-
Bacillus safensis	bsaf	BSL056_07185	NA	protoheme IX farnesyltransferase	md:bsaf_M00154	I	1435522	1436439	+
Bacillus safensis	bsaf	BSL056_12865	NA	protoheme IX farnesyltransferase	md:bsaf_M00154	I	2479277	2480173	+
Bacillus safensis	bsaf	BSL056_07190	NA	cytochrome c oxidase subunit II	md:bsaf_M00155	I	1436719	1437786	+
Bacillus safensis	bsaf	BSL056_07195	NA	cytochrome c oxidase subunit I	md:bsaf_M00155	I	1437962	1439833	+
Bacillus safensis	bsaf	BSL056_07200	NA	cytochrome (ubi)quinol oxidase subunit III	md:bsaf_M00155	I	1439833	1440453	+
Bacillus safensis	bsaf	BSL056_07205	NA	cytochrome c oxidase subunit IVB	md:bsaf_M00155	I	1440456	1440785	+
Bacillus safensis	bsaf	BSL056_18285	NA	F0F1 ATP synthase subunit epsilon	md:bsaf_M00157	I	3535285	3535680	-
Bacillus safensis	bsaf	BSL056_18290	NA	F0F1 ATP synthase subunit beta	md:bsaf_M00157	I	3535705	3537126	-
Bacillus safensis	bsaf	BSL056_18295	NA	F0F1 ATP synthase subunit gamma	md:bsaf_M00157	I	3537151	3538017	-
Bacillus safensis	bsaf	BSL056_18300	NA	F0F1 ATP synthase subunit alpha	md:bsaf_M00157	I	3538106	3539614	-
Bacillus safensis	bsaf	BSL056_18305	NA	F0F1 ATP synthase subunit delta	md:bsaf_M00157	I	3539631	3540176	-
Bacillus safensis	bsaf	BSL056_18310	NA	ATP synthase F0 subunit B	md:bsaf_M00157	I	3540173	3540694	-
Bacillus safensis	bsaf	BSL056_18315	NA	F0F1 ATP synthase subunit C	md:bsaf_M00157	I	3540815	3541027	-
Bacillus safensis	bsaf	BSL056_18320	NA	F0F1 ATP synthase subunit A	md:bsaf_M00157	I	3541076	3541810	-
Bacillus safensis	bsaf	BSL056_09585	NA	transketolase	md:bsaf_M00165	I	1870067	1872070	+
Bacillus safensis	bsaf	BSL056_12745	NA	transketolase	md:bsaf_M00165	I	2459150	2460115	-
Bacillus safensis	bsaf	BSL056_12750	NA	transketolase	md:bsaf_M00165	I	2460112	2460966	-
Bacillus safensis	bsaf	BSL056_14445	NA	type I glyceraldehyde-3-phosphate dehydrogenase	md:bsaf_M00165	I	2796531	2797553	-
Bacillus safensis	bsaf	BSL056_17055	NA	phosphoglycerate kinase	md:bsaf_M00165	I	3277877	3279061	-
Bacillus safensis	bsaf	BSL056_17060	NA	type I glyceraldehyde-3-phosphate dehydrogenase	md:bsaf_M00165	I	3279275	3280282	-
Bacillus safensis	bsaf	BSL056_18345	NA	ribose 5-phosphate isomerase B	md:bsaf_M00165	I	3545453	3545902	-
Bacillus safensis	bsaf	BSL056_18420	NA	fructose-bisphosphatase, class II	md:bsaf_M00165	I	3558726	3559691	-
Bacillus safensis	bsaf	BSL056_18435	NA	fructose-1,6-bisphosphate aldolase, class II	md:bsaf_M00165	I	3562011	3562868	-
Bacillus safensis	bsaf	BSL056_14445	NA	type I glyceraldehyde-3-phosphate dehydrogenase	md:bsaf_M00166	I	2796531	2797553	-
Bacillus safensis	bsaf	BSL056_17055	NA	phosphoglycerate kinase	md:bsaf_M00166	I	3277877	3279061	-
Bacillus safensis	bsaf	BSL056_17060	NA	type I glyceraldehyde-3-phosphate dehydrogenase	md:bsaf_M00166	I	3279275	3280282	-
Bacillus safensis	bsaf	BSL056_09585	NA	transketolase	md:bsaf_M00167	I	1870067	1872070	+
Bacillus safensis	bsaf	BSL056_12745	NA	transketolase	md:bsaf_M00167	I	2459150	2460115	-
Bacillus safensis	bsaf	BSL056_12750	NA	transketolase	md:bsaf_M00167	I	2460112	2460966	-
Bacillus safensis	bsaf	BSL056_18345	NA	ribose 5-phosphate isomerase B	md:bsaf_M00167	I	3545453	3545902	-
Bacillus safensis	bsaf	BSL056_18420	NA	fructose-bisphosphatase, class II	md:bsaf_M00167	I	3558726	3559691	-
Bacillus safensis	bsaf	BSL056_18435	NA	fructose-1,6-bisphosphate aldolase, class II	md:bsaf_M00167	I	3562011	3562868	-
Bacillus safensis	bsaf	BSL056_14480	NA	malate dehydrogenase	md:bsaf_M00168	I	2805556	2806494	-
Bacillus safensis	bsaf	BSL056_15145	NA	phosphoenolpyruvate carboxykinase (ATP)	md:bsaf_M00170	I	2941400	2942986	+
Bacillus safensis	bsaf	BSL056_07170	NA	pyruvate carboxylase	md:bsaf_M00173	I	1429183	1432629	+
Bacillus safensis	bsaf	BSL056_07830	NA	succinate--CoA ligase subunit beta	md:bsaf_M00173	I	1560602	1561762	+
Bacillus safensis	bsaf	BSL056_07835	NA	succinate--CoA ligase subunit alpha	md:bsaf_M00173	I	1561785	1562687	+
Bacillus safensis	bsaf	BSL056_09635	NA	aconitate hydratase 1	md:bsaf_M00173	I	1876692	1879421	+
Bacillus safensis	bsaf	BSL056_14220	NA	succinate dehydrogenase iron-sulfur subunit	md:bsaf_M00173	I	2750048	2750812	-
Bacillus safensis	bsaf	BSL056_14225	NA	succinate dehydrogenase flavoprotein subunit	md:bsaf_M00173	I	2750814	2752574	-
Bacillus safensis	bsaf	BSL056_14230	NA	succinate dehydrogenase	md:bsaf_M00173	I	2752612	2753220	-
Bacillus safensis	bsaf	BSL056_14480	NA	malate dehydrogenase	md:bsaf_M00173	I	2805556	2806494	-
Bacillus safensis	bsaf	BSL056_14485	NA	NADP-dependent isocitrate dehydrogenase	md:bsaf_M00173	I	2806529	2807800	-
Bacillus safensis	bsaf	BSL056_16585	NA	fumarate hydratase, class II	md:bsaf_M00173	I	3186188	3187582	-
Bacillus safensis	bsaf	BSL056_07575	NA	phosphoadenosine phosphosulfate reductase	md:bsaf_M00176	I	1511078	1511779	+
Bacillus safensis	bsaf	BSL056_07585	NA	sulfate adenylyltransferase	md:bsaf_M00176	I	1512915	1514051	+
Bacillus safensis	bsaf	BSL056_07590	NA	adenylyl-sulfate kinase	md:bsaf_M00176	I	1514066	1514659	+
Bacillus safensis	bsaf	BSL056_10040	NA	sulfite reductase [NADPH] flavoprotein, alpha-component	md:bsaf_M00176	I	1955563	1957380	+
Bacillus safensis	bsaf	BSL056_10045	NA	sulfite reductase subunit beta	md:bsaf_M00176	I	1957414	1959132	+
Bacillus safensis	bsaf	BSL056_02575	NA	branched-chain alpha-keto acid dehydrogenase subunit E2	md:bsaf_M00307	I	531602	532735	+
Bacillus safensis	bsaf	BSL056_02580	NA	dihydrolipoyl dehydrogenase	md:bsaf_M00307	I	532752	534131	+
Bacillus safensis	bsaf	BSL056_06040	NA	dihydrolipoyl dehydrogenase	md:bsaf_M00307	I	1213528	1214922	-
Bacillus safensis	bsaf	BSL056_06205	NA	branched-chain alpha-keto acid dehydrogenase subunit E2	md:bsaf_M00307	I	1244607	1245932	+
Bacillus safensis	bsaf	BSL056_06210	NA	dihydrolipoyl dehydrogenase	md:bsaf_M00307	I	1245945	1247327	+
Bacillus safensis	bsaf	BSL056_07035	NA	pyruvate dehydrogenase (acetyl-transferring) E1 component subunit alpha	md:bsaf_M00307	I	1406762	1407877	+
Bacillus safensis	bsaf	BSL056_07040	NA	alpha-ketoacid dehydrogenase subunit beta	md:bsaf_M00307	I	1407881	1408858	+
Bacillus safensis	bsaf	BSL056_07045	NA	branched-chain alpha-keto acid dehydrogenase subunit E2	md:bsaf_M00307	I	1408966	1410306	+
Bacillus safensis	bsaf	BSL056_07050	NA	dihydrolipoyl dehydrogenase	md:bsaf_M00307	I	1410311	1411723	+
Bacillus safensis	bsaf	BSL056_11915	NA	dihydrolipoyl dehydrogenase	md:bsaf_M00307	I	2312445	2313869	-
Bacillus safensis	bsaf	BSL056_14445	NA	type I glyceraldehyde-3-phosphate dehydrogenase	md:bsaf_M00308	I	2796531	2797553	-
Bacillus safensis	bsaf	BSL056_17055	NA	phosphoglycerate kinase	md:bsaf_M00308	I	3277877	3279061	-
Bacillus safensis	bsaf	BSL056_17060	NA	type I glyceraldehyde-3-phosphate dehydrogenase	md:bsaf_M00308	I	3279275	3280282	-
Bacillus safensis	bsaf	BSL056_17925	NA	2-dehydro-3-deoxyphosphogluconate aldolase	md:bsaf_M00308	I	3461675	3462274	-
Bacillus safensis	bsaf	BSL056_17930	NA	2-dehydro-3-deoxygluconokinase	md:bsaf_M00308	I	3462246	3463262	-
Bacillus safensis	bsaf	BSL056_18435	NA	fructose-1,6-bisphosphate aldolase, class II	md:bsaf_M00344	I	3562011	3562868	-
Bacillus safensis	bsaf	BSL056_12830	NA	6-phospho 3-hexuloisomerase	md:bsaf_M00345	I	2473991	2474548	-
Bacillus safensis	bsaf	BSL056_12835	NA	3-hexulose-6-phosphate synthase	md:bsaf_M00345	I	2474545	2475177	-
Bacillus safensis	bsaf	BSL056_14515	NA	6-phosphofructokinase	md:bsaf_M00345	I	2813431	2814390	-
Bacillus safensis	bsaf	BSL056_18435	NA	fructose-1,6-bisphosphate aldolase, class II	md:bsaf_M00345	I	3562011	3562868	-
Bacillus safensis	bsaf	BSL056_14480	NA	malate dehydrogenase	md:bsaf_M00346	I	2805556	2806494	-
Bacillus safensis	bsaf	BSL056_17040	NA	phosphopyruvate hydratase	md:bsaf_M00346	I	3274234	3275526	-
Bacillus safensis	bsaf	BSL056_18335	NA	serine hydroxymethyltransferase	md:bsaf_M00346	I	3543476	3544723	-
Bacillus safensis	bsaf	BSL056_10050	NA	AMP-dependent synthetase	md:bsaf_M00357	I	1959162	1961096	-
Bacillus safensis	bsaf	BSL056_14605	NA	acetate kinase	md:bsaf_M00357	I	2832007	2833191	-
Bacillus safensis	bsaf	BSL056_14700	NA	acyl--CoA ligase	md:bsaf_M00357	I	2852113	2853693	-
Bacillus safensis	bsaf	BSL056_14790	NA	acetate--CoA ligase	md:bsaf_M00357	I	2870446	2872170	-
Bacillus safensis	bsaf	BSL056_18680	NA	phosphate acetyltransferase	md:bsaf_M00357	I	3607753	3608772	-
Bacillus safensis	bsaf	BSL056_11295	NA	type 2 isopentenyl-diphosphate Delta-isomerase	md:bsaf_M00364	I	2202866	2203921	-
Bacillus safensis	bsaf	BSL056_11990	NA	farnesyl-diphosphate synthase	md:bsaf_M00364	I	2330019	2330909	-
Bacillus safensis	bsaf	BSL056_15140	NA	methionine adenosyltransferase	md:bsaf_M00368	I	2939640	2940842	-
Bacillus safensis	bsaf	BSL056_11850	NA	methylmalonyl-CoA carboxyltransferase	md:bsaf_M00373	I	2301096	2302565	-
Bacillus safensis	bsaf	BSL056_11855	NA	methylmalonyl-CoA epimerase	md:bsaf_M00373	I	2302552	2302974	-
Bacillus safensis	bsaf	BSL056_13040	NA	acetyl-CoA acetyltransferase	md:bsaf_M00373	I	2511352	2512440	-
Bacillus safensis	bsaf	BSL056_07830	NA	succinate--CoA ligase subunit beta	md:bsaf_M00374	I	1560602	1561762	+
Bacillus safensis	bsaf	BSL056_07835	NA	succinate--CoA ligase subunit alpha	md:bsaf_M00374	I	1561785	1562687	+
Bacillus safensis	bsaf	BSL056_13040	NA	acetyl-CoA acetyltransferase	md:bsaf_M00374	I	2511352	2512440	-
Bacillus safensis	bsaf	BSL056_14220	NA	succinate dehydrogenase iron-sulfur subunit	md:bsaf_M00374	I	2750048	2750812	-
Bacillus safensis	bsaf	BSL056_14225	NA	succinate dehydrogenase flavoprotein subunit	md:bsaf_M00374	I	2750814	2752574	-
Bacillus safensis	bsaf	BSL056_14230	NA	succinate dehydrogenase	md:bsaf_M00374	I	2752612	2753220	-
Bacillus safensis	bsaf	BSL056_14480	NA	malate dehydrogenase	md:bsaf_M00374	I	2805556	2806494	-
Bacillus safensis	bsaf	BSL056_11855	NA	methylmalonyl-CoA epimerase	md:bsaf_M00375	I	2302552	2302974	-
Bacillus safensis	bsaf	BSL056_13040	NA	acetyl-CoA acetyltransferase	md:bsaf_M00375	I	2511352	2512440	-
Bacillus safensis	bsaf	BSL056_05930	NA	acetyl-CoA carboxylase carboxyltransferase subunit alpha	md:bsaf_M00376	I	1193304	1194245	-
Bacillus safensis	bsaf	BSL056_10070	NA	acetyl-CoA carboxylase biotin carboxyl carrier protein subunit	md:bsaf_M00376	I	1964370	1964585	-
Bacillus safensis	bsaf	BSL056_10075	NA	biotin carboxylase	md:bsaf_M00376	I	1964582	1965931	-
Bacillus safensis	bsaf	BSL056_11855	NA	methylmalonyl-CoA epimerase	md:bsaf_M00376	I	2302552	2302974	-
Bacillus safensis	bsaf	BSL056_12020	NA	acetyl-CoA carboxylase biotin carboxylase subunit	md:bsaf_M00376	I	2334476	2335825	-
Bacillus safensis	bsaf	BSL056_12025	NA	acetyl-CoA carboxylase, biotin carboxyl carrier protein	md:bsaf_M00376	I	2335837	2336319	-
Bacillus safensis	bsaf	BSL056_14220	NA	succinate dehydrogenase iron-sulfur subunit	md:bsaf_M00376	I	2750048	2750812	-
Bacillus safensis	bsaf	BSL056_14225	NA	succinate dehydrogenase flavoprotein subunit	md:bsaf_M00376	I	2750814	2752574	-
Bacillus safensis	bsaf	BSL056_14230	NA	succinate dehydrogenase	md:bsaf_M00376	I	2752612	2753220	-
Bacillus safensis	bsaf	BSL056_14520	NA	acetyl-CoA carboxylase carboxyltransferase subunit alpha	md:bsaf_M00376	I	2814732	2815709	-
Bacillus safensis	bsaf	BSL056_14525	NA	acetyl-CoA carboxylase subunit beta	md:bsaf_M00376	I	2815694	2816569	-
Bacillus safensis	bsaf	BSL056_16585	NA	fumarate hydratase, class II	md:bsaf_M00376	I	3186188	3187582	-
Bacillus safensis	bsaf	BSL056_10810	NA	formate--tetrahydrofolate ligase	md:bsaf_M00377	I	2115959	2117641	-
Bacillus safensis	bsaf	BSL056_12005	NA	bifunctional methylenetetrahydrofolate dehydrogenase/methenyltetrahydrofolate cyclohydrolase	md:bsaf_M00377	I	2332574	2333425	-
Bacillus safensis	bsaf	BSL056_18925	NA	cytochrome aa3 quinol oxidase subunit IV	md:bsaf_M00416	I	3654263	3654643	-
Bacillus safensis	bsaf	BSL056_18930	NA	cytochrome aa3 quinol oxidase subunit III	md:bsaf_M00416	I	3654645	3655262	-
Bacillus safensis	bsaf	BSL056_18935	NA	cytochrome ubiquinol oxidase subunit I	md:bsaf_M00416	I	3655262	3657220	-
Bacillus safensis	bsaf	BSL056_18940	NA	cytochrome aa3 quinol oxidase subunit II	md:bsaf_M00416	I	3657248	3658207	-
Bacillus safensis	bsaf	BSL056_03060	NA	2-isopropylmalate synthase	md:bsaf_M00432	I	610623	612284	-
Bacillus safensis	bsaf	BSL056_13765	NA	3-isopropylmalate dehydratase small subunit	md:bsaf_M00432	I	2675086	2675685	-
Bacillus safensis	bsaf	BSL056_13770	NA	3-isopropylmalate dehydratase large subunit	md:bsaf_M00432	I	2675699	2677114	-
Bacillus safensis	bsaf	BSL056_13775	NA	3-isopropylmalate dehydrogenase	md:bsaf_M00432	I	2677155	2678252	-
Bacillus safensis	bsaf	BSL056_13780	NA	2-isopropylmalate synthase	md:bsaf_M00432	I	2678271	2679824	-
Bacillus safensis	bsaf	BSL056_02090	NA	aspartate kinase	md:bsaf_M00525	I	434535	435911	-
Bacillus safensis	bsaf	BSL056_06720	NA	aromatic amino acid aminotransferase	md:bsaf_M00525	I	1349628	1350797	-
Bacillus safensis	bsaf	BSL056_06845	NA	2,3,4,5-tetrahydropyridine-2,6-dicarboxylate N-acetyltransferase	md:bsaf_M00525	I	1371277	1371987	+
Bacillus safensis	bsaf	BSL056_06850	NA	N-acetyldiaminopimelate deacetylase	md:bsaf_M00525	I	1372070	1373200	+
Bacillus safensis	bsaf	BSL056_08195	NA	aspartate-semialdehyde dehydrogenase	md:bsaf_M00525	I	1633753	1634772	+
Bacillus safensis	bsaf	BSL056_08200	NA	aspartate kinase	md:bsaf_M00525	I	1634865	1636079	+
Bacillus safensis	bsaf	BSL056_08205	NA	4-hydroxy-tetrahydrodipicolinate synthase	md:bsaf_M00525	I	1636110	1636976	+
Bacillus safensis	bsaf	BSL056_11085	NA	4-hydroxy-tetrahydrodipicolinate reductase	md:bsaf_M00525	I	2168471	2169274	-
Bacillus safensis	bsaf	BSL056_11535	NA	diaminopimelate decarboxylase	md:bsaf_M00525	I	2245045	2246370	-
Bacillus safensis	bsaf	BSL056_14240	NA	aspartate kinase	md:bsaf_M00525	I	2754102	2755337	-
Bacillus safensis	bsaf	BSL056_16205	NA	diaminopimelate epimerase	md:bsaf_M00525	I	3116446	3117300	-
Bacillus safensis	bsaf	BSL056_16685	NA	4-hydroxy-tetrahydrodipicolinate synthase	md:bsaf_M00525	I	3206368	3207267	-
Bacillus safensis	bsaf	BSL056_02090	NA	aspartate kinase	md:bsaf_M00526	I	434535	435911	-
Bacillus safensis	bsaf	BSL056_08195	NA	aspartate-semialdehyde dehydrogenase	md:bsaf_M00526	I	1633753	1634772	+
Bacillus safensis	bsaf	BSL056_08200	NA	aspartate kinase	md:bsaf_M00526	I	1634865	1636079	+
Bacillus safensis	bsaf	BSL056_08205	NA	4-hydroxy-tetrahydrodipicolinate synthase	md:bsaf_M00526	I	1636110	1636976	+
Bacillus safensis	bsaf	BSL056_11085	NA	4-hydroxy-tetrahydrodipicolinate reductase	md:bsaf_M00526	I	2168471	2169274	-
Bacillus safensis	bsaf	BSL056_11535	NA	diaminopimelate decarboxylase	md:bsaf_M00526	I	2245045	2246370	-
Bacillus safensis	bsaf	BSL056_14240	NA	aspartate kinase	md:bsaf_M00526	I	2754102	2755337	-
Bacillus safensis	bsaf	BSL056_16685	NA	4-hydroxy-tetrahydrodipicolinate synthase	md:bsaf_M00526	I	3206368	3207267	-
Bacillus safensis	bsaf	BSL056_02090	NA	aspartate kinase	md:bsaf_M00527	I	434535	435911	-
Bacillus safensis	bsaf	BSL056_08195	NA	aspartate-semialdehyde dehydrogenase	md:bsaf_M00527	I	1633753	1634772	+
Bacillus safensis	bsaf	BSL056_08200	NA	aspartate kinase	md:bsaf_M00527	I	1634865	1636079	+
Bacillus safensis	bsaf	BSL056_08205	NA	4-hydroxy-tetrahydrodipicolinate synthase	md:bsaf_M00527	I	1636110	1636976	+
Bacillus safensis	bsaf	BSL056_11085	NA	4-hydroxy-tetrahydrodipicolinate reductase	md:bsaf_M00527	I	2168471	2169274	-
Bacillus safensis	bsaf	BSL056_11535	NA	diaminopimelate decarboxylase	md:bsaf_M00527	I	2245045	2246370	-
Bacillus safensis	bsaf	BSL056_14240	NA	aspartate kinase	md:bsaf_M00527	I	2754102	2755337	-
Bacillus safensis	bsaf	BSL056_16205	NA	diaminopimelate epimerase	md:bsaf_M00527	I	3116446	3117300	-
Bacillus safensis	bsaf	BSL056_16685	NA	4-hydroxy-tetrahydrodipicolinate synthase	md:bsaf_M00527	I	3206368	3207267	-
Bacillus safensis	bsaf	BSL056_10210	NA	nitrite reductase	md:bsaf_M00530	I	1998900	1999223	-
Bacillus safensis	bsaf	BSL056_10215	NA	nitrite reductase large subunit	md:bsaf_M00530	I	1999247	2001658	-
Bacillus safensis	bsaf	BSL056_10225	NA	nitrite reductase	md:bsaf_M00530	I	2003884	2006133	-
Bacillus safensis	bsaf	BSL056_10220	NA	nitrite reductase	md:bsaf_M00531	I	2001728	2003887	-
Bacillus safensis	bsaf	BSL056_02580	NA	dihydrolipoyl dehydrogenase	md:bsaf_M00532	I	532752	534131	+
Bacillus safensis	bsaf	BSL056_04705	NA	catalase	md:bsaf_M00532	I	958582	960057	-
Bacillus safensis	bsaf	BSL056_06040	NA	dihydrolipoyl dehydrogenase	md:bsaf_M00532	I	1213528	1214922	-
Bacillus safensis	bsaf	BSL056_06210	NA	dihydrolipoyl dehydrogenase	md:bsaf_M00532	I	1245945	1247327	+
Bacillus safensis	bsaf	BSL056_07050	NA	dihydrolipoyl dehydrogenase	md:bsaf_M00532	I	1410311	1411723	+
Bacillus safensis	bsaf	BSL056_11915	NA	dihydrolipoyl dehydrogenase	md:bsaf_M00532	I	2312445	2313869	-
Bacillus safensis	bsaf	BSL056_12135	NA	glycine cleavage system protein T	md:bsaf_M00532	I	2352385	2353482	-
Bacillus safensis	bsaf	BSL056_16495	NA	glycine cleavage system protein H	md:bsaf_M00532	I	3170494	3170877	-
Bacillus safensis	bsaf	BSL056_18335	NA	serine hydroxymethyltransferase	md:bsaf_M00532	I	3543476	3544723	-
Bacillus safensis	bsaf	BSL056_20185	NA	catalase	md:bsaf_M00532	I	3912310	3913899	+
Bacillus safensis	bsaf	BSL056_13765	NA	3-isopropylmalate dehydratase small subunit	md:bsaf_M00535	I	2675086	2675685	-
Bacillus safensis	bsaf	BSL056_13770	NA	3-isopropylmalate dehydratase large subunit	md:bsaf_M00535	I	2675699	2677114	-
Bacillus safensis	bsaf	BSL056_13775	NA	3-isopropylmalate dehydrogenase	md:bsaf_M00535	I	2677155	2678252	-
Bacillus safensis	bsaf	BSL056_04680	NA	phosphoglucomutase	md:bsaf_M00549	I	953605	955350	+
Bacillus safensis	bsaf	BSL056_10155	NA	UTP--glucose-1-phosphate uridylyltransferase	md:bsaf_M00549	I	1982554	1983435	+
Bacillus safensis	bsaf	BSL056_12270	NA	glucokinase	md:bsaf_M00549	I	2372435	2373388	-
Bacillus safensis	bsaf	BSL056_17830	NA	UTP--glucose-1-phosphate uridylyltransferase	md:bsaf_M00549	I	3437208	3438089	+
Bacillus safensis	bsaf	BSL056_09930	NA	PTS ascorbate transporter subunit IIC	md:bsaf_M00550	I	1933798	1935060	-
Bacillus safensis	bsaf	BSL056_09935	NA	PTS lactose transporter subunit IIB	md:bsaf_M00550	I	1935086	1935352	-
Bacillus safensis	bsaf	BSL056_12810	araD	L-ribulose-5-phosphate 4-epimerase	md:bsaf_M00550	I	2469295	2469999	-
Bacillus safensis	bsaf	BSL056_14445	NA	type I glyceraldehyde-3-phosphate dehydrogenase	md:bsaf_M00552	I	2796531	2797553	-
Bacillus safensis	bsaf	BSL056_17055	NA	phosphoglycerate kinase	md:bsaf_M00552	I	3277877	3279061	-
Bacillus safensis	bsaf	BSL056_17060	NA	type I glyceraldehyde-3-phosphate dehydrogenase	md:bsaf_M00552	I	3279275	3280282	-
Bacillus safensis	bsaf	BSL056_18950	NA	galactose-1-phosphate uridylyltransferase	md:bsaf_M00554	I	3659817	3661328	-
Bacillus safensis	bsaf	BSL056_18960	NA	galactokinase	md:bsaf_M00554	I	3662356	3663537	-
Bacillus safensis	bsaf	BSL056_15495	NA	alcohol dehydrogenase	md:bsaf_M00555	I	2987170	2988378	-
Bacillus safensis	bsaf	BSL056_15500	NA	betaine-aldehyde dehydrogenase	md:bsaf_M00555	I	2988406	2989875	-
Bacillus safensis	bsaf	BSL056_18570	NA	4-oxalocrotonate tautomerase	md:bsaf_M00569	I	3590428	3590613	+
Bacillus safensis	bsaf	BSL056_19255	NA	glyoxalase	md:bsaf_M00569	I	3717397	3718251	+
Bacillus safensis	bsaf	BSL056_01760	NA	acetohydroxyacid synthase large subunit	md:bsaf_M00570	I	324141	325901	+
Bacillus safensis	bsaf	BSL056_10740	NA	threonine dehydratase	md:bsaf_M00570	I	2103660	2104928	-
Bacillus safensis	bsaf	BSL056_10790	NA	dihydroxy-acid dehydratase	md:bsaf_M00570	I	2111626	2113302	-
Bacillus safensis	bsaf	BSL056_13785	NA	ketol-acid reductoisomerase	md:bsaf_M00570	I	2679811	2680839	-
Bacillus safensis	bsaf	BSL056_13790	NA	acetolactate synthase small subunit	md:bsaf_M00570	I	2680858	2681376	-
Bacillus safensis	bsaf	BSL056_13795	NA	acetolactate synthase, large subunit, biosynthetic type	md:bsaf_M00570	I	2681373	2683097	-
Bacillus safensis	bsaf	BSL056_13800	NA	branched-chain-amino-acid transaminase	md:bsaf_M00570	I	2683474	2684388	-
Bacillus safensis	bsaf	BSL056_18060	NA	acetolactate synthase large subunit	md:bsaf_M00570	I	3491557	3493257	+
Bacillus safensis	bsaf	BSL056_19090	NA	branched chain amino acid aminotransferase	md:bsaf_M00570	I	3686032	3687123	+
Bacillus safensis	bsaf	BSL056_01200	NA	beta-ketoacyl-[acyl-carrier-protein] synthase II	md:bsaf_M00572	I	211589	212821	-
Bacillus safensis	bsaf	BSL056_05590	NA	beta-ketoacyl-[acyl-carrier-protein] synthase II	md:bsaf_M00572	I	1134588	1135829	+
Bacillus safensis	bsaf	BSL056_05785	NA	enoyl-[acyl-carrier-protein] reductase	md:bsaf_M00572	I	1174267	1175043	+
Bacillus safensis	bsaf	BSL056_06215	NA	short-chain dehydrogenase	md:bsaf_M00572	I	1247359	1248054	+
Bacillus safensis	bsaf	BSL056_06220	NA	short-chain dehydrogenase	md:bsaf_M00572	I	1248032	1248817	+
Bacillus safensis	bsaf	BSL056_06695	NA	3-oxoacyl-ACP reductase	md:bsaf_M00572	I	1342618	1343403	+
Bacillus safensis	bsaf	BSL056_07745	NA	3-oxoacyl-[acyl-carrier-protein] reductase	md:bsaf_M00572	I	1545259	1546002	+
Bacillus safensis	bsaf	BSL056_08265	fabG	3-oxoacyl-ACP reductase	md:bsaf_M00572	I	1654503	1655231	+
Bacillus safensis	bsaf	BSL056_14575	fabG	3-oxoacyl-ACP reductase	md:bsaf_M00572	I	2826556	2827311	-
Bacillus safensis	bsaf	BSL056_16650	NA	3-ketoacyl-ACP reductase	md:bsaf_M00572	I	3197483	3198229	+
Bacillus safensis	bsaf	BSL056_18125	NA	3-hydroxyacyl-[acyl-carrier-protein] dehydratase FabZ	md:bsaf_M00572	I	3505711	3506145	-
Bacillus safensis	bsaf	BSL056_15735	NA	biotin synthase BioB	md:bsaf_M00573	I	3022789	3023784	+
Bacillus safensis	bsaf	BSL056_15735	NA	biotin synthase BioB	md:bsaf_M00577	I	3022789	3023784	+
Bacillus safensis	bsaf	BSL056_14605	NA	acetate kinase	md:bsaf_M00579	I	2832007	2833191	-
Bacillus safensis	bsaf	BSL056_18680	NA	phosphate acetyltransferase	md:bsaf_M00579	I	3607753	3608772	-
Bacillus safensis	bsaf	BSL056_12830	NA	6-phospho 3-hexuloisomerase	md:bsaf_M00580	I	2473991	2474548	-
Bacillus safensis	bsaf	BSL056_12835	NA	3-hexulose-6-phosphate synthase	md:bsaf_M00580	I	2474545	2475177	-
Bacillus safensis	bsaf	BSL056_07585	NA	sulfate adenylyltransferase	md:bsaf_M00596	I	1512915	1514051	+
Bacillus safensis	bsaf	BSL056_12965	NA	cystathionine gamma-synthase	md:bsaf_M00609	I	2498353	2499501	-
Bacillus safensis	bsaf	BSL056_12970	NA	cysteine synthase	md:bsaf_M00609	I	2499503	2500426	-
Bacillus safensis	bsaf	BSL056_12975	NA	5'-methylthioadenosine/S-adenosylhomocysteine nucleosidase	md:bsaf_M00609	I	2500473	2501168	-
Bacillus safensis	bsaf	BSL056_12980	NA	SAM-dependent methyltransferase	md:bsaf_M00609	I	2501184	2501825	-
Bacillus safensis	bsaf	BSL056_15140	NA	methionine adenosyltransferase	md:bsaf_M00609	I	2939640	2940842	-
Bacillus safensis	bsaf	BSL056_15240	NA	S-ribosylhomocysteine lyase	md:bsaf_M00609	I	2955624	2956097	-
Bacillus safensis	bsaf	BSL056_10230	NA	MFS transporter	md:bsaf_M00615	I	2006304	2007506	+
Bacillus safensis	bsaf	BSL056_06150	NA	sulfate transporter subunit	md:bsaf_M00616	I	1234930	1235967	+
Bacillus safensis	bsaf	BSL056_06155	NA	sulfate ABC transporter permease subunit CysT	md:bsaf_M00616	I	1235979	1236824	+
Bacillus safensis	bsaf	BSL056_06160	NA	sulfate ABC transporter permease subunit CysW	md:bsaf_M00616	I	1236830	1237699	+
Bacillus safensis	bsaf	BSL056_06165	NA	hypothetical protein	md:bsaf_M00616	I	1237715	1238446	+
Bacillus safensis	bsaf	BSL056_07830	NA	succinate--CoA ligase subunit beta	md:bsaf_M00620	I	1560602	1561762	+
Bacillus safensis	bsaf	BSL056_07835	NA	succinate--CoA ligase subunit alpha	md:bsaf_M00620	I	1561785	1562687	+
Bacillus safensis	bsaf	BSL056_14480	NA	malate dehydrogenase	md:bsaf_M00620	I	2805556	2806494	-
Bacillus safensis	bsaf	BSL056_02025	NA	glucuronate isomerase	md:bsaf_M00631	I	419162	420613	+
Bacillus safensis	bsaf	BSL056_16715	NA	altronate hydrolase	md:bsaf_M00631	I	3212884	3214377	-
Bacillus safensis	bsaf	BSL056_16720	NA	altronate oxidoreductase	md:bsaf_M00631	I	3214374	3215870	-
Bacillus safensis	bsaf	BSL056_16730	NA	glucuronate isomerase	md:bsaf_M00631	I	3216958	3218394	-
Bacillus safensis	bsaf	BSL056_17925	NA	2-dehydro-3-deoxyphosphogluconate aldolase	md:bsaf_M00631	I	3461675	3462274	-
Bacillus safensis	bsaf	BSL056_17930	NA	2-dehydro-3-deoxygluconokinase	md:bsaf_M00631	I	3462246	3463262	-
Bacillus safensis	bsaf	BSL056_17770	NA	UDP-glucose 4-epimerase	md:bsaf_M00632	I	3422474	3423403	-
Bacillus safensis	bsaf	BSL056_18950	NA	galactose-1-phosphate uridylyltransferase	md:bsaf_M00632	I	3659817	3661328	-
Bacillus safensis	bsaf	BSL056_18955	NA	UDP-glucose 4-epimerase GalE	md:bsaf_M00632	I	3661364	3662356	-
Bacillus safensis	bsaf	BSL056_18960	NA	galactokinase	md:bsaf_M00632	I	3662356	3663537	-
Bacillus safensis	bsaf	BSL056_10600	NA	peptidase M15	md:bsaf_M00651	I	2084314	2085144	-
Bacillus safensis	bsaf	BSL056_13815	NA	D-alanyl-lipoteichoic acid biosynthesis protein DltD	md:bsaf_M00725	I	2686611	2687777	-
Bacillus safensis	bsaf	BSL056_13820	NA	D-alanine--poly(phosphoribitol) ligase subunit 2	md:bsaf_M00725	I	2687777	2688013	-
Bacillus safensis	bsaf	BSL056_13825	NA	D-alanyl-lipoteichoic acid biosynthesis protein DltB	md:bsaf_M00725	I	2688035	2689219	-
Bacillus safensis	bsaf	BSL056_13830	NA	D-alanine--poly(phosphoribitol) ligase subunit 1	md:bsaf_M00725	I	2689216	2690721	-
Bacillus safensis	bsaf	BSL056_04100	NA	phosphatidylglycerol lysyltransferase	md:bsaf_M00726	I	855161	857731	+
Bacillus safensis	bsaf	BSL056_20120	NA	MbtH family protein	md:bsaf_M00736	I	3900012	3900239	+
Bacillus safensis	bsaf	BSL056_09635	NA	aconitate hydratase 1	md:bsaf_M00740	I	1876692	1879421	+
Bacillus safensis	bsaf	BSL056_10410	NA	citrate synthase 3	md:bsaf_M00740	I	2049235	2050377	-
Bacillus safensis	bsaf	BSL056_14480	NA	malate dehydrogenase	md:bsaf_M00740	I	2805556	2806494	-
Bacillus safensis	bsaf	BSL056_14485	NA	NADP-dependent isocitrate dehydrogenase	md:bsaf_M00740	I	2806529	2807800	-
Bacillus safensis	bsaf	BSL056_14490	NA	citrate synthase	md:bsaf_M00740	I	2807949	2809067	-
Bacillus safensis	bsaf	BSL056_11850	NA	methylmalonyl-CoA carboxyltransferase	md:bsaf_M00741	I	2301096	2302565	-
Bacillus safensis	bsaf	BSL056_11855	NA	methylmalonyl-CoA epimerase	md:bsaf_M00741	I	2302552	2302974	-
Bacillus safensis	bsaf	BSL056_18705	NA	bacilysin biosynthesis protein BacA	md:bsaf_M00787	I	3612984	3613586	+
Bacillus safensis	bsaf	BSL056_18710	NA	cupin	md:bsaf_M00787	I	3613588	3614295	+
Bacillus safensis	bsaf	BSL056_18715	NA	oxidoreductase	md:bsaf_M00787	I	3614292	3615053	+
Bacillus safensis	bsaf	BSL056_18720	NA	carboxylate--amine ligase	md:bsaf_M00787	I	3615069	3616490	+
Bacillus safensis	bsaf	BSL056_18725	NA	aspartate aminotransferase	md:bsaf_M00787	I	3616508	3617701	+
Bacillus safensis	bsaf	BSL056_18735	NA	SDR family oxidoreductase	md:bsaf_M00787	I	3617926	3618723	-
Bacillus safensis	bsaf	BSL056_18740	NA	spore coat protein	md:bsaf_M00793	I	3618822	3619277	-
Bacillus safensis	bsaf	BSL056_18745	NA	dTDP-4-dehydrorhamnose reductase	md:bsaf_M00793	I	3619270	3620124	-
Bacillus safensis	bsaf	BSL056_18750	NA	dTDP-glucose 4,6-dehydratase	md:bsaf_M00793	I	3620128	3621093	-
Bacillus safensis	bsaf	BSL056_18755	NA	glucose-1-phosphate thymidylyltransferase	md:bsaf_M00793	I	3621090	3621830	-
Bacillus safensis	bsaf	BSL056_00475	NA	dihydroneopterin aldolase	md:bsaf_M00840	I	89291	89653	+
Bacillus safensis	bsaf	BSL056_10760	NA	dihydrofolate reductase	md:bsaf_M00840	I	2107412	2107897	-
Bacillus safensis	bsaf	BSL056_19260	NA	GTP cyclohydrolase	md:bsaf_M00840	I	3718268	3719029	+
Bacillus safensis	bsaf	BSL056_11230	NA	GTP cyclohydrolase I FolE	md:bsaf_M00841	I	2193881	2194450	-
Bacillus safensis	bsaf	BSL056_13675	NA	bifunctional folylpolyglutamate synthase/dihydrofolate synthase	md:bsaf_M00841	I	2651607	2652911	-
Bacillus safensis	bsaf	BSL056_06600	NA	6-carboxytetrahydropterin synthase QueD	md:bsaf_M00842	I	1323274	1323714	+
Bacillus safensis	bsaf	BSL056_11230	NA	GTP cyclohydrolase I FolE	md:bsaf_M00842	I	2193881	2194450	-
Bacillus safensis	bsaf	BSL056_06600	NA	6-carboxytetrahydropterin synthase QueD	md:bsaf_M00843	I	1323274	1323714	+
Bacillus safensis	bsaf	BSL056_11230	NA	GTP cyclohydrolase I FolE	md:bsaf_M00843	I	2193881	2194450	-
Bacillus safensis	bsaf	BSL056_05540	NA	ornithine carbamoyltransferase	md:bsaf_M00844	I	1127380	1128330	+
Bacillus safensis	bsaf	BSL056_14590	NA	argininosuccinate lyase	md:bsaf_M00844	I	2828631	2830004	-
Bacillus safensis	bsaf	BSL056_14595	NA	argininosuccinate synthase	md:bsaf_M00844	I	2830001	2831212	-
Bacillus safensis	bsaf	BSL056_03245	NA	acetylornithine deacetylase	md:bsaf_M00845	I	647010	648275	+
Bacillus safensis	bsaf	BSL056_05510	NA	N-acetyl-gamma-glutamyl-phosphate reductase	md:bsaf_M00845	I	1118959	1119996	+
Bacillus safensis	bsaf	BSL056_05525	argD	acetylornithine transaminase	md:bsaf_M00845	I	1122027	1123178	+
Bacillus safensis	bsaf	BSL056_14590	NA	argininosuccinate lyase	md:bsaf_M00845	I	2828631	2830004	-
Bacillus safensis	bsaf	BSL056_14595	NA	argininosuccinate synthase	md:bsaf_M00845	I	2830001	2831212	-
Bacillus safensis	bsaf	BSL056_04270	NA	aspartate aminotransferase family protein	md:bsaf_M00846	I	885172	886467	-
Bacillus safensis	bsaf	BSL056_07595	NA	uroporphyrinogen-III C-methyltransferase	md:bsaf_M00846	I	1514689	1515444	+
Bacillus safensis	bsaf	BSL056_07600	NA	sirohydrochlorin chelatase	md:bsaf_M00846	I	1515519	1516304	+
Bacillus safensis	bsaf	BSL056_07605	NA	precorrin-2 dehydrogenase	md:bsaf_M00846	I	1516285	1516788	+
Bacillus safensis	bsaf	BSL056_10165	NA	uroporphyrinogen-III synthase	md:bsaf_M00846	I	1984130	1984951	-
Bacillus safensis	bsaf	BSL056_13700	NA	glutamate-1-semialdehyde-2,1-aminomutase	md:bsaf_M00846	I	2658849	2660141	-
Bacillus safensis	bsaf	BSL056_13705	NA	delta-aminolevulinic acid dehydratase	md:bsaf_M00846	I	2660169	2661137	-
Bacillus safensis	bsaf	BSL056_13710	NA	uroporphyrinogen-III synthase	md:bsaf_M00846	I	2661137	2661928	-
Bacillus safensis	bsaf	BSL056_13715	NA	hydroxymethylbilane synthase	md:bsaf_M00846	I	2661925	2662857	-
Bacillus safensis	bsaf	BSL056_13725	NA	glutamyl-tRNA reductase	md:bsaf_M00846	I	2663733	2665100	-
Bacillus safensis	bsaf	BSL056_11295	NA	type 2 isopentenyl-diphosphate Delta-isomerase	md:bsaf_M00849	I	2202866	2203921	-
Bacillus safensis	bsaf	BSL056_13040	NA	acetyl-CoA acetyltransferase	md:bsaf_M00849	I	2511352	2512440	-
Bacillus safensis	bsaf	BSL056_10155	NA	UTP--glucose-1-phosphate uridylyltransferase	md:bsaf_M00854	I	1982554	1983435	+
Bacillus safensis	bsaf	BSL056_17830	NA	UTP--glucose-1-phosphate uridylyltransferase	md:bsaf_M00854	I	3437208	3438089	+
Bacillus safensis	bsaf	BSL056_04680	NA	phosphoglucomutase	md:bsaf_M00855	I	953605	955350	+
Bacillus safensis	bsaf	BSL056_17990	NA	capsular biosynthesis protein	md:bsaf_M00860	I	3476777	3477943	-
Bacillus safensis	bsaf	BSL056_17995	NA	poly-gamma-glutamate biosynthesis protein PgsC	md:bsaf_M00860	I	3477962	3478411	-
Bacillus safensis	bsaf	BSL056_18000	NA	poly-gamma-glutamate synthase PgsB	md:bsaf_M00860	I	3478427	3479608	-
Bacillus safensis	bsaf	BSL056_05085	NA	uroporphyrinogen decarboxylase	md:bsaf_M00868	I	1030146	1031204	+
Bacillus safensis	bsaf	BSL056_05090	NA	ferrochelatase	md:bsaf_M00868	I	1031237	1032175	+
Bacillus safensis	bsaf	BSL056_05095	NA	protoporphyrinogen oxidase	md:bsaf_M00868	I	1032198	1033610	+
Bacillus safensis	bsaf	BSL056_10165	NA	uroporphyrinogen-III synthase	md:bsaf_M00868	I	1984130	1984951	-
Bacillus safensis	bsaf	BSL056_13705	NA	delta-aminolevulinic acid dehydratase	md:bsaf_M00868	I	2660169	2661137	-
Bacillus safensis	bsaf	BSL056_13710	NA	uroporphyrinogen-III synthase	md:bsaf_M00868	I	2661137	2661928	-
Bacillus safensis	bsaf	BSL056_13715	NA	hydroxymethylbilane synthase	md:bsaf_M00868	I	2661925	2662857	-
Bacillus safensis	bsaf	BSL056_01200	NA	beta-ketoacyl-[acyl-carrier-protein] synthase II	md:bsaf_M00873	I	211589	212821	-
Bacillus safensis	bsaf	BSL056_05590	NA	beta-ketoacyl-[acyl-carrier-protein] synthase II	md:bsaf_M00873	I	1134588	1135829	+
Bacillus safensis	bsaf	BSL056_07740	NA	[acyl-carrier-protein] S-malonyltransferase	md:bsaf_M00873	I	1544315	1545259	+
Bacillus safensis	bsaf	BSL056_01200	NA	beta-ketoacyl-[acyl-carrier-protein] synthase II	md:bsaf_M00874	I	211589	212821	-
Bacillus safensis	bsaf	BSL056_05590	NA	beta-ketoacyl-[acyl-carrier-protein] synthase II	md:bsaf_M00874	I	1134588	1135829	+
Bacillus safensis	bsaf	BSL056_06215	NA	short-chain dehydrogenase	md:bsaf_M00874	I	1247359	1248054	+
Bacillus safensis	bsaf	BSL056_06220	NA	short-chain dehydrogenase	md:bsaf_M00874	I	1248032	1248817	+
Bacillus safensis	bsaf	BSL056_06695	NA	3-oxoacyl-ACP reductase	md:bsaf_M00874	I	1342618	1343403	+
Bacillus safensis	bsaf	BSL056_07740	NA	[acyl-carrier-protein] S-malonyltransferase	md:bsaf_M00874	I	1544315	1545259	+
Bacillus safensis	bsaf	BSL056_07745	NA	3-oxoacyl-[acyl-carrier-protein] reductase	md:bsaf_M00874	I	1545259	1546002	+
Bacillus safensis	bsaf	BSL056_08265	fabG	3-oxoacyl-ACP reductase	md:bsaf_M00874	I	1654503	1655231	+
Bacillus safensis	bsaf	BSL056_14575	fabG	3-oxoacyl-ACP reductase	md:bsaf_M00874	I	2826556	2827311	-
Bacillus safensis	bsaf	BSL056_16650	NA	3-ketoacyl-ACP reductase	md:bsaf_M00874	I	3197483	3198229	+
Bacillus safensis	bsaf	BSL056_01695	NA	3-oxo-glucose-6-phosphate--glutamate aminotransferase	md:bsaf_M00877	I	311108	312433	+
Bacillus safensis	bsaf	BSL056_01700	NA	HAD family hydrolase	md:bsaf_M00877	I	312408	313274	+
Bacillus safensis	bsaf	BSL056_01705	NA	NTD biosynthesis operon oxidoreductase NtdC	md:bsaf_M00877	I	313271	314317	+
Bacillus safensis	bsaf	BSL056_04945	NA	enoyl-CoA hydratase	md:bsaf_M00878	I	1008554	1009324	+
Bacillus safensis	bsaf	BSL056_18475	NA	3-hydroxybutyryl-CoA dehydrogenase	md:bsaf_M00878	I	3569403	3570266	-
Bacillus safensis	bsaf	BSL056_02915	NA	molybdenum cofactor biosynthesis protein C	md:bsaf_M00880	I	584697	585188	+
Bacillus safensis	bsaf	BSL056_06895	NA	molybdopterin molybdenumtransferase	md:bsaf_M00880	I	1379421	1380698	+
Bacillus safensis	bsaf	BSL056_06905	NA	molybdenum cofactor biosynthesis protein MoaE	md:bsaf_M00880	I	1381201	1381692	+
Bacillus safensis	bsaf	BSL056_14600	NA	molybdenum cofactor biosynthesis protein	md:bsaf_M00880	I	2831386	2831901	-
Bacillus safensis	bsaf	BSL056_18230	NA	cyclic pyranopterin phosphate synthase	md:bsaf_M00880	I	3523405	3524412	-
Bacillus safensis	bsaf	BSL056_16290	NA	lipoyl synthase	md:bsaf_M00881	I	3131304	3132200	-
Bacillus safensis	bsaf	BSL056_16290	NA	lipoyl synthase	md:bsaf_M00882	I	3131304	3132200	-
Bacillus safensis	bsaf	BSL056_12115	NA	octanoyltransferase	md:bsaf_M00883	I	2348088	2348924	-
Bacillus safensis	bsaf	BSL056_16290	NA	lipoyl synthase	md:bsaf_M00883	I	3131304	3132200	-
Bacillus safensis	bsaf	BSL056_18615	NA	octanoyl-[GcvH]:protein N-octanoyltransferase	md:bsaf_M00883	I	3598160	3599005	-
Bacillus safensis	bsaf	BSL056_16290	NA	lipoyl synthase	md:bsaf_M00884	I	3131304	3132200	-
Bacillus safensis	bsaf	BSL056_02885	NA	thiamine-phosphate kinase	md:bsaf_M00895	I	578754	579731	+
Bacillus safensis	bsaf	BSL056_05755	NA	thiamine phosphate synthase	md:bsaf_M00895	I	1169598	1170215	+
Bacillus safensis	bsaf	BSL056_05760	NA	glycine oxidase ThiO	md:bsaf_M00895	I	1170199	1171311	+
Bacillus safensis	bsaf	BSL056_05765	NA	thiamine biosynthesis protein ThiS	md:bsaf_M00895	I	1171308	1171511	+
Bacillus safensis	bsaf	BSL056_05770	NA	thiazole synthase	md:bsaf_M00895	I	1171516	1172283	+
Bacillus safensis	bsaf	BSL056_05775	NA	thiamine biosynthesis protein MoeB	md:bsaf_M00895	I	1172280	1173293	+
Bacillus safensis	bsaf	BSL056_05780	NA	bifunctional hydroxymethylpyrimidine kinase/phosphomethylpyrimidine kinase	md:bsaf_M00895	I	1173310	1174116	+
Bacillus safensis	bsaf	BSL056_13270	NA	phosphomethylpyrimidine synthase ThiC	md:bsaf_M00895	I	2556738	2558498	-
Bacillus safensis	bsaf	BSL056_14710	NA	tRNA 4-thiouridine(8) synthase ThiI	md:bsaf_M00895	I	2854222	2855427	-
Bacillus safensis	bsaf	BSL056_19010	NA	thiamine-phosphate diphosphorylase	md:bsaf_M00895	I	3670012	3670680	-
Bacillus safensis	bsaf	BSL056_02885	NA	thiamine-phosphate kinase	md:bsaf_M00896	I	578754	579731	+
Bacillus safensis	bsaf	BSL056_05780	NA	bifunctional hydroxymethylpyrimidine kinase/phosphomethylpyrimidine kinase	md:bsaf_M00896	I	1173310	1174116	+
Bacillus safensis	bsaf	BSL056_13270	NA	phosphomethylpyrimidine synthase ThiC	md:bsaf_M00896	I	2556738	2558498	-
Bacillus safensis	bsaf	BSL056_19010	NA	thiamine-phosphate diphosphorylase	md:bsaf_M00896	I	3670012	3670680	-
Bacillus safensis	bsaf	BSL056_07690	NA	thiamine diphosphokinase	md:bsaf_M00897	I	1535468	1536112	+
Bacillus safensis	bsaf	BSL056_13270	NA	phosphomethylpyrimidine synthase ThiC	md:bsaf_M00897	I	2556738	2558498	-
Bacillus safensis	bsaf	BSL056_07690	NA	thiamine diphosphokinase	md:bsaf_M00898	I	1535468	1536112	+
Bacillus safensis	bsaf	BSL056_05780	NA	bifunctional hydroxymethylpyrimidine kinase/phosphomethylpyrimidine kinase	md:bsaf_M00899	I	1173310	1174116	+
Bacillus safensis	bsaf	BSL056_19010	NA	thiamine-phosphate diphosphorylase	md:bsaf_M00899	I	3670012	3670680	-
Bacillus safensis	bsaf	BSL056_19015	NA	hydroxyethylthiazole kinase	md:bsaf_M00899	I	3670667	3671491	-
Bacillus safensis	bsaf	BSL056_00325	NA	UDP-N-acetylglucosamine diphosphorylase/glucosamine-1-phosphate N-acetyltransferase	md:bsaf_M00909	I	58961	60331	+
Bacillus safensis	bsaf	BSL056_01085	NA	phosphoglucosamine mutase	md:bsaf_M00909	I	187527	188873	+
Bacillus safensis	bsaf	BSL056_01090	NA	glutamine--fructose-6-phosphate aminotransferase	md:bsaf_M00909	I	189449	191251	+
Bacillus safensis	bsaf	BSL056_12270	NA	glucokinase	md:bsaf_M00909	I	2372435	2373388	-
Bacillus safensis	bsaf	BSL056_15840	NA	glucose-6-phosphate isomerase	md:bsaf_M00909	I	3044279	3045634	-
Bacillus safensis	bsaf	BSL056_03655	NA	GTP cyclohydrolase	md:bsaf_M00911	I	762365	763090	+
Bacillus safensis	bsaf	BSL056_11485	NA	6,7-dimethyl-8-ribityllumazine synthase	md:bsaf_M00911	I	2237711	2238175	-
Bacillus safensis	bsaf	BSL056_11495	NA	riboflavin synthase subunit alpha	md:bsaf_M00911	I	2238840	2239490	-
Bacillus safensis	bsaf	BSL056_01740	NA	NAD(+) synthase	md:bsaf_M00912	I	319898	320719	+
Bacillus safensis	bsaf	BSL056_12680	NA	nicotinic acid mononucleotide adenylyltransferase	md:bsaf_M00912	I	2447757	2448326	-
Bacillus safensis	bsaf	BSL056_13295	NA	nicotinate-nucleotide diphosphorylase (carboxylating)	md:bsaf_M00912	I	2562895	2563758	-
Bacillus safensis	bsaf	BSL056_07310	NA	2-dehydropantoate 2-reductase	md:bsaf_M00913	I	1454355	1455254	+
Bacillus safensis	bsaf	BSL056_10030	NA	aldehyde dehydrogenase family protein	md:bsaf_M00913	I	1953407	1954834	+
Bacillus safensis	bsaf	BSL056_10470	NA	betaine-aldehyde dehydrogenase	md:bsaf_M00913	I	2057904	2059388	+
Bacillus safensis	bsaf	BSL056_11050	NA	pantoate--beta-alanine ligase	md:bsaf_M00913	I	2162144	2163010	-
Bacillus safensis	bsaf	BSL056_11055	NA	3-methyl-2-oxobutanoate hydroxymethyltransferase	md:bsaf_M00913	I	2163007	2163846	-
Bacillus safensis	bsaf	BSL056_18825	NA	aldehyde dehydrogenase family protein	md:bsaf_M00913	I	3633625	3634983	+
Bacillus safensis	bsaf	BSL056_07310	NA	2-dehydropantoate 2-reductase	md:bsaf_M00914	I	1454355	1455254	+
Bacillus safensis	bsaf	BSL056_07640	NA	bifunctional 4'-phosphopantothenoylcysteine decarboxylase/phosphopantothenoylcysteine synthetase	md:bsaf_M00914	I	1523626	1524843	+
Bacillus safensis	bsaf	BSL056_11055	NA	3-methyl-2-oxobutanoate hydroxymethyltransferase	md:bsaf_M00914	I	2163007	2163846	-
Bacillus safensis	bsaf	BSL056_00085	NA	pyridoxal biosynthesis lyase PdxS	md:bsaf_M00916	I	20443	21327	+
Bacillus safensis	bsaf	BSL056_00090	NA	glutamine amidotransferase subunit PdxT	md:bsaf_M00916	I	21348	21938	+
Bacillus safensis	bsaf	BSL056_04920	NA	ornithine monooxygenase	md:bsaf_M00918	I	1004942	1006216	+
Bacillus safensis	bsaf	BSL056_05415	NA	lysine 6-monooxygenase	md:bsaf_M00918	I	1097710	1099059	+
Bacillus safensis	bsaf	BSL056_07595	NA	uroporphyrinogen-III C-methyltransferase	md:bsaf_M00924	I	1514689	1515444	+
Bacillus safensis	bsaf	BSL056_07605	NA	precorrin-2 dehydrogenase	md:bsaf_M00924	I	1516285	1516788	+
Bacillus safensis	bsaf	BSL056_07595	NA	uroporphyrinogen-III C-methyltransferase	md:bsaf_M00925	I	1514689	1515444	+
Bacillus safensis	bsaf	BSL056_04270	NA	aspartate aminotransferase family protein	md:bsaf_M00926	I	885172	886467	-
Bacillus safensis	bsaf	BSL056_05085	NA	uroporphyrinogen decarboxylase	md:bsaf_M00926	I	1030146	1031204	+
Bacillus safensis	bsaf	BSL056_05090	NA	ferrochelatase	md:bsaf_M00926	I	1031237	1032175	+
Bacillus safensis	bsaf	BSL056_05095	NA	protoporphyrinogen oxidase	md:bsaf_M00926	I	1032198	1033610	+
Bacillus safensis	bsaf	BSL056_10165	NA	uroporphyrinogen-III synthase	md:bsaf_M00926	I	1984130	1984951	-
Bacillus safensis	bsaf	BSL056_13700	NA	glutamate-1-semialdehyde-2,1-aminomutase	md:bsaf_M00926	I	2658849	2660141	-
Bacillus safensis	bsaf	BSL056_13705	NA	delta-aminolevulinic acid dehydratase	md:bsaf_M00926	I	2660169	2661137	-
Bacillus safensis	bsaf	BSL056_13710	NA	uroporphyrinogen-III synthase	md:bsaf_M00926	I	2661137	2661928	-
Bacillus safensis	bsaf	BSL056_13715	NA	hydroxymethylbilane synthase	md:bsaf_M00926	I	2661925	2662857	-
Bacillus safensis	bsaf	BSL056_13725	NA	glutamyl-tRNA reductase	md:bsaf_M00926	I	2663733	2665100	-
Bacillus safensis	bsaf	BSL056_18685	NA	heme-dependent peroxidase	md:bsaf_M00926	I	3608965	3609735	+
Bacillus safensis	bsaf	BSL056_15285	NA	o-succinylbenzoate synthase	md:bsaf_M00932	I	2961661	2962785	-
Bacillus safensis	bsaf	BSL056_15290	NA	o-succinylbenzoate--CoA ligase	md:bsaf_M00932	I	2962772	2964232	-
Bacillus safensis	bsaf	BSL056_15295	NA	1,4-dihydroxy-2-naphthoyl-CoA synthase	md:bsaf_M00932	I	2964304	2965122	-
Bacillus safensis	bsaf	BSL056_15300	NA	2-succinyl-6-hydroxy-2,4-cyclohexadiene-1-carboxylate synthase	md:bsaf_M00932	I	2965143	2965964	-
Bacillus safensis	bsaf	BSL056_15305	NA	2-succinyl-5-enolpyruvyl-6-hydroxy-3-cyclohexene-1-carboxylic-acid synthase	md:bsaf_M00932	I	2965946	2967691	-
Bacillus safensis	bsaf	BSL056_15310	NA	isochorismate synthase	md:bsaf_M00932	I	2967684	2969102	-
Bacillus safensis	bsaf	BSL056_16005	NA	esterase	md:bsaf_M00932	I	3076517	3076906	-
Bacillus safensis	bsaf	BSL056_00215	NA	dTMP kinase	md:bsaf_M00938	I	41677	42315	+
Bacillus safensis	bsaf	BSL056_08465	NA	ribonucleotide-diphosphate reductase subunit alpha	md:bsaf_M00938	I	1692003	1694105	+
Bacillus safensis	bsaf	BSL056_08470	NA	class 1b ribonucleoside-diphosphate reductase subunit beta	md:bsaf_M00938	I	1694123	1695103	+
Bacillus safensis	bsaf	BSL056_09145	NA	ribonucleotide-diphosphate reductase subunit alpha	md:bsaf_M00938	I	1805009	1805686	+
Bacillus safensis	bsaf	BSL056_09155	NA	hypothetical protein	md:bsaf_M00938	I	1806620	1809157	+
Bacillus safensis	bsaf	BSL056_09165	NA	class 1b ribonucleoside-diphosphate reductase subunit beta	md:bsaf_M00938	I	1809674	1810675	+
Bacillus safensis	bsaf	BSL056_09185	NA	deoxyuridine 5'-triphosphate nucleotidohydrolase	md:bsaf_M00938	I	1811523	1811951	+
Bacillus safensis	bsaf	BSL056_09215	NA	thymidylate synthase	md:bsaf_M00938	I	1814104	1814913	+
Bacillus safensis	bsaf	BSL056_10765	NA	thymidylate synthase	md:bsaf_M00938	I	2107894	2108688	-
Bacillus safensis	bsaf	BSL056_11205	NA	nucleoside-diphosphate kinase	md:bsaf_M00938	I	2190473	2190919	-
Bacillus safensis	bsaf	BSL056_15735	NA	biotin synthase BioB	md:bsaf_M00950	I	3022789	3023784	+
