Bacillus subtilis PY79	bsp	U712_12140	NA	Glucokinase	md:bsp_M00001	I	2388472	2389437	-
Bacillus subtilis PY79	bsp	U712_14360	NA	Glyceraldehyde-3-phosphate dehydrogenase 2	md:bsp_M00001	I	2784886	2785908	-
Bacillus subtilis PY79	bsp	U712_14450	NA	Pyruvate kinase	md:bsp_M00001	I	2802642	2804399	-
Bacillus subtilis PY79	bsp	U712_14455	NA	6-phosphofructokinase	md:bsp_M00001	I	2804442	2805401	-
Bacillus subtilis PY79	bsp	U712_15610	NA	Glucose-6-phosphate isomerase	md:bsp_M00001	I	3038585	3039937	-
Bacillus subtilis PY79	bsp	U712_16960	NA	Enolase	md:bsp_M00001	I	3294409	3295701	-
Bacillus subtilis PY79	bsp	U712_16965	NA	2,3-bisphosphoglycerate-independent phosphoglycerate mutase	md:bsp_M00001	I	3295731	3297266	-
Bacillus subtilis PY79	bsp	U712_16970	NA	Triosephosphate isomerase	md:bsp_M00001	I	3297259	3298020	-
Bacillus subtilis PY79	bsp	U712_16975	NA	Phosphoglycerate kinase	md:bsp_M00001	I	3298051	3299235	-
Bacillus subtilis PY79	bsp	U712_16980	NA	Glyceraldehyde-3-phosphate dehydrogenase 1	md:bsp_M00001	I	3299552	3300559	-
Bacillus subtilis PY79	bsp	U712_18700	NA	putative fructose-bisphosphate aldolase	md:bsp_M00001	I	3626367	3627224	-
Bacillus subtilis PY79	bsp	U712_14360	NA	Glyceraldehyde-3-phosphate dehydrogenase 2	md:bsp_M00002	I	2784886	2785908	-
Bacillus subtilis PY79	bsp	U712_14450	NA	Pyruvate kinase	md:bsp_M00002	I	2802642	2804399	-
Bacillus subtilis PY79	bsp	U712_16960	NA	Enolase	md:bsp_M00002	I	3294409	3295701	-
Bacillus subtilis PY79	bsp	U712_16965	NA	2,3-bisphosphoglycerate-independent phosphoglycerate mutase	md:bsp_M00002	I	3295731	3297266	-
Bacillus subtilis PY79	bsp	U712_16970	NA	Triosephosphate isomerase	md:bsp_M00002	I	3297259	3298020	-
Bacillus subtilis PY79	bsp	U712_16975	NA	Phosphoglycerate kinase	md:bsp_M00002	I	3298051	3299235	-
Bacillus subtilis PY79	bsp	U712_16980	NA	Glyceraldehyde-3-phosphate dehydrogenase 1	md:bsp_M00002	I	3299552	3300559	-
Bacillus subtilis PY79	bsp	U712_14360	NA	Glyceraldehyde-3-phosphate dehydrogenase 2	md:bsp_M00003	I	2784886	2785908	-
Bacillus subtilis PY79	bsp	U712_15180	NA	Phosphoenolpyruvate carboxykinase	md:bsp_M00003	I	2947385	2948968	+
Bacillus subtilis PY79	bsp	U712_16960	NA	Enolase	md:bsp_M00003	I	3294409	3295701	-
Bacillus subtilis PY79	bsp	U712_16965	NA	2,3-bisphosphoglycerate-independent phosphoglycerate mutase	md:bsp_M00003	I	3295731	3297266	-
Bacillus subtilis PY79	bsp	U712_16970	NA	Triosephosphate isomerase	md:bsp_M00003	I	3297259	3298020	-
Bacillus subtilis PY79	bsp	U712_16975	NA	Phosphoglycerate kinase	md:bsp_M00003	I	3298051	3299235	-
Bacillus subtilis PY79	bsp	U712_16980	NA	Glyceraldehyde-3-phosphate dehydrogenase 1	md:bsp_M00003	I	3299552	3300559	-
Bacillus subtilis PY79	bsp	U712_18685	NA	Fructose-1,6-bisphosphatase class 2	md:bsp_M00003	I	3622945	3623910	-
Bacillus subtilis PY79	bsp	U712_18700	NA	putative fructose-bisphosphate aldolase	md:bsp_M00003	I	3626367	3627224	-
Bacillus subtilis PY79	bsp	U712_20340	NA	Fructose-1,6-bisphosphatase class 3	md:bsp_M00003	I	3945971	3947896	+
Bacillus subtilis PY79	bsp	U712_06790	NA	Uncharacterized protein YkgB	md:bsp_M00004	I	1332913	1333962	-
Bacillus subtilis PY79	bsp	U712_08310	NA	Ribulose-phosphate 3-epimerase	md:bsp_M00004	I	1617042	1617695	+
Bacillus subtilis PY79	bsp	U712_09415	NA	Transketolase	md:bsp_M00004	I	1882899	1884902	+
Bacillus subtilis PY79	bsp	U712_11620	NA	Glucose-6-phosphate 1-dehydrogenase	md:bsp_M00004	I	2297024	2298493	+
Bacillus subtilis PY79	bsp	U712_11625	NA	6-phosphogluconate dehydrogenase, decarboxylating 2	md:bsp_M00004	I	2298616	2300025	-
Bacillus subtilis PY79	bsp	U712_12600	NA	Putative 6-phosphogluconate dehydrogenase YqeC	md:bsp_M00004	I	2468341	2469234	-
Bacillus subtilis PY79	bsp	U712_15610	NA	Glucose-6-phosphate isomerase	md:bsp_M00004	I	3038585	3039937	-
Bacillus subtilis PY79	bsp	U712_18585	NA	Putative sugar phosphate isomerase ywlF	md:bsp_M00004	I	3609054	3609503	-
Bacillus subtilis PY79	bsp	U712_18695	NA	putative transaldolase	md:bsp_M00004	I	3625609	3626247	-
Bacillus subtilis PY79	bsp	U712_20280	NA	6-phosphogluconate dehydrogenase, decarboxylating	md:bsp_M00004	I	3934932	3936338	+
Bacillus subtilis PY79	bsp	U712_00265	NA	Ribose-phosphate pyrophosphokinase	md:bsp_M00005	I	57745	58698	+
Bacillus subtilis PY79	bsp	U712_06790	NA	Uncharacterized protein YkgB	md:bsp_M00006	I	1332913	1333962	-
Bacillus subtilis PY79	bsp	U712_11620	NA	Glucose-6-phosphate 1-dehydrogenase	md:bsp_M00006	I	2297024	2298493	+
Bacillus subtilis PY79	bsp	U712_11625	NA	6-phosphogluconate dehydrogenase, decarboxylating 2	md:bsp_M00006	I	2298616	2300025	-
Bacillus subtilis PY79	bsp	U712_12600	NA	Putative 6-phosphogluconate dehydrogenase YqeC	md:bsp_M00006	I	2468341	2469234	-
Bacillus subtilis PY79	bsp	U712_20280	NA	6-phosphogluconate dehydrogenase, decarboxylating	md:bsp_M00006	I	3934932	3936338	+
Bacillus subtilis PY79	bsp	U712_08310	NA	Ribulose-phosphate 3-epimerase	md:bsp_M00007	I	1617042	1617695	+
Bacillus subtilis PY79	bsp	U712_09415	NA	Transketolase	md:bsp_M00007	I	1882899	1884902	+
Bacillus subtilis PY79	bsp	U712_18585	NA	Putative sugar phosphate isomerase ywlF	md:bsp_M00007	I	3609054	3609503	-
Bacillus subtilis PY79	bsp	U712_18695	NA	putative transaldolase	md:bsp_M00007	I	3625609	3626247	-
Bacillus subtilis PY79	bsp	U712_06790	NA	Uncharacterized protein YkgB	md:bsp_M00008	I	1332913	1333962	-
Bacillus subtilis PY79	bsp	U712_10695	NA	KHG/KDPG aldolase	md:bsp_M00008	I	2140862	2141452	-
Bacillus subtilis PY79	bsp	U712_11620	NA	Glucose-6-phosphate 1-dehydrogenase	md:bsp_M00008	I	2297024	2298493	+
Bacillus subtilis PY79	bsp	U712_04100	NA	Dihydrolipoyl dehydrogenase	md:bsp_M00009	I	845300	846676	+
Bacillus subtilis PY79	bsp	U712_04805	NA	Citrate synthase 1	md:bsp_M00009	I	984091	985191	+
Bacillus subtilis PY79	bsp	U712_07680	NA	Dihydrolipoyl dehydrogenase	md:bsp_M00009	I	1494908	1496320	+
Bacillus subtilis PY79	bsp	U712_08455	NA	Succinyl-CoA ligase [ADP-forming] subunit beta	md:bsp_M00009	I	1643469	1644626	+
Bacillus subtilis PY79	bsp	U712_08460	NA	Succinyl-CoA ligase [ADP-forming] subunit alpha	md:bsp_M00009	I	1644655	1645557	+
Bacillus subtilis PY79	bsp	U712_09470	NA	Aconitate hydratase	md:bsp_M00009	I	1889718	1892447	+
Bacillus subtilis PY79	bsp	U712_10205	NA	Dihydrolipoyllysine-residue succinyltransferase component of 2-oxoglutarate dehydrogenase complex	md:bsp_M00009	I	2059760	2061013	-
Bacillus subtilis PY79	bsp	U712_10210	NA	2-oxoglutarate dehydrogenase E1 component	md:bsp_M00009	I	2061029	2063863	-
Bacillus subtilis PY79	bsp	U712_11725	NA	Dihydrolipoyl dehydrogenase	md:bsp_M00009	I	2317970	2319394	-
Bacillus subtilis PY79	bsp	U712_11765	NA	2-methylcitrate synthase	md:bsp_M00009	I	2327520	2328638	-
Bacillus subtilis PY79	bsp	U712_14045	NA	Succinate dehydrogenase iron-sulfur subunit	md:bsp_M00009	I	2723425	2724186	-
Bacillus subtilis PY79	bsp	U712_14050	NA	Succinate dehydrogenase flavoprotein subunit	md:bsp_M00009	I	2724189	2725949	-
Bacillus subtilis PY79	bsp	U712_14055	NA	Succinate dehydrogenase cytochrome b558 subunit	md:bsp_M00009	I	2725983	2726591	-
Bacillus subtilis PY79	bsp	U712_14415	NA	Malate dehydrogenase	md:bsp_M00009	I	2796588	2797526	-
Bacillus subtilis PY79	bsp	U712_14420	NA	Isocitrate dehydrogenase [NADP]	md:bsp_M00009	I	2797570	2798841	-
Bacillus subtilis PY79	bsp	U712_14425	NA	Citrate synthase 2	md:bsp_M00009	I	2799005	2800123	-
Bacillus subtilis PY79	bsp	U712_16510	NA	Fumarate hydratase class II	md:bsp_M00009	I	3206878	3208266	-
Bacillus subtilis PY79	bsp	U712_04805	NA	Citrate synthase 1	md:bsp_M00010	I	984091	985191	+
Bacillus subtilis PY79	bsp	U712_09470	NA	Aconitate hydratase	md:bsp_M00010	I	1889718	1892447	+
Bacillus subtilis PY79	bsp	U712_11765	NA	2-methylcitrate synthase	md:bsp_M00010	I	2327520	2328638	-
Bacillus subtilis PY79	bsp	U712_14420	NA	Isocitrate dehydrogenase [NADP]	md:bsp_M00010	I	2797570	2798841	-
Bacillus subtilis PY79	bsp	U712_14425	NA	Citrate synthase 2	md:bsp_M00010	I	2799005	2800123	-
Bacillus subtilis PY79	bsp	U712_04100	NA	Dihydrolipoyl dehydrogenase	md:bsp_M00011	I	845300	846676	+
Bacillus subtilis PY79	bsp	U712_07680	NA	Dihydrolipoyl dehydrogenase	md:bsp_M00011	I	1494908	1496320	+
Bacillus subtilis PY79	bsp	U712_08455	NA	Succinyl-CoA ligase [ADP-forming] subunit beta	md:bsp_M00011	I	1643469	1644626	+
Bacillus subtilis PY79	bsp	U712_08460	NA	Succinyl-CoA ligase [ADP-forming] subunit alpha	md:bsp_M00011	I	1644655	1645557	+
Bacillus subtilis PY79	bsp	U712_10205	NA	Dihydrolipoyllysine-residue succinyltransferase component of 2-oxoglutarate dehydrogenase complex	md:bsp_M00011	I	2059760	2061013	-
Bacillus subtilis PY79	bsp	U712_10210	NA	2-oxoglutarate dehydrogenase E1 component	md:bsp_M00011	I	2061029	2063863	-
Bacillus subtilis PY79	bsp	U712_11725	NA	Dihydrolipoyl dehydrogenase	md:bsp_M00011	I	2317970	2319394	-
Bacillus subtilis PY79	bsp	U712_14045	NA	Succinate dehydrogenase iron-sulfur subunit	md:bsp_M00011	I	2723425	2724186	-
Bacillus subtilis PY79	bsp	U712_14050	NA	Succinate dehydrogenase flavoprotein subunit	md:bsp_M00011	I	2724189	2725949	-
Bacillus subtilis PY79	bsp	U712_14055	NA	Succinate dehydrogenase cytochrome b558 subunit	md:bsp_M00011	I	2725983	2726591	-
Bacillus subtilis PY79	bsp	U712_14415	NA	Malate dehydrogenase	md:bsp_M00011	I	2796588	2797526	-
Bacillus subtilis PY79	bsp	U712_16510	NA	Fumarate hydratase class II	md:bsp_M00011	I	3206878	3208266	-
Bacillus subtilis PY79	bsp	U712_04805	NA	Citrate synthase 1	md:bsp_M00012	I	984091	985191	+
Bacillus subtilis PY79	bsp	U712_09470	NA	Aconitate hydratase	md:bsp_M00012	I	1889718	1892447	+
Bacillus subtilis PY79	bsp	U712_11765	NA	2-methylcitrate synthase	md:bsp_M00012	I	2327520	2328638	-
Bacillus subtilis PY79	bsp	U712_14415	NA	Malate dehydrogenase	md:bsp_M00012	I	2796588	2797526	-
Bacillus subtilis PY79	bsp	U712_14425	NA	Citrate synthase 2	md:bsp_M00012	I	2799005	2800123	-
Bacillus subtilis PY79	bsp	U712_20110	NA	Methylmalonate semialdehyde dehydrogenase [acylating] 2	md:bsp_M00013	I	3900772	3902235	-
Bacillus subtilis PY79	bsp	U712_03085	NA	Sorbitol dehydrogenase	md:bsp_M00014	I	630428	631561	+
Bacillus subtilis PY79	bsp	U712_09245	NA	Xylulose kinase	md:bsp_M00014	I	1856434	1857933	+
Bacillus subtilis PY79	bsp	U712_15330	NA	Putative UDP-glucose 6-dehydrogenase ytcA	md:bsp_M00014	I	2973580	2974866	+
Bacillus subtilis PY79	bsp	U712_17840	NA	UDP-glucose 6-dehydrogenase tuaD	md:bsp_M00014	I	3471993	3473387	-
Bacillus subtilis PY79	bsp	U712_18190	NA	UDP-glucose 6-dehydrogenase ywqF	md:bsp_M00014	I	3547342	3548664	-
Bacillus subtilis PY79	bsp	U712_06735	NA	Pyrroline-5-carboxylate reductase 3	md:bsp_M00015	I	1322491	1323309	+
Bacillus subtilis PY79	bsp	U712_06845	NA	Glutamate 5-kinase 1	md:bsp_M00015	I	1341533	1342630	+
Bacillus subtilis PY79	bsp	U712_06850	NA	Gamma-glutamyl phosphate reductase	md:bsp_M00015	I	1342642	1343889	+
Bacillus subtilis PY79	bsp	U712_09720	NA	Glutamate 5-kinase 2	md:bsp_M00015	I	1967988	1969103	-
Bacillus subtilis PY79	bsp	U712_09725	NA	Pyrroline-5-carboxylate reductase 1	md:bsp_M00015	I	1969100	1969915	-
Bacillus subtilis PY79	bsp	U712_11595	NA	Pyrroline-5-carboxylate reductase 2	md:bsp_M00015	I	2291019	2291855	+
Bacillus subtilis PY79	bsp	U712_01970	NA	putative aspartokinase	md:bsp_M00016	I	430615	431979	-
Bacillus subtilis PY79	bsp	U712_05760	NA	Acetylornithine aminotransferase	md:bsp_M00016	I	1161133	1162290	+
Bacillus subtilis PY79	bsp	U712_08790	NA	Aspartate-semialdehyde dehydrogenase	md:bsp_M00016	I	1709028	1710068	+
Bacillus subtilis PY79	bsp	U712_08795	NA	Aspartokinase 1	md:bsp_M00016	I	1710160	1711374	+
Bacillus subtilis PY79	bsp	U712_08800	NA	Dihydrodipicolinate synthase	md:bsp_M00016	I	1711405	1712277	+
Bacillus subtilis PY79	bsp	U712_10895	NA	Dihydrodipicolinate reductase	md:bsp_M00016	I	2177192	2177995	-
Bacillus subtilis PY79	bsp	U712_11365	NA	Diaminopimelate decarboxylase	md:bsp_M00016	I	2254815	2256140	-
Bacillus subtilis PY79	bsp	U712_14065	NA	Aspartokinase 2	md:bsp_M00016	I	2727374	2728600	-
Bacillus subtilis PY79	bsp	U712_14890	NA	Putative dipeptidase ytjP	md:bsp_M00016	I	2885275	2886666	-
Bacillus subtilis PY79	bsp	U712_16035	NA	Diaminopimelate epimerase	md:bsp_M00016	I	3123894	3124748	-
Bacillus subtilis PY79	bsp	U712_01970	NA	putative aspartokinase	md:bsp_M00017	I	430615	431979	-
Bacillus subtilis PY79	bsp	U712_05635	NA	Bifunctional homocysteine S-methyltransferase/5,10-methylenetetrahydrofolate reductase	md:bsp_M00017	I	1141791	1143629	-
Bacillus subtilis PY79	bsp	U712_06130	NA	Cystathionine gamma-synthase	md:bsp_M00017	I	1221502	1222647	+
Bacillus subtilis PY79	bsp	U712_06135	NA	Cystathionine beta-lyase metC	md:bsp_M00017	I	1222640	1223812	+
Bacillus subtilis PY79	bsp	U712_06880	NA	5-methyltetrahydropteroyltriglutamate--homocysteine methyltransferase	md:bsp_M00017	I	1346357	1348645	-
Bacillus subtilis PY79	bsp	U712_08790	NA	Aspartate-semialdehyde dehydrogenase	md:bsp_M00017	I	1709028	1710068	+
Bacillus subtilis PY79	bsp	U712_08795	NA	Aspartokinase 1	md:bsp_M00017	I	1710160	1711374	+
Bacillus subtilis PY79	bsp	U712_10590	NA	Homoserine O-succinyltransferase	md:bsp_M00017	I	2123231	2124136	+
Bacillus subtilis PY79	bsp	U712_14065	NA	Aspartokinase 2	md:bsp_M00017	I	2727374	2728600	-
Bacillus subtilis PY79	bsp	U712_15655	NA	Cystathionine beta-lyase PatB	md:bsp_M00017	I	3046632	3047795	+
Bacillus subtilis PY79	bsp	U712_16080	NA	Homoserine dehydrogenase	md:bsp_M00017	I	3132682	3133983	-
Bacillus subtilis PY79	bsp	U712_19680	NA	Uncharacterized protein yxjH	md:bsp_M00017	I	3815816	3816949	+
Bacillus subtilis PY79	bsp	U712_01970	NA	putative aspartokinase	md:bsp_M00018	I	430615	431979	-
Bacillus subtilis PY79	bsp	U712_08790	NA	Aspartate-semialdehyde dehydrogenase	md:bsp_M00018	I	1709028	1710068	+
Bacillus subtilis PY79	bsp	U712_08795	NA	Aspartokinase 1	md:bsp_M00018	I	1710160	1711374	+
Bacillus subtilis PY79	bsp	U712_14065	NA	Aspartokinase 2	md:bsp_M00018	I	2727374	2728600	-
Bacillus subtilis PY79	bsp	U712_16070	NA	Homoserine kinase	md:bsp_M00018	I	3130698	3131627	-
Bacillus subtilis PY79	bsp	U712_16075	NA	Threonine synthase	md:bsp_M00018	I	3131624	3132682	-
Bacillus subtilis PY79	bsp	U712_16080	NA	Homoserine dehydrogenase	md:bsp_M00018	I	3132682	3133983	-
Bacillus subtilis PY79	bsp	U712_01215	NA	Branched-chain-amino-acid transaminase 1	md:bsp_M00019	I	259021	260091	+
Bacillus subtilis PY79	bsp	U712_10570	NA	Dihydroxy-acid dehydratase	md:bsp_M00019	I	2118615	2120291	-
Bacillus subtilis PY79	bsp	U712_13960	NA	Ketol-acid reductoisomerase	md:bsp_M00019	I	2711535	2712563	-
Bacillus subtilis PY79	bsp	U712_13965	NA	Acetolactate synthase small subunit	md:bsp_M00019	I	2712587	2713105	-
Bacillus subtilis PY79	bsp	U712_13970	NA	Acetolactate synthase large subunit	md:bsp_M00019	I	2713102	2714826	-
Bacillus subtilis PY79	bsp	U712_18080	NA	Acetolactate synthase	md:bsp_M00019	I	3527482	3529197	-
Bacillus subtilis PY79	bsp	U712_19475	NA	Branched-chain-amino-acid aminotransferase 2	md:bsp_M00019	I	3775243	3776334	+
Bacillus subtilis PY79	bsp	U712_05105	NA	Phosphoserine aminotransferase	md:bsp_M00020	I	1038323	1039402	-
Bacillus subtilis PY79	bsp	U712_09770	NA	Putative 2-hydroxyacid dehydrogenase yoaD	md:bsp_M00020	I	1976297	1977331	-
Bacillus subtilis PY79	bsp	U712_11200	NA	D-3-phosphoglycerate dehydrogenase	md:bsp_M00020	I	2228954	2230531	+
Bacillus subtilis PY79	bsp	U712_14315	NA	Putative uncharacterized hydrolase ysaA	md:bsp_M00020	I	2776240	2777070	+
Bacillus subtilis PY79	bsp	U712_00375	NA	Cysteine synthase	md:bsp_M00021	I	81771	82697	+
Bacillus subtilis PY79	bsp	U712_00485	NA	Serine acetyltransferase	md:bsp_M00021	I	112809	113450	+
Bacillus subtilis PY79	bsp	U712_14885	NA	putative cysteine synthase	md:bsp_M00021	I	2884306	2885241	+
Bacillus subtilis PY79	bsp	U712_01625	NA	Shikimate kinase	md:bsp_M00022	I	340030	340590	+
Bacillus subtilis PY79	bsp	U712_10955	NA	3-phosphoshikimate 1-carboxyvinyltransferase	md:bsp_M00022	I	2185814	2187100	-
Bacillus subtilis PY79	bsp	U712_11005	NA	3-dehydroquinate synthase	md:bsp_M00022	I	2195877	2196965	-
Bacillus subtilis PY79	bsp	U712_11010	NA	Chorismate synthase	md:bsp_M00022	I	2196965	2198137	-
Bacillus subtilis PY79	bsp	U712_11205	NA	3-dehydroquinate dehydratase	md:bsp_M00022	I	2230574	2231341	-
Bacillus subtilis PY79	bsp	U712_11945	NA	3-dehydroquinate dehydratase	md:bsp_M00022	I	2357621	2358067	-
Bacillus subtilis PY79	bsp	U712_12565	NA	Shikimate dehydrogenase	md:bsp_M00022	I	2462484	2463326	-
Bacillus subtilis PY79	bsp	U712_14775	NA	Protein AroA(G)	md:bsp_M00022	I	2863299	2864384	-
Bacillus subtilis PY79	bsp	U712_10970	NA	Tryptophan synthase alpha chain	md:bsp_M00023	I	2189370	2190173	-
Bacillus subtilis PY79	bsp	U712_10975	NA	Tryptophan synthase beta chain	md:bsp_M00023	I	2190166	2191368	-
Bacillus subtilis PY79	bsp	U712_10980	NA	N-(5'-phosphoribosyl)anthranilate isomerase	md:bsp_M00023	I	2191349	2191996	-
Bacillus subtilis PY79	bsp	U712_10985	NA	Indole-3-glycerol phosphate synthase	md:bsp_M00023	I	2192001	2192753	-
Bacillus subtilis PY79	bsp	U712_10990	NA	Anthranilate phosphoribosyltransferase	md:bsp_M00023	I	2192746	2193762	-
Bacillus subtilis PY79	bsp	U712_10995	NA	Anthranilate synthase component 1	md:bsp_M00023	I	2193734	2195281	-
Bacillus subtilis PY79	bsp	U712_11000	NA	Chorismate mutase	md:bsp_M00024	I	2195497	2195880	-
Bacillus subtilis PY79	bsp	U712_13745	NA	Prephenate dehydratase	md:bsp_M00024	I	2669137	2669994	-
Bacillus subtilis PY79	bsp	U712_13750	NA	Hypothetical Protein	md:bsp_M00024	I	2670011	2670454	-
Bacillus subtilis PY79	bsp	U712_10960	NA	Prephenate dehydrogenase	md:bsp_M00025	I	2187112	2188227	-
Bacillus subtilis PY79	bsp	U712_11000	NA	Chorismate mutase	md:bsp_M00025	I	2195497	2195880	-
Bacillus subtilis PY79	bsp	U712_13750	NA	Hypothetical Protein	md:bsp_M00025	I	2670011	2670454	-
Bacillus subtilis PY79	bsp	U712_10965	NA	Histidinol-phosphate aminotransferase	md:bsp_M00026	I	2188276	2189358	-
Bacillus subtilis PY79	bsp	U712_14700	NA	Histidinol-phosphatase	md:bsp_M00026	I	2849468	2850274	+
Bacillus subtilis PY79	bsp	U712_17455	NA	Histidine biosynthesis bifunctional protein HisIE	md:bsp_M00026	I	3400790	3401419	-
Bacillus subtilis PY79	bsp	U712_17460	NA	Imidazole glycerol phosphate synthase subunit hisF	md:bsp_M00026	I	3401416	3402174	-
Bacillus subtilis PY79	bsp	U712_17465	NA	1-(5-phosphoribosyl)-5-[(5-phosphoribosylamino)methylideneamino] imidazole-4-carboxamide isomerase	md:bsp_M00026	I	3402171	3402908	-
Bacillus subtilis PY79	bsp	U712_17470	NA	Imidazole glycerol phosphate synthase subunit hisH	md:bsp_M00026	I	3402905	3403543	-
Bacillus subtilis PY79	bsp	U712_17475	NA	Imidazoleglycerol-phosphate dehydratase	md:bsp_M00026	I	3403544	3404128	-
Bacillus subtilis PY79	bsp	U712_17480	NA	Histidinol dehydrogenase	md:bsp_M00026	I	3404125	3405408	-
Bacillus subtilis PY79	bsp	U712_17485	NA	ATP phosphoribosyltransferase	md:bsp_M00026	I	3405405	3406028	-
Bacillus subtilis PY79	bsp	U712_17490	NA	ATP phosphoribosyltransferase regulatory subunit	md:bsp_M00026	I	3406039	3407214	-
Bacillus subtilis PY79	bsp	U712_02025	NA	putative 4-aminobutyrate aminotransferase	md:bsp_M00027	I	441563	442873	+
Bacillus subtilis PY79	bsp	U712_02030	NA	Succinate-semialdehyde dehydrogenase [NADP+]	md:bsp_M00027	I	442888	444330	+
Bacillus subtilis PY79	bsp	U712_05745	NA	N-acetyl-gamma-glutamyl-phosphate reductase	md:bsp_M00028	I	1158068	1159105	+
Bacillus subtilis PY79	bsp	U712_05750	NA	Arginine biosynthesis bifunctional protein ArgJ	md:bsp_M00028	I	1159125	1160345	+
Bacillus subtilis PY79	bsp	U712_05755	NA	Acetylglutamate kinase	md:bsp_M00028	I	1160360	1161136	+
Bacillus subtilis PY79	bsp	U712_05760	NA	Acetylornithine aminotransferase	md:bsp_M00028	I	1161133	1162290	+
Bacillus subtilis PY79	bsp	U712_10410	NA	putative metallohydrolase yodQ	md:bsp_M00028	I	2093958	2095262	-
Bacillus subtilis PY79	bsp	U712_05775	NA	Ornithine carbamoyltransferase	md:bsp_M00029	I	1166495	1167454	+
Bacillus subtilis PY79	bsp	U712_14600	NA	Argininosuccinate lyase	md:bsp_M00029	I	2829605	2830990	-
Bacillus subtilis PY79	bsp	U712_14605	NA	Argininosuccinate synthase	md:bsp_M00029	I	2830987	2832198	-
Bacillus subtilis PY79	bsp	U712_20415	NA	Arginase	md:bsp_M00029	I	3959563	3960453	-
Bacillus subtilis PY79	bsp	U712_04100	NA	Dihydrolipoyl dehydrogenase	md:bsp_M00032	I	845300	846676	+
Bacillus subtilis PY79	bsp	U712_07680	NA	Dihydrolipoyl dehydrogenase	md:bsp_M00032	I	1494908	1496320	+
Bacillus subtilis PY79	bsp	U712_10205	NA	Dihydrolipoyllysine-residue succinyltransferase component of 2-oxoglutarate dehydrogenase complex	md:bsp_M00032	I	2059760	2061013	-
Bacillus subtilis PY79	bsp	U712_11725	NA	Dihydrolipoyl dehydrogenase	md:bsp_M00032	I	2317970	2319394	-
Bacillus subtilis PY79	bsp	U712_01970	NA	putative aspartokinase	md:bsp_M00033	I	430615	431979	-
Bacillus subtilis PY79	bsp	U712_08790	NA	Aspartate-semialdehyde dehydrogenase	md:bsp_M00033	I	1709028	1710068	+
Bacillus subtilis PY79	bsp	U712_08795	NA	Aspartokinase 1	md:bsp_M00033	I	1710160	1711374	+
Bacillus subtilis PY79	bsp	U712_14065	NA	Aspartokinase 2	md:bsp_M00033	I	2727374	2728600	-
Bacillus subtilis PY79	bsp	U712_07090	NA	Methylthioribose-1-phosphate isomerase	md:bsp_M00034	I	1385210	1386271	-
Bacillus subtilis PY79	bsp	U712_07095	NA	Methylthioribose kinase	md:bsp_M00034	I	1386279	1387475	-
Bacillus subtilis PY79	bsp	U712_07105	NA	Transaminase MtnE	md:bsp_M00034	I	1388679	1389875	+
Bacillus subtilis PY79	bsp	U712_07110	NA	2,3-diketo-5-methylthiopentyl-1-phosphate enolase	md:bsp_M00034	I	1390072	1391316	+
Bacillus subtilis PY79	bsp	U712_07120	NA	Acireductone dioxygenase	md:bsp_M00034	I	1392622	1393158	+
Bacillus subtilis PY79	bsp	U712_08095	NA	UPF0124 protein ylmD	md:bsp_M00034	I	1572410	1573201	+
Bacillus subtilis PY79	bsp	U712_13405	NA	5'-methylthioadenosine/S-adenosylhomocysteine nucleosidase	md:bsp_M00034	I	2604984	2605655	-
Bacillus subtilis PY79	bsp	U712_14355	NA	S-adenosylmethionine decarboxylase proenzyme	md:bsp_M00034	I	2784267	2784647	-
Bacillus subtilis PY79	bsp	U712_15175	NA	S-adenosylmethionine synthase	md:bsp_M00034	I	2945680	2946882	-
Bacillus subtilis PY79	bsp	U712_18895	NA	Spermidine synthase	md:bsp_M00034	I	3666641	3667471	-
Bacillus subtilis PY79	bsp	U712_03040	NA	putative BsuMI modification methylase subunit ydiO	md:bsp_M00035	I	618257	619540	+
Bacillus subtilis PY79	bsp	U712_03045	NA	putative BsuMI modification methylase subunit ydiP	md:bsp_M00035	I	619562	620731	+
Bacillus subtilis PY79	bsp	U712_15175	NA	S-adenosylmethionine synthase	md:bsp_M00035	I	2945680	2946882	-
Bacillus subtilis PY79	bsp	U712_01215	NA	Branched-chain-amino-acid transaminase 1	md:bsp_M00036	I	259021	260091	+
Bacillus subtilis PY79	bsp	U712_04100	NA	Dihydrolipoyl dehydrogenase	md:bsp_M00036	I	845300	846676	+
Bacillus subtilis PY79	bsp	U712_07680	NA	Dihydrolipoyl dehydrogenase	md:bsp_M00036	I	1494908	1496320	+
Bacillus subtilis PY79	bsp	U712_09600	NA	Hydroxymethylglutaryl-CoA lyase yngG	md:bsp_M00036	I	1915068	1915967	-
Bacillus subtilis PY79	bsp	U712_11710	NA	Lipoamide acyltransferase component of branched-chain alpha-keto acid dehydrogenase complex	md:bsp_M00036	I	2314662	2315936	-
Bacillus subtilis PY79	bsp	U712_11715	NA	2-oxoisovalerate dehydrogenase subunit beta	md:bsp_M00036	I	2315959	2316942	-
Bacillus subtilis PY79	bsp	U712_11720	NA	2-oxoisovalerate dehydrogenase subunit alpha	md:bsp_M00036	I	2316956	2317948	-
Bacillus subtilis PY79	bsp	U712_11725	NA	Dihydrolipoyl dehydrogenase	md:bsp_M00036	I	2317970	2319394	-
Bacillus subtilis PY79	bsp	U712_19475	NA	Branched-chain-amino-acid aminotransferase 2	md:bsp_M00036	I	3775243	3776334	+
Bacillus subtilis PY79	bsp	U712_19905	NA	Histidine ammonia-lyase	md:bsp_M00045	I	3859903	3861429	+
Bacillus subtilis PY79	bsp	U712_19910	NA	Urocanate hydratase	md:bsp_M00045	I	3861426	3863084	+
Bacillus subtilis PY79	bsp	U712_19915	NA	Imidazolonepropionase	md:bsp_M00045	I	3863097	3864362	+
Bacillus subtilis PY79	bsp	U712_19920	NA	Formimidoylglutamase	md:bsp_M00045	I	3864355	3865314	+
Bacillus subtilis PY79	bsp	U712_01135	NA	Phosphoribosylglycinamide formyltransferase 2	md:bsp_M00048	I	243897	245051	+
Bacillus subtilis PY79	bsp	U712_03240	NA	N5-carboxyaminoimidazole ribonucleotide mutase	md:bsp_M00048	I	661646	662134	+
Bacillus subtilis PY79	bsp	U712_03245	NA	N5-carboxyaminoimidazole ribonucleotide synthase	md:bsp_M00048	I	662127	663269	+
Bacillus subtilis PY79	bsp	U712_03250	NA	Adenylosuccinate lyase	md:bsp_M00048	I	663266	664561	+
Bacillus subtilis PY79	bsp	U712_03255	NA	Phosphoribosylaminoimidazole-succinocarboxamide synthase	md:bsp_M00048	I	664635	665360	+
Bacillus subtilis PY79	bsp	U712_03260	NA	UPF0062 protein yexA	md:bsp_M00048	I	665353	665607	+
Bacillus subtilis PY79	bsp	U712_03265	NA	Phosphoribosylformylglycinamidine synthase 1	md:bsp_M00048	I	665604	666287	+
Bacillus subtilis PY79	bsp	U712_03270	NA	Phosphoribosylformylglycinamidine synthase 2	md:bsp_M00048	I	666271	668499	+
Bacillus subtilis PY79	bsp	U712_03275	NA	Amidophosphoribosyltransferase	md:bsp_M00048	I	668475	669905	+
Bacillus subtilis PY79	bsp	U712_03280	NA	Phosphoribosylformylglycinamidine cyclo-ligase	md:bsp_M00048	I	670007	671047	+
Bacillus subtilis PY79	bsp	U712_03285	NA	Phosphoribosylglycinamide formyltransferase	md:bsp_M00048	I	671044	671631	+
Bacillus subtilis PY79	bsp	U712_03290	NA	Bifunctional purine biosynthesis protein purH	md:bsp_M00048	I	671628	673166	+
Bacillus subtilis PY79	bsp	U712_03295	NA	Phosphoribosylamine--glycine ligase	md:bsp_M00048	I	673182	674450	+
Bacillus subtilis PY79	bsp	U712_00700	NA	Adenylate kinase	md:bsp_M00049	I	145874	146527	+
Bacillus subtilis PY79	bsp	U712_03250	NA	Adenylosuccinate lyase	md:bsp_M00049	I	663266	664561	+
Bacillus subtilis PY79	bsp	U712_11020	NA	Nucleoside diphosphate kinase	md:bsp_M00049	I	2199222	2199668	-
Bacillus subtilis PY79	bsp	U712_20480	NA	Adenylosuccinate synthetase	md:bsp_M00049	I	3973286	3974578	-
Bacillus subtilis PY79	bsp	U712_00050	NA	Inosine-5'-monophosphate dehydrogenase	md:bsp_M00050	I	15915	17381	+
Bacillus subtilis PY79	bsp	U712_03210	NA	GMP synthase	md:bsp_M00050	I	655765	657315	+
Bacillus subtilis PY79	bsp	U712_08255	NA	Guanylate kinase	md:bsp_M00050	I	1604987	1605601	+
Bacillus subtilis PY79	bsp	U712_11020	NA	Nucleoside diphosphate kinase	md:bsp_M00050	I	2199222	2199668	-
Bacillus subtilis PY79	bsp	U712_05765	NA	Carbamoyl-phosphate synthase arginine-specific small chain	md:bsp_M00051	I	1162361	1163422	+
Bacillus subtilis PY79	bsp	U712_05770	NA	Carbamoyl-phosphate synthase arginine-specific large chain	md:bsp_M00051	I	1163415	1166507	+
Bacillus subtilis PY79	bsp	U712_08160	NA	Aspartate carbamoyltransferase	md:bsp_M00051	I	1583514	1584428	+
Bacillus subtilis PY79	bsp	U712_08165	NA	Dihydroorotase	md:bsp_M00051	I	1584412	1585698	+
Bacillus subtilis PY79	bsp	U712_08170	NA	Carbamoyl-phosphate synthase pyrimidine-specific small chain	md:bsp_M00051	I	1585695	1586789	+
Bacillus subtilis PY79	bsp	U712_08175	NA	Carbamoyl-phosphate synthase pyrimidine-specific large chain	md:bsp_M00051	I	1586774	1589989	+
Bacillus subtilis PY79	bsp	U712_08185	NA	Dihydroorotate dehydrogenase B (NAD(+)), catalytic subunit	md:bsp_M00051	I	1590756	1591691	+
Bacillus subtilis PY79	bsp	U712_08190	NA	Orotidine 5'-phosphate decarboxylase	md:bsp_M00051	I	1591660	1592379	+
Bacillus subtilis PY79	bsp	U712_08195	NA	Orotate phosphoribosyltransferase	md:bsp_M00051	I	1592376	1593008	+
Bacillus subtilis PY79	bsp	U712_08670	NA	Uridylate kinase	md:bsp_M00052	I	1682840	1683562	+
Bacillus subtilis PY79	bsp	U712_11020	NA	Nucleoside diphosphate kinase	md:bsp_M00052	I	2199222	2199668	-
Bacillus subtilis PY79	bsp	U712_18715	NA	CTP synthase	md:bsp_M00052	I	3628548	3630155	-
Bacillus subtilis PY79	bsp	U712_09120	NA	Ribonucleoside-diphosphate reductase subunit alpha	md:bsp_M00053	I	1832007	1834109	+
Bacillus subtilis PY79	bsp	U712_09125	NA	Ribonucleoside-diphosphate reductase subunit beta	md:bsp_M00053	I	1834127	1835116	+
Bacillus subtilis PY79	bsp	U712_11020	NA	Nucleoside diphosphate kinase	md:bsp_M00053	I	2199222	2199668	-
Bacillus subtilis PY79	bsp	U712_06390	NA	Uronate isomerase	md:bsp_M00061	I	1263466	1264905	+
Bacillus subtilis PY79	bsp	U712_06410	NA	Mannonate dehydratase	md:bsp_M00061	I	1268520	1269599	+
Bacillus subtilis PY79	bsp	U712_10695	NA	KHG/KDPG aldolase	md:bsp_M00061	I	2140862	2141452	-
Bacillus subtilis PY79	bsp	U712_10700	NA	2-dehydro-3-deoxygluconokinase	md:bsp_M00061	I	2141454	2142428	-
Bacillus subtilis PY79	bsp	U712_05185	NA	3-oxoacyl-[acyl-carrier-protein] synthase 3 protein 2	md:bsp_M00082	I	1055804	1056781	-
Bacillus subtilis PY79	bsp	U712_05820	NA	3-oxoacyl-[acyl-carrier-protein] synthase 3 protein 1	md:bsp_M00082	I	1171256	1172194	+
Bacillus subtilis PY79	bsp	U712_08360	NA	Malonyl CoA-acyl carrier protein transacylase	md:bsp_M00082	I	1626605	1627558	+
Bacillus subtilis PY79	bsp	U712_09605	NA	Biotin/lipoyl attachment protein	md:bsp_M00082	I	1915982	1916203	-
Bacillus subtilis PY79	bsp	U712_09610	NA	Biotin carboxylase 2	md:bsp_M00082	I	1916218	1917552	-
Bacillus subtilis PY79	bsp	U712_11880	NA	Biotin carboxylase 1	md:bsp_M00082	I	2348220	2349572	-
Bacillus subtilis PY79	bsp	U712_11885	NA	Biotin carboxyl carrier protein of acetyl-CoA carboxylase	md:bsp_M00082	I	2349584	2350063	-
Bacillus subtilis PY79	bsp	U712_14465	NA	Acetyl-coenzyme A carboxylase carboxyl transferase subunit alpha	md:bsp_M00082	I	2805585	2806562	-
Bacillus subtilis PY79	bsp	U712_14470	NA	Acetyl-coenzyme A carboxylase carboxyl transferase subunit beta	md:bsp_M00082	I	2806547	2807419	-
Bacillus subtilis PY79	bsp	U712_04400	NA	Enoyl-[acyl-carrier-protein] reductase [NADPH] FabL	md:bsp_M00083	I	900113	900865	+
Bacillus subtilis PY79	bsp	U712_05825	NA	3-oxoacyl-[acyl-carrier-protein] synthase 2	md:bsp_M00083	I	1172217	1173458	+
Bacillus subtilis PY79	bsp	U712_06030	NA	Enoyl-[acyl-carrier-protein] reductase [NADH] FabI	md:bsp_M00083	I	1210822	1211598	+
Bacillus subtilis PY79	bsp	U712_06200	NA	putative oxidoreductase yjdA	md:bsp_M00083	I	1231863	1232618	+
Bacillus subtilis PY79	bsp	U712_08365	NA	3-oxoacyl-[acyl-carrier-protein] reductase FabG	md:bsp_M00083	I	1627551	1628291	+
Bacillus subtilis PY79	bsp	U712_08850	NA	putative oxidoreductase ymfI	md:bsp_M00083	I	1722656	1723420	+
Bacillus subtilis PY79	bsp	U712_09740	NA	putative oxidoreductase yoxD	md:bsp_M00083	I	1970809	1971525	-
Bacillus subtilis PY79	bsp	U712_14590	NA	Putative oxidoreductase ytkK	md:bsp_M00083	I	2828515	2829282	-
Bacillus subtilis PY79	bsp	U712_16815	NA	putative oxidoreductase yvaG	md:bsp_M00083	I	3267586	3268380	-
Bacillus subtilis PY79	bsp	U712_18275	NA	(3R)-hydroxymyristoyl-[acyl-carrier-protein] dehydratase	md:bsp_M00083	I	3561586	3562011	-
Bacillus subtilis PY79	bsp	U712_02165	NA	Putative acyl--CoA ligase YdaB	md:bsp_M00086	I	469418	470929	+
Bacillus subtilis PY79	bsp	U712_05235	NA	Long-chain-fatty-acid--CoA ligase	md:bsp_M00086	I	1064014	1065555	+
Bacillus subtilis PY79	bsp	U712_05290	NA	putative acyl--CoA ligase YhfT	md:bsp_M00086	I	1073513	1074952	-
Bacillus subtilis PY79	bsp	U712_14120	NA	Long-chain-fatty-acid--CoA ligase	md:bsp_M00086	I	2736500	2738182	-
Bacillus subtilis PY79	bsp	U712_14110	NA	putative enoyl-CoA hydratase	md:bsp_M00087	I	2735020	2735796	-
Bacillus subtilis PY79	bsp	U712_16400	NA	3-ketoacyl-CoA thiolase	md:bsp_M00087	I	3186693	3187868	-
Bacillus subtilis PY79	bsp	U712_16405	NA	putative 3-hydroxyacyl-CoA dehydrogenase	md:bsp_M00087	I	3187879	3190248	-
Bacillus subtilis PY79	bsp	U712_05285	NA	Putative acetyl-CoA C-acetyltransferase yhfS	md:bsp_M00088	I	1072422	1073516	-
Bacillus subtilis PY79	bsp	U712_09600	NA	Hydroxymethylglutaryl-CoA lyase yngG	md:bsp_M00088	I	1915068	1915967	-
Bacillus subtilis PY79	bsp	U712_11780	NA	Acetyl-CoA acetyltransferase	md:bsp_M00088	I	2330727	2331908	-
Bacillus subtilis PY79	bsp	U712_19690	NA	putative oxidoreductase yxjF	md:bsp_M00088	I	3818391	3819164	-
Bacillus subtilis PY79	bsp	U712_04855	NA	1-acyl-sn-glycerol-3-phosphate acyltransferase	md:bsp_M00089	I	994429	995028	+
Bacillus subtilis PY79	bsp	U712_01155	NA	CDP-diacylglycerol--serine O-phosphatidyltransferase	md:bsp_M00093	I	247767	248282	+
Bacillus subtilis PY79	bsp	U712_01165	NA	Phosphatidylserine decarboxylase proenzyme	md:bsp_M00093	I	248754	249545	+
Bacillus subtilis PY79	bsp	U712_08685	NA	Phosphatidate cytidylyltransferase	md:bsp_M00093	I	1685047	1685847	+
Bacillus subtilis PY79	bsp	U712_05285	NA	Putative acetyl-CoA C-acetyltransferase yhfS	md:bsp_M00095	I	1072422	1073516	-
Bacillus subtilis PY79	bsp	U712_11100	NA	Isopentenyl-diphosphate delta-isomerase	md:bsp_M00095	I	2211470	2212477	-
Bacillus subtilis PY79	bsp	U712_11780	NA	Acetyl-CoA acetyltransferase	md:bsp_M00095	I	2330727	2331908	-
Bacillus subtilis PY79	bsp	U712_00235	NA	4-diphosphocytidyl-2-C-methyl-D-erythritol kinase	md:bsp_M00096	I	53507	54385	+
Bacillus subtilis PY79	bsp	U712_00460	NA	2-C-methyl-D-erythritol 4-phosphate cytidylyltransferase	md:bsp_M00096	I	109786	110484	+
Bacillus subtilis PY79	bsp	U712_00465	NA	2-C-methyl-D-erythritol 2,4-cyclodiphosphate synthase	md:bsp_M00096	I	110477	110953	+
Bacillus subtilis PY79	bsp	U712_08690	NA	1-deoxy-D-xylulose 5-phosphate reductoisomerase	md:bsp_M00096	I	1685909	1687060	+
Bacillus subtilis PY79	bsp	U712_11100	NA	Isopentenyl-diphosphate delta-isomerase	md:bsp_M00096	I	2211470	2212477	-
Bacillus subtilis PY79	bsp	U712_11845	NA	1-deoxy-D-xylulose-5-phosphate synthase	md:bsp_M00096	I	2341579	2343480	-
Bacillus subtilis PY79	bsp	U712_12250	NA	4-hydroxy-3-methylbut-2-en-1-yl diphosphate synthase	md:bsp_M00096	I	2406995	2408122	+
Bacillus subtilis PY79	bsp	U712_12295	NA	4-hydroxy-3-methylbut-2-enyl diphosphate reductase	md:bsp_M00096	I	2414401	2415345	+
Bacillus subtilis PY79	bsp	U712_05530	NA	Putative phytoene/squalene synthase yisP	md:bsp_M00097	I	1122977	1123780	+
Bacillus subtilis PY79	bsp	U712_01395	NA	Lipase estA	md:bsp_M00098	I	292210	292848	+
Bacillus subtilis PY79	bsp	U712_04245	NA	Extracellular esterase estB	md:bsp_M00098	I	873053	873685	+
Bacillus subtilis PY79	bsp	U712_02940	NA	putative mannose-6-phosphate isomerase gmuF	md:bsp_M00114	I	594842	595789	+
Bacillus subtilis PY79	bsp	U712_06220	NA	Mannose-6-phosphate isomerase manA	md:bsp_M00114	I	1237726	1238673	+
Bacillus subtilis PY79	bsp	U712_17965	NA	Putative mannose-6-phosphate isomerase yvyI	md:bsp_M00114	I	3505451	3506401	-
Bacillus subtilis PY79	bsp	U712_01615	NA	NH(3)-dependent NAD(+) synthetase	md:bsp_M00115	I	338293	339111	+
Bacillus subtilis PY79	bsp	U712_12555	NA	Nicotinate-nucleotide adenylyltransferase	md:bsp_M00115	I	2461619	2462188	-
Bacillus subtilis PY79	bsp	U712_13720	NA	Quinolinate synthase A	md:bsp_M00115	I	2663809	2664915	-
Bacillus subtilis PY79	bsp	U712_13725	NA	putative nicotinate-nucleotide pyrophosphorylase	md:bsp_M00115	I	2664902	2665771	-
Bacillus subtilis PY79	bsp	U712_13730	NA	L-aspartate oxidase	md:bsp_M00115	I	2665725	2667320	-
Bacillus subtilis PY79	bsp	U712_11030	NA	Demethylmenaquinone methyltransferase	md:bsp_M00116	I	2200775	2201476	-
Bacillus subtilis PY79	bsp	U712_15290	NA	o-succinylbenzoate synthase	md:bsp_M00116	I	2964093	2965208	-
Bacillus subtilis PY79	bsp	U712_15295	NA	2-succinylbenzoate--CoA ligase	md:bsp_M00116	I	2965205	2966665	-
Bacillus subtilis PY79	bsp	U712_15300	NA	1,4-Dihydroxy-2-naphthoyl-CoA synthase	md:bsp_M00116	I	2966756	2967571	-
Bacillus subtilis PY79	bsp	U712_15305	NA	Putative esterase ytxM	md:bsp_M00116	I	2967606	2968430	-
Bacillus subtilis PY79	bsp	U712_15310	NA	2-succinyl-5-enolpyruvyl-6-hydroxy-3-cyclohexene-1-carboxylate synthase	md:bsp_M00116	I	2968418	2970160	-
Bacillus subtilis PY79	bsp	U712_15315	NA	Menaquinone-specific isochorismate synthase	md:bsp_M00116	I	2970157	2971617	-
Bacillus subtilis PY79	bsp	U712_15775	NA	Putative esterase ComA2	md:bsp_M00116	I	3070259	3070639	-
Bacillus subtilis PY79	bsp	U712_19430	NA	putative 1,4-dihydroxy-2-naphthoate octaprenyltransferase	md:bsp_M00116	I	3768578	3769462	-
Bacillus subtilis PY79	bsp	U712_01880	NA	Phenolic acid decarboxylase subunit B	md:bsp_M00117	I	412532	413146	+
Bacillus subtilis PY79	bsp	U712_11030	NA	Demethylmenaquinone methyltransferase	md:bsp_M00117	I	2200775	2201476	-
Bacillus subtilis PY79	bsp	U712_01215	NA	Branched-chain-amino-acid transaminase 1	md:bsp_M00119	I	259021	260091	+
Bacillus subtilis PY79	bsp	U712_07585	NA	putative oxidoreductase ykpB	md:bsp_M00119	I	1477090	1478001	+
Bacillus subtilis PY79	bsp	U712_07965	NA	putative 2-dehydropantoate 2-reductase	md:bsp_M00119	I	1540447	1541343	+
Bacillus subtilis PY79	bsp	U712_10850	NA	Aspartate 1-decarboxylase	md:bsp_M00119	I	2170445	2170828	-
Bacillus subtilis PY79	bsp	U712_10855	NA	Pantothenate synthetase	md:bsp_M00119	I	2170830	2171690	-
Bacillus subtilis PY79	bsp	U712_10860	NA	3-methyl-2-oxobutanoate hydroxymethyltransferase	md:bsp_M00119	I	2171692	2172525	-
Bacillus subtilis PY79	bsp	U712_19475	NA	Branched-chain-amino-acid aminotransferase 2	md:bsp_M00119	I	3775243	3776334	+
Bacillus subtilis PY79	bsp	U712_00360	NA	Type III pantothenate kinase	md:bsp_M00120	I	79212	79868	+
Bacillus subtilis PY79	bsp	U712_07915	NA	Phosphopantetheine adenylyltransferase	md:bsp_M00120	I	1533116	1533601	+
Bacillus subtilis PY79	bsp	U712_08265	NA	putative coenzyme A biosynthesis bifunctional protein CoaBC	md:bsp_M00120	I	1605889	1607109	+
Bacillus subtilis PY79	bsp	U712_11575	NA	Pantothenate kinase	md:bsp_M00120	I	2286417	2287376	-
Bacillus subtilis PY79	bsp	U712_14380	NA	Dephospho-CoA kinase	md:bsp_M00120	I	2788776	2789369	-
Bacillus subtilis PY79	bsp	U712_01690	NA	Uroporphyrinogen-III C-methyltransferase	md:bsp_M00121	I	353893	355338	-
Bacillus subtilis PY79	bsp	U712_04430	NA	Glutamate-1-semialdehyde 2,1-aminomutase 1	md:bsp_M00121	I	905483	906772	-
Bacillus subtilis PY79	bsp	U712_05000	NA	Oxygen-independent coproporphyrinogen-III oxidase 2	md:bsp_M00121	I	1020708	1022219	+
Bacillus subtilis PY79	bsp	U712_05155	NA	Uroporphyrinogen decarboxylase	md:bsp_M00121	I	1049151	1050212	+
Bacillus subtilis PY79	bsp	U712_05165	NA	Ferrochelatase	md:bsp_M00121	I	1050284	1051216	+
Bacillus subtilis PY79	bsp	U712_05170	NA	Protoporphyrinogen oxidase	md:bsp_M00121	I	1051231	1052643	+
Bacillus subtilis PY79	bsp	U712_06340	NA	Uncharacterized protein yjjA	md:bsp_M00121	I	1257172	1257984	+
Bacillus subtilis PY79	bsp	U712_13870	NA	Glutamate-1-semialdehyde 2,1-aminomutase	md:bsp_M00121	I	2690734	2692026	-
Bacillus subtilis PY79	bsp	U712_13875	NA	Delta-aminolevulinic acid dehydratase	md:bsp_M00121	I	2692056	2693030	-
Bacillus subtilis PY79	bsp	U712_13880	NA	Uroporphyrinogen-III synthase	md:bsp_M00121	I	2693027	2693815	-
Bacillus subtilis PY79	bsp	U712_13885	NA	Porphobilinogen deaminase	md:bsp_M00121	I	2693805	2694749	-
Bacillus subtilis PY79	bsp	U712_13895	NA	Glutamyl-tRNA reductase	md:bsp_M00121	I	2695620	2696987	-
Bacillus subtilis PY79	bsp	U712_16575	NA	Cob(I)yrinic acid a,c-diamide adenosyltransferase	md:bsp_M00122	I	3218391	3218972	-
Bacillus subtilis PY79	bsp	U712_14990	NA	Biotin synthase	md:bsp_M00123	I	2908337	2909344	-
Bacillus subtilis PY79	bsp	U712_14995	NA	ATP-dependent dethiobiotin synthetase BioD	md:bsp_M00123	I	2909347	2910042	-
Bacillus subtilis PY79	bsp	U712_15000	NA	8-amino-7-oxononanoate synthase	md:bsp_M00123	I	2910039	2911169	-
Bacillus subtilis PY79	bsp	U712_15005	NA	L-Lysine-8-amino-7-oxononanoate aminotransferase	md:bsp_M00123	I	2911198	2912544	-
Bacillus subtilis PY79	bsp	U712_05105	NA	Phosphoserine aminotransferase	md:bsp_M00124	I	1038323	1039402	-
Bacillus subtilis PY79	bsp	U712_02100	NA	Uncharacterized protein YcsE	md:bsp_M00125	I	456060	456809	+
Bacillus subtilis PY79	bsp	U712_05715	NA	Putative phosphatase YitU	md:bsp_M00125	I	1153524	1154336	-
Bacillus subtilis PY79	bsp	U712_08750	NA	Riboflavin biosynthesis protein ribC	md:bsp_M00125	I	1700872	1701822	+
Bacillus subtilis PY79	bsp	U712_11295	NA	6,7-dimethyl-8-ribityllumazine synthase	md:bsp_M00125	I	2245760	2246224	-
Bacillus subtilis PY79	bsp	U712_11300	NA	Riboflavin biosynthesis protein ribBA	md:bsp_M00125	I	2246257	2247453	-
Bacillus subtilis PY79	bsp	U712_11305	NA	Riboflavin synthase alpha chain	md:bsp_M00125	I	2247468	2248115	-
Bacillus subtilis PY79	bsp	U712_11310	NA	Riboflavin biosynthesis protein RibD	md:bsp_M00125	I	2248126	2249211	-
Bacillus subtilis PY79	bsp	U712_18000	NA	Uncharacterized protein YwtE	md:bsp_M00125	I	3513217	3514077	+
Bacillus subtilis PY79	bsp	U712_00395	NA	Dihydropteroate synthase	md:bsp_M00126	I	85737	86594	+
Bacillus subtilis PY79	bsp	U712_00400	NA	Dihydroneopterin aldolase	md:bsp_M00126	I	86587	86949	+
Bacillus subtilis PY79	bsp	U712_00405	NA	2-amino-4-hydroxy-6-hydroxymethyldihydropteridine pyrophosphokinase	md:bsp_M00126	I	86946	87449	+
Bacillus subtilis PY79	bsp	U712_01350	NA	Alkaline phosphatase D	md:bsp_M00126	I	284016	285767	+
Bacillus subtilis PY79	bsp	U712_01720	NA	GTP cyclohydrolase folE2	md:bsp_M00126	I	364252	365166	+
Bacillus subtilis PY79	bsp	U712_02870	NA	Alkaline phosphatase 3	md:bsp_M00126	I	583131	584519	-
Bacillus subtilis PY79	bsp	U712_04790	NA	Alkaline phosphatase 4	md:bsp_M00126	I	980117	981493	-
Bacillus subtilis PY79	bsp	U712_10540	NA	Dihydrofolate reductase	md:bsp_M00126	I	2114456	2114962	-
Bacillus subtilis PY79	bsp	U712_11045	NA	GTP cyclohydrolase 1	md:bsp_M00126	I	2202651	2203223	-
Bacillus subtilis PY79	bsp	U712_13845	NA	Folylpolyglutamate synthase	md:bsp_M00126	I	2683166	2684458	-
Bacillus subtilis PY79	bsp	U712_02955	NA	Thiamine-monophosphate kinase	md:bsp_M00127	I	603696	604673	+
Bacillus subtilis PY79	bsp	U712_04475	NA	Phosphomethylpyrimidine synthase	md:bsp_M00127	I	918929	920701	+
Bacillus subtilis PY79	bsp	U712_06010	NA	Sulfur carrier protein ThiS	md:bsp_M00127	I	1207875	1208078	+
Bacillus subtilis PY79	bsp	U712_06015	NA	Thiazole synthase	md:bsp_M00127	I	1208081	1208845	+
Bacillus subtilis PY79	bsp	U712_06020	NA	Sulfur carrier protein ThiS adenylyltransferase	md:bsp_M00127	I	1208842	1209852	+
Bacillus subtilis PY79	bsp	U712_06025	NA	Hydroxymethylpyrimidine/phosphomethylpyrimidine kinase	md:bsp_M00127	I	1209871	1210686	+
Bacillus subtilis PY79	bsp	U712_14680	NA	putative tRNA sulfurtransferase	md:bsp_M00127	I	2843602	2844807	-
Bacillus subtilis PY79	bsp	U712_19320	NA	Thiamine-phosphate pyrophosphorylase	md:bsp_M00127	I	3748560	3749228	-
Bacillus subtilis PY79	bsp	U712_09575	NA	putative UTP--glucose-1-phosphate uridylyltransferase yngB	md:bsp_M00129	I	1909739	1910632	+
Bacillus subtilis PY79	bsp	U712_15325	NA	Putative UTP--glucose-1-phosphate uridylyltransferase	md:bsp_M00129	I	2972590	2973408	-
Bacillus subtilis PY79	bsp	U712_15330	NA	Putative UDP-glucose 6-dehydrogenase ytcA	md:bsp_M00129	I	2973580	2974866	+
Bacillus subtilis PY79	bsp	U712_17840	NA	UDP-glucose 6-dehydrogenase tuaD	md:bsp_M00129	I	3471993	3473387	-
Bacillus subtilis PY79	bsp	U712_17890	NA	UTP--glucose-1-phosphate uridylyltransferase	md:bsp_M00129	I	3483483	3484361	+
Bacillus subtilis PY79	bsp	U712_17915	NA	UTP--glucose-1-phosphate uridylyltransferase	md:bsp_M00129	I	3490783	3491379	+
Bacillus subtilis PY79	bsp	U712_18190	NA	UDP-glucose 6-dehydrogenase ywqF	md:bsp_M00129	I	3547342	3548664	-
Bacillus subtilis PY79	bsp	U712_07720	NA	Inositol-1-monophosphatase	md:bsp_M00131	I	1500479	1501276	+
Bacillus subtilis PY79	bsp	U712_00140	NA	Uncharacterized protein yaaO	md:bsp_M00133	I	37720	39162	+
Bacillus subtilis PY79	bsp	U712_07695	NA	Arginine decarboxylase	md:bsp_M00133	I	1497317	1498789	-
Bacillus subtilis PY79	bsp	U712_14355	NA	S-adenosylmethionine decarboxylase proenzyme	md:bsp_M00133	I	2784267	2784647	-
Bacillus subtilis PY79	bsp	U712_18890	NA	Agmatinase	md:bsp_M00133	I	3665708	3666580	-
Bacillus subtilis PY79	bsp	U712_18895	NA	Spermidine synthase	md:bsp_M00133	I	3666641	3667471	-
Bacillus subtilis PY79	bsp	U712_20415	NA	Arginase	md:bsp_M00134	I	3959563	3960453	-
Bacillus subtilis PY79	bsp	U712_10020	NA	Putative L-amino-acid oxidase YobN	md:bsp_M00135	I	2026694	2028034	+
Bacillus subtilis PY79	bsp	U712_10180	NA	Putative aldehyde dehydrogenase dhaS	md:bsp_M00135	I	2052835	2054322	+
Bacillus subtilis PY79	bsp	U712_13025	NA	Spermine/spermidine acetyltransferase	md:bsp_M00135	I	2536198	2536656	+
Bacillus subtilis PY79	bsp	U712_19145	NA	putative aldehyde dehydrogenase ywdH	md:bsp_M00135	I	3714145	3715515	+
Bacillus subtilis PY79	bsp	U712_19615	NA	putative aldehyde dehydrogenase AldY	md:bsp_M00135	I	3804280	3805737	+
Bacillus subtilis PY79	bsp	U712_20165	NA	putative aldehyde dehydrogenase AldX	md:bsp_M00135	I	3911832	3913169	+
Bacillus subtilis PY79	bsp	U712_11865	NA	Bifunctional protein FolD	md:bsp_M00140	I	2346270	2347121	-
Bacillus subtilis PY79	bsp	U712_18575	NA	Serine hydroxymethyltransferase	md:bsp_M00140	I	3607045	3608292	-
Bacillus subtilis PY79	bsp	U712_00935	NA	putative NADH-quinone oxidoreductase subunit 5	md:bsp_M00145	I	205414	206931	+
Bacillus subtilis PY79	bsp	U712_14045	NA	Succinate dehydrogenase iron-sulfur subunit	md:bsp_M00149	I	2723425	2724186	-
Bacillus subtilis PY79	bsp	U712_14050	NA	Succinate dehydrogenase flavoprotein subunit	md:bsp_M00149	I	2724189	2725949	-
Bacillus subtilis PY79	bsp	U712_14055	NA	Succinate dehydrogenase cytochrome b558 subunit	md:bsp_M00149	I	2725983	2726591	-
Bacillus subtilis PY79	bsp	U712_10920	NA	Menaquinol-cytochrome c reductase cytochrome b/c subunit	md:bsp_M00151	I	2180958	2181725	-
Bacillus subtilis PY79	bsp	U712_10925	NA	Menaquinol-cytochrome c reductase cytochrome b subunit	md:bsp_M00151	I	2181760	2182434	-
Bacillus subtilis PY79	bsp	U712_10930	NA	Menaquinol-cytochrome c reductase iron-sulfur subunit	md:bsp_M00151	I	2182436	2182939	-
Bacillus subtilis PY79	bsp	U712_15255	NA	Putative cytochrome d ubiquinol oxidase subunit 1-like protein YthA	md:bsp_M00153	I	2957286	2958617	+
Bacillus subtilis PY79	bsp	U712_15260	NA	putative membrane protein ythB	md:bsp_M00153	I	2958661	2959701	+
Bacillus subtilis PY79	bsp	U712_19575	NA	Cytochrome d ubiquinol oxidase subunit 2	md:bsp_M00153	I	3794643	3795659	-
Bacillus subtilis PY79	bsp	U712_19580	NA	Cytochrome d ubiquinol oxidase subunit 1	md:bsp_M00153	I	3795643	3797049	-
Bacillus subtilis PY79	bsp	U712_06255	NA	Protoheme IX farnesyltransferase 1	md:bsp_M00154	I	1242548	1243510	-
Bacillus subtilis PY79	bsp	U712_07830	NA	Heme A synthase	md:bsp_M00154	I	1521072	1521992	-
Bacillus subtilis PY79	bsp	U712_07835	NA	Protoheme IX farnesyltransferase 2	md:bsp_M00154	I	1522347	1523264	+
Bacillus subtilis PY79	bsp	U712_07845	NA	Cytochrome c oxidase subunit 2	md:bsp_M00155	I	1523504	1524574	+
Bacillus subtilis PY79	bsp	U712_07850	NA	Cytochrome c oxidase subunit 1	md:bsp_M00155	I	1524607	1526475	+
Bacillus subtilis PY79	bsp	U712_07855	NA	Cytochrome c oxidase subunit 3	md:bsp_M00155	I	1526475	1527098	+
Bacillus subtilis PY79	bsp	U712_07860	NA	Cytochrome c oxidase subunit 4B	md:bsp_M00155	I	1527101	1527433	+
Bacillus subtilis PY79	bsp	U712_18525	NA	ATP synthase epsilon chain	md:bsp_M00157	I	3598924	3599322	-
Bacillus subtilis PY79	bsp	U712_18530	NA	ATP synthase subunit beta	md:bsp_M00157	I	3599346	3600767	-
Bacillus subtilis PY79	bsp	U712_18535	NA	ATP synthase gamma chain	md:bsp_M00157	I	3600793	3601656	-
Bacillus subtilis PY79	bsp	U712_18540	NA	ATP synthase subunit alpha	md:bsp_M00157	I	3601733	3603241	-
Bacillus subtilis PY79	bsp	U712_18545	NA	ATP synthase subunit delta	md:bsp_M00157	I	3603258	3603803	-
Bacillus subtilis PY79	bsp	U712_18550	NA	ATP synthase subunit b	md:bsp_M00157	I	3603800	3604243	-
Bacillus subtilis PY79	bsp	U712_18555	NA	ATP synthase subunit c	md:bsp_M00157	I	3604475	3604687	-
Bacillus subtilis PY79	bsp	U712_18560	NA	ATP synthase subunit a	md:bsp_M00157	I	3604733	3605404	-
Bacillus subtilis PY79	bsp	U712_09415	NA	Transketolase	md:bsp_M00165	I	1882899	1884902	+
Bacillus subtilis PY79	bsp	U712_14360	NA	Glyceraldehyde-3-phosphate dehydrogenase 2	md:bsp_M00165	I	2784886	2785908	-
Bacillus subtilis PY79	bsp	U712_16975	NA	Phosphoglycerate kinase	md:bsp_M00165	I	3298051	3299235	-
Bacillus subtilis PY79	bsp	U712_16980	NA	Glyceraldehyde-3-phosphate dehydrogenase 1	md:bsp_M00165	I	3299552	3300559	-
Bacillus subtilis PY79	bsp	U712_18585	NA	Putative sugar phosphate isomerase ywlF	md:bsp_M00165	I	3609054	3609503	-
Bacillus subtilis PY79	bsp	U712_18685	NA	Fructose-1,6-bisphosphatase class 2	md:bsp_M00165	I	3622945	3623910	-
Bacillus subtilis PY79	bsp	U712_18700	NA	putative fructose-bisphosphate aldolase	md:bsp_M00165	I	3626367	3627224	-
Bacillus subtilis PY79	bsp	U712_14360	NA	Glyceraldehyde-3-phosphate dehydrogenase 2	md:bsp_M00166	I	2784886	2785908	-
Bacillus subtilis PY79	bsp	U712_16975	NA	Phosphoglycerate kinase	md:bsp_M00166	I	3298051	3299235	-
Bacillus subtilis PY79	bsp	U712_16980	NA	Glyceraldehyde-3-phosphate dehydrogenase 1	md:bsp_M00166	I	3299552	3300559	-
Bacillus subtilis PY79	bsp	U712_09415	NA	Transketolase	md:bsp_M00167	I	1882899	1884902	+
Bacillus subtilis PY79	bsp	U712_18585	NA	Putative sugar phosphate isomerase ywlF	md:bsp_M00167	I	3609054	3609503	-
Bacillus subtilis PY79	bsp	U712_18685	NA	Fructose-1,6-bisphosphatase class 2	md:bsp_M00167	I	3622945	3623910	-
Bacillus subtilis PY79	bsp	U712_18700	NA	putative fructose-bisphosphate aldolase	md:bsp_M00167	I	3626367	3627224	-
Bacillus subtilis PY79	bsp	U712_14415	NA	Malate dehydrogenase	md:bsp_M00168	I	2796588	2797526	-
Bacillus subtilis PY79	bsp	U712_15180	NA	Phosphoenolpyruvate carboxykinase	md:bsp_M00170	I	2947385	2948968	+
Bacillus subtilis PY79	bsp	U712_07825	NA	Pyruvate carboxylase	md:bsp_M00173	I	1517223	1520669	+
Bacillus subtilis PY79	bsp	U712_08455	NA	Succinyl-CoA ligase [ADP-forming] subunit beta	md:bsp_M00173	I	1643469	1644626	+
Bacillus subtilis PY79	bsp	U712_08460	NA	Succinyl-CoA ligase [ADP-forming] subunit alpha	md:bsp_M00173	I	1644655	1645557	+
Bacillus subtilis PY79	bsp	U712_09470	NA	Aconitate hydratase	md:bsp_M00173	I	1889718	1892447	+
Bacillus subtilis PY79	bsp	U712_14045	NA	Succinate dehydrogenase iron-sulfur subunit	md:bsp_M00173	I	2723425	2724186	-
Bacillus subtilis PY79	bsp	U712_14050	NA	Succinate dehydrogenase flavoprotein subunit	md:bsp_M00173	I	2724189	2725949	-
Bacillus subtilis PY79	bsp	U712_14055	NA	Succinate dehydrogenase cytochrome b558 subunit	md:bsp_M00173	I	2725983	2726591	-
Bacillus subtilis PY79	bsp	U712_14415	NA	Malate dehydrogenase	md:bsp_M00173	I	2796588	2797526	-
Bacillus subtilis PY79	bsp	U712_14420	NA	Isocitrate dehydrogenase [NADP]	md:bsp_M00173	I	2797570	2798841	-
Bacillus subtilis PY79	bsp	U712_16510	NA	Fumarate hydratase class II	md:bsp_M00173	I	3206878	3208266	-
Bacillus subtilis PY79	bsp	U712_05585	NA	putative adenylyl-sulfate kinase	md:bsp_M00176	I	1132911	1133510	-
Bacillus subtilis PY79	bsp	U712_05590	NA	putative sulfate adenylyltransferase	md:bsp_M00176	I	1133507	1134676	-
Bacillus subtilis PY79	bsp	U712_05595	NA	putative phosphoadenosine phosphosulfate reductase	md:bsp_M00176	I	1134789	1135499	-
Bacillus subtilis PY79	bsp	U712_08200	NA	Phosphoadenosine phosphosulfate reductase	md:bsp_M00176	I	1593420	1594121	+
Bacillus subtilis PY79	bsp	U712_08210	NA	Sulfate adenylyltransferase	md:bsp_M00176	I	1595246	1596394	+
Bacillus subtilis PY79	bsp	U712_08215	NA	putative adenylyl-sulfate kinase	md:bsp_M00176	I	1596407	1597000	+
Bacillus subtilis PY79	bsp	U712_16730	NA	Sulfite reductase [NADPH] hemoprotein beta-component	md:bsp_M00176	I	3248452	3250167	-
Bacillus subtilis PY79	bsp	U712_16735	NA	Sulfite reductase [NADPH] flavoprotein alpha-component	md:bsp_M00176	I	3250193	3252010	-
Bacillus subtilis PY79	bsp	U712_04095	NA	Dihydrolipoyllysine-residue acetyltransferase component of acetoin cleaving system	md:bsp_M00307	I	844083	845279	+
Bacillus subtilis PY79	bsp	U712_04100	NA	Dihydrolipoyl dehydrogenase	md:bsp_M00307	I	845300	846676	+
Bacillus subtilis PY79	bsp	U712_07665	NA	Pyruvate dehydrogenase E1 component subunit alpha	md:bsp_M00307	I	1491364	1492479	+
Bacillus subtilis PY79	bsp	U712_07670	NA	Pyruvate dehydrogenase E1 component subunit beta	md:bsp_M00307	I	1492483	1493460	+
Bacillus subtilis PY79	bsp	U712_07675	NA	Dihydrolipoyllysine-residue acetyltransferase component of pyruvate dehydrogenase complex	md:bsp_M00307	I	1493575	1494903	+
Bacillus subtilis PY79	bsp	U712_07680	NA	Dihydrolipoyl dehydrogenase	md:bsp_M00307	I	1494908	1496320	+
Bacillus subtilis PY79	bsp	U712_11725	NA	Dihydrolipoyl dehydrogenase	md:bsp_M00307	I	2317970	2319394	-
Bacillus subtilis PY79	bsp	U712_10695	NA	KHG/KDPG aldolase	md:bsp_M00308	I	2140862	2141452	-
Bacillus subtilis PY79	bsp	U712_10700	NA	2-dehydro-3-deoxygluconokinase	md:bsp_M00308	I	2141454	2142428	-
Bacillus subtilis PY79	bsp	U712_14360	NA	Glyceraldehyde-3-phosphate dehydrogenase 2	md:bsp_M00308	I	2784886	2785908	-
Bacillus subtilis PY79	bsp	U712_16975	NA	Phosphoglycerate kinase	md:bsp_M00308	I	3298051	3299235	-
Bacillus subtilis PY79	bsp	U712_16980	NA	Glyceraldehyde-3-phosphate dehydrogenase 1	md:bsp_M00308	I	3299552	3300559	-
Bacillus subtilis PY79	bsp	U712_18700	NA	putative fructose-bisphosphate aldolase	md:bsp_M00344	I	3626367	3627224	-
Bacillus subtilis PY79	bsp	U712_01785	NA	3-hexulose-6-phosphate isomerase	md:bsp_M00345	I	374596	375153	-
Bacillus subtilis PY79	bsp	U712_01790	NA	3-hexulose-6-phosphate synthase	md:bsp_M00345	I	375159	375791	-
Bacillus subtilis PY79	bsp	U712_14455	NA	6-phosphofructokinase	md:bsp_M00345	I	2804442	2805401	-
Bacillus subtilis PY79	bsp	U712_18700	NA	putative fructose-bisphosphate aldolase	md:bsp_M00345	I	3626367	3627224	-
Bacillus subtilis PY79	bsp	U712_14415	NA	Malate dehydrogenase	md:bsp_M00346	I	2796588	2797526	-
Bacillus subtilis PY79	bsp	U712_16960	NA	Enolase	md:bsp_M00346	I	3294409	3295701	-
Bacillus subtilis PY79	bsp	U712_18575	NA	Serine hydroxymethyltransferase	md:bsp_M00346	I	3607045	3608292	-
Bacillus subtilis PY79	bsp	U712_14615	NA	Acetate kinase	md:bsp_M00357	I	2832965	2834260	-
Bacillus subtilis PY79	bsp	U712_14670	NA	putative acyl--CoA ligase YtcI	md:bsp_M00357	I	2841531	2843120	-
Bacillus subtilis PY79	bsp	U712_14740	NA	Acetyl-coenzyme A synthetase	md:bsp_M00357	I	2856067	2857785	-
Bacillus subtilis PY79	bsp	U712_18980	NA	Phosphate acetyltransferase	md:bsp_M00357	I	3683210	3684181	-
Bacillus subtilis PY79	bsp	U712_05600	NA	putative 2-phosphosulfolactate phosphatase	md:bsp_M00358	I	1135684	1136370	+
Bacillus subtilis PY79	bsp	U712_05605	NA	Phosphosulfolactate synthase	md:bsp_M00358	I	1136367	1137125	+
Bacillus subtilis PY79	bsp	U712_11100	NA	Isopentenyl-diphosphate delta-isomerase	md:bsp_M00364	I	2211470	2212477	-
Bacillus subtilis PY79	bsp	U712_11850	NA	Farnesyl diphosphate synthase	md:bsp_M00364	I	2343655	2344545	-
Bacillus subtilis PY79	bsp	U712_15175	NA	S-adenosylmethionine synthase	md:bsp_M00368	I	2945680	2946882	-
Bacillus subtilis PY79	bsp	U712_05285	NA	Putative acetyl-CoA C-acetyltransferase yhfS	md:bsp_M00373	I	1072422	1073516	-
Bacillus subtilis PY79	bsp	U712_11655	NA	Putative propionyl-CoA carboxylase beta chain	md:bsp_M00373	I	2304679	2306208	-
Bacillus subtilis PY79	bsp	U712_11660	NA	Uncharacterized protein yqjC	md:bsp_M00373	I	2306195	2306617	-
Bacillus subtilis PY79	bsp	U712_11780	NA	Acetyl-CoA acetyltransferase	md:bsp_M00373	I	2330727	2331908	-
Bacillus subtilis PY79	bsp	U712_05285	NA	Putative acetyl-CoA C-acetyltransferase yhfS	md:bsp_M00374	I	1072422	1073516	-
Bacillus subtilis PY79	bsp	U712_08455	NA	Succinyl-CoA ligase [ADP-forming] subunit beta	md:bsp_M00374	I	1643469	1644626	+
Bacillus subtilis PY79	bsp	U712_08460	NA	Succinyl-CoA ligase [ADP-forming] subunit alpha	md:bsp_M00374	I	1644655	1645557	+
Bacillus subtilis PY79	bsp	U712_11780	NA	Acetyl-CoA acetyltransferase	md:bsp_M00374	I	2330727	2331908	-
Bacillus subtilis PY79	bsp	U712_14045	NA	Succinate dehydrogenase iron-sulfur subunit	md:bsp_M00374	I	2723425	2724186	-
Bacillus subtilis PY79	bsp	U712_14050	NA	Succinate dehydrogenase flavoprotein subunit	md:bsp_M00374	I	2724189	2725949	-
Bacillus subtilis PY79	bsp	U712_14055	NA	Succinate dehydrogenase cytochrome b558 subunit	md:bsp_M00374	I	2725983	2726591	-
Bacillus subtilis PY79	bsp	U712_14415	NA	Malate dehydrogenase	md:bsp_M00374	I	2796588	2797526	-
Bacillus subtilis PY79	bsp	U712_05285	NA	Putative acetyl-CoA C-acetyltransferase yhfS	md:bsp_M00375	I	1072422	1073516	-
Bacillus subtilis PY79	bsp	U712_11660	NA	Uncharacterized protein yqjC	md:bsp_M00375	I	2306195	2306617	-
Bacillus subtilis PY79	bsp	U712_11780	NA	Acetyl-CoA acetyltransferase	md:bsp_M00375	I	2330727	2331908	-
Bacillus subtilis PY79	bsp	U712_09605	NA	Biotin/lipoyl attachment protein	md:bsp_M00376	I	1915982	1916203	-
Bacillus subtilis PY79	bsp	U712_09610	NA	Biotin carboxylase 2	md:bsp_M00376	I	1916218	1917552	-
Bacillus subtilis PY79	bsp	U712_11660	NA	Uncharacterized protein yqjC	md:bsp_M00376	I	2306195	2306617	-
Bacillus subtilis PY79	bsp	U712_11880	NA	Biotin carboxylase 1	md:bsp_M00376	I	2348220	2349572	-
Bacillus subtilis PY79	bsp	U712_11885	NA	Biotin carboxyl carrier protein of acetyl-CoA carboxylase	md:bsp_M00376	I	2349584	2350063	-
Bacillus subtilis PY79	bsp	U712_14045	NA	Succinate dehydrogenase iron-sulfur subunit	md:bsp_M00376	I	2723425	2724186	-
Bacillus subtilis PY79	bsp	U712_14050	NA	Succinate dehydrogenase flavoprotein subunit	md:bsp_M00376	I	2724189	2725949	-
Bacillus subtilis PY79	bsp	U712_14055	NA	Succinate dehydrogenase cytochrome b558 subunit	md:bsp_M00376	I	2725983	2726591	-
Bacillus subtilis PY79	bsp	U712_14465	NA	Acetyl-coenzyme A carboxylase carboxyl transferase subunit alpha	md:bsp_M00376	I	2805585	2806562	-
Bacillus subtilis PY79	bsp	U712_14470	NA	Acetyl-coenzyme A carboxylase carboxyl transferase subunit beta	md:bsp_M00376	I	2806547	2807419	-
Bacillus subtilis PY79	bsp	U712_16510	NA	Fumarate hydratase class II	md:bsp_M00376	I	3206878	3208266	-
Bacillus subtilis PY79	bsp	U712_11865	NA	Bifunctional protein FolD	md:bsp_M00377	I	2346270	2347121	-
Bacillus subtilis PY79	bsp	U712_19240	NA	Quinol oxidase subunit 4	md:bsp_M00416	I	3732168	3732542	-
Bacillus subtilis PY79	bsp	U712_19245	NA	Quinol oxidase subunit 3	md:bsp_M00416	I	3732544	3733158	-
Bacillus subtilis PY79	bsp	U712_19250	NA	Quinol oxidase subunit 1	md:bsp_M00416	I	3733172	3735121	-
Bacillus subtilis PY79	bsp	U712_19255	NA	Quinol oxidase subunit 2	md:bsp_M00416	I	3735149	3736105	-
Bacillus subtilis PY79	bsp	U712_13940	NA	3-isopropylmalate dehydratase small subunit	md:bsp_M00432	I	2706794	2707393	-
Bacillus subtilis PY79	bsp	U712_13945	NA	3-isopropylmalate dehydratase large subunit	md:bsp_M00432	I	2707406	2708824	-
Bacillus subtilis PY79	bsp	U712_13950	NA	3-isopropylmalate dehydrogenase	md:bsp_M00432	I	2708874	2709971	-
Bacillus subtilis PY79	bsp	U712_13955	NA	2-isopropylmalate synthase	md:bsp_M00432	I	2709992	2711485	-
Bacillus subtilis PY79	bsp	U712_01970	NA	putative aspartokinase	md:bsp_M00525	I	430615	431979	-
Bacillus subtilis PY79	bsp	U712_07355	NA	Putative aminotransferase A	md:bsp_M00525	I	1434895	1436076	-
Bacillus subtilis PY79	bsp	U712_07455	NA	2,3,4,5-tetrahydropyridine-2,6-dicarboxylate N-acetyltransferase	md:bsp_M00525	I	1452011	1452721	+
Bacillus subtilis PY79	bsp	U712_07460	NA	N-acetyldiaminopimelate deacetylase	md:bsp_M00525	I	1452791	1453915	+
Bacillus subtilis PY79	bsp	U712_08790	NA	Aspartate-semialdehyde dehydrogenase	md:bsp_M00525	I	1709028	1710068	+
Bacillus subtilis PY79	bsp	U712_08795	NA	Aspartokinase 1	md:bsp_M00525	I	1710160	1711374	+
Bacillus subtilis PY79	bsp	U712_08800	NA	Dihydrodipicolinate synthase	md:bsp_M00525	I	1711405	1712277	+
Bacillus subtilis PY79	bsp	U712_10895	NA	Dihydrodipicolinate reductase	md:bsp_M00525	I	2177192	2177995	-
Bacillus subtilis PY79	bsp	U712_11365	NA	Diaminopimelate decarboxylase	md:bsp_M00525	I	2254815	2256140	-
Bacillus subtilis PY79	bsp	U712_14065	NA	Aspartokinase 2	md:bsp_M00525	I	2727374	2728600	-
Bacillus subtilis PY79	bsp	U712_16035	NA	Diaminopimelate epimerase	md:bsp_M00525	I	3123894	3124748	-
Bacillus subtilis PY79	bsp	U712_01970	NA	putative aspartokinase	md:bsp_M00526	I	430615	431979	-
Bacillus subtilis PY79	bsp	U712_08790	NA	Aspartate-semialdehyde dehydrogenase	md:bsp_M00526	I	1709028	1710068	+
Bacillus subtilis PY79	bsp	U712_08795	NA	Aspartokinase 1	md:bsp_M00526	I	1710160	1711374	+
Bacillus subtilis PY79	bsp	U712_08800	NA	Dihydrodipicolinate synthase	md:bsp_M00526	I	1711405	1712277	+
Bacillus subtilis PY79	bsp	U712_10895	NA	Dihydrodipicolinate reductase	md:bsp_M00526	I	2177192	2177995	-
Bacillus subtilis PY79	bsp	U712_11365	NA	Diaminopimelate decarboxylase	md:bsp_M00526	I	2254815	2256140	-
Bacillus subtilis PY79	bsp	U712_14065	NA	Aspartokinase 2	md:bsp_M00526	I	2727374	2728600	-
Bacillus subtilis PY79	bsp	U712_01970	NA	putative aspartokinase	md:bsp_M00527	I	430615	431979	-
Bacillus subtilis PY79	bsp	U712_08790	NA	Aspartate-semialdehyde dehydrogenase	md:bsp_M00527	I	1709028	1710068	+
Bacillus subtilis PY79	bsp	U712_08795	NA	Aspartokinase 1	md:bsp_M00527	I	1710160	1711374	+
Bacillus subtilis PY79	bsp	U712_08800	NA	Dihydrodipicolinate synthase	md:bsp_M00527	I	1711405	1712277	+
Bacillus subtilis PY79	bsp	U712_10895	NA	Dihydrodipicolinate reductase	md:bsp_M00527	I	2177192	2177995	-
Bacillus subtilis PY79	bsp	U712_11365	NA	Diaminopimelate decarboxylase	md:bsp_M00527	I	2254815	2256140	-
Bacillus subtilis PY79	bsp	U712_14065	NA	Aspartokinase 2	md:bsp_M00527	I	2727374	2728600	-
Bacillus subtilis PY79	bsp	U712_16035	NA	Diaminopimelate epimerase	md:bsp_M00527	I	3123894	3124748	-
Bacillus subtilis PY79	bsp	U712_18775	NA	Nitrate reductase gamma chain	md:bsp_M00529	I	3641413	3642084	-
Bacillus subtilis PY79	bsp	U712_18785	NA	Nitrate reductase beta chain	md:bsp_M00529	I	3642661	3644124	-
Bacillus subtilis PY79	bsp	U712_18790	NA	Nitrate reductase alpha chain	md:bsp_M00529	I	3644114	3647599	-
Bacillus subtilis PY79	bsp	U712_01695	NA	Assimilatory nitrite reductase [NAD(P)H] small subunit	md:bsp_M00530	I	355405	355725	-
Bacillus subtilis PY79	bsp	U712_01700	NA	Nitrite reductase [NAD(P)H]	md:bsp_M00530	I	355757	358174	-
Bacillus subtilis PY79	bsp	U712_01710	NA	Assimilatory nitrate reductase electron transfer subunit	md:bsp_M00530	I	360435	362750	-
Bacillus subtilis PY79	bsp	U712_18775	NA	Nitrate reductase gamma chain	md:bsp_M00530	I	3641413	3642084	-
Bacillus subtilis PY79	bsp	U712_18785	NA	Nitrate reductase beta chain	md:bsp_M00530	I	3642661	3644124	-
Bacillus subtilis PY79	bsp	U712_18790	NA	Nitrate reductase alpha chain	md:bsp_M00530	I	3644114	3647599	-
Bacillus subtilis PY79	bsp	U712_01705	NA	Assimilatory nitrate reductase catalytic subunit	md:bsp_M00531	I	358296	360428	-
Bacillus subtilis PY79	bsp	U712_04100	NA	Dihydrolipoyl dehydrogenase	md:bsp_M00532	I	845300	846676	+
Bacillus subtilis PY79	bsp	U712_04490	NA	Vegetative catalase	md:bsp_M00532	I	922569	924020	-
Bacillus subtilis PY79	bsp	U712_07680	NA	Dihydrolipoyl dehydrogenase	md:bsp_M00532	I	1494908	1496320	+
Bacillus subtilis PY79	bsp	U712_11725	NA	Dihydrolipoyl dehydrogenase	md:bsp_M00532	I	2317970	2319394	-
Bacillus subtilis PY79	bsp	U712_11995	NA	Aminomethyltransferase	md:bsp_M00532	I	2366111	2367199	-
Bacillus subtilis PY79	bsp	U712_16385	NA	Glycine cleavage system H protein	md:bsp_M00532	I	3183977	3184360	-
Bacillus subtilis PY79	bsp	U712_18575	NA	Serine hydroxymethyltransferase	md:bsp_M00532	I	3607045	3608292	-
Bacillus subtilis PY79	bsp	U712_19515	NA	Catalase X	md:bsp_M00532	I	3782849	3784492	+
Bacillus subtilis PY79	bsp	U712_19740	NA	Catalase-2	md:bsp_M00532	I	3825995	3828055	-
Bacillus subtilis PY79	bsp	U712_13940	NA	3-isopropylmalate dehydratase small subunit	md:bsp_M00535	I	2706794	2707393	-
Bacillus subtilis PY79	bsp	U712_13945	NA	3-isopropylmalate dehydratase large subunit	md:bsp_M00535	I	2707406	2708824	-
Bacillus subtilis PY79	bsp	U712_13950	NA	3-isopropylmalate dehydrogenase	md:bsp_M00535	I	2708874	2709971	-
Bacillus subtilis PY79	bsp	U712_16160	NA	Allantoinase	md:bsp_M00546	I	3145101	3146441	-
Bacillus subtilis PY79	bsp	U712_16180	NA	Uric acid degradation bifunctional protein PucL	md:bsp_M00546	I	3151016	3152500	+
Bacillus subtilis PY79	bsp	U712_16185	NA	5-hydroxyisourate hydrolase	md:bsp_M00546	I	3152500	3152844	+
Bacillus subtilis PY79	bsp	U712_04740	NA	Phosphoglucomutase	md:bsp_M00549	I	969808	971553	+
Bacillus subtilis PY79	bsp	U712_09575	NA	putative UTP--glucose-1-phosphate uridylyltransferase yngB	md:bsp_M00549	I	1909739	1910632	+
Bacillus subtilis PY79	bsp	U712_12140	NA	Glucokinase	md:bsp_M00549	I	2388472	2389437	-
Bacillus subtilis PY79	bsp	U712_15325	NA	Putative UTP--glucose-1-phosphate uridylyltransferase	md:bsp_M00549	I	2972590	2973408	-
Bacillus subtilis PY79	bsp	U712_17890	NA	UTP--glucose-1-phosphate uridylyltransferase	md:bsp_M00549	I	3483483	3484361	+
Bacillus subtilis PY79	bsp	U712_17915	NA	UTP--glucose-1-phosphate uridylyltransferase	md:bsp_M00549	I	3490783	3491379	+
Bacillus subtilis PY79	bsp	U712_14235	NA	L-ribulose-5-phosphate 4-epimerase	md:bsp_M00550	I	2762837	2763526	-
Bacillus subtilis PY79	bsp	U712_14360	NA	Glyceraldehyde-3-phosphate dehydrogenase 2	md:bsp_M00552	I	2784886	2785908	-
Bacillus subtilis PY79	bsp	U712_16975	NA	Phosphoglycerate kinase	md:bsp_M00552	I	3298051	3299235	-
Bacillus subtilis PY79	bsp	U712_16980	NA	Glyceraldehyde-3-phosphate dehydrogenase 1	md:bsp_M00552	I	3299552	3300559	-
Bacillus subtilis PY79	bsp	U712_19265	NA	Galactose-1-phosphate uridylyltransferase	md:bsp_M00554	I	3736946	3738487	-
Bacillus subtilis PY79	bsp	U712_19270	NA	Galactokinase	md:bsp_M00554	I	3738491	3739663	-
Bacillus subtilis PY79	bsp	U712_15425	NA	Alcohol dehydrogenase	md:bsp_M00555	I	3001721	3002932	-
Bacillus subtilis PY79	bsp	U712_15430	NA	Betaine aldehyde dehydrogenase	md:bsp_M00555	I	3002946	3004418	-
Bacillus subtilis PY79	bsp	U712_15375	NA	Glycogen synthase	md:bsp_M00565	I	2983973	2985427	-
Bacillus subtilis PY79	bsp	U712_15380	NA	Glycogen biosynthesis protein glgD	md:bsp_M00565	I	2985424	2986455	-
Bacillus subtilis PY79	bsp	U712_15385	NA	Glucose-1-phosphate adenylyltransferase	md:bsp_M00565	I	2986479	2987621	-
Bacillus subtilis PY79	bsp	U712_15390	NA	1,4-alpha-glucan-branching enzyme	md:bsp_M00565	I	2987618	2989501	-
Bacillus subtilis PY79	bsp	U712_04175	NA	Catechol-2,3-dioxygenase	md:bsp_M00569	I	861044	861901	+
Bacillus subtilis PY79	bsp	U712_18915	NA	putative tautomerase ywhB	md:bsp_M00569	I	3671341	3671529	+
Bacillus subtilis PY79	bsp	U712_01215	NA	Branched-chain-amino-acid transaminase 1	md:bsp_M00570	I	259021	260091	+
Bacillus subtilis PY79	bsp	U712_10520	NA	Threonine dehydratase biosynthetic	md:bsp_M00570	I	2110622	2111890	-
Bacillus subtilis PY79	bsp	U712_10570	NA	Dihydroxy-acid dehydratase	md:bsp_M00570	I	2118615	2120291	-
Bacillus subtilis PY79	bsp	U712_13960	NA	Ketol-acid reductoisomerase	md:bsp_M00570	I	2711535	2712563	-
Bacillus subtilis PY79	bsp	U712_13965	NA	Acetolactate synthase small subunit	md:bsp_M00570	I	2712587	2713105	-
Bacillus subtilis PY79	bsp	U712_13970	NA	Acetolactate synthase large subunit	md:bsp_M00570	I	2713102	2714826	-
Bacillus subtilis PY79	bsp	U712_18080	NA	Acetolactate synthase	md:bsp_M00570	I	3527482	3529197	-
Bacillus subtilis PY79	bsp	U712_19475	NA	Branched-chain-amino-acid aminotransferase 2	md:bsp_M00570	I	3775243	3776334	+
Bacillus subtilis PY79	bsp	U712_05825	NA	3-oxoacyl-[acyl-carrier-protein] synthase 2	md:bsp_M00572	I	1172217	1173458	+
Bacillus subtilis PY79	bsp	U712_06030	NA	Enoyl-[acyl-carrier-protein] reductase [NADH] FabI	md:bsp_M00572	I	1210822	1211598	+
Bacillus subtilis PY79	bsp	U712_06200	NA	putative oxidoreductase yjdA	md:bsp_M00572	I	1231863	1232618	+
Bacillus subtilis PY79	bsp	U712_08365	NA	3-oxoacyl-[acyl-carrier-protein] reductase FabG	md:bsp_M00572	I	1627551	1628291	+
Bacillus subtilis PY79	bsp	U712_08850	NA	putative oxidoreductase ymfI	md:bsp_M00572	I	1722656	1723420	+
Bacillus subtilis PY79	bsp	U712_09740	NA	putative oxidoreductase yoxD	md:bsp_M00572	I	1970809	1971525	-
Bacillus subtilis PY79	bsp	U712_14590	NA	Putative oxidoreductase ytkK	md:bsp_M00572	I	2828515	2829282	-
Bacillus subtilis PY79	bsp	U712_16815	NA	putative oxidoreductase yvaG	md:bsp_M00572	I	3267586	3268380	-
Bacillus subtilis PY79	bsp	U712_18275	NA	(3R)-hydroxymyristoyl-[acyl-carrier-protein] dehydratase	md:bsp_M00572	I	3561586	3562011	-
Bacillus subtilis PY79	bsp	U712_14985	NA	Biotin biosynthesis cytochrome P450	md:bsp_M00573	I	2907081	2908313	-
Bacillus subtilis PY79	bsp	U712_14990	NA	Biotin synthase	md:bsp_M00573	I	2908337	2909344	-
Bacillus subtilis PY79	bsp	U712_14995	NA	ATP-dependent dethiobiotin synthetase BioD	md:bsp_M00573	I	2909347	2910042	-
Bacillus subtilis PY79	bsp	U712_15000	NA	8-amino-7-oxononanoate synthase	md:bsp_M00573	I	2910039	2911169	-
Bacillus subtilis PY79	bsp	U712_15005	NA	L-Lysine-8-amino-7-oxononanoate aminotransferase	md:bsp_M00573	I	2911198	2912544	-
Bacillus subtilis PY79	bsp	U712_14990	NA	Biotin synthase	md:bsp_M00577	I	2908337	2909344	-
Bacillus subtilis PY79	bsp	U712_14995	NA	ATP-dependent dethiobiotin synthetase BioD	md:bsp_M00577	I	2909347	2910042	-
Bacillus subtilis PY79	bsp	U712_15000	NA	8-amino-7-oxononanoate synthase	md:bsp_M00577	I	2910039	2911169	-
Bacillus subtilis PY79	bsp	U712_15005	NA	L-Lysine-8-amino-7-oxononanoate aminotransferase	md:bsp_M00577	I	2911198	2912544	-
Bacillus subtilis PY79	bsp	U712_15010	NA	6-carboxyhexanoate--CoA ligase	md:bsp_M00577	I	2912534	2913268	-
Bacillus subtilis PY79	bsp	U712_14615	NA	Acetate kinase	md:bsp_M00579	I	2832965	2834260	-
Bacillus subtilis PY79	bsp	U712_18980	NA	Phosphate acetyltransferase	md:bsp_M00579	I	3683210	3684181	-
Bacillus subtilis PY79	bsp	U712_01785	NA	3-hexulose-6-phosphate isomerase	md:bsp_M00580	I	374596	375153	-
Bacillus subtilis PY79	bsp	U712_01790	NA	3-hexulose-6-phosphate synthase	md:bsp_M00580	I	375159	375791	-
Bacillus subtilis PY79	bsp	U712_05590	NA	putative sulfate adenylyltransferase	md:bsp_M00596	I	1133507	1134676	-
Bacillus subtilis PY79	bsp	U712_08210	NA	Sulfate adenylyltransferase	md:bsp_M00596	I	1595246	1596394	+
Bacillus subtilis PY79	bsp	U712_13395	NA	Cystathionine gamma-lyase	md:bsp_M00609	I	2602855	2603994	-
Bacillus subtilis PY79	bsp	U712_13400	NA	O-acetylserine dependent cystathionine beta-synthase	md:bsp_M00609	I	2603996	2604919	-
Bacillus subtilis PY79	bsp	U712_13405	NA	5'-methylthioadenosine/S-adenosylhomocysteine nucleosidase	md:bsp_M00609	I	2604984	2605655	-
Bacillus subtilis PY79	bsp	U712_13410	NA	putative methyltransferase YrrT	md:bsp_M00609	I	2605700	2606341	-
Bacillus subtilis PY79	bsp	U712_15175	NA	S-adenosylmethionine synthase	md:bsp_M00609	I	2945680	2946882	-
Bacillus subtilis PY79	bsp	U712_15235	NA	S-ribosylhomocysteine lyase	md:bsp_M00609	I	2955350	2955823	-
Bacillus subtilis PY79	bsp	U712_01715	NA	Nitrate transporter	md:bsp_M00615	I	362930	364135	+
Bacillus subtilis PY79	bsp	U712_18810	NA	Nitrite extrusion protein	md:bsp_M00615	I	3650182	3651309	-
Bacillus subtilis PY79	bsp	U712_08455	NA	Succinyl-CoA ligase [ADP-forming] subunit beta	md:bsp_M00620	I	1643469	1644626	+
Bacillus subtilis PY79	bsp	U712_08460	NA	Succinyl-CoA ligase [ADP-forming] subunit alpha	md:bsp_M00620	I	1644655	1645557	+
Bacillus subtilis PY79	bsp	U712_14415	NA	Malate dehydrogenase	md:bsp_M00620	I	2796588	2797526	-
Bacillus subtilis PY79	bsp	U712_09900	NA	Beta-lactamase	md:bsp_M00627	I	2000788	2001708	+
Bacillus subtilis PY79	bsp	U712_06390	NA	Uronate isomerase	md:bsp_M00631	I	1263466	1264905	+
Bacillus subtilis PY79	bsp	U712_06430	NA	Altronate oxidoreductase	md:bsp_M00631	I	1272914	1274356	+
Bacillus subtilis PY79	bsp	U712_06435	NA	Altronate hydrolase	md:bsp_M00631	I	1274353	1275846	+
Bacillus subtilis PY79	bsp	U712_10695	NA	KHG/KDPG aldolase	md:bsp_M00631	I	2140862	2141452	-
Bacillus subtilis PY79	bsp	U712_10700	NA	2-dehydro-3-deoxygluconokinase	md:bsp_M00631	I	2141454	2142428	-
Bacillus subtilis PY79	bsp	U712_09665	NA	Aldose 1-epimerase	md:bsp_M00632	I	1952104	1953081	-
Bacillus subtilis PY79	bsp	U712_19265	NA	Galactose-1-phosphate uridylyltransferase	md:bsp_M00632	I	3736946	3738487	-
Bacillus subtilis PY79	bsp	U712_19270	NA	Galactokinase	md:bsp_M00632	I	3738491	3739663	-
Bacillus subtilis PY79	bsp	U712_19630	NA	UDP-glucose 4-epimerase	md:bsp_M00632	I	3807800	3808819	-
Bacillus subtilis PY79	bsp	U712_10345	NA	Putative carboxypeptidase yodJ	md:bsp_M00651	I	2086821	2087642	-
Bacillus subtilis PY79	bsp	U712_02650	NA	putative HTH-type transcriptional regulator ydfD	md:bsp_M00700	I	546622	548070	+
Bacillus subtilis PY79	bsp	U712_05570	NA	putative HTH-type transcriptional regulator yisV	md:bsp_M00700	I	1129777	1131225	+
Bacillus subtilis PY79	bsp	U712_17435	NA	Multidrug resistance ABC transporter ATP-binding/permease protein BmrA	md:bsp_M00700	I	3395599	3397368	-
Bacillus subtilis PY79	bsp	U712_02650	NA	putative HTH-type transcriptional regulator ydfD	md:bsp_M00702	I	546622	548070	+
Bacillus subtilis PY79	bsp	U712_05570	NA	putative HTH-type transcriptional regulator yisV	md:bsp_M00702	I	1129777	1131225	+
Bacillus subtilis PY79	bsp	U712_20695	NA	Tetracycline resistance protein	md:bsp_M00704	I	4005534	4006910	-
Bacillus subtilis PY79	bsp	U712_19450	NA	D-alanine--poly(phosphoribitol) ligase subunit 1	md:bsp_M00725	I	3770127	3771638	+
Bacillus subtilis PY79	bsp	U712_19455	NA	Protein dltB	md:bsp_M00725	I	3771635	3772822	+
Bacillus subtilis PY79	bsp	U712_19460	NA	D-alanine--poly(phosphoribitol) ligase subunit 2	md:bsp_M00725	I	3772839	3773075	+
Bacillus subtilis PY79	bsp	U712_19465	NA	Protein dltD	md:bsp_M00725	I	3773075	3774253	+
Bacillus subtilis PY79	bsp	U712_04280	NA	Hypothetical Protein	md:bsp_M00726	I	879812	882382	+
Bacillus subtilis PY79	bsp	U712_15920	NA	Uncharacterized protein ybdZ	md:bsp_M00736	I	3098148	3098357	-
Bacillus subtilis PY79	bsp	U712_04805	NA	Citrate synthase 1	md:bsp_M00740	I	984091	985191	+
Bacillus subtilis PY79	bsp	U712_09470	NA	Aconitate hydratase	md:bsp_M00740	I	1889718	1892447	+
Bacillus subtilis PY79	bsp	U712_11765	NA	2-methylcitrate synthase	md:bsp_M00740	I	2327520	2328638	-
Bacillus subtilis PY79	bsp	U712_14415	NA	Malate dehydrogenase	md:bsp_M00740	I	2796588	2797526	-
Bacillus subtilis PY79	bsp	U712_14420	NA	Isocitrate dehydrogenase [NADP]	md:bsp_M00740	I	2797570	2798841	-
Bacillus subtilis PY79	bsp	U712_14425	NA	Citrate synthase 2	md:bsp_M00740	I	2799005	2800123	-
Bacillus subtilis PY79	bsp	U712_11655	NA	Putative propionyl-CoA carboxylase beta chain	md:bsp_M00741	I	2304679	2306208	-
Bacillus subtilis PY79	bsp	U712_11660	NA	Uncharacterized protein yqjC	md:bsp_M00741	I	2306195	2306617	-
Bacillus subtilis PY79	bsp	U712_18990	NA	Bacilysin biosynthesis oxidoreductase ywfH	md:bsp_M00787	I	3685348	3686127	+
Bacillus subtilis PY79	bsp	U712_18995	NA	putative aspartate aminotransferase	md:bsp_M00787	I	3686142	3687341	-
Bacillus subtilis PY79	bsp	U712_19005	NA	Alanine-anticapsin ligase BacD	md:bsp_M00787	I	3688523	3689941	-
Bacillus subtilis PY79	bsp	U712_19010	NA	Bacilysin biosynthesis oxidoreductase BacC	md:bsp_M00787	I	3689960	3690727	-
Bacillus subtilis PY79	bsp	U712_19015	NA	Bacilysin biosynthesis protein BacB	md:bsp_M00787	I	3690724	3691431	-
Bacillus subtilis PY79	bsp	U712_19020	NA	Bacilysin biosynthesis protein BacA	md:bsp_M00787	I	3691421	3691723	-
Bacillus subtilis PY79	bsp	U712_19070	NA	Spore coat polysaccharide biosynthesis protein spsJ	md:bsp_M00793	I	3702147	3703094	-
Bacillus subtilis PY79	bsp	U712_19075	NA	Spore coat polysaccharide biosynthesis protein spsI	md:bsp_M00793	I	3703094	3703834	-
Bacillus subtilis PY79	bsp	U712_18785	NA	Nitrate reductase beta chain	md:bsp_M00804	I	3642661	3644124	-
Bacillus subtilis PY79	bsp	U712_18790	NA	Nitrate reductase alpha chain	md:bsp_M00804	I	3644114	3647599	-
Bacillus subtilis PY79	bsp	U712_00400	NA	Dihydroneopterin aldolase	md:bsp_M00840	I	86587	86949	+
Bacillus subtilis PY79	bsp	U712_10540	NA	Dihydrofolate reductase	md:bsp_M00840	I	2114456	2114962	-
Bacillus subtilis PY79	bsp	U712_11300	NA	Riboflavin biosynthesis protein ribBA	md:bsp_M00840	I	2246257	2247453	-
Bacillus subtilis PY79	bsp	U712_11045	NA	GTP cyclohydrolase 1	md:bsp_M00841	I	2202651	2203223	-
Bacillus subtilis PY79	bsp	U712_13845	NA	Folylpolyglutamate synthase	md:bsp_M00841	I	2683166	2684458	-
Bacillus subtilis PY79	bsp	U712_07175	NA	6-carboxy-5,6,7,8-tetrahydropterin synthase	md:bsp_M00842	I	1403147	1403587	+
Bacillus subtilis PY79	bsp	U712_11045	NA	GTP cyclohydrolase 1	md:bsp_M00842	I	2202651	2203223	-
Bacillus subtilis PY79	bsp	U712_07175	NA	6-carboxy-5,6,7,8-tetrahydropterin synthase	md:bsp_M00843	I	1403147	1403587	+
Bacillus subtilis PY79	bsp	U712_11045	NA	GTP cyclohydrolase 1	md:bsp_M00843	I	2202651	2203223	-
Bacillus subtilis PY79	bsp	U712_05775	NA	Ornithine carbamoyltransferase	md:bsp_M00844	I	1166495	1167454	+
Bacillus subtilis PY79	bsp	U712_14600	NA	Argininosuccinate lyase	md:bsp_M00844	I	2829605	2830990	-
Bacillus subtilis PY79	bsp	U712_14605	NA	Argininosuccinate synthase	md:bsp_M00844	I	2830987	2832198	-
Bacillus subtilis PY79	bsp	U712_05745	NA	N-acetyl-gamma-glutamyl-phosphate reductase	md:bsp_M00845	I	1158068	1159105	+
Bacillus subtilis PY79	bsp	U712_05760	NA	Acetylornithine aminotransferase	md:bsp_M00845	I	1161133	1162290	+
Bacillus subtilis PY79	bsp	U712_10410	NA	putative metallohydrolase yodQ	md:bsp_M00845	I	2093958	2095262	-
Bacillus subtilis PY79	bsp	U712_14600	NA	Argininosuccinate lyase	md:bsp_M00845	I	2829605	2830990	-
Bacillus subtilis PY79	bsp	U712_14605	NA	Argininosuccinate synthase	md:bsp_M00845	I	2830987	2832198	-
Bacillus subtilis PY79	bsp	U712_01690	NA	Uroporphyrinogen-III C-methyltransferase	md:bsp_M00846	I	353893	355338	-
Bacillus subtilis PY79	bsp	U712_04430	NA	Glutamate-1-semialdehyde 2,1-aminomutase 1	md:bsp_M00846	I	905483	906772	-
Bacillus subtilis PY79	bsp	U712_06340	NA	Uncharacterized protein yjjA	md:bsp_M00846	I	1257172	1257984	+
Bacillus subtilis PY79	bsp	U712_08220	NA	Uroporphyrinogen-III C-methyltransferase	md:bsp_M00846	I	1597099	1597872	+
Bacillus subtilis PY79	bsp	U712_08225	NA	Sirohydrochlorin ferrochelatase	md:bsp_M00846	I	1597875	1598660	+
Bacillus subtilis PY79	bsp	U712_08230	NA	Precorrin-2 dehydrogenase	md:bsp_M00846	I	1598641	1599129	+
Bacillus subtilis PY79	bsp	U712_13870	NA	Glutamate-1-semialdehyde 2,1-aminomutase	md:bsp_M00846	I	2690734	2692026	-
Bacillus subtilis PY79	bsp	U712_13875	NA	Delta-aminolevulinic acid dehydratase	md:bsp_M00846	I	2692056	2693030	-
Bacillus subtilis PY79	bsp	U712_13880	NA	Uroporphyrinogen-III synthase	md:bsp_M00846	I	2693027	2693815	-
Bacillus subtilis PY79	bsp	U712_13885	NA	Porphobilinogen deaminase	md:bsp_M00846	I	2693805	2694749	-
Bacillus subtilis PY79	bsp	U712_13895	NA	Glutamyl-tRNA reductase	md:bsp_M00846	I	2695620	2696987	-
Bacillus subtilis PY79	bsp	U712_01880	NA	Phenolic acid decarboxylase subunit B	md:bsp_M00849	I	412532	413146	+
Bacillus subtilis PY79	bsp	U712_05285	NA	Putative acetyl-CoA C-acetyltransferase yhfS	md:bsp_M00849	I	1072422	1073516	-
Bacillus subtilis PY79	bsp	U712_11100	NA	Isopentenyl-diphosphate delta-isomerase	md:bsp_M00849	I	2211470	2212477	-
Bacillus subtilis PY79	bsp	U712_11780	NA	Acetyl-CoA acetyltransferase	md:bsp_M00849	I	2330727	2331908	-
Bacillus subtilis PY79	bsp	U712_09575	NA	putative UTP--glucose-1-phosphate uridylyltransferase yngB	md:bsp_M00854	I	1909739	1910632	+
Bacillus subtilis PY79	bsp	U712_12170	NA	putative glycosyltransferase yqgM	md:bsp_M00854	I	2392507	2393574	-
Bacillus subtilis PY79	bsp	U712_15325	NA	Putative UTP--glucose-1-phosphate uridylyltransferase	md:bsp_M00854	I	2972590	2973408	-
Bacillus subtilis PY79	bsp	U712_15375	NA	Glycogen synthase	md:bsp_M00854	I	2983973	2985427	-
Bacillus subtilis PY79	bsp	U712_15380	NA	Glycogen biosynthesis protein glgD	md:bsp_M00854	I	2985424	2986455	-
Bacillus subtilis PY79	bsp	U712_15385	NA	Glucose-1-phosphate adenylyltransferase	md:bsp_M00854	I	2986479	2987621	-
Bacillus subtilis PY79	bsp	U712_15390	NA	1,4-alpha-glucan-branching enzyme	md:bsp_M00854	I	2987618	2989501	-
Bacillus subtilis PY79	bsp	U712_17890	NA	UTP--glucose-1-phosphate uridylyltransferase	md:bsp_M00854	I	3483483	3484361	+
Bacillus subtilis PY79	bsp	U712_17915	NA	UTP--glucose-1-phosphate uridylyltransferase	md:bsp_M00854	I	3490783	3491379	+
Bacillus subtilis PY79	bsp	U712_04740	NA	Phosphoglucomutase	md:bsp_M00855	I	969808	971553	+
Bacillus subtilis PY79	bsp	U712_14865	NA	Pullulanase	md:bsp_M00855	I	2879506	2881662	-
Bacillus subtilis PY79	bsp	U712_15370	NA	Glycogen phosphorylase	md:bsp_M00855	I	2981590	2983986	-
Bacillus subtilis PY79	bsp	U712_18015	NA	PGA biosynthesis protein CapA	md:bsp_M00860	I	3515675	3516817	-
Bacillus subtilis PY79	bsp	U712_18020	NA	PGA biosynthesis protein CapC	md:bsp_M00860	I	3516836	3517285	-
Bacillus subtilis PY79	bsp	U712_18025	NA	PGA synthase CapB	md:bsp_M00860	I	3517300	3518481	-
Bacillus subtilis PY79	bsp	U712_05155	NA	Uroporphyrinogen decarboxylase	md:bsp_M00868	I	1049151	1050212	+
Bacillus subtilis PY79	bsp	U712_05165	NA	Ferrochelatase	md:bsp_M00868	I	1050284	1051216	+
Bacillus subtilis PY79	bsp	U712_05170	NA	Protoporphyrinogen oxidase	md:bsp_M00868	I	1051231	1052643	+
Bacillus subtilis PY79	bsp	U712_06340	NA	Uncharacterized protein yjjA	md:bsp_M00868	I	1257172	1257984	+
Bacillus subtilis PY79	bsp	U712_13875	NA	Delta-aminolevulinic acid dehydratase	md:bsp_M00868	I	2692056	2693030	-
Bacillus subtilis PY79	bsp	U712_13880	NA	Uroporphyrinogen-III synthase	md:bsp_M00868	I	2693027	2693815	-
Bacillus subtilis PY79	bsp	U712_13885	NA	Porphobilinogen deaminase	md:bsp_M00868	I	2693805	2694749	-
Bacillus subtilis PY79	bsp	U712_05825	NA	3-oxoacyl-[acyl-carrier-protein] synthase 2	md:bsp_M00873	I	1172217	1173458	+
Bacillus subtilis PY79	bsp	U712_08360	NA	Malonyl CoA-acyl carrier protein transacylase	md:bsp_M00873	I	1626605	1627558	+
Bacillus subtilis PY79	bsp	U712_05825	NA	3-oxoacyl-[acyl-carrier-protein] synthase 2	md:bsp_M00874	I	1172217	1173458	+
Bacillus subtilis PY79	bsp	U712_06200	NA	putative oxidoreductase yjdA	md:bsp_M00874	I	1231863	1232618	+
Bacillus subtilis PY79	bsp	U712_08360	NA	Malonyl CoA-acyl carrier protein transacylase	md:bsp_M00874	I	1626605	1627558	+
Bacillus subtilis PY79	bsp	U712_08365	NA	3-oxoacyl-[acyl-carrier-protein] reductase FabG	md:bsp_M00874	I	1627551	1628291	+
Bacillus subtilis PY79	bsp	U712_08850	NA	putative oxidoreductase ymfI	md:bsp_M00874	I	1722656	1723420	+
Bacillus subtilis PY79	bsp	U712_09740	NA	putative oxidoreductase yoxD	md:bsp_M00874	I	1970809	1971525	-
Bacillus subtilis PY79	bsp	U712_14590	NA	Putative oxidoreductase ytkK	md:bsp_M00874	I	2828515	2829282	-
Bacillus subtilis PY79	bsp	U712_16815	NA	putative oxidoreductase yvaG	md:bsp_M00874	I	3267586	3268380	-
Bacillus subtilis PY79	bsp	U712_05380	NA	NTD biosynthesis operon putative oxidoreductase ntdC	md:bsp_M00877	I	1089434	1090486	-
Bacillus subtilis PY79	bsp	U712_05385	NA	NTD biosynthesis operon putative hydrolase NtdB	md:bsp_M00877	I	1090500	1091348	-
Bacillus subtilis PY79	bsp	U712_05390	NA	NTD biosynthesis operon protein ntdA	md:bsp_M00877	I	1091320	1092645	-
Bacillus subtilis PY79	bsp	U712_05020	NA	enoyl-CoA hydratase/isomerase YhaR	md:bsp_M00878	I	1024525	1025292	+
Bacillus subtilis PY79	bsp	U712_11775	NA	putative 3-hydroxybutyryl-CoA dehydrogenase	md:bsp_M00878	I	2329839	2330702	-
Bacillus subtilis PY79	bsp	U712_02985	NA	Molybdenum cofactor biosynthesis protein C	md:bsp_M00880	I	609616	610128	+
Bacillus subtilis PY79	bsp	U712_07505	NA	Molybdopterin molybdenumtransferase	md:bsp_M00880	I	1460230	1461522	+
Bacillus subtilis PY79	bsp	U712_07515	NA	Molybdopterin synthase catalytic subunit	md:bsp_M00880	I	1462004	1462477	+
Bacillus subtilis PY79	bsp	U712_14610	NA	Molybdenum cofactor biosynthesis protein B	md:bsp_M00880	I	2832368	2832880	-
Bacillus subtilis PY79	bsp	U712_18465	NA	Molybdenum cofactor biosynthesis protein A	md:bsp_M00880	I	3590180	3591205	-
Bacillus subtilis PY79	bsp	U712_16120	NA	Lipoyl synthase	md:bsp_M00881	I	3138178	3139074	-
Bacillus subtilis PY79	bsp	U712_16120	NA	Lipoyl synthase	md:bsp_M00882	I	3138178	3139074	-
Bacillus subtilis PY79	bsp	U712_11975	NA	Octanoyltransferase LipM	md:bsp_M00883	I	2361834	2362670	-
Bacillus subtilis PY79	bsp	U712_16120	NA	Lipoyl synthase	md:bsp_M00883	I	3138178	3139074	-
Bacillus subtilis PY79	bsp	U712_18970	NA	Octanoyl-[GcvH]:protein N-octanoyltransferase	md:bsp_M00883	I	3681270	3682115	-
Bacillus subtilis PY79	bsp	U712_16120	NA	Lipoyl synthase	md:bsp_M00884	I	3138178	3139074	-
Bacillus subtilis PY79	bsp	U712_02955	NA	Thiamine-monophosphate kinase	md:bsp_M00895	I	603696	604673	+
Bacillus subtilis PY79	bsp	U712_04475	NA	Phosphomethylpyrimidine synthase	md:bsp_M00895	I	918929	920701	+
Bacillus subtilis PY79	bsp	U712_06000	NA	Regulatory protein tenI	md:bsp_M00895	I	1206168	1206785	+
Bacillus subtilis PY79	bsp	U712_06005	NA	Glycine oxidase	md:bsp_M00895	I	1206769	1207878	+
Bacillus subtilis PY79	bsp	U712_06010	NA	Sulfur carrier protein ThiS	md:bsp_M00895	I	1207875	1208078	+
Bacillus subtilis PY79	bsp	U712_06015	NA	Thiazole synthase	md:bsp_M00895	I	1208081	1208845	+
Bacillus subtilis PY79	bsp	U712_06020	NA	Sulfur carrier protein ThiS adenylyltransferase	md:bsp_M00895	I	1208842	1209852	+
Bacillus subtilis PY79	bsp	U712_06025	NA	Hydroxymethylpyrimidine/phosphomethylpyrimidine kinase	md:bsp_M00895	I	1209871	1210686	+
Bacillus subtilis PY79	bsp	U712_14680	NA	putative tRNA sulfurtransferase	md:bsp_M00895	I	2843602	2844807	-
Bacillus subtilis PY79	bsp	U712_19320	NA	Thiamine-phosphate pyrophosphorylase	md:bsp_M00895	I	3748560	3749228	-
Bacillus subtilis PY79	bsp	U712_02955	NA	Thiamine-monophosphate kinase	md:bsp_M00896	I	603696	604673	+
Bacillus subtilis PY79	bsp	U712_04475	NA	Phosphomethylpyrimidine synthase	md:bsp_M00896	I	918929	920701	+
Bacillus subtilis PY79	bsp	U712_06025	NA	Hydroxymethylpyrimidine/phosphomethylpyrimidine kinase	md:bsp_M00896	I	1209871	1210686	+
Bacillus subtilis PY79	bsp	U712_19320	NA	Thiamine-phosphate pyrophosphorylase	md:bsp_M00896	I	3748560	3749228	-
Bacillus subtilis PY79	bsp	U712_04475	NA	Phosphomethylpyrimidine synthase	md:bsp_M00897	I	918929	920701	+
Bacillus subtilis PY79	bsp	U712_08315	NA	Thiamine pyrophosphokinase	md:bsp_M00897	I	1617768	1618412	+
Bacillus subtilis PY79	bsp	U712_08315	NA	Thiamine pyrophosphokinase	md:bsp_M00898	I	1617768	1618412	+
Bacillus subtilis PY79	bsp	U712_06025	NA	Hydroxymethylpyrimidine/phosphomethylpyrimidine kinase	md:bsp_M00899	I	1209871	1210686	+
Bacillus subtilis PY79	bsp	U712_19320	NA	Thiamine-phosphate pyrophosphorylase	md:bsp_M00899	I	3748560	3749228	-
Bacillus subtilis PY79	bsp	U712_19325	NA	Hydroxyethylthiazole kinase	md:bsp_M00899	I	3749225	3750043	-
Bacillus subtilis PY79	bsp	U712_00260	NA	Bifunctional protein glmU	md:bsp_M00909	I	56352	57722	+
Bacillus subtilis PY79	bsp	U712_00905	NA	Phosphoglucosamine mutase	md:bsp_M00909	I	198502	199848	+
Bacillus subtilis PY79	bsp	U712_00915	NA	Glucosamine--fructose-6-phosphate aminotransferase	md:bsp_M00909	I	200282	202084	+
Bacillus subtilis PY79	bsp	U712_12140	NA	Glucokinase	md:bsp_M00909	I	2388472	2389437	-
Bacillus subtilis PY79	bsp	U712_15610	NA	Glucose-6-phosphate isomerase	md:bsp_M00909	I	3038585	3039937	-
Bacillus subtilis PY79	bsp	U712_11295	NA	6,7-dimethyl-8-ribityllumazine synthase	md:bsp_M00911	I	2245760	2246224	-
Bacillus subtilis PY79	bsp	U712_11305	NA	Riboflavin synthase alpha chain	md:bsp_M00911	I	2247468	2248115	-
Bacillus subtilis PY79	bsp	U712_14530	NA	Regulatory protein ribR	md:bsp_M00911	I	2818839	2819531	-
Bacillus subtilis PY79	bsp	U712_01615	NA	NH(3)-dependent NAD(+) synthetase	md:bsp_M00912	I	338293	339111	+
Bacillus subtilis PY79	bsp	U712_12555	NA	Nicotinate-nucleotide adenylyltransferase	md:bsp_M00912	I	2461619	2462188	-
Bacillus subtilis PY79	bsp	U712_13725	NA	putative nicotinate-nucleotide pyrophosphorylase	md:bsp_M00912	I	2664902	2665771	-
Bacillus subtilis PY79	bsp	U712_07585	NA	putative oxidoreductase ykpB	md:bsp_M00913	I	1477090	1478001	+
Bacillus subtilis PY79	bsp	U712_07965	NA	putative 2-dehydropantoate 2-reductase	md:bsp_M00913	I	1540447	1541343	+
Bacillus subtilis PY79	bsp	U712_10180	NA	Putative aldehyde dehydrogenase dhaS	md:bsp_M00913	I	2052835	2054322	+
Bacillus subtilis PY79	bsp	U712_10855	NA	Pantothenate synthetase	md:bsp_M00913	I	2170830	2171690	-
Bacillus subtilis PY79	bsp	U712_10860	NA	3-methyl-2-oxobutanoate hydroxymethyltransferase	md:bsp_M00913	I	2171692	2172525	-
Bacillus subtilis PY79	bsp	U712_19145	NA	putative aldehyde dehydrogenase ywdH	md:bsp_M00913	I	3714145	3715515	+
Bacillus subtilis PY79	bsp	U712_19615	NA	putative aldehyde dehydrogenase AldY	md:bsp_M00913	I	3804280	3805737	+
Bacillus subtilis PY79	bsp	U712_20165	NA	putative aldehyde dehydrogenase AldX	md:bsp_M00913	I	3911832	3913169	+
Bacillus subtilis PY79	bsp	U712_07585	NA	putative oxidoreductase ykpB	md:bsp_M00914	I	1477090	1478001	+
Bacillus subtilis PY79	bsp	U712_07965	NA	putative 2-dehydropantoate 2-reductase	md:bsp_M00914	I	1540447	1541343	+
Bacillus subtilis PY79	bsp	U712_08265	NA	putative coenzyme A biosynthesis bifunctional protein CoaBC	md:bsp_M00914	I	1605889	1607109	+
Bacillus subtilis PY79	bsp	U712_10860	NA	3-methyl-2-oxobutanoate hydroxymethyltransferase	md:bsp_M00914	I	2171692	2172525	-
Bacillus subtilis PY79	bsp	U712_00060	NA	Pyridoxal biosynthesis lyase pdxS	md:bsp_M00916	I	19062	19946	+
Bacillus subtilis PY79	bsp	U712_00065	NA	Glutamine amidotransferase subunit pdxT	md:bsp_M00916	I	19968	20558	+
Bacillus subtilis PY79	bsp	U712_01690	NA	Uroporphyrinogen-III C-methyltransferase	md:bsp_M00924	I	353893	355338	-
Bacillus subtilis PY79	bsp	U712_08220	NA	Uroporphyrinogen-III C-methyltransferase	md:bsp_M00924	I	1597099	1597872	+
Bacillus subtilis PY79	bsp	U712_08230	NA	Precorrin-2 dehydrogenase	md:bsp_M00924	I	1598641	1599129	+
Bacillus subtilis PY79	bsp	U712_01690	NA	Uroporphyrinogen-III C-methyltransferase	md:bsp_M00925	I	353893	355338	-
Bacillus subtilis PY79	bsp	U712_08220	NA	Uroporphyrinogen-III C-methyltransferase	md:bsp_M00925	I	1597099	1597872	+
Bacillus subtilis PY79	bsp	U712_01690	NA	Uroporphyrinogen-III C-methyltransferase	md:bsp_M00926	I	353893	355338	-
Bacillus subtilis PY79	bsp	U712_04430	NA	Glutamate-1-semialdehyde 2,1-aminomutase 1	md:bsp_M00926	I	905483	906772	-
Bacillus subtilis PY79	bsp	U712_05155	NA	Uroporphyrinogen decarboxylase	md:bsp_M00926	I	1049151	1050212	+
Bacillus subtilis PY79	bsp	U712_05165	NA	Ferrochelatase	md:bsp_M00926	I	1050284	1051216	+
Bacillus subtilis PY79	bsp	U712_05170	NA	Protoporphyrinogen oxidase	md:bsp_M00926	I	1051231	1052643	+
Bacillus subtilis PY79	bsp	U712_06340	NA	Uncharacterized protein yjjA	md:bsp_M00926	I	1257172	1257984	+
Bacillus subtilis PY79	bsp	U712_13870	NA	Glutamate-1-semialdehyde 2,1-aminomutase	md:bsp_M00926	I	2690734	2692026	-
Bacillus subtilis PY79	bsp	U712_13875	NA	Delta-aminolevulinic acid dehydratase	md:bsp_M00926	I	2692056	2693030	-
Bacillus subtilis PY79	bsp	U712_13880	NA	Uroporphyrinogen-III synthase	md:bsp_M00926	I	2693027	2693815	-
Bacillus subtilis PY79	bsp	U712_13885	NA	Porphobilinogen deaminase	md:bsp_M00926	I	2693805	2694749	-
Bacillus subtilis PY79	bsp	U712_13895	NA	Glutamyl-tRNA reductase	md:bsp_M00926	I	2695620	2696987	-
Bacillus subtilis PY79	bsp	U712_18985	NA	Hypothetical Protein	md:bsp_M00926	I	3684451	3685215	+
Bacillus subtilis PY79	bsp	U712_15290	NA	o-succinylbenzoate synthase	md:bsp_M00932	I	2964093	2965208	-
Bacillus subtilis PY79	bsp	U712_15295	NA	2-succinylbenzoate--CoA ligase	md:bsp_M00932	I	2965205	2966665	-
Bacillus subtilis PY79	bsp	U712_15300	NA	1,4-Dihydroxy-2-naphthoyl-CoA synthase	md:bsp_M00932	I	2966756	2967571	-
Bacillus subtilis PY79	bsp	U712_15305	NA	Putative esterase ytxM	md:bsp_M00932	I	2967606	2968430	-
Bacillus subtilis PY79	bsp	U712_15310	NA	2-succinyl-5-enolpyruvyl-6-hydroxy-3-cyclohexene-1-carboxylate synthase	md:bsp_M00932	I	2968418	2970160	-
Bacillus subtilis PY79	bsp	U712_15315	NA	Menaquinone-specific isochorismate synthase	md:bsp_M00932	I	2970157	2971617	-
Bacillus subtilis PY79	bsp	U712_15775	NA	Putative esterase ComA2	md:bsp_M00932	I	3070259	3070639	-
Bacillus subtilis PY79	bsp	U712_00145	NA	Thymidylate kinase	md:bsp_M00938	I	39159	39797	+
Bacillus subtilis PY79	bsp	U712_09120	NA	Ribonucleoside-diphosphate reductase subunit alpha	md:bsp_M00938	I	1832007	1834109	+
Bacillus subtilis PY79	bsp	U712_09125	NA	Ribonucleoside-diphosphate reductase subunit beta	md:bsp_M00938	I	1834127	1835116	+
Bacillus subtilis PY79	bsp	U712_09275	NA	putative deoxyuridine 5'-triphosphate nucleotidohydrolase yncF	md:bsp_M00938	I	1863118	1863552	+
Bacillus subtilis PY79	bsp	U712_09295	NA	Thymidylate synthase 1	md:bsp_M00938	I	1865257	1866096	+
Bacillus subtilis PY79	bsp	U712_10545	NA	Thymidylate synthase 2	md:bsp_M00938	I	2114959	2115753	-
Bacillus subtilis PY79	bsp	U712_11020	NA	Nucleoside diphosphate kinase	md:bsp_M00938	I	2199222	2199668	-
Bacillus subtilis PY79	bsp	U712_14990	NA	Biotin synthase	md:bsp_M00950	I	2908337	2909344	-
Bacillus subtilis PY79	bsp	U712_14995	NA	ATP-dependent dethiobiotin synthetase BioD	md:bsp_M00950	I	2909347	2910042	-
Bacillus subtilis PY79	bsp	U712_15000	NA	8-amino-7-oxononanoate synthase	md:bsp_M00950	I	2910039	2911169	-
