Chlamydia trachomatis A2497	cra	CTO_0223	NA	Pyrophosphate--fructose 6-phosphate 1-phosphotransferase	md:cra_M00001	I	232197	233876	+
Chlamydia trachomatis A2497	cra	CTO_0235	NA	Fructose-bisphosphate aldolase	md:cra_M00001	I	245612	246658	+
Chlamydia trachomatis A2497	cra	CTO_0355	NA	Triosephosphate isomerase	md:cra_M00001	I	371570	372394	+
Chlamydia trachomatis A2497	cra	CTO_0360	NA	Pyruvate kinase	md:cra_M00001	I	376455	377912	+
Chlamydia trachomatis A2497	cra	CTO_0412	NA	Glucose-6-phosphate isomerase	md:cra_M00001	I	432838	434415	-
Chlamydia trachomatis A2497	cra	CTO_0554	NA	Glyceraldehyde 3-phosphate dehydrogenase	md:cra_M00001	I	585644	586648	-
Chlamydia trachomatis A2497	cra	CTO_0637	NA	Enolase	md:cra_M00001	I	664425	665699	+
Chlamydia trachomatis A2497	cra	CTO_0754	NA	Phosphoglycerate kinase	md:cra_M00001	I	797542	798753	+
Chlamydia trachomatis A2497	cra	CTO_0784	NA	Phosphoglycerate mutase	md:cra_M00001	I	836460	837149	-
Chlamydia trachomatis A2497	cra	CTO_0355	NA	Triosephosphate isomerase	md:cra_M00002	I	371570	372394	+
Chlamydia trachomatis A2497	cra	CTO_0360	NA	Pyruvate kinase	md:cra_M00002	I	376455	377912	+
Chlamydia trachomatis A2497	cra	CTO_0554	NA	Glyceraldehyde 3-phosphate dehydrogenase	md:cra_M00002	I	585644	586648	-
Chlamydia trachomatis A2497	cra	CTO_0637	NA	Enolase	md:cra_M00002	I	664425	665699	+
Chlamydia trachomatis A2497	cra	CTO_0754	NA	Phosphoglycerate kinase	md:cra_M00002	I	797542	798753	+
Chlamydia trachomatis A2497	cra	CTO_0784	NA	Phosphoglycerate mutase	md:cra_M00002	I	836460	837149	-
Chlamydia trachomatis A2497	cra	CTO_0235	NA	Fructose-bisphosphate aldolase	md:cra_M00003	I	245612	246658	+
Chlamydia trachomatis A2497	cra	CTO_0355	NA	Triosephosphate isomerase	md:cra_M00003	I	371570	372394	+
Chlamydia trachomatis A2497	cra	CTO_0554	NA	Glyceraldehyde 3-phosphate dehydrogenase	md:cra_M00003	I	585644	586648	-
Chlamydia trachomatis A2497	cra	CTO_0637	NA	Enolase	md:cra_M00003	I	664425	665699	+
Chlamydia trachomatis A2497	cra	CTO_0754	NA	Phosphoglycerate kinase	md:cra_M00003	I	797542	798753	+
Chlamydia trachomatis A2497	cra	CTO_0772	NA	Phosphoenolpyruvate carboxykinase (GTP)	md:cra_M00003	I	822056	823855	+
Chlamydia trachomatis A2497	cra	CTO_0784	NA	Phosphoglycerate mutase	md:cra_M00003	I	836460	837149	-
Chlamydia trachomatis A2497	cra	CTO_0068	NA	6-phosphogluconate dehydrogenase	md:cra_M00004	I	73771	75213	+
Chlamydia trachomatis A2497	cra	CTO_0128	NA	Ribulose-phosphate 3-epimerase	md:cra_M00004	I	138734	139435	+
Chlamydia trachomatis A2497	cra	CTO_0203	NA	Glucose-6-phosphate 1-dehydrogenase	md:cra_M00004	I	208733	210256	+
Chlamydia trachomatis A2497	cra	CTO_0204	NA	6-phosphogluconolactonase	md:cra_M00004	I	210263	211051	+
Chlamydia trachomatis A2497	cra	CTO_0233	NA	Ribose 5-phosphate isomerase	md:cra_M00004	I	242839	243612	-
Chlamydia trachomatis A2497	cra	CTO_0335	NA	Transaldolase	md:cra_M00004	I	351520	352563	-
Chlamydia trachomatis A2497	cra	CTO_0412	NA	Glucose-6-phosphate isomerase	md:cra_M00004	I	432838	434415	-
Chlamydia trachomatis A2497	cra	CTO_0819	NA	Transketolase	md:cra_M00004	I	884023	886023	+
Chlamydia trachomatis A2497	cra	CTO_0068	NA	6-phosphogluconate dehydrogenase	md:cra_M00006	I	73771	75213	+
Chlamydia trachomatis A2497	cra	CTO_0203	NA	Glucose-6-phosphate 1-dehydrogenase	md:cra_M00006	I	208733	210256	+
Chlamydia trachomatis A2497	cra	CTO_0204	NA	6-phosphogluconolactonase	md:cra_M00006	I	210263	211051	+
Chlamydia trachomatis A2497	cra	CTO_0128	NA	Ribulose-phosphate 3-epimerase	md:cra_M00007	I	138734	139435	+
Chlamydia trachomatis A2497	cra	CTO_0233	NA	Ribose 5-phosphate isomerase	md:cra_M00007	I	242839	243612	-
Chlamydia trachomatis A2497	cra	CTO_0335	NA	Transaldolase	md:cra_M00007	I	351520	352563	-
Chlamydia trachomatis A2497	cra	CTO_0819	NA	Transketolase	md:cra_M00007	I	884023	886023	+
Chlamydia trachomatis A2497	cra	CTO_0203	NA	Glucose-6-phosphate 1-dehydrogenase	md:cra_M00008	I	208733	210256	+
Chlamydia trachomatis A2497	cra	CTO_0204	NA	6-phosphogluconolactonase	md:cra_M00008	I	210263	211051	+
Chlamydia trachomatis A2497	cra	CTO_0058	NA	2-oxoglutarate dehydrogenase E1 component	md:cra_M00009	I	61497	64208	+
Chlamydia trachomatis A2497	cra	CTO_0059	NA	Dihydrolipoamide succinyltransferase component (E2) of 2-oxoglutarate dehydrogenase complex	md:cra_M00009	I	64212	65309	+
Chlamydia trachomatis A2497	cra	CTO_0410	NA	Malate dehydrogenase	md:cra_M00009	I	431412	432425	-
Chlamydia trachomatis A2497	cra	CTO_0435	NA	lipoamid acyltransferase component (E2) of branched-chain alpha-keto acid dehydrogenase complex	md:cra_M00009	I	460663	461829	-
Chlamydia trachomatis A2497	cra	CTO_0607	NA	Dihydrolipoamide dehydrogenase	md:cra_M00009	I	631591	632988	+
Chlamydia trachomatis A2497	cra	CTO_0641	NA	Succinate dehydrogenase iron-sulfur protein	md:cra_M00009	I	672687	673385	-
Chlamydia trachomatis A2497	cra	CTO_0642	NA	Succinate dehydrogenase flavoprotein subunit	md:cra_M00009	I	673968	675476	-
Chlamydia trachomatis A2497	cra	CTO_0643	NA	Succinate dehydrogenase cytochrome b558 subunit	md:cra_M00009	I	675341	675910	-
Chlamydia trachomatis A2497	cra	CTO_0895	NA	Succinyl-CoA synthetase beta chain	md:cra_M00009	I	967445	968605	+
Chlamydia trachomatis A2497	cra	CTO_0896	NA	Succinyl-CoA synthetase alpha chain	md:cra_M00009	I	968620	969495	+
Chlamydia trachomatis A2497	cra	CTO_0932	NA	Fumarate hydratase	md:cra_M00009	I	1007148	1008392	+
Chlamydia trachomatis A2497	cra	CTO_0058	NA	2-oxoglutarate dehydrogenase E1 component	md:cra_M00011	I	61497	64208	+
Chlamydia trachomatis A2497	cra	CTO_0059	NA	Dihydrolipoamide succinyltransferase component (E2) of 2-oxoglutarate dehydrogenase complex	md:cra_M00011	I	64212	65309	+
Chlamydia trachomatis A2497	cra	CTO_0410	NA	Malate dehydrogenase	md:cra_M00011	I	431412	432425	-
Chlamydia trachomatis A2497	cra	CTO_0435	NA	lipoamid acyltransferase component (E2) of branched-chain alpha-keto acid dehydrogenase complex	md:cra_M00011	I	460663	461829	-
Chlamydia trachomatis A2497	cra	CTO_0607	NA	Dihydrolipoamide dehydrogenase	md:cra_M00011	I	631591	632988	+
Chlamydia trachomatis A2497	cra	CTO_0641	NA	Succinate dehydrogenase iron-sulfur protein	md:cra_M00011	I	672687	673385	-
Chlamydia trachomatis A2497	cra	CTO_0642	NA	Succinate dehydrogenase flavoprotein subunit	md:cra_M00011	I	673968	675476	-
Chlamydia trachomatis A2497	cra	CTO_0643	NA	Succinate dehydrogenase cytochrome b558 subunit	md:cra_M00011	I	675341	675910	-
Chlamydia trachomatis A2497	cra	CTO_0895	NA	Succinyl-CoA synthetase beta chain	md:cra_M00011	I	967445	968605	+
Chlamydia trachomatis A2497	cra	CTO_0896	NA	Succinyl-CoA synthetase alpha chain	md:cra_M00011	I	968620	969495	+
Chlamydia trachomatis A2497	cra	CTO_0932	NA	Fumarate hydratase	md:cra_M00011	I	1007148	1008392	+
Chlamydia trachomatis A2497	cra	CTO_0410	NA	Malate dehydrogenase	md:cra_M00012	I	431412	432425	-
Chlamydia trachomatis A2497	cra	CTO_0393	NA	Dihydrodipicolinate synthase	md:cra_M00016	I	414297	415157	-
Chlamydia trachomatis A2497	cra	CTO_0394	NA	Aspartokinase	md:cra_M00016	I	415167	416462	-
Chlamydia trachomatis A2497	cra	CTO_0395	NA	Aspartate-semialdehyde dehydrogenase	md:cra_M00016	I	416455	417459	-
Chlamydia trachomatis A2497	cra	CTO_0396	NA	Dihydrodipicolinate reductase	md:cra_M00016	I	417469	418230	-
Chlamydia trachomatis A2497	cra	CTO_0470	NA	Diaminopimelate epimerase	md:cra_M00016	I	501835	502662	-
Chlamydia trachomatis A2497	cra	CTO_0394	NA	Aspartokinase	md:cra_M00017	I	415167	416462	-
Chlamydia trachomatis A2497	cra	CTO_0395	NA	Aspartate-semialdehyde dehydrogenase	md:cra_M00017	I	416455	417459	-
Chlamydia trachomatis A2497	cra	CTO_0394	NA	Aspartokinase	md:cra_M00018	I	415167	416462	-
Chlamydia trachomatis A2497	cra	CTO_0395	NA	Aspartate-semialdehyde dehydrogenase	md:cra_M00018	I	416455	417459	-
Chlamydia trachomatis A2497	cra	CTO_0398	NA	3-phosphoshikimate 1-carboxyvinyltransferase	md:cra_M00022	I	420304	421626	+
Chlamydia trachomatis A2497	cra	CTO_0399	NA	Shikimate kinase	md:cra_M00022	I	421568	422122	+
Chlamydia trachomatis A2497	cra	CTO_0400	NA	Chorismate synthase	md:cra_M00022	I	422115	423188	+
Chlamydia trachomatis A2497	cra	CTO_0401	NA	3-dehydroquinate synthase	md:cra_M00022	I	423173	424306	+
Chlamydia trachomatis A2497	cra	CTO_0402	NA	Shikimate 5-dehydrogenase	md:cra_M00022	I	424221	425723	+
Chlamydia trachomatis A2497	cra	CTO_0416	NA	3-deoxy-7-phosphoheptulonate synthase	md:cra_M00022	I	437555	438391	-
Chlamydia trachomatis A2497	cra	CTO_0184	NA	Tryptophan synthase beta chain	md:cra_M00023	I	195048	196226	+
Chlamydia trachomatis A2497	cra	CTO_0186	NA	Tryptophan synthase alpha chain	md:cra_M00023	I	196446	196979	+
Chlamydia trachomatis A2497	cra	CTO_0059	NA	Dihydrolipoamide succinyltransferase component (E2) of 2-oxoglutarate dehydrogenase complex	md:cra_M00032	I	64212	65309	+
Chlamydia trachomatis A2497	cra	CTO_0435	NA	lipoamid acyltransferase component (E2) of branched-chain alpha-keto acid dehydrogenase complex	md:cra_M00032	I	460663	461829	-
Chlamydia trachomatis A2497	cra	CTO_0607	NA	Dihydrolipoamide dehydrogenase	md:cra_M00032	I	631591	632988	+
Chlamydia trachomatis A2497	cra	CTO_0394	NA	Aspartokinase	md:cra_M00033	I	415167	416462	-
Chlamydia trachomatis A2497	cra	CTO_0395	NA	Aspartate-semialdehyde dehydrogenase	md:cra_M00033	I	416455	417459	-
Chlamydia trachomatis A2497	cra	CTO_0060	NA	putative cytosolic protein	md:cra_M00034	I	65338	66096	-
Chlamydia trachomatis A2497	cra	CTO_0369	NA	2-oxoisovalerate dehydrogenase alpha subunit	md:cra_M00036	I	389734	391770	-
Chlamydia trachomatis A2497	cra	CTO_0607	NA	Dihydrolipoamide dehydrogenase	md:cra_M00036	I	631591	632988	+
Chlamydia trachomatis A2497	cra	CTO_0135	NA	Adenylate kinase	md:cra_M00049	I	143948	144685	-
Chlamydia trachomatis A2497	cra	CTO_0548	NA	Nucleoside diphosphate kinase	md:cra_M00049	I	582099	582569	-
Chlamydia trachomatis A2497	cra	CTO_0032	NA	Guanylate kinase	md:cra_M00050	I	34390	35007	+
Chlamydia trachomatis A2497	cra	CTO_0548	NA	Nucleoside diphosphate kinase	md:cra_M00050	I	582099	582569	-
Chlamydia trachomatis A2497	cra	CTO_0201	NA	CTP synthase	md:cra_M00052	I	206564	208183	+
Chlamydia trachomatis A2497	cra	CTO_0548	NA	Nucleoside diphosphate kinase	md:cra_M00052	I	582099	582569	-
Chlamydia trachomatis A2497	cra	CTO_0738	NA	Uridylate kinase	md:cra_M00052	I	778673	779410	-
Chlamydia trachomatis A2497	cra	CTO_0548	NA	Nucleoside diphosphate kinase	md:cra_M00053	I	582099	582569	-
Chlamydia trachomatis A2497	cra	CTO_0901	NA	Ribonucleoside-diphosphate reductase alpha chain	md:cra_M00053	I	976960	980121	+
Chlamydia trachomatis A2497	cra	CTO_0902	NA	Ribonucleoside-diphosphate reductase beta chain	md:cra_M00053	I	980159	981199	+
Chlamydia trachomatis A2497	cra	CTO_0011	NA	Lipid A biosynthesis lauroyl acyltransferase	md:cra_M00060	I	10385	11752	-
Chlamydia trachomatis A2497	cra	CTO_0228	NA	3-deoxy-D-manno-octulosonic-acid transferase	md:cra_M00060	I	236607	237902	-
Chlamydia trachomatis A2497	cra	CTO_0265	NA	UDP-3-O-[3-hydroxymyristoyl] glucosamine N-acyltransferase	md:cra_M00060	I	273214	274278	+
Chlamydia trachomatis A2497	cra	CTO_0437	NA	Tetraacyldisaccharide 4'-kinase	md:cra_M00060	I	463310	464569	-
Chlamydia trachomatis A2497	cra	CTO_0446	NA	Lipid-A-disaccharide synthase	md:cra_M00060	I	471576	473399	+
Chlamydia trachomatis A2497	cra	CTO_0580	NA	Acyl-[acyl-carrier-protein]--UDP-N-acetylglucosamine O-acyltransferase	md:cra_M00060	I	601353	602195	-
Chlamydia trachomatis A2497	cra	CTO_0582	NA	UDP-3-O-[3-hydroxymyristoyl] N-acetylglucosamine deacetylase	md:cra_M00060	I	602665	603540	-
Chlamydia trachomatis A2497	cra	CTO_0200	NA	3-deoxy-manno-octulosonate cytidylyltransferase	md:cra_M00063	I	205788	206588	+
Chlamydia trachomatis A2497	cra	CTO_0434	NA	Carbohydrate isomerase, KpsF/GutQ family	md:cra_M00063	I	459645	460640	-
Chlamydia trachomatis A2497	cra	CTO_0711	NA	2-dehydro-3-deoxyphosphooctonate aldolase	md:cra_M00063	I	754150	754959	-
Chlamydia trachomatis A2497	cra	CTO_0130	NA	Biotin carboxyl carrier protein of acetyl-CoA carboxylase	md:cra_M00082	I	139992	140486	+
Chlamydia trachomatis A2497	cra	CTO_0131	NA	Biotin carboxylase	md:cra_M00082	I	140490	141863	+
Chlamydia trachomatis A2497	cra	CTO_0260	NA	Malonyl-CoA-[acyl-carrier-protein] transacylase	md:cra_M00082	I	267177	268106	-
Chlamydia trachomatis A2497	cra	CTO_0261	NA	3-oxoacyl-[acyl-carrier-protein] synthase III	md:cra_M00082	I	268120	269127	-
Chlamydia trachomatis A2497	cra	CTO_0287	NA	Acetyl-coenzyme A carboxylase carboxyl transferase subunit alpha	md:cra_M00082	I	298534	299508	-
Chlamydia trachomatis A2497	cra	CTO_0315	NA	Acetyl-coenzyme A carboxylase carboxyl transferase subunit beta	md:cra_M00082	I	328558	329484	-
Chlamydia trachomatis A2497	cra	CTO_0110	NA	enoyl-[acyl-carrier-protein] reductase (fabL) (NADPH)	md:cra_M00083	I	119924	120820	-
Chlamydia trachomatis A2497	cra	CTO_0259	NA	3-oxoacyl-[acyl-carrier protein] reductase	md:cra_M00083	I	266434	267180	-
Chlamydia trachomatis A2497	cra	CTO_0581	NA	(3R)-hydroxymyristoyl-[acyl carrier protein] dehydratase	md:cra_M00083	I	602207	602668	-
Chlamydia trachomatis A2497	cra	CTO_0840	NA	3-oxoacyl-[acyl-carrier-protein] synthase	md:cra_M00083	I	906555	907811	+
Chlamydia trachomatis A2497	cra	CTO_0495	NA	1-acyl-sn-glycerol-3-phosphate acyltransferase	md:cra_M00089	I	529242	529892	+
Chlamydia trachomatis A2497	cra	CTO_0845	NA	2-acylglycerophosphoethanolamine acyltransferase	md:cra_M00089	I	911551	912312	+
Chlamydia trachomatis A2497	cra	CTO_0879	NA	Glycerol-3-phosphate acyltransferase	md:cra_M00089	I	948069	949070	-
Chlamydia trachomatis A2497	cra	CTO_0493	NA	Phosphatidate cytidylyltransferase	md:cra_M00093	I	527681	528598	+
Chlamydia trachomatis A2497	cra	CTO_0760	NA	Phosphatidylserine decarboxylase	md:cra_M00093	I	804734	805639	+
Chlamydia trachomatis A2497	cra	CTO_0900	NA	CDP-diacylglycerol--serine O-phosphatidyltransferase	md:cra_M00093	I	975551	976342	-
Chlamydia trachomatis A2497	cra	CTO_0061	NA	1-hydroxy-2-methyl-2-(E)-butenyl 4-diphosphate synthase	md:cra_M00096	I	66078	67907	-
Chlamydia trachomatis A2497	cra	CTO_0076	NA	1-deoxy-D-xylulose 5-phosphate reductoisomerase	md:cra_M00096	I	84415	85554	+
Chlamydia trachomatis A2497	cra	CTO_0359	NA	1-deoxy-D-xylulose 5-phosphate synthase	md:cra_M00096	I	374436	376358	+
Chlamydia trachomatis A2497	cra	CTO_0474	NA	2-C-methyl-D-erythritol 2,4-cyclodiphosphate synthase	md:cra_M00096	I	505852	506388	+
Chlamydia trachomatis A2497	cra	CTO_0505	NA	2-C-methyl-D-erythritol 4-phosphate cytidylyltransferase	md:cra_M00096	I	540678	541337	+
Chlamydia trachomatis A2497	cra	CTO_0876	NA	4-diphosphocytidyl-2-C-methyl-D-erythritol kinase	md:cra_M00096	I	942388	943308	+
Chlamydia trachomatis A2497	cra	CTO_0937	NA	4-hydroxy-3-methylbut-2-enyl diphosphate reductase	md:cra_M00096	I	1014233	1015156	+
Chlamydia trachomatis A2497	cra	CTO_0468	NA	Ubiquinone/menaquinone biosynthesis methyltransferase UBIE	md:cra_M00116	I	500070	500759	+
Chlamydia trachomatis A2497	cra	CTO_0239	NA	4-hydroxybenzoate polyprenyltransferase	md:cra_M00117	I	250024	250932	+
Chlamydia trachomatis A2497	cra	CTO_0240	NA	UbiX	md:cra_M00117	I	250929	251507	+
Chlamydia trachomatis A2497	cra	CTO_0468	NA	Ubiquinone/menaquinone biosynthesis methyltransferase UBIE	md:cra_M00117	I	500070	500759	+
Chlamydia trachomatis A2497	cra	CTO_0539	NA	Dephospho-CoA kinase	md:cra_M00120	I	570599	571216	-
Chlamydia trachomatis A2497	cra	CTO_0056	NA	Oxygen-independent coproporphyrinogen-III oxidase	md:cra_M00121	I	59593	60729	-
Chlamydia trachomatis A2497	cra	CTO_0230	NA	Glutamate-1-semialdehyde 2,1-aminomutase	md:cra_M00121	I	240372	241823	+
Chlamydia trachomatis A2497	cra	CTO_0321	NA	Porphobilinogen deaminase	md:cra_M00121	I	334838	335563	+
Chlamydia trachomatis A2497	cra	CTO_0473	NA	Uroporphyrin-III C-methyltransferase	md:cra_M00121	I	505078	505749	+
Chlamydia trachomatis A2497	cra	CTO_0486	NA	Glutamyl-tRNA synthetase	md:cra_M00121	I	516878	518398	-
Chlamydia trachomatis A2497	cra	CTO_0532	NA	Ferrochelatase	md:cra_M00121	I	564240	565184	-
Chlamydia trachomatis A2497	cra	CTO_0687	NA	Delta-aminolevulinic acid dehydratase	md:cra_M00121	I	722846	723874	+
Chlamydia trachomatis A2497	cra	CTO_0719	NA	Glutamyl-tRNA reductase	md:cra_M00121	I	761264	762310	+
Chlamydia trachomatis A2497	cra	CTO_0811	NA	Protoporphyrinogen oxidase	md:cra_M00121	I	868713	869987	-
Chlamydia trachomatis A2497	cra	CTO_0812	NA	Oxygen-independent coproporphyrinogen-III oxidase	md:cra_M00121	I	869984	871357	-
Chlamydia trachomatis A2497	cra	CTO_0813	NA	Uroporphyrinogen decarboxylase	md:cra_M00121	I	871330	872340	-
Chlamydia trachomatis A2497	cra	CTO_0847	NA	8-amino-7-oxononanoate synthase	md:cra_M00123	I	913976	915109	+
Chlamydia trachomatis A2497	cra	CTO_0098	NA	Riboflavin kinase	md:cra_M00125	I	108511	109434	-
Chlamydia trachomatis A2497	cra	CTO_0440	NA	Riboflavin synthase alpha chain	md:cra_M00125	I	466206	466811	-
Chlamydia trachomatis A2497	cra	CTO_0792	NA	Diaminohydroxyphosphoribosylaminopyrimidine deaminase	md:cra_M00125	I	844662	845864	+
Chlamydia trachomatis A2497	cra	CTO_0793	NA	GTP cyclohydrolase II	md:cra_M00125	I	845968	847248	+
Chlamydia trachomatis A2497	cra	CTO_0794	NA	6,7-dimethyl-8-ribityllumazine synthase	md:cra_M00125	I	847199	847690	+
Chlamydia trachomatis A2497	cra	CTO_0665	NA	Dihydrofolate reductase	md:cra_M00126	I	694397	694894	-
Chlamydia trachomatis A2497	cra	CTO_0666	NA	2-amino-4-hydroxy-6-hydroxymethyldihydropteridine pyrophosphokinase	md:cra_M00126	I	694873	696225	-
Chlamydia trachomatis A2497	cra	CTO_0667	NA	Dihydroneopterin aldolase	md:cra_M00126	I	696222	696596	-
Chlamydia trachomatis A2497	cra	CTO_0405	NA	Hypothetical protein	md:cra_M00133	I	428088	428675	+
Chlamydia trachomatis A2497	cra	CTO_0083	NA	Methylenetetrahydrofolate dehydrogenase (NADP+)	md:cra_M00140	I	92521	93390	-
Chlamydia trachomatis A2497	cra	CTO_0472	NA	Serine hydroxymethyltransferase	md:cra_M00140	I	503221	504744	-
Chlamydia trachomatis A2497	cra	CTO_0641	NA	Succinate dehydrogenase iron-sulfur protein	md:cra_M00149	I	672687	673385	-
Chlamydia trachomatis A2497	cra	CTO_0642	NA	Succinate dehydrogenase flavoprotein subunit	md:cra_M00149	I	673968	675476	-
Chlamydia trachomatis A2497	cra	CTO_0643	NA	Succinate dehydrogenase cytochrome b558 subunit	md:cra_M00149	I	675341	675910	-
Chlamydia trachomatis A2497	cra	CTO_0015	NA	Cytochrome d ubiquinol oxidase subunit I	md:cra_M00153	I	14205	15545	+
Chlamydia trachomatis A2497	cra	CTO_0078	NA	Cytochrome d ubiquinol oxidase subunit II	md:cra_M00153	I	15542	16618	+
Chlamydia trachomatis A2497	cra	CTO_0326	NA	V-type sodium ATP synthase subunit K	md:cra_M00159	I	342557	343003	-
Chlamydia trachomatis A2497	cra	CTO_0327	NA	V-type sodium ATP synthase subunit I	md:cra_M00159	I	343045	344994	-
Chlamydia trachomatis A2497	cra	CTO_0328	NA	V-type ATP synthase subunit D	md:cra_M00159	I	345000	345611	-
Chlamydia trachomatis A2497	cra	CTO_0329	NA	V-type sodium ATP synthase subunit B	md:cra_M00159	I	345596	346912	-
Chlamydia trachomatis A2497	cra	CTO_0330	NA	V-type ATP synthase alpha chain	md:cra_M00159	I	346915	348690	-
Chlamydia trachomatis A2497	cra	CTO_0332	NA	V-type ATP synthase subunit E	md:cra_M00159	I	349651	350298	-
Chlamydia trachomatis A2497	cra	CTO_0233	NA	Ribose 5-phosphate isomerase	md:cra_M00165	I	242839	243612	-
Chlamydia trachomatis A2497	cra	CTO_0554	NA	Glyceraldehyde 3-phosphate dehydrogenase	md:cra_M00165	I	585644	586648	-
Chlamydia trachomatis A2497	cra	CTO_0754	NA	Phosphoglycerate kinase	md:cra_M00165	I	797542	798753	+
Chlamydia trachomatis A2497	cra	CTO_0819	NA	Transketolase	md:cra_M00165	I	884023	886023	+
Chlamydia trachomatis A2497	cra	CTO_0554	NA	Glyceraldehyde 3-phosphate dehydrogenase	md:cra_M00166	I	585644	586648	-
Chlamydia trachomatis A2497	cra	CTO_0754	NA	Phosphoglycerate kinase	md:cra_M00166	I	797542	798753	+
Chlamydia trachomatis A2497	cra	CTO_0233	NA	Ribose 5-phosphate isomerase	md:cra_M00167	I	242839	243612	-
Chlamydia trachomatis A2497	cra	CTO_0819	NA	Transketolase	md:cra_M00167	I	884023	886023	+
Chlamydia trachomatis A2497	cra	CTO_0410	NA	Malate dehydrogenase	md:cra_M00168	I	431412	432425	-
Chlamydia trachomatis A2497	cra	CTO_0410	NA	Malate dehydrogenase	md:cra_M00173	I	431412	432425	-
Chlamydia trachomatis A2497	cra	CTO_0641	NA	Succinate dehydrogenase iron-sulfur protein	md:cra_M00173	I	672687	673385	-
Chlamydia trachomatis A2497	cra	CTO_0642	NA	Succinate dehydrogenase flavoprotein subunit	md:cra_M00173	I	673968	675476	-
Chlamydia trachomatis A2497	cra	CTO_0643	NA	Succinate dehydrogenase cytochrome b558 subunit	md:cra_M00173	I	675341	675910	-
Chlamydia trachomatis A2497	cra	CTO_0895	NA	Succinyl-CoA synthetase beta chain	md:cra_M00173	I	967445	968605	+
Chlamydia trachomatis A2497	cra	CTO_0896	NA	Succinyl-CoA synthetase alpha chain	md:cra_M00173	I	968620	969495	+
Chlamydia trachomatis A2497	cra	CTO_0932	NA	Fumarate hydratase	md:cra_M00173	I	1007148	1008392	+
Chlamydia trachomatis A2497	cra	CTO_0475	NA	NADPH-cytochrome P450 reductase	md:cra_M00176	I	506385	507437	-
Chlamydia trachomatis A2497	cra	CTO_0267	NA	Pyruvate dehydrogenase E1 component alpha subunit	md:cra_M00307	I	275693	276715	+
Chlamydia trachomatis A2497	cra	CTO_0268	NA	Pyruvate dehydrogenase E1 component beta subunit	md:cra_M00307	I	276708	277694	+
Chlamydia trachomatis A2497	cra	CTO_0269	NA	Dihydrolipoamide acetyltransferase component of pyruvate dehydrogenase complex	md:cra_M00307	I	277699	278988	+
Chlamydia trachomatis A2497	cra	CTO_0607	NA	Dihydrolipoamide dehydrogenase	md:cra_M00307	I	631591	632988	+
Chlamydia trachomatis A2497	cra	CTO_0554	NA	Glyceraldehyde 3-phosphate dehydrogenase	md:cra_M00308	I	585644	586648	-
Chlamydia trachomatis A2497	cra	CTO_0754	NA	Phosphoglycerate kinase	md:cra_M00308	I	797542	798753	+
Chlamydia trachomatis A2497	cra	CTO_0223	NA	Pyrophosphate--fructose 6-phosphate 1-phosphotransferase	md:cra_M00345	I	232197	233876	+
Chlamydia trachomatis A2497	cra	CTO_0410	NA	Malate dehydrogenase	md:cra_M00346	I	431412	432425	-
Chlamydia trachomatis A2497	cra	CTO_0472	NA	Serine hydroxymethyltransferase	md:cra_M00346	I	503221	504744	-
Chlamydia trachomatis A2497	cra	CTO_0637	NA	Enolase	md:cra_M00346	I	664425	665699	+
Chlamydia trachomatis A2497	cra	CTO_0681	NA	Dimethylallyltransferase	md:cra_M00364	I	718073	718948	-
Chlamydia trachomatis A2497	cra	CTO_0410	NA	Malate dehydrogenase	md:cra_M00374	I	431412	432425	-
Chlamydia trachomatis A2497	cra	CTO_0641	NA	Succinate dehydrogenase iron-sulfur protein	md:cra_M00374	I	672687	673385	-
Chlamydia trachomatis A2497	cra	CTO_0642	NA	Succinate dehydrogenase flavoprotein subunit	md:cra_M00374	I	673968	675476	-
Chlamydia trachomatis A2497	cra	CTO_0643	NA	Succinate dehydrogenase cytochrome b558 subunit	md:cra_M00374	I	675341	675910	-
Chlamydia trachomatis A2497	cra	CTO_0895	NA	Succinyl-CoA synthetase beta chain	md:cra_M00374	I	967445	968605	+
Chlamydia trachomatis A2497	cra	CTO_0896	NA	Succinyl-CoA synthetase alpha chain	md:cra_M00374	I	968620	969495	+
Chlamydia trachomatis A2497	cra	CTO_0130	NA	Biotin carboxyl carrier protein of acetyl-CoA carboxylase	md:cra_M00376	I	139992	140486	+
Chlamydia trachomatis A2497	cra	CTO_0131	NA	Biotin carboxylase	md:cra_M00376	I	140490	141863	+
Chlamydia trachomatis A2497	cra	CTO_0287	NA	Acetyl-coenzyme A carboxylase carboxyl transferase subunit alpha	md:cra_M00376	I	298534	299508	-
Chlamydia trachomatis A2497	cra	CTO_0315	NA	Acetyl-coenzyme A carboxylase carboxyl transferase subunit beta	md:cra_M00376	I	328558	329484	-
Chlamydia trachomatis A2497	cra	CTO_0641	NA	Succinate dehydrogenase iron-sulfur protein	md:cra_M00376	I	672687	673385	-
Chlamydia trachomatis A2497	cra	CTO_0642	NA	Succinate dehydrogenase flavoprotein subunit	md:cra_M00376	I	673968	675476	-
Chlamydia trachomatis A2497	cra	CTO_0643	NA	Succinate dehydrogenase cytochrome b558 subunit	md:cra_M00376	I	675341	675910	-
Chlamydia trachomatis A2497	cra	CTO_0932	NA	Fumarate hydratase	md:cra_M00376	I	1007148	1008392	+
Chlamydia trachomatis A2497	cra	CTO_0083	NA	Methylenetetrahydrofolate dehydrogenase (NADP+)	md:cra_M00377	I	92521	93390	-
Chlamydia trachomatis A2497	cra	CTO_0393	NA	Dihydrodipicolinate synthase	md:cra_M00525	I	414297	415157	-
Chlamydia trachomatis A2497	cra	CTO_0394	NA	Aspartokinase	md:cra_M00525	I	415167	416462	-
Chlamydia trachomatis A2497	cra	CTO_0395	NA	Aspartate-semialdehyde dehydrogenase	md:cra_M00525	I	416455	417459	-
Chlamydia trachomatis A2497	cra	CTO_0396	NA	Dihydrodipicolinate reductase	md:cra_M00525	I	417469	418230	-
Chlamydia trachomatis A2497	cra	CTO_0470	NA	Diaminopimelate epimerase	md:cra_M00525	I	501835	502662	-
Chlamydia trachomatis A2497	cra	CTO_0393	NA	Dihydrodipicolinate synthase	md:cra_M00526	I	414297	415157	-
Chlamydia trachomatis A2497	cra	CTO_0394	NA	Aspartokinase	md:cra_M00526	I	415167	416462	-
Chlamydia trachomatis A2497	cra	CTO_0395	NA	Aspartate-semialdehyde dehydrogenase	md:cra_M00526	I	416455	417459	-
Chlamydia trachomatis A2497	cra	CTO_0396	NA	Dihydrodipicolinate reductase	md:cra_M00526	I	417469	418230	-
Chlamydia trachomatis A2497	cra	CTO_0393	NA	Dihydrodipicolinate synthase	md:cra_M00527	I	414297	415157	-
Chlamydia trachomatis A2497	cra	CTO_0394	NA	Aspartokinase	md:cra_M00527	I	415167	416462	-
Chlamydia trachomatis A2497	cra	CTO_0395	NA	Aspartate-semialdehyde dehydrogenase	md:cra_M00527	I	416455	417459	-
Chlamydia trachomatis A2497	cra	CTO_0396	NA	Dihydrodipicolinate reductase	md:cra_M00527	I	417469	418230	-
Chlamydia trachomatis A2497	cra	CTO_0425	NA	Aspartate aminotransferase	md:cra_M00527	I	446682	447902	+
Chlamydia trachomatis A2497	cra	CTO_0470	NA	Diaminopimelate epimerase	md:cra_M00527	I	501835	502662	-
Chlamydia trachomatis A2497	cra	CTO_0304	NA	Glycine cleavage system H protein	md:cra_M00532	I	315045	315413	-
Chlamydia trachomatis A2497	cra	CTO_0472	NA	Serine hydroxymethyltransferase	md:cra_M00532	I	503221	504744	-
Chlamydia trachomatis A2497	cra	CTO_0607	NA	Dihydrolipoamide dehydrogenase	md:cra_M00532	I	631591	632988	+
Chlamydia trachomatis A2497	cra	CTO_0095	NA	Type III secretion inner membrane protein SctV	md:cra_M00542	I	103937	106063	-
Chlamydia trachomatis A2497	cra	CTO_0096	NA	SctU	md:cra_M00542	I	106063	107145	-
Chlamydia trachomatis A2497	cra	CTO_0609	NA	Type III secretion cytoplasmic membrane protein SctJ	md:cra_M00542	I	633991	635004	+
Chlamydia trachomatis A2497	cra	CTO_0612	NA	Type III secretion inner membrane protein SctR	md:cra_M00542	I	636792	637721	+
Chlamydia trachomatis A2497	cra	CTO_0613	NA	Type III secretion inner membrane protein SctS	md:cra_M00542	I	637733	638017	+
Chlamydia trachomatis A2497	cra	CTO_0614	NA	Type III secretion inner membrane protein SctT	md:cra_M00542	I	638024	638893	+
Chlamydia trachomatis A2497	cra	CTO_0726	NA	SctN	md:cra_M00542	I	767657	768985	+
Chlamydia trachomatis A2497	cra	CTO_0731	NA	General secretion pathway protein D	md:cra_M00542	I	773104	775869	+
Chlamydia trachomatis A2497	cra	CTO_0554	NA	Glyceraldehyde 3-phosphate dehydrogenase	md:cra_M00552	I	585644	586648	-
Chlamydia trachomatis A2497	cra	CTO_0754	NA	Phosphoglycerate kinase	md:cra_M00552	I	797542	798753	+
Chlamydia trachomatis A2497	cra	CTO_0046	NA	Isoamylase	md:cra_M00565	I	46556	48628	-
Chlamydia trachomatis A2497	cra	CTO_0536	NA	Glucose-1-phosphate adenylyltransferase	md:cra_M00565	I	567429	568754	-
Chlamydia trachomatis A2497	cra	CTO_0869	NA	Glycogen synthase	md:cra_M00565	I	938011	939492	-
Chlamydia trachomatis A2497	cra	CTO_0946	NA	1,4-alpha-glucan branching enzyme	md:cra_M00565	I	1023230	1025446	+
Chlamydia trachomatis A2497	cra	CTO_0110	NA	enoyl-[acyl-carrier-protein] reductase (fabL) (NADPH)	md:cra_M00572	I	119924	120820	-
Chlamydia trachomatis A2497	cra	CTO_0259	NA	3-oxoacyl-[acyl-carrier protein] reductase	md:cra_M00572	I	266434	267180	-
Chlamydia trachomatis A2497	cra	CTO_0581	NA	(3R)-hydroxymyristoyl-[acyl carrier protein] dehydratase	md:cra_M00572	I	602207	602668	-
Chlamydia trachomatis A2497	cra	CTO_0840	NA	3-oxoacyl-[acyl-carrier-protein] synthase	md:cra_M00572	I	906555	907811	+
Chlamydia trachomatis A2497	cra	CTO_0847	NA	8-amino-7-oxononanoate synthase	md:cra_M00573	I	913976	915109	+
Chlamydia trachomatis A2497	cra	CTO_0847	NA	8-amino-7-oxononanoate synthase	md:cra_M00577	I	913976	915109	+
Chlamydia trachomatis A2497	cra	CTO_0233	NA	Ribose 5-phosphate isomerase	md:cra_M00580	I	242839	243612	-
Chlamydia trachomatis A2497	cra	CTO_0410	NA	Malate dehydrogenase	md:cra_M00620	I	431412	432425	-
Chlamydia trachomatis A2497	cra	CTO_0895	NA	Succinyl-CoA synthetase beta chain	md:cra_M00620	I	967445	968605	+
Chlamydia trachomatis A2497	cra	CTO_0896	NA	Succinyl-CoA synthetase alpha chain	md:cra_M00620	I	968620	969495	+
Chlamydia trachomatis A2497	cra	CTO_0095	NA	Type III secretion inner membrane protein SctV	md:cra_M00660	I	103937	106063	-
Chlamydia trachomatis A2497	cra	CTO_0096	NA	SctU	md:cra_M00660	I	106063	107145	-
Chlamydia trachomatis A2497	cra	CTO_0609	NA	Type III secretion cytoplasmic membrane protein SctJ	md:cra_M00660	I	633991	635004	+
Chlamydia trachomatis A2497	cra	CTO_0611	NA	Type III secretion cytoplasmic protein SctL	md:cra_M00660	I	636081	636788	+
Chlamydia trachomatis A2497	cra	CTO_0612	NA	Type III secretion inner membrane protein SctR	md:cra_M00660	I	636792	637721	+
Chlamydia trachomatis A2497	cra	CTO_0613	NA	Type III secretion inner membrane protein SctS	md:cra_M00660	I	637733	638017	+
Chlamydia trachomatis A2497	cra	CTO_0614	NA	Type III secretion inner membrane protein SctT	md:cra_M00660	I	638024	638893	+
Chlamydia trachomatis A2497	cra	CTO_0726	NA	SctN	md:cra_M00660	I	767657	768985	+
Chlamydia trachomatis A2497	cra	CTO_0410	NA	Malate dehydrogenase	md:cra_M00740	I	431412	432425	-
Chlamydia trachomatis A2497	cra	CTO_0354	NA	N-(5'-phosphoribosyl)anthranilate isomerase	md:cra_M00840	I	370747	371373	-
Chlamydia trachomatis A2497	cra	CTO_0664	NA	Hypothetical protein	md:cra_M00840	I	693694	694425	-
Chlamydia trachomatis A2497	cra	CTO_0665	NA	Dihydrofolate reductase	md:cra_M00840	I	694397	694894	-
Chlamydia trachomatis A2497	cra	CTO_0666	NA	2-amino-4-hydroxy-6-hydroxymethyldihydropteridine pyrophosphokinase	md:cra_M00840	I	694873	696225	-
Chlamydia trachomatis A2497	cra	CTO_0667	NA	Dihydroneopterin aldolase	md:cra_M00840	I	696222	696596	-
Chlamydia trachomatis A2497	cra	CTO_0793	NA	GTP cyclohydrolase II	md:cra_M00840	I	845968	847248	+
Chlamydia trachomatis A2497	cra	CTO_0666	NA	2-amino-4-hydroxy-6-hydroxymethyldihydropteridine pyrophosphokinase	md:cra_M00841	I	694873	696225	-
Chlamydia trachomatis A2497	cra	CTO_0230	NA	Glutamate-1-semialdehyde 2,1-aminomutase	md:cra_M00846	I	240372	241823	+
Chlamydia trachomatis A2497	cra	CTO_0321	NA	Porphobilinogen deaminase	md:cra_M00846	I	334838	335563	+
Chlamydia trachomatis A2497	cra	CTO_0473	NA	Uroporphyrin-III C-methyltransferase	md:cra_M00846	I	505078	505749	+
Chlamydia trachomatis A2497	cra	CTO_0687	NA	Delta-aminolevulinic acid dehydratase	md:cra_M00846	I	722846	723874	+
Chlamydia trachomatis A2497	cra	CTO_0719	NA	Glutamyl-tRNA reductase	md:cra_M00846	I	761264	762310	+
Chlamydia trachomatis A2497	cra	CTO_0240	NA	UbiX	md:cra_M00849	I	250929	251507	+
Chlamydia trachomatis A2497	cra	CTO_0536	NA	Glucose-1-phosphate adenylyltransferase	md:cra_M00854	I	567429	568754	-
Chlamydia trachomatis A2497	cra	CTO_0869	NA	Glycogen synthase	md:cra_M00854	I	938011	939492	-
Chlamydia trachomatis A2497	cra	CTO_0946	NA	1,4-alpha-glucan branching enzyme	md:cra_M00854	I	1023230	1025446	+
Chlamydia trachomatis A2497	cra	CTO_0092	NA	4-alpha-glucanotransferase	md:cra_M00855	I	100589	102172	-
Chlamydia trachomatis A2497	cra	CTO_0270	NA	Glycogen phosphorylase	md:cra_M00855	I	279015	281459	-
Chlamydia trachomatis A2497	cra	CTO_0011	NA	Lipid A biosynthesis lauroyl acyltransferase	md:cra_M00866	I	10385	11752	-
Chlamydia trachomatis A2497	cra	CTO_0228	NA	3-deoxy-D-manno-octulosonic-acid transferase	md:cra_M00866	I	236607	237902	-
Chlamydia trachomatis A2497	cra	CTO_0265	NA	UDP-3-O-[3-hydroxymyristoyl] glucosamine N-acyltransferase	md:cra_M00866	I	273214	274278	+
Chlamydia trachomatis A2497	cra	CTO_0437	NA	Tetraacyldisaccharide 4'-kinase	md:cra_M00866	I	463310	464569	-
Chlamydia trachomatis A2497	cra	CTO_0446	NA	Lipid-A-disaccharide synthase	md:cra_M00866	I	471576	473399	+
Chlamydia trachomatis A2497	cra	CTO_0580	NA	Acyl-[acyl-carrier-protein]--UDP-N-acetylglucosamine O-acyltransferase	md:cra_M00866	I	601353	602195	-
Chlamydia trachomatis A2497	cra	CTO_0582	NA	UDP-3-O-[3-hydroxymyristoyl] N-acetylglucosamine deacetylase	md:cra_M00866	I	602665	603540	-
Chlamydia trachomatis A2497	cra	CTO_0321	NA	Porphobilinogen deaminase	md:cra_M00868	I	334838	335563	+
Chlamydia trachomatis A2497	cra	CTO_0473	NA	Uroporphyrin-III C-methyltransferase	md:cra_M00868	I	505078	505749	+
Chlamydia trachomatis A2497	cra	CTO_0532	NA	Ferrochelatase	md:cra_M00868	I	564240	565184	-
Chlamydia trachomatis A2497	cra	CTO_0687	NA	Delta-aminolevulinic acid dehydratase	md:cra_M00868	I	722846	723874	+
Chlamydia trachomatis A2497	cra	CTO_0811	NA	Protoporphyrinogen oxidase	md:cra_M00868	I	868713	869987	-
Chlamydia trachomatis A2497	cra	CTO_0813	NA	Uroporphyrinogen decarboxylase	md:cra_M00868	I	871330	872340	-
Chlamydia trachomatis A2497	cra	CTO_0260	NA	Malonyl-CoA-[acyl-carrier-protein] transacylase	md:cra_M00873	I	267177	268106	-
Chlamydia trachomatis A2497	cra	CTO_0840	NA	3-oxoacyl-[acyl-carrier-protein] synthase	md:cra_M00873	I	906555	907811	+
Chlamydia trachomatis A2497	cra	CTO_0259	NA	3-oxoacyl-[acyl-carrier protein] reductase	md:cra_M00874	I	266434	267180	-
Chlamydia trachomatis A2497	cra	CTO_0260	NA	Malonyl-CoA-[acyl-carrier-protein] transacylase	md:cra_M00874	I	267177	268106	-
Chlamydia trachomatis A2497	cra	CTO_0840	NA	3-oxoacyl-[acyl-carrier-protein] synthase	md:cra_M00874	I	906555	907811	+
Chlamydia trachomatis A2497	cra	CTO_0608	NA	Lipoic acid synthetase	md:cra_M00881	I	632985	633920	+
Chlamydia trachomatis A2497	cra	CTO_0608	NA	Lipoic acid synthetase	md:cra_M00882	I	632985	633920	+
Chlamydia trachomatis A2497	cra	CTO_0608	NA	Lipoic acid synthetase	md:cra_M00883	I	632985	633920	+
Chlamydia trachomatis A2497	cra	CTO_0608	NA	Lipoic acid synthetase	md:cra_M00884	I	632985	633920	+
Chlamydia trachomatis A2497	cra	CTO_0412	NA	Glucose-6-phosphate isomerase	md:cra_M00909	I	432838	434415	-
Chlamydia trachomatis A2497	cra	CTO_0888	NA	Phosphoglucosamine mutase	md:cra_M00909	I	959783	961159	+
Chlamydia trachomatis A2497	cra	CTO_0889	NA	Glucosamine--fructose-6-phosphate aminotransferase (isomerizing)	md:cra_M00909	I	961137	962990	+
Chlamydia trachomatis A2497	cra	CTO_0440	NA	Riboflavin synthase alpha chain	md:cra_M00911	I	466206	466811	-
Chlamydia trachomatis A2497	cra	CTO_0794	NA	6,7-dimethyl-8-ribityllumazine synthase	md:cra_M00911	I	847199	847690	+
Chlamydia trachomatis A2497	cra	CTO_0230	NA	Glutamate-1-semialdehyde 2,1-aminomutase	md:cra_M00926	I	240372	241823	+
Chlamydia trachomatis A2497	cra	CTO_0321	NA	Porphobilinogen deaminase	md:cra_M00926	I	334838	335563	+
Chlamydia trachomatis A2497	cra	CTO_0473	NA	Uroporphyrin-III C-methyltransferase	md:cra_M00926	I	505078	505749	+
Chlamydia trachomatis A2497	cra	CTO_0532	NA	Ferrochelatase	md:cra_M00926	I	564240	565184	-
Chlamydia trachomatis A2497	cra	CTO_0687	NA	Delta-aminolevulinic acid dehydratase	md:cra_M00926	I	722846	723874	+
Chlamydia trachomatis A2497	cra	CTO_0719	NA	Glutamyl-tRNA reductase	md:cra_M00926	I	761264	762310	+
Chlamydia trachomatis A2497	cra	CTO_0811	NA	Protoporphyrinogen oxidase	md:cra_M00926	I	868713	869987	-
Chlamydia trachomatis A2497	cra	CTO_0813	NA	Uroporphyrinogen decarboxylase	md:cra_M00926	I	871330	872340	-
Chlamydia trachomatis A2497	cra	CTO_0466	NA	Biotin synthase	md:cra_M00930	I	498156	499340	+
Chlamydia trachomatis A2497	cra	CTO_0837	NA	Biotin synthase	md:cra_M00930	I	902901	904016	-
Chlamydia trachomatis A2497	cra	CTO_0466	NA	Biotin synthase	md:cra_M00931	I	498156	499340	+
Chlamydia trachomatis A2497	cra	CTO_0837	NA	Biotin synthase	md:cra_M00931	I	902901	904016	-
Chlamydia trachomatis A2497	cra	CTO_0206	NA	Thymidylate kinase	md:cra_M00938	I	211934	212545	-
Chlamydia trachomatis A2497	cra	CTO_0314	NA	Deoxyuridine 5'-triphosphate nucleotidohydrolase	md:cra_M00938	I	328084	328521	-
Chlamydia trachomatis A2497	cra	CTO_0548	NA	Nucleoside diphosphate kinase	md:cra_M00938	I	582099	582569	-
Chlamydia trachomatis A2497	cra	CTO_0901	NA	Ribonucleoside-diphosphate reductase alpha chain	md:cra_M00938	I	976960	980121	+
Chlamydia trachomatis A2497	cra	CTO_0902	NA	Ribonucleoside-diphosphate reductase beta chain	md:cra_M00938	I	980159	981199	+
Chlamydia trachomatis A2497	cra	CTO_0847	NA	8-amino-7-oxononanoate synthase	md:cra_M00950	I	913976	915109	+
