Chlamydia psittaci 02DC15	chi	CPS0B_0075	NA	phosphoglycerate kinase	md:chi_M00001	I	76127	77329	+
Chlamydia psittaci 02DC15	chi	CPS0B_0131	gap	glyceraldehyde-3-phosphate dehydrogenase	md:chi_M00001	I	120776	121783	+
Chlamydia psittaci 02DC15	chi	CPS0B_0344	tpiA	triose-phosphate isomerase	md:chi_M00001	I	361130	361894	+
Chlamydia psittaci 02DC15	chi	CPS0B_0543	NA	fructose-bisphosphate aldolase	md:chi_M00001	I	567738	568787	-
Chlamydia psittaci 02DC15	chi	CPS0B_0654	NA	diphosphate--fructose-6-phosphate 1-phosphotransferase	md:chi_M00001	I	683831	685489	+
Chlamydia psittaci 02DC15	chi	CPS0B_0727	pyk	pyruvate kinase	md:chi_M00001	I	770486	771931	-
Chlamydia psittaci 02DC15	chi	CPS0B_0789	NA	glucose-6-phosphate isomerase	md:chi_M00001	I	841811	843403	-
Chlamydia psittaci 02DC15	chi	CPS0B_0967	NA	phosphoglycerate mutase	md:chi_M00001	I	1043812	1044495	+
Chlamydia psittaci 02DC15	chi	CPS0B_1029	eno	phosphopyruvate hydratase	md:chi_M00001	I	1115884	1117158	+
Chlamydia psittaci 02DC15	chi	CPS0B_0075	NA	phosphoglycerate kinase	md:chi_M00002	I	76127	77329	+
Chlamydia psittaci 02DC15	chi	CPS0B_0131	gap	glyceraldehyde-3-phosphate dehydrogenase	md:chi_M00002	I	120776	121783	+
Chlamydia psittaci 02DC15	chi	CPS0B_0344	tpiA	triose-phosphate isomerase	md:chi_M00002	I	361130	361894	+
Chlamydia psittaci 02DC15	chi	CPS0B_0727	pyk	pyruvate kinase	md:chi_M00002	I	770486	771931	-
Chlamydia psittaci 02DC15	chi	CPS0B_0967	NA	phosphoglycerate mutase	md:chi_M00002	I	1043812	1044495	+
Chlamydia psittaci 02DC15	chi	CPS0B_1029	eno	phosphopyruvate hydratase	md:chi_M00002	I	1115884	1117158	+
Chlamydia psittaci 02DC15	chi	CPS0B_0075	NA	phosphoglycerate kinase	md:chi_M00003	I	76127	77329	+
Chlamydia psittaci 02DC15	chi	CPS0B_0131	gap	glyceraldehyde-3-phosphate dehydrogenase	md:chi_M00003	I	120776	121783	+
Chlamydia psittaci 02DC15	chi	CPS0B_0344	tpiA	triose-phosphate isomerase	md:chi_M00003	I	361130	361894	+
Chlamydia psittaci 02DC15	chi	CPS0B_0543	NA	fructose-bisphosphate aldolase	md:chi_M00003	I	567738	568787	-
Chlamydia psittaci 02DC15	chi	CPS0B_0967	NA	phosphoglycerate mutase	md:chi_M00003	I	1043812	1044495	+
Chlamydia psittaci 02DC15	chi	CPS0B_0979	NA	phosphoenolpyruvate carboxykinase	md:chi_M00003	I	1056878	1058680	-
Chlamydia psittaci 02DC15	chi	CPS0B_1029	eno	phosphopyruvate hydratase	md:chi_M00003	I	1115884	1117158	+
Chlamydia psittaci 02DC15	chi	CPS0B_0475	gnd	6-phosphogluconate dehydrogenase	md:chi_M00004	I	486219	487670	+
Chlamydia psittaci 02DC15	chi	CPS0B_0587	pgl	6-phosphogluconolactonase	md:chi_M00004	I	607042	607818	-
Chlamydia psittaci 02DC15	chi	CPS0B_0588	zwf	glucose-6-phosphate dehydrogenase	md:chi_M00004	I	607842	609407	-
Chlamydia psittaci 02DC15	chi	CPS0B_0599	rpe	ribulose-phosphate 3-epimerase	md:chi_M00004	I	622788	623483	+
Chlamydia psittaci 02DC15	chi	CPS0B_0685	rpiA	ribose 5-phosphate isomerase A	md:chi_M00004	I	723551	724252	-
Chlamydia psittaci 02DC15	chi	CPS0B_0741	tal	transaldolase	md:chi_M00004	I	792767	793750	-
Chlamydia psittaci 02DC15	chi	CPS0B_0789	NA	glucose-6-phosphate isomerase	md:chi_M00004	I	841811	843403	-
Chlamydia psittaci 02DC15	chi	CPS0B_0930	tkt	transketolase	md:chi_M00004	I	998915	1000912	-
Chlamydia psittaci 02DC15	chi	CPS0B_0475	gnd	6-phosphogluconate dehydrogenase	md:chi_M00006	I	486219	487670	+
Chlamydia psittaci 02DC15	chi	CPS0B_0587	pgl	6-phosphogluconolactonase	md:chi_M00006	I	607042	607818	-
Chlamydia psittaci 02DC15	chi	CPS0B_0588	zwf	glucose-6-phosphate dehydrogenase	md:chi_M00006	I	607842	609407	-
Chlamydia psittaci 02DC15	chi	CPS0B_0599	rpe	ribulose-phosphate 3-epimerase	md:chi_M00007	I	622788	623483	+
Chlamydia psittaci 02DC15	chi	CPS0B_0685	rpiA	ribose 5-phosphate isomerase A	md:chi_M00007	I	723551	724252	-
Chlamydia psittaci 02DC15	chi	CPS0B_0741	tal	transaldolase	md:chi_M00007	I	792767	793750	-
Chlamydia psittaci 02DC15	chi	CPS0B_0930	tkt	transketolase	md:chi_M00007	I	998915	1000912	-
Chlamydia psittaci 02DC15	chi	CPS0B_0587	pgl	6-phosphogluconolactonase	md:chi_M00008	I	607042	607818	-
Chlamydia psittaci 02DC15	chi	CPS0B_0588	zwf	glucose-6-phosphate dehydrogenase	md:chi_M00008	I	607842	609407	-
Chlamydia psittaci 02DC15	chi	CPS0B_0246	NA	branched-chain alpha-keto acid dehydrogenase subunit E2	md:chi_M00009	I	234796	235965	+
Chlamydia psittaci 02DC15	chi	CPS0B_0459	sucA	2-oxoglutarate dehydrogenase E1 component	md:chi_M00009	I	470480	473206	+
Chlamydia psittaci 02DC15	chi	CPS0B_0460	sucB	dihydrolipoamide acetyltransferase	md:chi_M00009	I	473203	474300	+
Chlamydia psittaci 02DC15	chi	CPS0B_0787	NA	malate dehydrogenase	md:chi_M00009	I	840231	841217	-
Chlamydia psittaci 02DC15	chi	CPS0B_0802	fumC	fumarate hydratase	md:chi_M00009	I	856916	858298	-
Chlamydia psittaci 02DC15	chi	CPS0B_0840	sucD	succinyl-CoA synthase subunit alpha	md:chi_M00009	I	897437	898312	-
Chlamydia psittaci 02DC15	chi	CPS0B_0841	sucC	succinyl-CoA synthetase subunit beta	md:chi_M00009	I	898327	899487	-
Chlamydia psittaci 02DC15	chi	CPS0B_0998	lpdA	dihydrolipoyl dehydrogenase	md:chi_M00009	I	1083747	1085135	+
Chlamydia psittaci 02DC15	chi	CPS0B_1034	NA	succinate dehydrogenase iron-sulfur subunit	md:chi_M00009	I	1124583	1125299	-
Chlamydia psittaci 02DC15	chi	CPS0B_1035	sdhA	succinate dehydrogenase flavoprotein subunit	md:chi_M00009	I	1125389	1127272	-
Chlamydia psittaci 02DC15	chi	CPS0B_1036	NA	succinate dehydrogenase cytochrome b558 subunit	md:chi_M00009	I	1127277	1128170	-
Chlamydia psittaci 02DC15	chi	CPS0B_0246	NA	branched-chain alpha-keto acid dehydrogenase subunit E2	md:chi_M00011	I	234796	235965	+
Chlamydia psittaci 02DC15	chi	CPS0B_0459	sucA	2-oxoglutarate dehydrogenase E1 component	md:chi_M00011	I	470480	473206	+
Chlamydia psittaci 02DC15	chi	CPS0B_0460	sucB	dihydrolipoamide acetyltransferase	md:chi_M00011	I	473203	474300	+
Chlamydia psittaci 02DC15	chi	CPS0B_0787	NA	malate dehydrogenase	md:chi_M00011	I	840231	841217	-
Chlamydia psittaci 02DC15	chi	CPS0B_0802	fumC	fumarate hydratase	md:chi_M00011	I	856916	858298	-
Chlamydia psittaci 02DC15	chi	CPS0B_0840	sucD	succinyl-CoA synthase subunit alpha	md:chi_M00011	I	897437	898312	-
Chlamydia psittaci 02DC15	chi	CPS0B_0841	sucC	succinyl-CoA synthetase subunit beta	md:chi_M00011	I	898327	899487	-
Chlamydia psittaci 02DC15	chi	CPS0B_0998	lpdA	dihydrolipoyl dehydrogenase	md:chi_M00011	I	1083747	1085135	+
Chlamydia psittaci 02DC15	chi	CPS0B_1034	NA	succinate dehydrogenase iron-sulfur subunit	md:chi_M00011	I	1124583	1125299	-
Chlamydia psittaci 02DC15	chi	CPS0B_1035	sdhA	succinate dehydrogenase flavoprotein subunit	md:chi_M00011	I	1125389	1127272	-
Chlamydia psittaci 02DC15	chi	CPS0B_1036	NA	succinate dehydrogenase cytochrome b558 subunit	md:chi_M00011	I	1127277	1128170	-
Chlamydia psittaci 02DC15	chi	CPS0B_0787	NA	malate dehydrogenase	md:chi_M00012	I	840231	841217	-
Chlamydia psittaci 02DC15	chi	CPS0B_0254	dapF	diaminopimelate epimerase	md:chi_M00016	I	243242	244003	+
Chlamydia psittaci 02DC15	chi	CPS0B_0762	dapA	dihydrodipicolinate synthase	md:chi_M00016	I	815599	816465	-
Chlamydia psittaci 02DC15	chi	CPS0B_0763	NA	aspartate kinase domain protein	md:chi_M00016	I	816478	817800	-
Chlamydia psittaci 02DC15	chi	CPS0B_0764	asd	aspartate-semialdehyde dehydrogenase	md:chi_M00016	I	817788	818789	-
Chlamydia psittaci 02DC15	chi	CPS0B_0765	NA	dihydrodipicolinate reductase	md:chi_M00016	I	818971	819711	-
Chlamydia psittaci 02DC15	chi	CPS0B_0763	NA	aspartate kinase domain protein	md:chi_M00017	I	816478	817800	-
Chlamydia psittaci 02DC15	chi	CPS0B_0764	asd	aspartate-semialdehyde dehydrogenase	md:chi_M00017	I	817788	818789	-
Chlamydia psittaci 02DC15	chi	CPS0B_0763	NA	aspartate kinase domain protein	md:chi_M00018	I	816478	817800	-
Chlamydia psittaci 02DC15	chi	CPS0B_0764	asd	aspartate-semialdehyde dehydrogenase	md:chi_M00018	I	817788	818789	-
Chlamydia psittaci 02DC15	chi	CPS0B_0288	aroF	phospho-2-dehydro-3-deoxyheptonate aldolase	md:chi_M00022	I	276823	277512	-
Chlamydia psittaci 02DC15	chi	CPS0B_0775	aroA	3-phosphoshikimate 1-carboxyvinyltransferase	md:chi_M00022	I	828377	829714	+
Chlamydia psittaci 02DC15	chi	CPS0B_0776	NA	shikimate kinase	md:chi_M00022	I	829758	830171	+
Chlamydia psittaci 02DC15	chi	CPS0B_0777	aroC	chorismate synthase	md:chi_M00022	I	830168	831247	+
Chlamydia psittaci 02DC15	chi	CPS0B_0778	aroB	3-dehydroquinate synthase	md:chi_M00022	I	831244	832383	+
Chlamydia psittaci 02DC15	chi	CPS0B_0779	aroE	bifunctional 3-dehydroquinate dehydratase/shikimate dehydrogenase protein	md:chi_M00022	I	832364	833797	+
Chlamydia psittaci 02DC15	chi	CPS0B_0246	NA	branched-chain alpha-keto acid dehydrogenase subunit E2	md:chi_M00032	I	234796	235965	+
Chlamydia psittaci 02DC15	chi	CPS0B_0460	sucB	dihydrolipoamide acetyltransferase	md:chi_M00032	I	473203	474300	+
Chlamydia psittaci 02DC15	chi	CPS0B_0998	lpdA	dihydrolipoyl dehydrogenase	md:chi_M00032	I	1083747	1085135	+
Chlamydia psittaci 02DC15	chi	CPS0B_0763	NA	aspartate kinase domain protein	md:chi_M00033	I	816478	817800	-
Chlamydia psittaci 02DC15	chi	CPS0B_0764	asd	aspartate-semialdehyde dehydrogenase	md:chi_M00033	I	817788	818789	-
Chlamydia psittaci 02DC15	chi	CPS0B_0461	NA	conserved hypothetical protein	md:chi_M00034	I	474311	475054	-
Chlamydia psittaci 02DC15	chi	CPS0B_0361	NA	putative oxoisovalerate dehydrogenase	md:chi_M00036	I	377620	379656	+
Chlamydia psittaci 02DC15	chi	CPS0B_0998	lpdA	dihydrolipoyl dehydrogenase	md:chi_M00036	I	1083747	1085135	+
Chlamydia psittaci 02DC15	chi	CPS0B_0137	NA	nucleoside diphosphate kinase	md:chi_M00049	I	125337	125762	+
Chlamydia psittaci 02DC15	chi	CPS0B_0582	NA	adenylate kinase	md:chi_M00049	I	603221	603862	-
Chlamydia psittaci 02DC15	chi	CPS0B_1103	NA	adenylate kinase	md:chi_M00049	I	860091	860741	-
Chlamydia psittaci 02DC15	chi	CPS0B_0137	NA	nucleoside diphosphate kinase	md:chi_M00050	I	125337	125762	+
Chlamydia psittaci 02DC15	chi	CPS0B_0617	guaA	GMP synthase	md:chi_M00050	I	651308	652846	-
Chlamydia psittaci 02DC15	chi	CPS0B_0618	NA	inosine-5-monophosphate dehydrogenase	md:chi_M00050	I	652861	653937	-
Chlamydia psittaci 02DC15	chi	CPS0B_0704	gmk	guanylate kinase	md:chi_M00050	I	744335	744949	-
Chlamydia psittaci 02DC15	chi	CPS0B_0151	NA	orotate phosphoribosyl transferase	md:chi_M00051	I	139564	140184	+
Chlamydia psittaci 02DC15	chi	CPS0B_0055	pyrH	uridylate kinase	md:chi_M00052	I	55363	56103	-
Chlamydia psittaci 02DC15	chi	CPS0B_0137	NA	nucleoside diphosphate kinase	md:chi_M00052	I	125337	125762	+
Chlamydia psittaci 02DC15	chi	CPS0B_0642	pyrG	CTP synthase	md:chi_M00052	I	670294	671907	+
Chlamydia psittaci 02DC15	chi	CPS0B_0137	NA	nucleoside diphosphate kinase	md:chi_M00053	I	125337	125762	+
Chlamydia psittaci 02DC15	chi	CPS0B_0833	NA	ribonucleotide reductase subunit beta	md:chi_M00053	I	884516	885556	-
Chlamydia psittaci 02DC15	chi	CPS0B_0834	NA	ribonucleoside-diphosphate reductase subunit alpha	md:chi_M00053	I	885580	888717	-
Chlamydia psittaci 02DC15	chi	CPS0B_0102	lpxC	UDP-3-O-[3-hydroxymyristoyl] N-acetylglucosamine deacetylase	md:chi_M00060	I	103958	104800	+
Chlamydia psittaci 02DC15	chi	CPS0B_0104	lpxA	UDP-N-acetylglucosamine acyltransferase	md:chi_M00060	I	105289	106128	+
Chlamydia psittaci 02DC15	chi	CPS0B_0244	lpxK	tetraacyldisaccharide 4'-kinase	md:chi_M00060	I	232408	233511	+
Chlamydia psittaci 02DC15	chi	CPS0B_0524	lpxD	UDP-3-O-[3-hydroxymyristoyl] glucosamine N-acyltransferase	md:chi_M00060	I	544051	545133	-
Chlamydia psittaci 02DC15	chi	CPS0B_0659	NA	3-deoxy-D-manno-octulosonic-acid transferase	md:chi_M00060	I	688333	689634	-
Chlamydia psittaci 02DC15	chi	CPS0B_0725	NA	bacterial lipid A biosynthesis lauroyl acyltransferase	md:chi_M00060	I	768754	770088	+
Chlamydia psittaci 02DC15	chi	CPS0B_0848	lpxB	lipid-A-disaccharide synthase	md:chi_M00060	I	907572	909455	+
Chlamydia psittaci 02DC15	chi	CPS0B_0025	kdsA	3-deoxy-d-manno-octulosonic acid 8-phosphate synthetase	md:chi_M00063	I	30829	31638	-
Chlamydia psittaci 02DC15	chi	CPS0B_0247	NA	carbohydrate isomerase	md:chi_M00063	I	235997	236986	+
Chlamydia psittaci 02DC15	chi	CPS0B_0641	kdsB	3-deoxy-D-manno-octulosonate cytidylyltransferase	md:chi_M00063	I	669554	670318	+
Chlamydia psittaci 02DC15	chi	CPS0B_0380	accD	acetyl-CoA carboxylase subunit beta	md:chi_M00082	I	397316	398242	+
Chlamydia psittaci 02DC15	chi	CPS0B_0416	accA	acetyl-CoA carboxylase carboxyltransferase subunit alpha	md:chi_M00082	I	429827	430801	+
Chlamydia psittaci 02DC15	chi	CPS0B_0528	fabH	3-oxoacyl-[acyl-carrier-] synthase 3 family protein	md:chi_M00082	I	549077	550078	+
Chlamydia psittaci 02DC15	chi	CPS0B_0529	fabD	malonyl CoA-acyl carrier protein transacylase	md:chi_M00082	I	550079	551005	+
Chlamydia psittaci 02DC15	chi	CPS0B_0601	accB	acetyl-CoA carboxylase biotin carboxyl carrier protein subunit	md:chi_M00082	I	624059	624559	+
Chlamydia psittaci 02DC15	chi	CPS0B_0602	accC	acetyl-CoA carboxylase biotin carboxylase subunit	md:chi_M00082	I	624559	625914	+
Chlamydia psittaci 02DC15	chi	CPS0B_0103	fabZ	(3R)-hydroxymyristoyl-ACP dehydratase	md:chi_M00083	I	104815	105279	+
Chlamydia psittaci 02DC15	chi	CPS0B_0424	NA	enoyl-(acyl-carrier-protein) reductase	md:chi_M00083	I	437092	437991	-
Chlamydia psittaci 02DC15	chi	CPS0B_0530	fabG	3-oxoacyl-[acyl-carrier-protein] reductase	md:chi_M00083	I	551010	551756	+
Chlamydia psittaci 02DC15	chi	CPS0B_0769	NA	short chain dehydrogenase reductase	md:chi_M00083	I	822563	823402	+
Chlamydia psittaci 02DC15	chi	CPS0B_0905	fabF	3-oxoacyl-(acyl-carrier-protein) synthase 2	md:chi_M00083	I	976467	977717	-
Chlamydia psittaci 02DC15	chi	CPS0B_0197	NA	1-acyl-sn-glycerol-3-phosphate acyltransferase	md:chi_M00089	I	182605	183252	-
Chlamydia psittaci 02DC15	chi	CPS0B_0867	NA	glycerol-3-phosphate acyltransferase	md:chi_M00089	I	935389	936384	+
Chlamydia psittaci 02DC15	chi	CPS0B_0900	NA	acyltransferase family protein	md:chi_M00089	I	972258	973019	-
Chlamydia psittaci 02DC15	chi	CPS0B_0199	NA	phosphatidate cytidylyltransferase	md:chi_M00093	I	183896	184816	-
Chlamydia psittaci 02DC15	chi	CPS0B_0835	NA	putative glycerol-serine phosphatidyltransferase	md:chi_M00093	I	889094	889900	+
Chlamydia psittaci 02DC15	chi	CPS0B_0992	psd	phosphatidylserine decarboxylase	md:chi_M00093	I	1074926	1075753	-
Chlamydia psittaci 02DC15	chi	CPS0B_0187	ispD	2-C-methyl-D-erythritol 4-phosphate cytidylyltransferase	md:chi_M00096	I	171565	172203	-
Chlamydia psittaci 02DC15	chi	CPS0B_0222	ispF	2C-methyl-D-erythritol 2,4-cyclodiphosphate synthase	md:chi_M00096	I	209686	210192	-
Chlamydia psittaci 02DC15	chi	CPS0B_0340	dxs	1-deoxy-D-xylulose-5-phosphate synthase	md:chi_M00096	I	356901	358835	-
Chlamydia psittaci 02DC15	chi	CPS0B_0462	ispG	4-hydroxy-3-methylbut-2-en-1-yl diphosphate synthase	md:chi_M00096	I	475068	476888	-
Chlamydia psittaci 02DC15	chi	CPS0B_0484	dxr	1-deoxy-D-xylulose 5-phosphate reductoisomerase	md:chi_M00096	I	498223	499362	+
Chlamydia psittaci 02DC15	chi	CPS0B_0798	ispH	4-hydroxy-3-methylbut-2-enyl diphosphate reductase	md:chi_M00096	I	850726	851655	-
Chlamydia psittaci 02DC15	chi	CPS0B_0871	ispE	4-(cytidine 5'-diphospho)-2-C-methyl-D-erythritol kinase	md:chi_M00096	I	940953	941828	-
Chlamydia psittaci 02DC15	chi	CPS0B_0256	NA	menaquinone biosynthesis methyltransferase	md:chi_M00116	I	245135	245791	-
Chlamydia psittaci 02DC15	chi	CPS0B_0256	NA	menaquinone biosynthesis methyltransferase	md:chi_M00117	I	245135	245791	-
Chlamydia psittaci 02DC15	chi	CPS0B_0561	NA	prenyltransferase	md:chi_M00117	I	587610	588509	+
Chlamydia psittaci 02DC15	chi	CPS0B_0562	NA	putative aromatic acid decarboxylase	md:chi_M00117	I	588523	589101	+
Chlamydia psittaci 02DC15	chi	CPS0B_0147	coaE	dephospho-CoA kinase	md:chi_M00120	I	136977	137585	+
Chlamydia psittaci 02DC15	chi	CPS0B_0001	hemB	delta-aminolevulinic acid dehydratase	md:chi_M00121	I	149	1144	+
Chlamydia psittaci 02DC15	chi	CPS0B_0034	NA	glutamyl-tRNA reductase	md:chi_M00121	I	38158	39174	+
Chlamydia psittaci 02DC15	chi	CPS0B_0156	hemH	ferrochelatase	md:chi_M00121	I	144025	144981	-
Chlamydia psittaci 02DC15	chi	CPS0B_0208	gltX	glutamyl-tRNA synthetase	md:chi_M00121	I	196643	198160	+
Chlamydia psittaci 02DC15	chi	CPS0B_0251	NA	uroporphyrinogen-III synthase	md:chi_M00121	I	240181	240846	-
Chlamydia psittaci 02DC15	chi	CPS0B_0374	NA	porphobilinogen deaminase	md:chi_M00121	I	391202	391939	-
Chlamydia psittaci 02DC15	chi	CPS0B_0682	NA	glutamate-1-semialdehyde aminotransferase	md:chi_M00121	I	721117	722430	-
Chlamydia psittaci 02DC15	chi	CPS0B_0933	NA	uroporphyrinogen decarboxylase	md:chi_M00121	I	1007120	1008043	+
Chlamydia psittaci 02DC15	chi	CPS0B_0934	hemN	oxygen-independent coproporphyrinogen III oxidase	md:chi_M00121	I	1008016	1009392	+
Chlamydia psittaci 02DC15	chi	CPS0B_0935	hemG	protoporphyrinogen oxidase	md:chi_M00121	I	1009389	1010657	+
Chlamydia psittaci 02DC15	chi	CPS0B_0770	bioB	biotin synthase	md:chi_M00123	I	823651	824646	+
Chlamydia psittaci 02DC15	chi	CPS0B_0771	NA	8-amino-7-oxononanoate synthase	md:chi_M00123	I	824625	825773	+
Chlamydia psittaci 02DC15	chi	CPS0B_0772	bioD	dethiobiotin synthase	md:chi_M00123	I	825758	826375	+
Chlamydia psittaci 02DC15	chi	CPS0B_0773	bioA	adenosylmethionine-8-amino-7-oxononanoate transaminase	md:chi_M00123	I	826375	827652	+
Chlamydia psittaci 02DC15	chi	CPS0B_1105	NA	8-amino-7-oxononanoate synthase	md:chi_M00123	I	969462	970568	-
Chlamydia psittaci 02DC15	chi	CPS0B_0241	ribE	riboflavin synthase subunit alpha	md:chi_M00125	I	229941	230534	+
Chlamydia psittaci 02DC15	chi	CPS0B_0505	ribF	riboflavin biosynthesis protein	md:chi_M00125	I	521828	522742	-
Chlamydia psittaci 02DC15	chi	CPS0B_0957	ribH	6,7-dimethyl-8-ribityllumazine synthase	md:chi_M00125	I	1033607	1034071	-
Chlamydia psittaci 02DC15	chi	CPS0B_0958	ribB	bifunctional 3,4-dihydroxy-2-butanone 4-phosphate synthase/GTP cyclohydrolase II protein	md:chi_M00125	I	1034084	1035346	-
Chlamydia psittaci 02DC15	chi	CPS0B_0959	ribD	riboflavin biosynthesis protein	md:chi_M00125	I	1035431	1036537	-
Chlamydia psittaci 02DC15	chi	CPS0B_1066	NA	dihydrofolate reductase	md:chi_M00126	I	1157446	1157889	-
Chlamydia psittaci 02DC15	chi	CPS0B_1067	folK	folate synthesis bifunctional protein	md:chi_M00126	I	1157927	1159270	-
Chlamydia psittaci 02DC15	chi	CPS0B_1068	folB	dihydroneopterin aldolase	md:chi_M00126	I	1159267	1159602	-
Chlamydia psittaci 02DC15	chi	CPS0B_0231	thiE	thiamine-phosphate pyrophosphorylase	md:chi_M00127	I	215904	216542	+
Chlamydia psittaci 02DC15	chi	CPS0B_0783	NA	pyruvoyl-dependent arginine decarboxylase	md:chi_M00133	I	836130	836717	+
Chlamydia psittaci 02DC15	chi	CPS0B_0252	NA	serine hydroxymethyltransferase	md:chi_M00140	I	241161	242654	+
Chlamydia psittaci 02DC15	chi	CPS0B_0491	NA	methylenetetrahydrofolate dehydrogenase	md:chi_M00140	I	506075	506938	-
Chlamydia psittaci 02DC15	chi	CPS0B_1034	NA	succinate dehydrogenase iron-sulfur subunit	md:chi_M00149	I	1124583	1125299	-
Chlamydia psittaci 02DC15	chi	CPS0B_1035	sdhA	succinate dehydrogenase flavoprotein subunit	md:chi_M00149	I	1125389	1127272	-
Chlamydia psittaci 02DC15	chi	CPS0B_1036	NA	succinate dehydrogenase cytochrome b558 subunit	md:chi_M00149	I	1127277	1128170	-
Chlamydia psittaci 02DC15	chi	CPS0B_0721	cydB	cytochrome d ubiquinol oxidase, subunit II	md:chi_M00153	I	763873	764934	-
Chlamydia psittaci 02DC15	chi	CPS0B_0722	NA	cytochrome d ubiquinol oxidase, subunit I	md:chi_M00153	I	764937	766277	-
Chlamydia psittaci 02DC15	chi	CPS0B_0732	NA	V-type ATP synthase subunit K	md:chi_M00159	I	783772	784197	-
Chlamydia psittaci 02DC15	chi	CPS0B_0733	NA	V-type ATP synthase subunit I	md:chi_M00159	I	784332	786281	-
Chlamydia psittaci 02DC15	chi	CPS0B_0734	NA	V-type ATP synthase subunit D	md:chi_M00159	I	786272	786898	-
Chlamydia psittaci 02DC15	chi	CPS0B_0735	NA	V-type ATP synthase subunit B	md:chi_M00159	I	786883	788199	-
Chlamydia psittaci 02DC15	chi	CPS0B_0736	NA	V-type ATP synthase subunit A	md:chi_M00159	I	788206	789981	-
Chlamydia psittaci 02DC15	chi	CPS0B_0738	NA	V-type ATP synthase subunit E	md:chi_M00159	I	790821	791447	-
Chlamydia psittaci 02DC15	chi	CPS0B_0075	NA	phosphoglycerate kinase	md:chi_M00165	I	76127	77329	+
Chlamydia psittaci 02DC15	chi	CPS0B_0131	gap	glyceraldehyde-3-phosphate dehydrogenase	md:chi_M00165	I	120776	121783	+
Chlamydia psittaci 02DC15	chi	CPS0B_0685	rpiA	ribose 5-phosphate isomerase A	md:chi_M00165	I	723551	724252	-
Chlamydia psittaci 02DC15	chi	CPS0B_0930	tkt	transketolase	md:chi_M00165	I	998915	1000912	-
Chlamydia psittaci 02DC15	chi	CPS0B_0075	NA	phosphoglycerate kinase	md:chi_M00166	I	76127	77329	+
Chlamydia psittaci 02DC15	chi	CPS0B_0131	gap	glyceraldehyde-3-phosphate dehydrogenase	md:chi_M00166	I	120776	121783	+
Chlamydia psittaci 02DC15	chi	CPS0B_0685	rpiA	ribose 5-phosphate isomerase A	md:chi_M00167	I	723551	724252	-
Chlamydia psittaci 02DC15	chi	CPS0B_0930	tkt	transketolase	md:chi_M00167	I	998915	1000912	-
Chlamydia psittaci 02DC15	chi	CPS0B_0787	NA	malate dehydrogenase	md:chi_M00168	I	840231	841217	-
Chlamydia psittaci 02DC15	chi	CPS0B_0787	NA	malate dehydrogenase	md:chi_M00173	I	840231	841217	-
Chlamydia psittaci 02DC15	chi	CPS0B_0802	fumC	fumarate hydratase	md:chi_M00173	I	856916	858298	-
Chlamydia psittaci 02DC15	chi	CPS0B_0840	sucD	succinyl-CoA synthase subunit alpha	md:chi_M00173	I	897437	898312	-
Chlamydia psittaci 02DC15	chi	CPS0B_0841	sucC	succinyl-CoA synthetase subunit beta	md:chi_M00173	I	898327	899487	-
Chlamydia psittaci 02DC15	chi	CPS0B_1034	NA	succinate dehydrogenase iron-sulfur subunit	md:chi_M00173	I	1124583	1125299	-
Chlamydia psittaci 02DC15	chi	CPS0B_1035	sdhA	succinate dehydrogenase flavoprotein subunit	md:chi_M00173	I	1125389	1127272	-
Chlamydia psittaci 02DC15	chi	CPS0B_1036	NA	succinate dehydrogenase cytochrome b558 subunit	md:chi_M00173	I	1127277	1128170	-
Chlamydia psittaci 02DC15	chi	CPS0B_0221	NA	oxidoreductase	md:chi_M00176	I	208640	209689	+
Chlamydia psittaci 02DC15	chi	CPS0B_0520	NA	branched-chain alpha-keto acid dehydrogenase subunit E2	md:chi_M00307	I	539558	540844	-
Chlamydia psittaci 02DC15	chi	CPS0B_0521	NA	pyruvate dehydrogenase E1 component beta subunit	md:chi_M00307	I	540849	541835	-
Chlamydia psittaci 02DC15	chi	CPS0B_0522	pdhA	pyruvate dehydrogenase subunit alpha	md:chi_M00307	I	541828	542853	-
Chlamydia psittaci 02DC15	chi	CPS0B_0998	lpdA	dihydrolipoyl dehydrogenase	md:chi_M00307	I	1083747	1085135	+
Chlamydia psittaci 02DC15	chi	CPS0B_0075	NA	phosphoglycerate kinase	md:chi_M00308	I	76127	77329	+
Chlamydia psittaci 02DC15	chi	CPS0B_0131	gap	glyceraldehyde-3-phosphate dehydrogenase	md:chi_M00308	I	120776	121783	+
Chlamydia psittaci 02DC15	chi	CPS0B_0654	NA	diphosphate--fructose-6-phosphate 1-phosphotransferase	md:chi_M00345	I	683831	685489	+
Chlamydia psittaci 02DC15	chi	CPS0B_0252	NA	serine hydroxymethyltransferase	md:chi_M00346	I	241161	242654	+
Chlamydia psittaci 02DC15	chi	CPS0B_0787	NA	malate dehydrogenase	md:chi_M00346	I	840231	841217	-
Chlamydia psittaci 02DC15	chi	CPS0B_1029	eno	phosphopyruvate hydratase	md:chi_M00346	I	1115884	1117158	+
Chlamydia psittaci 02DC15	chi	CPS0B_1077	NA	geranylgeranyl pyrophosphate synthase	md:chi_M00364	I	1169125	1170006	+
Chlamydia psittaci 02DC15	chi	CPS0B_0787	NA	malate dehydrogenase	md:chi_M00374	I	840231	841217	-
Chlamydia psittaci 02DC15	chi	CPS0B_0840	sucD	succinyl-CoA synthase subunit alpha	md:chi_M00374	I	897437	898312	-
Chlamydia psittaci 02DC15	chi	CPS0B_0841	sucC	succinyl-CoA synthetase subunit beta	md:chi_M00374	I	898327	899487	-
Chlamydia psittaci 02DC15	chi	CPS0B_1034	NA	succinate dehydrogenase iron-sulfur subunit	md:chi_M00374	I	1124583	1125299	-
Chlamydia psittaci 02DC15	chi	CPS0B_1035	sdhA	succinate dehydrogenase flavoprotein subunit	md:chi_M00374	I	1125389	1127272	-
Chlamydia psittaci 02DC15	chi	CPS0B_1036	NA	succinate dehydrogenase cytochrome b558 subunit	md:chi_M00374	I	1127277	1128170	-
Chlamydia psittaci 02DC15	chi	CPS0B_0380	accD	acetyl-CoA carboxylase subunit beta	md:chi_M00376	I	397316	398242	+
Chlamydia psittaci 02DC15	chi	CPS0B_0416	accA	acetyl-CoA carboxylase carboxyltransferase subunit alpha	md:chi_M00376	I	429827	430801	+
Chlamydia psittaci 02DC15	chi	CPS0B_0601	accB	acetyl-CoA carboxylase biotin carboxyl carrier protein subunit	md:chi_M00376	I	624059	624559	+
Chlamydia psittaci 02DC15	chi	CPS0B_0602	accC	acetyl-CoA carboxylase biotin carboxylase subunit	md:chi_M00376	I	624559	625914	+
Chlamydia psittaci 02DC15	chi	CPS0B_0802	fumC	fumarate hydratase	md:chi_M00376	I	856916	858298	-
Chlamydia psittaci 02DC15	chi	CPS0B_1034	NA	succinate dehydrogenase iron-sulfur subunit	md:chi_M00376	I	1124583	1125299	-
Chlamydia psittaci 02DC15	chi	CPS0B_1035	sdhA	succinate dehydrogenase flavoprotein subunit	md:chi_M00376	I	1125389	1127272	-
Chlamydia psittaci 02DC15	chi	CPS0B_1036	NA	succinate dehydrogenase cytochrome b558 subunit	md:chi_M00376	I	1127277	1128170	-
Chlamydia psittaci 02DC15	chi	CPS0B_0491	NA	methylenetetrahydrofolate dehydrogenase	md:chi_M00377	I	506075	506938	-
Chlamydia psittaci 02DC15	chi	CPS0B_0254	dapF	diaminopimelate epimerase	md:chi_M00525	I	243242	244003	+
Chlamydia psittaci 02DC15	chi	CPS0B_0762	dapA	dihydrodipicolinate synthase	md:chi_M00525	I	815599	816465	-
Chlamydia psittaci 02DC15	chi	CPS0B_0763	NA	aspartate kinase domain protein	md:chi_M00525	I	816478	817800	-
Chlamydia psittaci 02DC15	chi	CPS0B_0764	asd	aspartate-semialdehyde dehydrogenase	md:chi_M00525	I	817788	818789	-
Chlamydia psittaci 02DC15	chi	CPS0B_0765	NA	dihydrodipicolinate reductase	md:chi_M00525	I	818971	819711	-
Chlamydia psittaci 02DC15	chi	CPS0B_0762	dapA	dihydrodipicolinate synthase	md:chi_M00526	I	815599	816465	-
Chlamydia psittaci 02DC15	chi	CPS0B_0763	NA	aspartate kinase domain protein	md:chi_M00526	I	816478	817800	-
Chlamydia psittaci 02DC15	chi	CPS0B_0764	asd	aspartate-semialdehyde dehydrogenase	md:chi_M00526	I	817788	818789	-
Chlamydia psittaci 02DC15	chi	CPS0B_0765	NA	dihydrodipicolinate reductase	md:chi_M00526	I	818971	819711	-
Chlamydia psittaci 02DC15	chi	CPS0B_0254	dapF	diaminopimelate epimerase	md:chi_M00527	I	243242	244003	+
Chlamydia psittaci 02DC15	chi	CPS0B_0277	NA	LL-diaminopimelate aminotransferase	md:chi_M00527	I	265396	266592	-
Chlamydia psittaci 02DC15	chi	CPS0B_0762	dapA	dihydrodipicolinate synthase	md:chi_M00527	I	815599	816465	-
Chlamydia psittaci 02DC15	chi	CPS0B_0763	NA	aspartate kinase domain protein	md:chi_M00527	I	816478	817800	-
Chlamydia psittaci 02DC15	chi	CPS0B_0764	asd	aspartate-semialdehyde dehydrogenase	md:chi_M00527	I	817788	818789	-
Chlamydia psittaci 02DC15	chi	CPS0B_0765	NA	dihydrodipicolinate reductase	md:chi_M00527	I	818971	819711	-
Chlamydia psittaci 02DC15	chi	CPS0B_0252	NA	serine hydroxymethyltransferase	md:chi_M00532	I	241161	242654	+
Chlamydia psittaci 02DC15	chi	CPS0B_0394	NA	glycine cleavage system protein H	md:chi_M00532	I	412698	413039	+
Chlamydia psittaci 02DC15	chi	CPS0B_0998	lpdA	dihydrolipoyl dehydrogenase	md:chi_M00532	I	1083747	1085135	+
Chlamydia psittaci 02DC15	chi	CPS0B_0042	NA	type III secretion system ATPase	md:chi_M00542	I	44227	45459	+
Chlamydia psittaci 02DC15	chi	CPS0B_0047	NA	bacterial type II/III secretion system protein	md:chi_M00542	I	49554	52211	+
Chlamydia psittaci 02DC15	chi	CPS0B_0502	NA	putative type III secretion inner membrane protein	md:chi_M00542	I	517187	519259	-
Chlamydia psittaci 02DC15	chi	CPS0B_0503	NA	type III secretion system protein	md:chi_M00542	I	519316	520398	-
Chlamydia psittaci 02DC15	chi	CPS0B_1000	NA	putative type III secretion system protein	md:chi_M00542	I	1086275	1087267	+
Chlamydia psittaci 02DC15	chi	CPS0B_1003	NA	type III secretion inner membrane protein SctR	md:chi_M00542	I	1088970	1089887	+
Chlamydia psittaci 02DC15	chi	CPS0B_1004	NA	type III secretion inner membrane protein SctS	md:chi_M00542	I	1089897	1090181	+
Chlamydia psittaci 02DC15	chi	CPS0B_1005	NA	type III secretion inner membrane protein SctT	md:chi_M00542	I	1090188	1091057	+
Chlamydia psittaci 02DC15	chi	CPS0B_0075	NA	phosphoglycerate kinase	md:chi_M00552	I	76127	77329	+
Chlamydia psittaci 02DC15	chi	CPS0B_0131	gap	glyceraldehyde-3-phosphate dehydrogenase	md:chi_M00552	I	120776	121783	+
Chlamydia psittaci 02DC15	chi	CPS0B_0152	glgC	glucose-1-phosphate adenylyltransferase	md:chi_M00565	I	140320	141648	+
Chlamydia psittaci 02DC15	chi	CPS0B_0296	glgB	1,4-alpha-glucan branching enzyme	md:chi_M00565	I	287453	289636	+
Chlamydia psittaci 02DC15	chi	CPS0B_0446	NA	putative glycosyl hydrolase	md:chi_M00565	I	457406	459397	-
Chlamydia psittaci 02DC15	chi	CPS0B_0878	glgA	putative glycogen synthase	md:chi_M00565	I	944698	946125	+
Chlamydia psittaci 02DC15	chi	CPS0B_0103	fabZ	(3R)-hydroxymyristoyl-ACP dehydratase	md:chi_M00572	I	104815	105279	+
Chlamydia psittaci 02DC15	chi	CPS0B_0424	NA	enoyl-(acyl-carrier-protein) reductase	md:chi_M00572	I	437092	437991	-
Chlamydia psittaci 02DC15	chi	CPS0B_0530	fabG	3-oxoacyl-[acyl-carrier-protein] reductase	md:chi_M00572	I	551010	551756	+
Chlamydia psittaci 02DC15	chi	CPS0B_0769	NA	short chain dehydrogenase reductase	md:chi_M00572	I	822563	823402	+
Chlamydia psittaci 02DC15	chi	CPS0B_0905	fabF	3-oxoacyl-(acyl-carrier-protein) synthase 2	md:chi_M00572	I	976467	977717	-
Chlamydia psittaci 02DC15	chi	CPS0B_0770	bioB	biotin synthase	md:chi_M00573	I	823651	824646	+
Chlamydia psittaci 02DC15	chi	CPS0B_0771	NA	8-amino-7-oxononanoate synthase	md:chi_M00573	I	824625	825773	+
Chlamydia psittaci 02DC15	chi	CPS0B_0772	bioD	dethiobiotin synthase	md:chi_M00573	I	825758	826375	+
Chlamydia psittaci 02DC15	chi	CPS0B_1105	NA	8-amino-7-oxononanoate synthase	md:chi_M00573	I	969462	970568	-
Chlamydia psittaci 02DC15	chi	CPS0B_0770	bioB	biotin synthase	md:chi_M00577	I	823651	824646	+
Chlamydia psittaci 02DC15	chi	CPS0B_0771	NA	8-amino-7-oxononanoate synthase	md:chi_M00577	I	824625	825773	+
Chlamydia psittaci 02DC15	chi	CPS0B_0772	bioD	dethiobiotin synthase	md:chi_M00577	I	825758	826375	+
Chlamydia psittaci 02DC15	chi	CPS0B_0773	bioA	adenosylmethionine-8-amino-7-oxononanoate transaminase	md:chi_M00577	I	826375	827652	+
Chlamydia psittaci 02DC15	chi	CPS0B_1105	NA	8-amino-7-oxononanoate synthase	md:chi_M00577	I	969462	970568	-
Chlamydia psittaci 02DC15	chi	CPS0B_0685	rpiA	ribose 5-phosphate isomerase A	md:chi_M00580	I	723551	724252	-
Chlamydia psittaci 02DC15	chi	CPS0B_0787	NA	malate dehydrogenase	md:chi_M00620	I	840231	841217	-
Chlamydia psittaci 02DC15	chi	CPS0B_0840	sucD	succinyl-CoA synthase subunit alpha	md:chi_M00620	I	897437	898312	-
Chlamydia psittaci 02DC15	chi	CPS0B_0841	sucC	succinyl-CoA synthetase subunit beta	md:chi_M00620	I	898327	899487	-
Chlamydia psittaci 02DC15	chi	CPS0B_0042	NA	type III secretion system ATPase	md:chi_M00660	I	44227	45459	+
Chlamydia psittaci 02DC15	chi	CPS0B_0502	NA	putative type III secretion inner membrane protein	md:chi_M00660	I	517187	519259	-
Chlamydia psittaci 02DC15	chi	CPS0B_0503	NA	type III secretion system protein	md:chi_M00660	I	519316	520398	-
Chlamydia psittaci 02DC15	chi	CPS0B_1000	NA	putative type III secretion system protein	md:chi_M00660	I	1086275	1087267	+
Chlamydia psittaci 02DC15	chi	CPS0B_1002	NA	type III secretion translocase sctL	md:chi_M00660	I	1088266	1088955	+
Chlamydia psittaci 02DC15	chi	CPS0B_1003	NA	type III secretion inner membrane protein SctR	md:chi_M00660	I	1088970	1089887	+
Chlamydia psittaci 02DC15	chi	CPS0B_1004	NA	type III secretion inner membrane protein SctS	md:chi_M00660	I	1089897	1090181	+
Chlamydia psittaci 02DC15	chi	CPS0B_1005	NA	type III secretion inner membrane protein SctT	md:chi_M00660	I	1090188	1091057	+
Chlamydia psittaci 02DC15	chi	CPS0B_0787	NA	malate dehydrogenase	md:chi_M00740	I	840231	841217	-
Chlamydia psittaci 02DC15	chi	CPS0B_0958	ribB	bifunctional 3,4-dihydroxy-2-butanone 4-phosphate synthase/GTP cyclohydrolase II protein	md:chi_M00840	I	1034084	1035346	-
Chlamydia psittaci 02DC15	chi	CPS0B_1065	NA	conserved hypothetical protein	md:chi_M00840	I	1156746	1157474	-
Chlamydia psittaci 02DC15	chi	CPS0B_1066	NA	dihydrofolate reductase	md:chi_M00840	I	1157446	1157889	-
Chlamydia psittaci 02DC15	chi	CPS0B_1067	folK	folate synthesis bifunctional protein	md:chi_M00840	I	1157927	1159270	-
Chlamydia psittaci 02DC15	chi	CPS0B_1068	folB	dihydroneopterin aldolase	md:chi_M00840	I	1159267	1159602	-
Chlamydia psittaci 02DC15	chi	CPS0B_1067	folK	folate synthesis bifunctional protein	md:chi_M00841	I	1157927	1159270	-
Chlamydia psittaci 02DC15	chi	CPS0B_0001	hemB	delta-aminolevulinic acid dehydratase	md:chi_M00846	I	149	1144	+
Chlamydia psittaci 02DC15	chi	CPS0B_0034	NA	glutamyl-tRNA reductase	md:chi_M00846	I	38158	39174	+
Chlamydia psittaci 02DC15	chi	CPS0B_0251	NA	uroporphyrinogen-III synthase	md:chi_M00846	I	240181	240846	-
Chlamydia psittaci 02DC15	chi	CPS0B_0374	NA	porphobilinogen deaminase	md:chi_M00846	I	391202	391939	-
Chlamydia psittaci 02DC15	chi	CPS0B_0682	NA	glutamate-1-semialdehyde aminotransferase	md:chi_M00846	I	721117	722430	-
Chlamydia psittaci 02DC15	chi	CPS0B_0562	NA	putative aromatic acid decarboxylase	md:chi_M00849	I	588523	589101	+
Chlamydia psittaci 02DC15	chi	CPS0B_0152	glgC	glucose-1-phosphate adenylyltransferase	md:chi_M00854	I	140320	141648	+
Chlamydia psittaci 02DC15	chi	CPS0B_0296	glgB	1,4-alpha-glucan branching enzyme	md:chi_M00854	I	287453	289636	+
Chlamydia psittaci 02DC15	chi	CPS0B_0878	glgA	putative glycogen synthase	md:chi_M00854	I	944698	946125	+
Chlamydia psittaci 02DC15	chi	CPS0B_0499	malQ	4-alpha-glucanotransferase	md:chi_M00855	I	513880	515472	-
Chlamydia psittaci 02DC15	chi	CPS0B_0519	glgP	glycogen phosphorylase	md:chi_M00855	I	537033	539483	+
Chlamydia psittaci 02DC15	chi	CPS0B_0102	lpxC	UDP-3-O-[3-hydroxymyristoyl] N-acetylglucosamine deacetylase	md:chi_M00866	I	103958	104800	+
Chlamydia psittaci 02DC15	chi	CPS0B_0104	lpxA	UDP-N-acetylglucosamine acyltransferase	md:chi_M00866	I	105289	106128	+
Chlamydia psittaci 02DC15	chi	CPS0B_0244	lpxK	tetraacyldisaccharide 4'-kinase	md:chi_M00866	I	232408	233511	+
Chlamydia psittaci 02DC15	chi	CPS0B_0524	lpxD	UDP-3-O-[3-hydroxymyristoyl] glucosamine N-acyltransferase	md:chi_M00866	I	544051	545133	-
Chlamydia psittaci 02DC15	chi	CPS0B_0659	NA	3-deoxy-D-manno-octulosonic-acid transferase	md:chi_M00866	I	688333	689634	-
Chlamydia psittaci 02DC15	chi	CPS0B_0725	NA	bacterial lipid A biosynthesis lauroyl acyltransferase	md:chi_M00866	I	768754	770088	+
Chlamydia psittaci 02DC15	chi	CPS0B_0848	lpxB	lipid-A-disaccharide synthase	md:chi_M00866	I	907572	909455	+
Chlamydia psittaci 02DC15	chi	CPS0B_0001	hemB	delta-aminolevulinic acid dehydratase	md:chi_M00868	I	149	1144	+
Chlamydia psittaci 02DC15	chi	CPS0B_0156	hemH	ferrochelatase	md:chi_M00868	I	144025	144981	-
Chlamydia psittaci 02DC15	chi	CPS0B_0251	NA	uroporphyrinogen-III synthase	md:chi_M00868	I	240181	240846	-
Chlamydia psittaci 02DC15	chi	CPS0B_0374	NA	porphobilinogen deaminase	md:chi_M00868	I	391202	391939	-
Chlamydia psittaci 02DC15	chi	CPS0B_0933	NA	uroporphyrinogen decarboxylase	md:chi_M00868	I	1007120	1008043	+
Chlamydia psittaci 02DC15	chi	CPS0B_0935	hemG	protoporphyrinogen oxidase	md:chi_M00868	I	1009389	1010657	+
Chlamydia psittaci 02DC15	chi	CPS0B_0529	fabD	malonyl CoA-acyl carrier protein transacylase	md:chi_M00873	I	550079	551005	+
Chlamydia psittaci 02DC15	chi	CPS0B_0905	fabF	3-oxoacyl-(acyl-carrier-protein) synthase 2	md:chi_M00873	I	976467	977717	-
Chlamydia psittaci 02DC15	chi	CPS0B_0529	fabD	malonyl CoA-acyl carrier protein transacylase	md:chi_M00874	I	550079	551005	+
Chlamydia psittaci 02DC15	chi	CPS0B_0530	fabG	3-oxoacyl-[acyl-carrier-protein] reductase	md:chi_M00874	I	551010	551756	+
Chlamydia psittaci 02DC15	chi	CPS0B_0769	NA	short chain dehydrogenase reductase	md:chi_M00874	I	822563	823402	+
Chlamydia psittaci 02DC15	chi	CPS0B_0905	fabF	3-oxoacyl-(acyl-carrier-protein) synthase 2	md:chi_M00874	I	976467	977717	-
Chlamydia psittaci 02DC15	chi	CPS0B_0999	lipA	lipoyl synthase	md:chi_M00881	I	1085132	1086064	+
Chlamydia psittaci 02DC15	chi	CPS0B_0999	lipA	lipoyl synthase	md:chi_M00882	I	1085132	1086064	+
Chlamydia psittaci 02DC15	chi	CPS0B_0999	lipA	lipoyl synthase	md:chi_M00883	I	1085132	1086064	+
Chlamydia psittaci 02DC15	chi	CPS0B_0999	lipA	lipoyl synthase	md:chi_M00884	I	1085132	1086064	+
Chlamydia psittaci 02DC15	chi	CPS0B_0231	thiE	thiamine-phosphate pyrophosphorylase	md:chi_M00895	I	215904	216542	+
Chlamydia psittaci 02DC15	chi	CPS0B_0231	thiE	thiamine-phosphate pyrophosphorylase	md:chi_M00896	I	215904	216542	+
Chlamydia psittaci 02DC15	chi	CPS0B_0231	thiE	thiamine-phosphate pyrophosphorylase	md:chi_M00899	I	215904	216542	+
Chlamydia psittaci 02DC15	chi	CPS0B_0232	NA	hydroxyethylthiazole kinase	md:chi_M00899	I	216536	217324	+
Chlamydia psittaci 02DC15	chi	CPS0B_0789	NA	glucose-6-phosphate isomerase	md:chi_M00909	I	841811	843403	-
Chlamydia psittaci 02DC15	chi	CPS0B_0845	glmS	glutamine-fructose-6-phosphate transaminase	md:chi_M00909	I	902450	904279	-
Chlamydia psittaci 02DC15	chi	CPS0B_0846	glmM	phosphoglucosamine mutase	md:chi_M00909	I	904288	905664	-
Chlamydia psittaci 02DC15	chi	CPS0B_0241	ribE	riboflavin synthase subunit alpha	md:chi_M00911	I	229941	230534	+
Chlamydia psittaci 02DC15	chi	CPS0B_0957	ribH	6,7-dimethyl-8-ribityllumazine synthase	md:chi_M00911	I	1033607	1034071	-
Chlamydia psittaci 02DC15	chi	CPS0B_0001	hemB	delta-aminolevulinic acid dehydratase	md:chi_M00926	I	149	1144	+
Chlamydia psittaci 02DC15	chi	CPS0B_0034	NA	glutamyl-tRNA reductase	md:chi_M00926	I	38158	39174	+
Chlamydia psittaci 02DC15	chi	CPS0B_0156	hemH	ferrochelatase	md:chi_M00926	I	144025	144981	-
Chlamydia psittaci 02DC15	chi	CPS0B_0251	NA	uroporphyrinogen-III synthase	md:chi_M00926	I	240181	240846	-
Chlamydia psittaci 02DC15	chi	CPS0B_0374	NA	porphobilinogen deaminase	md:chi_M00926	I	391202	391939	-
Chlamydia psittaci 02DC15	chi	CPS0B_0682	NA	glutamate-1-semialdehyde aminotransferase	md:chi_M00926	I	721117	722430	-
Chlamydia psittaci 02DC15	chi	CPS0B_0933	NA	uroporphyrinogen decarboxylase	md:chi_M00926	I	1007120	1008043	+
Chlamydia psittaci 02DC15	chi	CPS0B_0935	hemG	protoporphyrinogen oxidase	md:chi_M00926	I	1009389	1010657	+
Chlamydia psittaci 02DC15	chi	CPS0B_0258	NA	radical SAM domain protein	md:chi_M00930	I	246557	247669	-
Chlamydia psittaci 02DC15	chi	CPS0B_0910	NA	radical SAM domain protein	md:chi_M00930	I	980541	981602	+
Chlamydia psittaci 02DC15	chi	CPS0B_0258	NA	radical SAM domain protein	md:chi_M00931	I	246557	247669	-
Chlamydia psittaci 02DC15	chi	CPS0B_0910	NA	radical SAM domain protein	md:chi_M00931	I	980541	981602	+
Chlamydia psittaci 02DC15	chi	CPS0B_0137	NA	nucleoside diphosphate kinase	md:chi_M00938	I	125337	125762	+
Chlamydia psittaci 02DC15	chi	CPS0B_0381	dut	deoxyuridine 5triphosphate nucleotidohydrolase	md:chi_M00938	I	398285	398728	+
Chlamydia psittaci 02DC15	chi	CPS0B_0552	tmk	thymidylate kinase	md:chi_M00938	I	579741	580364	+
Chlamydia psittaci 02DC15	chi	CPS0B_0833	NA	ribonucleotide reductase subunit beta	md:chi_M00938	I	884516	885556	-
Chlamydia psittaci 02DC15	chi	CPS0B_0834	NA	ribonucleoside-diphosphate reductase subunit alpha	md:chi_M00938	I	885580	888717	-
Chlamydia psittaci 02DC15	chi	CPS0B_0770	bioB	biotin synthase	md:chi_M00950	I	823651	824646	+
Chlamydia psittaci 02DC15	chi	CPS0B_0771	NA	8-amino-7-oxononanoate synthase	md:chi_M00950	I	824625	825773	+
Chlamydia psittaci 02DC15	chi	CPS0B_0772	bioD	dethiobiotin synthase	md:chi_M00950	I	825758	826375	+
Chlamydia psittaci 02DC15	chi	CPS0B_1105	NA	8-amino-7-oxononanoate synthase	md:chi_M00950	I	969462	970568	-
