Chlamydia pecorum P787	cpec	CPE3_0067	pgk	phosphoglycerate kinase	md:cpec_M00001	I	74506	75717	+
Chlamydia pecorum P787	cpec	CPE3_0119	gapA	glyceraldehyde-3-phosphate dehydrogenase	md:cpec_M00001	I	116969	117976	+
Chlamydia pecorum P787	cpec	CPE3_0308	tpiA	triosephosphate isomerase	md:cpec_M00001	I	343604	344383	+
Chlamydia pecorum P787	cpec	CPE3_0484	NA	fructose-bisphosphate aldolase	md:cpec_M00001	I	537989	539038	-
Chlamydia pecorum P787	cpec	CPE3_0584	NA	diphosphate--fructose-6-phosphate 1-phosphotransferase	md:cpec_M00001	I	659001	660656	+
Chlamydia pecorum P787	cpec	CPE3_0641	pyk	pyruvate kinase	md:cpec_M00001	I	728196	729647	-
Chlamydia pecorum P787	cpec	CPE3_0705	pgi	glucose-6-phosphate isomerase	md:cpec_M00001	I	802342	803919	-
Chlamydia pecorum P787	cpec	CPE3_0863	pgmA	2,3-bisphosphoglycerate-dependent phosphoglycerate mutase	md:cpec_M00001	I	983113	983799	+
Chlamydia pecorum P787	cpec	CPE3_0923	eno	phosphopyruvate hydratase	md:cpec_M00001	I	1054711	1055991	+
Chlamydia pecorum P787	cpec	CPE3_0067	pgk	phosphoglycerate kinase	md:cpec_M00002	I	74506	75717	+
Chlamydia pecorum P787	cpec	CPE3_0119	gapA	glyceraldehyde-3-phosphate dehydrogenase	md:cpec_M00002	I	116969	117976	+
Chlamydia pecorum P787	cpec	CPE3_0308	tpiA	triosephosphate isomerase	md:cpec_M00002	I	343604	344383	+
Chlamydia pecorum P787	cpec	CPE3_0641	pyk	pyruvate kinase	md:cpec_M00002	I	728196	729647	-
Chlamydia pecorum P787	cpec	CPE3_0863	pgmA	2,3-bisphosphoglycerate-dependent phosphoglycerate mutase	md:cpec_M00002	I	983113	983799	+
Chlamydia pecorum P787	cpec	CPE3_0923	eno	phosphopyruvate hydratase	md:cpec_M00002	I	1054711	1055991	+
Chlamydia pecorum P787	cpec	CPE3_0067	pgk	phosphoglycerate kinase	md:cpec_M00003	I	74506	75717	+
Chlamydia pecorum P787	cpec	CPE3_0119	gapA	glyceraldehyde-3-phosphate dehydrogenase	md:cpec_M00003	I	116969	117976	+
Chlamydia pecorum P787	cpec	CPE3_0308	tpiA	triosephosphate isomerase	md:cpec_M00003	I	343604	344383	+
Chlamydia pecorum P787	cpec	CPE3_0484	NA	fructose-bisphosphate aldolase	md:cpec_M00003	I	537989	539038	-
Chlamydia pecorum P787	cpec	CPE3_0863	pgmA	2,3-bisphosphoglycerate-dependent phosphoglycerate mutase	md:cpec_M00003	I	983113	983799	+
Chlamydia pecorum P787	cpec	CPE3_0875	pckA	phosphoenolpyruvate carboxykinase	md:cpec_M00003	I	996186	997982	-
Chlamydia pecorum P787	cpec	CPE3_0923	eno	phosphopyruvate hydratase	md:cpec_M00003	I	1054711	1055991	+
Chlamydia pecorum P787	cpec	CPE3_0416	gnd	6-phosphogluconate dehydrogenase, decarboxylating	md:cpec_M00004	I	455829	457274	+
Chlamydia pecorum P787	cpec	CPE3_0525	pgl	6-phosphogluconolactonase	md:cpec_M00004	I	573470	574243	-
Chlamydia pecorum P787	cpec	CPE3_0526	zwf	glucose-6-phosphate 1-dehydrogenase	md:cpec_M00004	I	574260	575795	-
Chlamydia pecorum P787	cpec	CPE3_0564	rpe	ribulose-phosphate 3-epimerase	md:cpec_M00004	I	634188	634880	-
Chlamydia pecorum P787	cpec	CPE3_0606	rpiA	ribose-5-phosphate isomerase A	md:cpec_M00004	I	689713	690414	-
Chlamydia pecorum P787	cpec	CPE3_0655	tal	transaldolase	md:cpec_M00004	I	750357	751340	-
Chlamydia pecorum P787	cpec	CPE3_0705	pgi	glucose-6-phosphate isomerase	md:cpec_M00004	I	802342	803919	-
Chlamydia pecorum P787	cpec	CPE3_0831	tkt	transketolase	md:cpec_M00004	I	940957	942951	-
Chlamydia pecorum P787	cpec	CPE3_0671	prsA	ribose-phosphate pyrophosphokinase	md:cpec_M00005	I	766202	767101	-
Chlamydia pecorum P787	cpec	CPE3_0416	gnd	6-phosphogluconate dehydrogenase, decarboxylating	md:cpec_M00006	I	455829	457274	+
Chlamydia pecorum P787	cpec	CPE3_0525	pgl	6-phosphogluconolactonase	md:cpec_M00006	I	573470	574243	-
Chlamydia pecorum P787	cpec	CPE3_0526	zwf	glucose-6-phosphate 1-dehydrogenase	md:cpec_M00006	I	574260	575795	-
Chlamydia pecorum P787	cpec	CPE3_0564	rpe	ribulose-phosphate 3-epimerase	md:cpec_M00007	I	634188	634880	-
Chlamydia pecorum P787	cpec	CPE3_0606	rpiA	ribose-5-phosphate isomerase A	md:cpec_M00007	I	689713	690414	-
Chlamydia pecorum P787	cpec	CPE3_0655	tal	transaldolase	md:cpec_M00007	I	750357	751340	-
Chlamydia pecorum P787	cpec	CPE3_0831	tkt	transketolase	md:cpec_M00007	I	940957	942951	-
Chlamydia pecorum P787	cpec	CPE3_0525	pgl	6-phosphogluconolactonase	md:cpec_M00008	I	573470	574243	-
Chlamydia pecorum P787	cpec	CPE3_0526	zwf	glucose-6-phosphate 1-dehydrogenase	md:cpec_M00008	I	574260	575795	-
Chlamydia pecorum P787	cpec	CPE3_0223	NA	branched-chain alpha-keto acid dehydrogenase subunit	md:cpec_M00009	I	224954	226111	+
Chlamydia pecorum P787	cpec	CPE3_0404	sucA	2-oxoglutarate dehydrogenase E1 component	md:cpec_M00009	I	442139	444853	+
Chlamydia pecorum P787	cpec	CPE3_0405	sucB	2-oxoglutarate dehydrogenase, E2 component, dihydrolipoamide succinyltransferase	md:cpec_M00009	I	444857	445933	+
Chlamydia pecorum P787	cpec	CPE3_0704	mdhC	malate dehydrogenase	md:cpec_M00009	I	800525	801511	-
Chlamydia pecorum P787	cpec	CPE3_0718	fumC	fumarate hydratase	md:cpec_M00009	I	817376	818758	-
Chlamydia pecorum P787	cpec	CPE3_0756	sucD	succinyl-CoA synthetase, alpha subunit	md:cpec_M00009	I	857407	858282	-
Chlamydia pecorum P787	cpec	CPE3_0757	sucC	succinyl-CoA synthetase, beta subunit	md:cpec_M00009	I	858290	859453	-
Chlamydia pecorum P787	cpec	CPE3_0893	lpdA	dihydrolipoamide dehydrogenase	md:cpec_M00009	I	1022896	1024281	+
Chlamydia pecorum P787	cpec	CPE3_0928	sdhB	succinate dehydrogenase subunit	md:cpec_M00009	I	1063173	1063952	-
Chlamydia pecorum P787	cpec	CPE3_0929	sdhA	succinate dehydrogenase, flavoprotein subunit	md:cpec_M00009	I	1063964	1065841	-
Chlamydia pecorum P787	cpec	CPE3_0930	sdhC	succinate dehydrogenase subunit	md:cpec_M00009	I	1065841	1066728	-
Chlamydia pecorum P787	cpec	CPE3_0223	NA	branched-chain alpha-keto acid dehydrogenase subunit	md:cpec_M00011	I	224954	226111	+
Chlamydia pecorum P787	cpec	CPE3_0404	sucA	2-oxoglutarate dehydrogenase E1 component	md:cpec_M00011	I	442139	444853	+
Chlamydia pecorum P787	cpec	CPE3_0405	sucB	2-oxoglutarate dehydrogenase, E2 component, dihydrolipoamide succinyltransferase	md:cpec_M00011	I	444857	445933	+
Chlamydia pecorum P787	cpec	CPE3_0704	mdhC	malate dehydrogenase	md:cpec_M00011	I	800525	801511	-
Chlamydia pecorum P787	cpec	CPE3_0718	fumC	fumarate hydratase	md:cpec_M00011	I	817376	818758	-
Chlamydia pecorum P787	cpec	CPE3_0756	sucD	succinyl-CoA synthetase, alpha subunit	md:cpec_M00011	I	857407	858282	-
Chlamydia pecorum P787	cpec	CPE3_0757	sucC	succinyl-CoA synthetase, beta subunit	md:cpec_M00011	I	858290	859453	-
Chlamydia pecorum P787	cpec	CPE3_0893	lpdA	dihydrolipoamide dehydrogenase	md:cpec_M00011	I	1022896	1024281	+
Chlamydia pecorum P787	cpec	CPE3_0928	sdhB	succinate dehydrogenase subunit	md:cpec_M00011	I	1063173	1063952	-
Chlamydia pecorum P787	cpec	CPE3_0929	sdhA	succinate dehydrogenase, flavoprotein subunit	md:cpec_M00011	I	1063964	1065841	-
Chlamydia pecorum P787	cpec	CPE3_0930	sdhC	succinate dehydrogenase subunit	md:cpec_M00011	I	1065841	1066728	-
Chlamydia pecorum P787	cpec	CPE3_0704	mdhC	malate dehydrogenase	md:cpec_M00012	I	800525	801511	-
Chlamydia pecorum P787	cpec	CPE3_0231	dapF	diaminopimelate epimerase	md:cpec_M00016	I	232853	233683	+
Chlamydia pecorum P787	cpec	CPE3_0683	dapA	dihydrodipicolinate synthase	md:cpec_M00016	I	778957	779796	-
Chlamydia pecorum P787	cpec	CPE3_0684	lysC	aspartokinase	md:cpec_M00016	I	779808	781115	-
Chlamydia pecorum P787	cpec	CPE3_0685	asd	aspartate-semialdehyde dehydrogenase	md:cpec_M00016	I	781096	782100	-
Chlamydia pecorum P787	cpec	CPE3_0686	dapB	dihydrodipicolinate reductase	md:cpec_M00016	I	782227	782982	-
Chlamydia pecorum P787	cpec	CPE3_0684	lysC	aspartokinase	md:cpec_M00017	I	779808	781115	-
Chlamydia pecorum P787	cpec	CPE3_0685	asd	aspartate-semialdehyde dehydrogenase	md:cpec_M00017	I	781096	782100	-
Chlamydia pecorum P787	cpec	CPE3_0684	lysC	aspartokinase	md:cpec_M00018	I	779808	781115	-
Chlamydia pecorum P787	cpec	CPE3_0685	asd	aspartate-semialdehyde dehydrogenase	md:cpec_M00018	I	781096	782100	-
Chlamydia pecorum P787	cpec	CPE3_0263	aroG	3-deoxy-7-phosphoheptulonate synthase	md:cpec_M00022	I	266945	267793	-
Chlamydia pecorum P787	cpec	CPE3_0693	aroA	3-phosphoshikimate 1-carboxyvinyltransferase	md:cpec_M00022	I	788719	790044	+
Chlamydia pecorum P787	cpec	CPE3_0694	aroK	shikimate kinase	md:cpec_M00022	I	789980	790510	+
Chlamydia pecorum P787	cpec	CPE3_0695	aroC	chorismate synthase	md:cpec_M00022	I	790507	791589	+
Chlamydia pecorum P787	cpec	CPE3_0696	aroB	3-dehydroquinate synthase	md:cpec_M00022	I	791586	792725	+
Chlamydia pecorum P787	cpec	CPE3_0697	aroDE	3-dehydroquinate dehydratase/shikimate 5-dehydrogenase	md:cpec_M00022	I	792697	794139	+
Chlamydia pecorum P787	cpec	CPE3_0673	trpA	tryptophan synthase, alpha subunit	md:cpec_M00023	I	768378	769145	-
Chlamydia pecorum P787	cpec	CPE3_0674	trpB	tryptophan synthase, beta subunit	md:cpec_M00023	I	769138	770316	-
Chlamydia pecorum P787	cpec	CPE3_0676	trpC	indole-3-glycerol phosphate synthase	md:cpec_M00023	I	770926	771753	-
Chlamydia pecorum P787	cpec	CPE3_0677	trpD	anthranilate phosphoribosyltransferase	md:cpec_M00023	I	771750	772772	-
Chlamydia pecorum P787	cpec	CPE3_0223	NA	branched-chain alpha-keto acid dehydrogenase subunit	md:cpec_M00032	I	224954	226111	+
Chlamydia pecorum P787	cpec	CPE3_0405	sucB	2-oxoglutarate dehydrogenase, E2 component, dihydrolipoamide succinyltransferase	md:cpec_M00032	I	444857	445933	+
Chlamydia pecorum P787	cpec	CPE3_0893	lpdA	dihydrolipoamide dehydrogenase	md:cpec_M00032	I	1022896	1024281	+
Chlamydia pecorum P787	cpec	CPE3_0684	lysC	aspartokinase	md:cpec_M00033	I	779808	781115	-
Chlamydia pecorum P787	cpec	CPE3_0685	asd	aspartate-semialdehyde dehydrogenase	md:cpec_M00033	I	781096	782100	-
Chlamydia pecorum P787	cpec	CPE3_0406	NA	hypothetical protein	md:cpec_M00034	I	445942	446676	-
Chlamydia pecorum P787	cpec	CPE3_0322	NA	2-oxoisovalerate dehydrogenase, E1 component, alpha and beta subunit	md:cpec_M00036	I	359817	361853	+
Chlamydia pecorum P787	cpec	CPE3_0893	lpdA	dihydrolipoamide dehydrogenase	md:cpec_M00036	I	1022896	1024281	+
Chlamydia pecorum P787	cpec	CPE3_0672	kynU	kynureninase	md:cpec_M00038	I	767098	768363	-
Chlamydia pecorum P787	cpec	CPE3_0125	ndk	nucleoside diphosphate kinase	md:cpec_M00049	I	121307	121732	+
Chlamydia pecorum P787	cpec	CPE3_0521	adk	adenylate kinase	md:cpec_M00049	I	569858	570499	-
Chlamydia pecorum P787	cpec	CPE3_0720	adk_1	adenylate kinase	md:cpec_M00049	I	820551	821201	-
Chlamydia pecorum P787	cpec	CPE3_0125	ndk	nucleoside diphosphate kinase	md:cpec_M00050	I	121307	121732	+
Chlamydia pecorum P787	cpec	CPE3_0546	NA	inosine-5'-monophosphate dehydrogenase	md:cpec_M00050	I	591433	592503	+
Chlamydia pecorum P787	cpec	CPE3_0547	guaA	GMP synthase	md:cpec_M00050	I	592524	594065	+
Chlamydia pecorum P787	cpec	CPE3_0619	gmk	guanylate kinase	md:cpec_M00050	I	703908	704522	-
Chlamydia pecorum P787	cpec	CPE3_0137	pyrE	orotate phosphoribosyltransferase	md:cpec_M00051	I	135061	135693	+
Chlamydia pecorum P787	cpec	CPE3_0049	pyrH	uridylate kinase	md:cpec_M00052	I	53915	54658	-
Chlamydia pecorum P787	cpec	CPE3_0125	ndk	nucleoside diphosphate kinase	md:cpec_M00052	I	121307	121732	+
Chlamydia pecorum P787	cpec	CPE3_0528	pyrG	CTP synthetase	md:cpec_M00052	I	576333	577946	-
Chlamydia pecorum P787	cpec	CPE3_0125	ndk	nucleoside diphosphate kinase	md:cpec_M00053	I	121307	121732	+
Chlamydia pecorum P787	cpec	CPE3_0749	nrdB	ribonucleotide-diphosphate reductase, beta subunit	md:cpec_M00053	I	844680	845720	-
Chlamydia pecorum P787	cpec	CPE3_0750	nrdA	ribonucleotide-diphosphate reductase, alpha subunit	md:cpec_M00053	I	845740	848883	-
Chlamydia pecorum P787	cpec	CPE3_0091	lpxC	UDP-3-O-[3-hydroxymyristoyl] N-acetylglucosamine deacetylase	md:cpec_M00060	I	100212	101060	+
Chlamydia pecorum P787	cpec	CPE3_0093	lpxA	acyl-[acyl-carrier-protein]--UDP-N-acetylglucosamine O-acyltransferase	md:cpec_M00060	I	101545	102384	+
Chlamydia pecorum P787	cpec	CPE3_0221	lpxK	tetraacyldisaccharide 4'-kinase	md:cpec_M00060	I	222592	223692	+
Chlamydia pecorum P787	cpec	CPE3_0465	lpxD	UDP-3-O-[3-hydroxymyristoyl] glucosamine N-acyltransferase	md:cpec_M00060	I	514632	515714	-
Chlamydia pecorum P787	cpec	CPE3_0589	gseA	3-deoxy-D-manno-octulosonic-acid transferase	md:cpec_M00060	I	663457	664776	-
Chlamydia pecorum P787	cpec	CPE3_0640	NA	putative lipid A biosynthesis lauroyl acyltransferase	md:cpec_M00060	I	726838	728199	+
Chlamydia pecorum P787	cpec	CPE3_0764	lpxB	Lipid-A-disaccharide synthase	md:cpec_M00060	I	867153	868991	+
Chlamydia pecorum P787	cpec	CPE3_0022	kdsA	2-dehydro-3-deoxyphosphooctonate alsolase	md:cpec_M00063	I	30276	31085	-
Chlamydia pecorum P787	cpec	CPE3_0224	NA	hypothetical protein	md:cpec_M00063	I	226142	227131	+
Chlamydia pecorum P787	cpec	CPE3_0529	kdsB	3-deoxy-manno-octulosonate cytidylyltransferase	md:cpec_M00063	I	577922	578686	-
Chlamydia pecorum P787	cpec	CPE3_0337	accD	acetyl-CoA carboxylase, carboxyl transferase, beta subunit	md:cpec_M00082	I	375798	376724	+
Chlamydia pecorum P787	cpec	CPE3_0370	accA	acetyl-CoA carboxylase, carboxyl transferase, alpha subunit	md:cpec_M00082	I	407570	408547	+
Chlamydia pecorum P787	cpec	CPE3_0469	fabH	3-oxoacyl-(acyl carrier protein) synthase III	md:cpec_M00082	I	519595	520590	+
Chlamydia pecorum P787	cpec	CPE3_0470	fabD	malonyl CoA-acyl carrier protein transacylase	md:cpec_M00082	I	520599	521516	+
Chlamydia pecorum P787	cpec	CPE3_0561	accC	acetyl-CoA carboxylase, biotin carboxylase subunit	md:cpec_M00082	I	631753	633108	-
Chlamydia pecorum P787	cpec	CPE3_0562	accB	acetyl-CoA carboxylase, biotin carboxyl carrier protein subunit	md:cpec_M00082	I	633111	633605	-
Chlamydia pecorum P787	cpec	CPE3_0092	fabZ	(3R)-hydroxymyristoyl-ACP dehydratase	md:cpec_M00083	I	101073	101531	+
Chlamydia pecorum P787	cpec	CPE3_0378	NA	enoyl-(acyl carrier protein) reductase	md:cpec_M00083	I	414707	415603	-
Chlamydia pecorum P787	cpec	CPE3_0471	fabG	3-oxoacyl-(acyl-carrier-protein) reductase	md:cpec_M00083	I	521521	522264	+
Chlamydia pecorum P787	cpec	CPE3_0687	NA	short chain dehydrogenase family protein	md:cpec_M00083	I	783102	783917	+
Chlamydia pecorum P787	cpec	CPE3_0808	fabF	3-oxoacyl-(acyl-carrier-protein) synthase II	md:cpec_M00083	I	919169	920419	-
Chlamydia pecorum P787	cpec	CPE3_0178	NA	1-acyl-sn-glycerol-3-phosphate acyltransferase	md:cpec_M00089	I	175649	176296	-
Chlamydia pecorum P787	cpec	CPE3_0771	NA	glycerol-3-phosphate acyltransferase	md:cpec_M00089	I	879596	880591	+
Chlamydia pecorum P787	cpec	CPE3_0803	NA	acetyltransferase family protein	md:cpec_M00089	I	915030	915791	-
Chlamydia pecorum P787	cpec	CPE3_0180	cdsA	phosphatidate cytidylyltransferase	md:cpec_M00093	I	176940	177866	-
Chlamydia pecorum P787	cpec	CPE3_0751	NA	CDP-alcohol phosphatidyltransferase	md:cpec_M00093	I	849261	850067	+
Chlamydia pecorum P787	cpec	CPE3_0887	psdD	phosphatidylserine decarboxylase proenzyme	md:cpec_M00093	I	1014187	1015092	-
Chlamydia pecorum P787	cpec	CPE3_0168	ispD	2-C-methyl-D-erythritol 4-phosphate cytidylyltransferase	md:cpec_M00096	I	164701	165336	-
Chlamydia pecorum P787	cpec	CPE3_0201	ispF	2-C-methyl-D-erythritol 2,4-cyclodiphosphate synthase	md:cpec_M00096	I	202843	203385	-
Chlamydia pecorum P787	cpec	CPE3_0304	dxs	1-deoxy-D-xylulose-5-phosphate synthase	md:cpec_M00096	I	339361	341307	-
Chlamydia pecorum P787	cpec	CPE3_0407	gcpE	4-hydroxy-3-methylbut-2-en-1-yl diphosphate synthase	md:cpec_M00096	I	446692	448494	-
Chlamydia pecorum P787	cpec	CPE3_0426	dxr	1-deoxy-D-xylulose 5-phosphate reductoisomerase	md:cpec_M00096	I	468947	470086	+
Chlamydia pecorum P787	cpec	CPE3_0714	ispH	4-hydroxy-3-methylbut-2-enyl diphosphate reductase	md:cpec_M00096	I	811294	812223	-
Chlamydia pecorum P787	cpec	CPE3_0775	ispE	4-diphosphocytidyl-2-C-methyl-D-erythritol kinase	md:cpec_M00096	I	885195	886055	-
Chlamydia pecorum P787	cpec	CPE3_0234	ubiE	ubiquinone/menaquinone biosynthesis methyltransferase	md:cpec_M00116	I	236833	237537	-
Chlamydia pecorum P787	cpec	CPE3_0234	ubiE	ubiquinone/menaquinone biosynthesis methyltransferase	md:cpec_M00117	I	236833	237537	-
Chlamydia pecorum P787	cpec	CPE3_0501	ubiA	4-hydroxybenzoate polyprenyltransferase	md:cpec_M00117	I	556267	557163	+
Chlamydia pecorum P787	cpec	CPE3_0502	ubiD	phenylacrylic acid decarboxylase	md:cpec_M00117	I	557167	557745	+
Chlamydia pecorum P787	cpec	CPE3_0134	coaE	dephospho-coA kinase	md:cpec_M00120	I	132677	133294	+
Chlamydia pecorum P787	cpec	CPE3_0001	hemB	delta-aminolevulinic acid dehydratase	md:cpec_M00121	I	148	1185	+
Chlamydia pecorum P787	cpec	CPE3_0030	hemA	glutamyl-tRNA reductase	md:cpec_M00121	I	37113	38132	+
Chlamydia pecorum P787	cpec	CPE3_0142	hemH	ferrochelatase	md:cpec_M00121	I	139407	140363	-
Chlamydia pecorum P787	cpec	CPE3_0188	gltX	glutamyl-tRNA synthetase	md:cpec_M00121	I	189804	191321	+
Chlamydia pecorum P787	cpec	CPE3_0228	hemD	uroporphyrinogen-III synthase	md:cpec_M00121	I	229971	230732	-
Chlamydia pecorum P787	cpec	CPE3_0331	hemC	porphobilinogen deaminase, dipyromethane cofactor binding domain protein	md:cpec_M00121	I	369751	370464	-
Chlamydia pecorum P787	cpec	CPE3_0603	hemL	glutamate-1-semialdehyde-2,1-aminomutase	md:cpec_M00121	I	687273	688562	-
Chlamydia pecorum P787	cpec	CPE3_0834	hemE	uroporphyrinogen decarboxylase	md:cpec_M00121	I	949034	950026	+
Chlamydia pecorum P787	cpec	CPE3_0835	hemN_1	oxygen-independent coproporphyrinogen III oxidase	md:cpec_M00121	I	950007	951380	+
Chlamydia pecorum P787	cpec	CPE3_0836	hemG	protoporphyrinogen oxidase	md:cpec_M00121	I	951377	952648	+
Chlamydia pecorum P787	cpec	CPE3_0688	bioB	biotin synthase	md:cpec_M00123	I	784051	785049	+
Chlamydia pecorum P787	cpec	CPE3_0689	bioF	8-amino-7-oxononanoate synthase	md:cpec_M00123	I	785028	786173	+
Chlamydia pecorum P787	cpec	CPE3_0690	bioD	dethiobiotin synthetase	md:cpec_M00123	I	786155	786811	+
Chlamydia pecorum P787	cpec	CPE3_0691	bioA	adenosylmethionine-8-amino-7-oxononanoate aminotransferase	md:cpec_M00123	I	786748	788022	+
Chlamydia pecorum P787	cpec	CPE3_0801	bioF1	8-amino-7-oxononanoate synthase	md:cpec_M00123	I	912240	913346	-
Chlamydia pecorum P787	cpec	CPE3_0218	ribE	riboflavin synthase, alpha subunit	md:cpec_M00125	I	220186	220779	+
Chlamydia pecorum P787	cpec	CPE3_0447	ribF	riboflavin biosynthesis protein	md:cpec_M00125	I	492520	493416	-
Chlamydia pecorum P787	cpec	CPE3_0853	ribH	6,7-dimethyl-8-ribityllumazine synthase	md:cpec_M00125	I	972939	973409	-
Chlamydia pecorum P787	cpec	CPE3_0854	ribA_ribB	bifunctional 3,4-dihydroxy-2-butanone 4-phosphate synthase/GTP cyclohydrolase II protein	md:cpec_M00125	I	973424	974677	-
Chlamydia pecorum P787	cpec	CPE3_0855	ribD	riboflavin biosynthesis protein	md:cpec_M00125	I	974754	975872	-
Chlamydia pecorum P787	cpec	CPE3_0700	NA	hypothetical protein	md:cpec_M00133	I	796426	797013	+
Chlamydia pecorum P787	cpec	CPE3_0229	glyA	serine hydroxymethyltransferase	md:cpec_M00140	I	230806	232290	+
Chlamydia pecorum P787	cpec	CPE3_0433	folD	bifunctional 5,10-methylene-tetrahydrofolate dehydrogenase/5,10-methylene-tetrahydrofolate cyclohydrolase	md:cpec_M00140	I	476766	477629	-
Chlamydia pecorum P787	cpec	CPE3_0928	sdhB	succinate dehydrogenase subunit	md:cpec_M00149	I	1063173	1063952	-
Chlamydia pecorum P787	cpec	CPE3_0929	sdhA	succinate dehydrogenase, flavoprotein subunit	md:cpec_M00149	I	1063964	1065841	-
Chlamydia pecorum P787	cpec	CPE3_0930	sdhC	succinate dehydrogenase subunit	md:cpec_M00149	I	1065841	1066728	-
Chlamydia pecorum P787	cpec	CPE3_0635	cydB	cytochrome d ubiquinol oxidase, subunit II	md:cpec_M00153	I	721720	722754	-
Chlamydia pecorum P787	cpec	CPE3_0636	cydA	cytochrome D ubiquinol oxidase, subunit I	md:cpec_M00153	I	722770	724113	-
Chlamydia pecorum P787	cpec	CPE3_0646	atpK	V-type ATP synthase subunit K	md:cpec_M00159	I	741399	741824	-
Chlamydia pecorum P787	cpec	CPE3_0647	atpI	V-type ATP synthase subunit I	md:cpec_M00159	I	741920	743866	-
Chlamydia pecorum P787	cpec	CPE3_0648	atpD	V-type ATP synthase subunit D	md:cpec_M00159	I	743857	744483	-
Chlamydia pecorum P787	cpec	CPE3_0649	atpB	V-type ATP synthase subunit B	md:cpec_M00159	I	744468	745784	-
Chlamydia pecorum P787	cpec	CPE3_0650	atpA	V-type ATP synthase subunit A	md:cpec_M00159	I	745789	747564	-
Chlamydia pecorum P787	cpec	CPE3_0652	atpE	V-type ATP synthase subunit E	md:cpec_M00159	I	748409	749035	-
Chlamydia pecorum P787	cpec	CPE3_0067	pgk	phosphoglycerate kinase	md:cpec_M00165	I	74506	75717	+
Chlamydia pecorum P787	cpec	CPE3_0119	gapA	glyceraldehyde-3-phosphate dehydrogenase	md:cpec_M00165	I	116969	117976	+
Chlamydia pecorum P787	cpec	CPE3_0606	rpiA	ribose-5-phosphate isomerase A	md:cpec_M00165	I	689713	690414	-
Chlamydia pecorum P787	cpec	CPE3_0831	tkt	transketolase	md:cpec_M00165	I	940957	942951	-
Chlamydia pecorum P787	cpec	CPE3_0067	pgk	phosphoglycerate kinase	md:cpec_M00166	I	74506	75717	+
Chlamydia pecorum P787	cpec	CPE3_0119	gapA	glyceraldehyde-3-phosphate dehydrogenase	md:cpec_M00166	I	116969	117976	+
Chlamydia pecorum P787	cpec	CPE3_0606	rpiA	ribose-5-phosphate isomerase A	md:cpec_M00167	I	689713	690414	-
Chlamydia pecorum P787	cpec	CPE3_0831	tkt	transketolase	md:cpec_M00167	I	940957	942951	-
Chlamydia pecorum P787	cpec	CPE3_0704	mdhC	malate dehydrogenase	md:cpec_M00168	I	800525	801511	-
Chlamydia pecorum P787	cpec	CPE3_0704	mdhC	malate dehydrogenase	md:cpec_M00173	I	800525	801511	-
Chlamydia pecorum P787	cpec	CPE3_0718	fumC	fumarate hydratase	md:cpec_M00173	I	817376	818758	-
Chlamydia pecorum P787	cpec	CPE3_0756	sucD	succinyl-CoA synthetase, alpha subunit	md:cpec_M00173	I	857407	858282	-
Chlamydia pecorum P787	cpec	CPE3_0757	sucC	succinyl-CoA synthetase, beta subunit	md:cpec_M00173	I	858290	859453	-
Chlamydia pecorum P787	cpec	CPE3_0928	sdhB	succinate dehydrogenase subunit	md:cpec_M00173	I	1063173	1063952	-
Chlamydia pecorum P787	cpec	CPE3_0929	sdhA	succinate dehydrogenase, flavoprotein subunit	md:cpec_M00173	I	1063964	1065841	-
Chlamydia pecorum P787	cpec	CPE3_0930	sdhC	succinate dehydrogenase subunit	md:cpec_M00173	I	1065841	1066728	-
Chlamydia pecorum P787	cpec	CPE3_0200	NA	putative oxidoreductase	md:cpec_M00176	I	201788	202849	+
Chlamydia pecorum P787	cpec	CPE3_0461	pdhC	pyruvate dehydrogenase complex dihydrolipoamide acetyltransferase	md:cpec_M00307	I	510146	511429	-
Chlamydia pecorum P787	cpec	CPE3_0462	pdhB	pyruvate dehydrogenase, E1 component, beta subunit	md:cpec_M00307	I	511436	512422	-
Chlamydia pecorum P787	cpec	CPE3_0463	pdhA	pyruvate dehydrogenase, E1 component, alpha subunit	md:cpec_M00307	I	512415	513440	-
Chlamydia pecorum P787	cpec	CPE3_0893	lpdA	dihydrolipoamide dehydrogenase	md:cpec_M00307	I	1022896	1024281	+
Chlamydia pecorum P787	cpec	CPE3_0067	pgk	phosphoglycerate kinase	md:cpec_M00308	I	74506	75717	+
Chlamydia pecorum P787	cpec	CPE3_0119	gapA	glyceraldehyde-3-phosphate dehydrogenase	md:cpec_M00308	I	116969	117976	+
Chlamydia pecorum P787	cpec	CPE3_0584	NA	diphosphate--fructose-6-phosphate 1-phosphotransferase	md:cpec_M00345	I	659001	660656	+
Chlamydia pecorum P787	cpec	CPE3_0229	glyA	serine hydroxymethyltransferase	md:cpec_M00346	I	230806	232290	+
Chlamydia pecorum P787	cpec	CPE3_0704	mdhC	malate dehydrogenase	md:cpec_M00346	I	800525	801511	-
Chlamydia pecorum P787	cpec	CPE3_0923	eno	phosphopyruvate hydratase	md:cpec_M00346	I	1054711	1055991	+
Chlamydia pecorum P787	cpec	CPE3_0966	ispA	geranyl transtransferase	md:cpec_M00364	I	1103358	1104239	+
Chlamydia pecorum P787	cpec	CPE3_0704	mdhC	malate dehydrogenase	md:cpec_M00374	I	800525	801511	-
Chlamydia pecorum P787	cpec	CPE3_0756	sucD	succinyl-CoA synthetase, alpha subunit	md:cpec_M00374	I	857407	858282	-
Chlamydia pecorum P787	cpec	CPE3_0757	sucC	succinyl-CoA synthetase, beta subunit	md:cpec_M00374	I	858290	859453	-
Chlamydia pecorum P787	cpec	CPE3_0928	sdhB	succinate dehydrogenase subunit	md:cpec_M00374	I	1063173	1063952	-
Chlamydia pecorum P787	cpec	CPE3_0929	sdhA	succinate dehydrogenase, flavoprotein subunit	md:cpec_M00374	I	1063964	1065841	-
Chlamydia pecorum P787	cpec	CPE3_0930	sdhC	succinate dehydrogenase subunit	md:cpec_M00374	I	1065841	1066728	-
Chlamydia pecorum P787	cpec	CPE3_0337	accD	acetyl-CoA carboxylase, carboxyl transferase, beta subunit	md:cpec_M00376	I	375798	376724	+
Chlamydia pecorum P787	cpec	CPE3_0370	accA	acetyl-CoA carboxylase, carboxyl transferase, alpha subunit	md:cpec_M00376	I	407570	408547	+
Chlamydia pecorum P787	cpec	CPE3_0561	accC	acetyl-CoA carboxylase, biotin carboxylase subunit	md:cpec_M00376	I	631753	633108	-
Chlamydia pecorum P787	cpec	CPE3_0562	accB	acetyl-CoA carboxylase, biotin carboxyl carrier protein subunit	md:cpec_M00376	I	633111	633605	-
Chlamydia pecorum P787	cpec	CPE3_0718	fumC	fumarate hydratase	md:cpec_M00376	I	817376	818758	-
Chlamydia pecorum P787	cpec	CPE3_0928	sdhB	succinate dehydrogenase subunit	md:cpec_M00376	I	1063173	1063952	-
Chlamydia pecorum P787	cpec	CPE3_0929	sdhA	succinate dehydrogenase, flavoprotein subunit	md:cpec_M00376	I	1063964	1065841	-
Chlamydia pecorum P787	cpec	CPE3_0930	sdhC	succinate dehydrogenase subunit	md:cpec_M00376	I	1065841	1066728	-
Chlamydia pecorum P787	cpec	CPE3_0433	folD	bifunctional 5,10-methylene-tetrahydrofolate dehydrogenase/5,10-methylene-tetrahydrofolate cyclohydrolase	md:cpec_M00377	I	476766	477629	-
Chlamydia pecorum P787	cpec	CPE3_0231	dapF	diaminopimelate epimerase	md:cpec_M00525	I	232853	233683	+
Chlamydia pecorum P787	cpec	CPE3_0683	dapA	dihydrodipicolinate synthase	md:cpec_M00525	I	778957	779796	-
Chlamydia pecorum P787	cpec	CPE3_0684	lysC	aspartokinase	md:cpec_M00525	I	779808	781115	-
Chlamydia pecorum P787	cpec	CPE3_0685	asd	aspartate-semialdehyde dehydrogenase	md:cpec_M00525	I	781096	782100	-
Chlamydia pecorum P787	cpec	CPE3_0686	dapB	dihydrodipicolinate reductase	md:cpec_M00525	I	782227	782982	-
Chlamydia pecorum P787	cpec	CPE3_0683	dapA	dihydrodipicolinate synthase	md:cpec_M00526	I	778957	779796	-
Chlamydia pecorum P787	cpec	CPE3_0684	lysC	aspartokinase	md:cpec_M00526	I	779808	781115	-
Chlamydia pecorum P787	cpec	CPE3_0685	asd	aspartate-semialdehyde dehydrogenase	md:cpec_M00526	I	781096	782100	-
Chlamydia pecorum P787	cpec	CPE3_0686	dapB	dihydrodipicolinate reductase	md:cpec_M00526	I	782227	782982	-
Chlamydia pecorum P787	cpec	CPE3_0231	dapF	diaminopimelate epimerase	md:cpec_M00527	I	232853	233683	+
Chlamydia pecorum P787	cpec	CPE3_0254	NA	putative aminotransferase	md:cpec_M00527	I	256954	258144	-
Chlamydia pecorum P787	cpec	CPE3_0683	dapA	dihydrodipicolinate synthase	md:cpec_M00527	I	778957	779796	-
Chlamydia pecorum P787	cpec	CPE3_0684	lysC	aspartokinase	md:cpec_M00527	I	779808	781115	-
Chlamydia pecorum P787	cpec	CPE3_0685	asd	aspartate-semialdehyde dehydrogenase	md:cpec_M00527	I	781096	782100	-
Chlamydia pecorum P787	cpec	CPE3_0686	dapB	dihydrodipicolinate reductase	md:cpec_M00527	I	782227	782982	-
Chlamydia pecorum P787	cpec	CPE3_0229	glyA	serine hydroxymethyltransferase	md:cpec_M00532	I	230806	232290	+
Chlamydia pecorum P787	cpec	CPE3_0350	NA	glycine cleavage system protein H	md:cpec_M00532	I	391092	391436	+
Chlamydia pecorum P787	cpec	CPE3_0893	lpdA	dihydrolipoamide dehydrogenase	md:cpec_M00532	I	1022896	1024281	+
Chlamydia pecorum P787	cpec	CPE3_0037	NA	type III secretion ATPase	md:cpec_M00542	I	43089	44417	+
Chlamydia pecorum P787	cpec	CPE3_0042	sctC	type III secretion system protein	md:cpec_M00542	I	48436	51165	+
Chlamydia pecorum P787	cpec	CPE3_0444	NA	type III secretion system protein	md:cpec_M00542	I	487937	490069	-
Chlamydia pecorum P787	cpec	CPE3_0445	NA	type III secretion system protein	md:cpec_M00542	I	490069	491148	-
Chlamydia pecorum P787	cpec	CPE3_0895	NA	type III secretion system protein	md:cpec_M00542	I	1025364	1026356	+
Chlamydia pecorum P787	cpec	CPE3_0898	NA	type III secretion system protein	md:cpec_M00542	I	1028021	1028938	+
Chlamydia pecorum P787	cpec	CPE3_0899	NA	type III secretion system protein	md:cpec_M00542	I	1028950	1029234	+
Chlamydia pecorum P787	cpec	CPE3_0900	NA	type III secretion system protein	md:cpec_M00542	I	1029240	1030109	+
Chlamydia pecorum P787	cpec	CPE3_0067	pgk	phosphoglycerate kinase	md:cpec_M00552	I	74506	75717	+
Chlamydia pecorum P787	cpec	CPE3_0119	gapA	glyceraldehyde-3-phosphate dehydrogenase	md:cpec_M00552	I	116969	117976	+
Chlamydia pecorum P787	cpec	CPE3_0138	glgC	glucose-1-phosphate adenyltransferase	md:cpec_M00565	I	135813	137138	+
Chlamydia pecorum P787	cpec	CPE3_0271	glgB	1,4-alpha-glucan branching enzyme	md:cpec_M00565	I	276973	279135	+
Chlamydia pecorum P787	cpec	CPE3_0395	NA	glycosyl hydrolase family protein	md:cpec_M00565	I	433137	435119	-
Chlamydia pecorum P787	cpec	CPE3_0782	glgA	glycogen synthase	md:cpec_M00565	I	888887	890317	+
Chlamydia pecorum P787	cpec	CPE3_0092	fabZ	(3R)-hydroxymyristoyl-ACP dehydratase	md:cpec_M00572	I	101073	101531	+
Chlamydia pecorum P787	cpec	CPE3_0378	NA	enoyl-(acyl carrier protein) reductase	md:cpec_M00572	I	414707	415603	-
Chlamydia pecorum P787	cpec	CPE3_0471	fabG	3-oxoacyl-(acyl-carrier-protein) reductase	md:cpec_M00572	I	521521	522264	+
Chlamydia pecorum P787	cpec	CPE3_0687	NA	short chain dehydrogenase family protein	md:cpec_M00572	I	783102	783917	+
Chlamydia pecorum P787	cpec	CPE3_0808	fabF	3-oxoacyl-(acyl-carrier-protein) synthase II	md:cpec_M00572	I	919169	920419	-
Chlamydia pecorum P787	cpec	CPE3_0688	bioB	biotin synthase	md:cpec_M00573	I	784051	785049	+
Chlamydia pecorum P787	cpec	CPE3_0689	bioF	8-amino-7-oxononanoate synthase	md:cpec_M00573	I	785028	786173	+
Chlamydia pecorum P787	cpec	CPE3_0690	bioD	dethiobiotin synthetase	md:cpec_M00573	I	786155	786811	+
Chlamydia pecorum P787	cpec	CPE3_0801	bioF1	8-amino-7-oxononanoate synthase	md:cpec_M00573	I	912240	913346	-
Chlamydia pecorum P787	cpec	CPE3_0688	bioB	biotin synthase	md:cpec_M00577	I	784051	785049	+
Chlamydia pecorum P787	cpec	CPE3_0689	bioF	8-amino-7-oxononanoate synthase	md:cpec_M00577	I	785028	786173	+
Chlamydia pecorum P787	cpec	CPE3_0690	bioD	dethiobiotin synthetase	md:cpec_M00577	I	786155	786811	+
Chlamydia pecorum P787	cpec	CPE3_0691	bioA	adenosylmethionine-8-amino-7-oxononanoate aminotransferase	md:cpec_M00577	I	786748	788022	+
Chlamydia pecorum P787	cpec	CPE3_0801	bioF1	8-amino-7-oxononanoate synthase	md:cpec_M00577	I	912240	913346	-
Chlamydia pecorum P787	cpec	CPE3_0606	rpiA	ribose-5-phosphate isomerase A	md:cpec_M00580	I	689713	690414	-
Chlamydia pecorum P787	cpec	CPE3_0704	mdhC	malate dehydrogenase	md:cpec_M00620	I	800525	801511	-
Chlamydia pecorum P787	cpec	CPE3_0756	sucD	succinyl-CoA synthetase, alpha subunit	md:cpec_M00620	I	857407	858282	-
Chlamydia pecorum P787	cpec	CPE3_0757	sucC	succinyl-CoA synthetase, beta subunit	md:cpec_M00620	I	858290	859453	-
Chlamydia pecorum P787	cpec	CPE3_0037	NA	type III secretion ATPase	md:cpec_M00660	I	43089	44417	+
Chlamydia pecorum P787	cpec	CPE3_0444	NA	type III secretion system protein	md:cpec_M00660	I	487937	490069	-
Chlamydia pecorum P787	cpec	CPE3_0445	NA	type III secretion system protein	md:cpec_M00660	I	490069	491148	-
Chlamydia pecorum P787	cpec	CPE3_0895	NA	type III secretion system protein	md:cpec_M00660	I	1025364	1026356	+
Chlamydia pecorum P787	cpec	CPE3_0897	NA	type III secretion system protein	md:cpec_M00660	I	1027322	1028005	+
Chlamydia pecorum P787	cpec	CPE3_0898	NA	type III secretion system protein	md:cpec_M00660	I	1028021	1028938	+
Chlamydia pecorum P787	cpec	CPE3_0899	NA	type III secretion system protein	md:cpec_M00660	I	1028950	1029234	+
Chlamydia pecorum P787	cpec	CPE3_0900	NA	type III secretion system protein	md:cpec_M00660	I	1029240	1030109	+
Chlamydia pecorum P787	cpec	CPE3_0704	mdhC	malate dehydrogenase	md:cpec_M00740	I	800525	801511	-
Chlamydia pecorum P787	cpec	CPE3_0675	trpF	N-(5'-phosphoribosyl)anthranilate isomerase	md:cpec_M00840	I	770313	770936	-
Chlamydia pecorum P787	cpec	CPE3_0854	ribA_ribB	bifunctional 3,4-dihydroxy-2-butanone 4-phosphate synthase/GTP cyclohydrolase II protein	md:cpec_M00840	I	973424	974677	-
Chlamydia pecorum P787	cpec	CPE3_0001	hemB	delta-aminolevulinic acid dehydratase	md:cpec_M00846	I	148	1185	+
Chlamydia pecorum P787	cpec	CPE3_0030	hemA	glutamyl-tRNA reductase	md:cpec_M00846	I	37113	38132	+
Chlamydia pecorum P787	cpec	CPE3_0228	hemD	uroporphyrinogen-III synthase	md:cpec_M00846	I	229971	230732	-
Chlamydia pecorum P787	cpec	CPE3_0331	hemC	porphobilinogen deaminase, dipyromethane cofactor binding domain protein	md:cpec_M00846	I	369751	370464	-
Chlamydia pecorum P787	cpec	CPE3_0603	hemL	glutamate-1-semialdehyde-2,1-aminomutase	md:cpec_M00846	I	687273	688562	-
Chlamydia pecorum P787	cpec	CPE3_0502	ubiD	phenylacrylic acid decarboxylase	md:cpec_M00849	I	557167	557745	+
Chlamydia pecorum P787	cpec	CPE3_0138	glgC	glucose-1-phosphate adenyltransferase	md:cpec_M00854	I	135813	137138	+
Chlamydia pecorum P787	cpec	CPE3_0271	glgB	1,4-alpha-glucan branching enzyme	md:cpec_M00854	I	276973	279135	+
Chlamydia pecorum P787	cpec	CPE3_0782	glgA	glycogen synthase	md:cpec_M00854	I	888887	890317	+
Chlamydia pecorum P787	cpec	CPE3_0441	malQ	4-alpha-glucanotransferase	md:cpec_M00855	I	484689	486263	-
Chlamydia pecorum P787	cpec	CPE3_0460	glgP	glycogen phosphorylase	md:cpec_M00855	I	507663	510134	+
Chlamydia pecorum P787	cpec	CPE3_0091	lpxC	UDP-3-O-[3-hydroxymyristoyl] N-acetylglucosamine deacetylase	md:cpec_M00866	I	100212	101060	+
Chlamydia pecorum P787	cpec	CPE3_0093	lpxA	acyl-[acyl-carrier-protein]--UDP-N-acetylglucosamine O-acyltransferase	md:cpec_M00866	I	101545	102384	+
Chlamydia pecorum P787	cpec	CPE3_0221	lpxK	tetraacyldisaccharide 4'-kinase	md:cpec_M00866	I	222592	223692	+
Chlamydia pecorum P787	cpec	CPE3_0465	lpxD	UDP-3-O-[3-hydroxymyristoyl] glucosamine N-acyltransferase	md:cpec_M00866	I	514632	515714	-
Chlamydia pecorum P787	cpec	CPE3_0589	gseA	3-deoxy-D-manno-octulosonic-acid transferase	md:cpec_M00866	I	663457	664776	-
Chlamydia pecorum P787	cpec	CPE3_0640	NA	putative lipid A biosynthesis lauroyl acyltransferase	md:cpec_M00866	I	726838	728199	+
Chlamydia pecorum P787	cpec	CPE3_0764	lpxB	Lipid-A-disaccharide synthase	md:cpec_M00866	I	867153	868991	+
Chlamydia pecorum P787	cpec	CPE3_0001	hemB	delta-aminolevulinic acid dehydratase	md:cpec_M00868	I	148	1185	+
Chlamydia pecorum P787	cpec	CPE3_0142	hemH	ferrochelatase	md:cpec_M00868	I	139407	140363	-
Chlamydia pecorum P787	cpec	CPE3_0228	hemD	uroporphyrinogen-III synthase	md:cpec_M00868	I	229971	230732	-
Chlamydia pecorum P787	cpec	CPE3_0331	hemC	porphobilinogen deaminase, dipyromethane cofactor binding domain protein	md:cpec_M00868	I	369751	370464	-
Chlamydia pecorum P787	cpec	CPE3_0834	hemE	uroporphyrinogen decarboxylase	md:cpec_M00868	I	949034	950026	+
Chlamydia pecorum P787	cpec	CPE3_0836	hemG	protoporphyrinogen oxidase	md:cpec_M00868	I	951377	952648	+
Chlamydia pecorum P787	cpec	CPE3_0470	fabD	malonyl CoA-acyl carrier protein transacylase	md:cpec_M00873	I	520599	521516	+
Chlamydia pecorum P787	cpec	CPE3_0808	fabF	3-oxoacyl-(acyl-carrier-protein) synthase II	md:cpec_M00873	I	919169	920419	-
Chlamydia pecorum P787	cpec	CPE3_0470	fabD	malonyl CoA-acyl carrier protein transacylase	md:cpec_M00874	I	520599	521516	+
Chlamydia pecorum P787	cpec	CPE3_0471	fabG	3-oxoacyl-(acyl-carrier-protein) reductase	md:cpec_M00874	I	521521	522264	+
Chlamydia pecorum P787	cpec	CPE3_0687	NA	short chain dehydrogenase family protein	md:cpec_M00874	I	783102	783917	+
Chlamydia pecorum P787	cpec	CPE3_0808	fabF	3-oxoacyl-(acyl-carrier-protein) synthase II	md:cpec_M00874	I	919169	920419	-
Chlamydia pecorum P787	cpec	CPE3_0894	lipA	lipoyl acid synthase	md:cpec_M00881	I	1024278	1025192	+
Chlamydia pecorum P787	cpec	CPE3_0894	lipA	lipoyl acid synthase	md:cpec_M00882	I	1024278	1025192	+
Chlamydia pecorum P787	cpec	CPE3_0894	lipA	lipoyl acid synthase	md:cpec_M00883	I	1024278	1025192	+
Chlamydia pecorum P787	cpec	CPE3_0894	lipA	lipoyl acid synthase	md:cpec_M00884	I	1024278	1025192	+
Chlamydia pecorum P787	cpec	CPE3_0705	pgi	glucose-6-phosphate isomerase	md:cpec_M00909	I	802342	803919	-
Chlamydia pecorum P787	cpec	CPE3_0761	glmS	glucosamine--fructose-6-phosphate aminotransferase	md:cpec_M00909	I	862421	864253	-
Chlamydia pecorum P787	cpec	CPE3_0762	glmM	phosphoglucosamine mutase	md:cpec_M00909	I	864261	865637	-
Chlamydia pecorum P787	cpec	CPE3_0218	ribE	riboflavin synthase, alpha subunit	md:cpec_M00911	I	220186	220779	+
Chlamydia pecorum P787	cpec	CPE3_0853	ribH	6,7-dimethyl-8-ribityllumazine synthase	md:cpec_M00911	I	972939	973409	-
Chlamydia pecorum P787	cpec	CPE3_0672	kynU	kynureninase	md:cpec_M00912	I	767098	768363	-
Chlamydia pecorum P787	cpec	CPE3_0001	hemB	delta-aminolevulinic acid dehydratase	md:cpec_M00926	I	148	1185	+
Chlamydia pecorum P787	cpec	CPE3_0030	hemA	glutamyl-tRNA reductase	md:cpec_M00926	I	37113	38132	+
Chlamydia pecorum P787	cpec	CPE3_0142	hemH	ferrochelatase	md:cpec_M00926	I	139407	140363	-
Chlamydia pecorum P787	cpec	CPE3_0228	hemD	uroporphyrinogen-III synthase	md:cpec_M00926	I	229971	230732	-
Chlamydia pecorum P787	cpec	CPE3_0331	hemC	porphobilinogen deaminase, dipyromethane cofactor binding domain protein	md:cpec_M00926	I	369751	370464	-
Chlamydia pecorum P787	cpec	CPE3_0603	hemL	glutamate-1-semialdehyde-2,1-aminomutase	md:cpec_M00926	I	687273	688562	-
Chlamydia pecorum P787	cpec	CPE3_0834	hemE	uroporphyrinogen decarboxylase	md:cpec_M00926	I	949034	950026	+
Chlamydia pecorum P787	cpec	CPE3_0836	hemG	protoporphyrinogen oxidase	md:cpec_M00926	I	951377	952648	+
Chlamydia pecorum P787	cpec	CPE3_0236	NA	hypothetical protein	md:cpec_M00930	I	238276	239394	-
Chlamydia pecorum P787	cpec	CPE3_0812	NA	hypothetical protein	md:cpec_M00930	I	923219	924274	+
Chlamydia pecorum P787	cpec	CPE3_0236	NA	hypothetical protein	md:cpec_M00931	I	238276	239394	-
Chlamydia pecorum P787	cpec	CPE3_0812	NA	hypothetical protein	md:cpec_M00931	I	923219	924274	+
Chlamydia pecorum P787	cpec	CPE3_0125	ndk	nucleoside diphosphate kinase	md:cpec_M00938	I	121307	121732	+
Chlamydia pecorum P787	cpec	CPE3_0338	dut	deoxyuridine 5'-triphosphate nucleotidohydrolase	md:cpec_M00938	I	376765	377208	+
Chlamydia pecorum P787	cpec	CPE3_0494	tmk	thymidylate kinase	md:cpec_M00938	I	550041	550661	+
Chlamydia pecorum P787	cpec	CPE3_0749	nrdB	ribonucleotide-diphosphate reductase, beta subunit	md:cpec_M00938	I	844680	845720	-
Chlamydia pecorum P787	cpec	CPE3_0750	nrdA	ribonucleotide-diphosphate reductase, alpha subunit	md:cpec_M00938	I	845740	848883	-
Chlamydia pecorum P787	cpec	CPE3_0688	bioB	biotin synthase	md:cpec_M00950	I	784051	785049	+
Chlamydia pecorum P787	cpec	CPE3_0689	bioF	8-amino-7-oxononanoate synthase	md:cpec_M00950	I	785028	786173	+
Chlamydia pecorum P787	cpec	CPE3_0690	bioD	dethiobiotin synthetase	md:cpec_M00950	I	786155	786811	+
Chlamydia pecorum P787	cpec	CPE3_0801	bioF1	8-amino-7-oxononanoate synthase	md:cpec_M00950	I	912240	913346	-
