Campylobacter jejuni subsp. jejuni R14	cjer	H730_02525	NA	pyruvate kinase	md:cjer_M00001	I	426523	427965	-
Campylobacter jejuni subsp. jejuni R14	cjer	H730_02745	NA	phosphoglyceromutase	md:cjer_M00001	I	470860	472338	+
Campylobacter jejuni subsp. jejuni R14	cjer	H730_03860	NA	fructose-bisphosphate aldolase	md:cjer_M00001	I	659016	660080	+
Campylobacter jejuni subsp. jejuni R14	cjer	H730_07960	tpiA	triosephosphate isomerase	md:cjer_M00001	I	1445969	1446640	-
Campylobacter jejuni subsp. jejuni R14	cjer	H730_07965	pgk	phosphoglycerate kinase	md:cjer_M00001	I	1446637	1447839	-
Campylobacter jejuni subsp. jejuni R14	cjer	H730_07970	NA	glyceraldehyde 3-phosphate dehydrogenase A	md:cjer_M00001	I	1447842	1448840	-
Campylobacter jejuni subsp. jejuni R14	cjer	H730_08965	NA	glucose-6-phosphate isomerase	md:cjer_M00001	I	1618658	1619878	-
Campylobacter jejuni subsp. jejuni R14	cjer	H730_09680	eno	enolase	md:cjer_M00001	I	1747556	1748800	-
Campylobacter jejuni subsp. jejuni R14	cjer	H730_02525	NA	pyruvate kinase	md:cjer_M00002	I	426523	427965	-
Campylobacter jejuni subsp. jejuni R14	cjer	H730_02745	NA	phosphoglyceromutase	md:cjer_M00002	I	470860	472338	+
Campylobacter jejuni subsp. jejuni R14	cjer	H730_07960	tpiA	triosephosphate isomerase	md:cjer_M00002	I	1445969	1446640	-
Campylobacter jejuni subsp. jejuni R14	cjer	H730_07965	pgk	phosphoglycerate kinase	md:cjer_M00002	I	1446637	1447839	-
Campylobacter jejuni subsp. jejuni R14	cjer	H730_07970	NA	glyceraldehyde 3-phosphate dehydrogenase A	md:cjer_M00002	I	1447842	1448840	-
Campylobacter jejuni subsp. jejuni R14	cjer	H730_09680	eno	enolase	md:cjer_M00002	I	1747556	1748800	-
Campylobacter jejuni subsp. jejuni R14	cjer	H730_02745	NA	phosphoglyceromutase	md:cjer_M00003	I	470860	472338	+
Campylobacter jejuni subsp. jejuni R14	cjer	H730_03860	NA	fructose-bisphosphate aldolase	md:cjer_M00003	I	659016	660080	+
Campylobacter jejuni subsp. jejuni R14	cjer	H730_05080	NA	fructose-1,6-bisphosphatase	md:cjer_M00003	I	894039	894881	-
Campylobacter jejuni subsp. jejuni R14	cjer	H730_05535	NA	phosphoenolpyruvate carboxykinase	md:cjer_M00003	I	971967	973541	-
Campylobacter jejuni subsp. jejuni R14	cjer	H730_07960	tpiA	triosephosphate isomerase	md:cjer_M00003	I	1445969	1446640	-
Campylobacter jejuni subsp. jejuni R14	cjer	H730_07965	pgk	phosphoglycerate kinase	md:cjer_M00003	I	1446637	1447839	-
Campylobacter jejuni subsp. jejuni R14	cjer	H730_07970	NA	glyceraldehyde 3-phosphate dehydrogenase A	md:cjer_M00003	I	1447842	1448840	-
Campylobacter jejuni subsp. jejuni R14	cjer	H730_09680	eno	enolase	md:cjer_M00003	I	1747556	1748800	-
Campylobacter jejuni subsp. jejuni R14	cjer	H730_01695	NA	transaldolase	md:cjer_M00004	I	293482	294459	-
Campylobacter jejuni subsp. jejuni R14	cjer	H730_02835	NA	ribulose-phosphate 3-epimerase	md:cjer_M00004	I	485539	486186	+
Campylobacter jejuni subsp. jejuni R14	cjer	H730_05500	NA	ribose 5-phosphate isomerase B	md:cjer_M00004	I	966077	966514	+
Campylobacter jejuni subsp. jejuni R14	cjer	H730_08965	NA	glucose-6-phosphate isomerase	md:cjer_M00004	I	1618658	1619878	-
Campylobacter jejuni subsp. jejuni R14	cjer	H730_09550	NA	transketolase	md:cjer_M00004	I	1724212	1726110	+
Campylobacter jejuni subsp. jejuni R14	cjer	H730_05465	NA	ribose-phosphate pyrophosphokinase	md:cjer_M00005	I	960426	961355	-
Campylobacter jejuni subsp. jejuni R14	cjer	H730_01695	NA	transaldolase	md:cjer_M00007	I	293482	294459	-
Campylobacter jejuni subsp. jejuni R14	cjer	H730_02835	NA	ribulose-phosphate 3-epimerase	md:cjer_M00007	I	485539	486186	+
Campylobacter jejuni subsp. jejuni R14	cjer	H730_05500	NA	ribose 5-phosphate isomerase B	md:cjer_M00007	I	966077	966514	+
Campylobacter jejuni subsp. jejuni R14	cjer	H730_09550	NA	transketolase	md:cjer_M00007	I	1724212	1726110	+
Campylobacter jejuni subsp. jejuni R14	cjer	H730_02530	NA	Malate:quinone oxidoreductase	md:cjer_M00009	I	428014	429360	-
Campylobacter jejuni subsp. jejuni R14	cjer	H730_02605	NA	fumarate reductase cytochrome b-556 subunit	md:cjer_M00009	I	440361	441143	+
Campylobacter jejuni subsp. jejuni R14	cjer	H730_02610	NA	fumarate reductase flavoprotein subunit	md:cjer_M00009	I	441127	443118	+
Campylobacter jejuni subsp. jejuni R14	cjer	H730_02615	frdB	fumarate reductase iron-sulfur subunit	md:cjer_M00009	I	443111	443836	+
Campylobacter jejuni subsp. jejuni R14	cjer	H730_02760	NA	succinate dehydrogenase flavoprotein subunit	md:cjer_M00009	I	473908	475743	+
Campylobacter jejuni subsp. jejuni R14	cjer	H730_02765	NA	succinate dehydrogenase, iron-sulfur protein subunit	md:cjer_M00009	I	475740	476705	+
Campylobacter jejuni subsp. jejuni R14	cjer	H730_02770	NA	Putative succinate dehydrogenase cytochrome b subunit	md:cjer_M00009	I	476709	477566	+
Campylobacter jejuni subsp. jejuni R14	cjer	H730_03530	NA	isocitrate dehydrogenase	md:cjer_M00009	I	601120	603324	+
Campylobacter jejuni subsp. jejuni R14	cjer	H730_03535	NA	malate dehydrogenase	md:cjer_M00009	I	603321	604223	+
Campylobacter jejuni subsp. jejuni R14	cjer	H730_03540	sucC	succinyl-CoA synthetase subunit beta	md:cjer_M00009	I	604224	605387	+
Campylobacter jejuni subsp. jejuni R14	cjer	H730_03545	NA	succinyl-CoA synthase, alpha subunit	md:cjer_M00009	I	605397	606266	+
Campylobacter jejuni subsp. jejuni R14	cjer	H730_03550	oorD	2-oxoglutarate-acceptor oxidoreductase subunit OorD	md:cjer_M00009	I	606280	606591	+
Campylobacter jejuni subsp. jejuni R14	cjer	H730_03555	oorA	2-oxoglutarate-acceptor oxidoreductase subunit OorA	md:cjer_M00009	I	606600	607724	+
Campylobacter jejuni subsp. jejuni R14	cjer	H730_03560	oorB	2-oxoglutarate-acceptor oxidoreductase subunit OorB	md:cjer_M00009	I	607725	608570	+
Campylobacter jejuni subsp. jejuni R14	cjer	H730_03565	oorC	2-oxoglutarate-acceptor oxidoreductase subunit OorC	md:cjer_M00009	I	608567	609124	+
Campylobacter jejuni subsp. jejuni R14	cjer	H730_05055	NA	bifunctional aconitate hydratase 2/2-methylisocitrate dehydratase	md:cjer_M00009	I	887963	890509	-
Campylobacter jejuni subsp. jejuni R14	cjer	H730_07785	fumC	fumarate hydratase	md:cjer_M00009	I	1407540	1408931	-
Campylobacter jejuni subsp. jejuni R14	cjer	H730_09715	NA	citrate synthase	md:cjer_M00009	I	1753531	1754799	-
Campylobacter jejuni subsp. jejuni R14	cjer	H730_03530	NA	isocitrate dehydrogenase	md:cjer_M00010	I	601120	603324	+
Campylobacter jejuni subsp. jejuni R14	cjer	H730_05055	NA	bifunctional aconitate hydratase 2/2-methylisocitrate dehydratase	md:cjer_M00010	I	887963	890509	-
Campylobacter jejuni subsp. jejuni R14	cjer	H730_09715	NA	citrate synthase	md:cjer_M00010	I	1753531	1754799	-
Campylobacter jejuni subsp. jejuni R14	cjer	H730_02530	NA	Malate:quinone oxidoreductase	md:cjer_M00011	I	428014	429360	-
Campylobacter jejuni subsp. jejuni R14	cjer	H730_02605	NA	fumarate reductase cytochrome b-556 subunit	md:cjer_M00011	I	440361	441143	+
Campylobacter jejuni subsp. jejuni R14	cjer	H730_02610	NA	fumarate reductase flavoprotein subunit	md:cjer_M00011	I	441127	443118	+
Campylobacter jejuni subsp. jejuni R14	cjer	H730_02615	frdB	fumarate reductase iron-sulfur subunit	md:cjer_M00011	I	443111	443836	+
Campylobacter jejuni subsp. jejuni R14	cjer	H730_02760	NA	succinate dehydrogenase flavoprotein subunit	md:cjer_M00011	I	473908	475743	+
Campylobacter jejuni subsp. jejuni R14	cjer	H730_02765	NA	succinate dehydrogenase, iron-sulfur protein subunit	md:cjer_M00011	I	475740	476705	+
Campylobacter jejuni subsp. jejuni R14	cjer	H730_02770	NA	Putative succinate dehydrogenase cytochrome b subunit	md:cjer_M00011	I	476709	477566	+
Campylobacter jejuni subsp. jejuni R14	cjer	H730_03535	NA	malate dehydrogenase	md:cjer_M00011	I	603321	604223	+
Campylobacter jejuni subsp. jejuni R14	cjer	H730_03540	sucC	succinyl-CoA synthetase subunit beta	md:cjer_M00011	I	604224	605387	+
Campylobacter jejuni subsp. jejuni R14	cjer	H730_03545	NA	succinyl-CoA synthase, alpha subunit	md:cjer_M00011	I	605397	606266	+
Campylobacter jejuni subsp. jejuni R14	cjer	H730_03550	oorD	2-oxoglutarate-acceptor oxidoreductase subunit OorD	md:cjer_M00011	I	606280	606591	+
Campylobacter jejuni subsp. jejuni R14	cjer	H730_03555	oorA	2-oxoglutarate-acceptor oxidoreductase subunit OorA	md:cjer_M00011	I	606600	607724	+
Campylobacter jejuni subsp. jejuni R14	cjer	H730_03560	oorB	2-oxoglutarate-acceptor oxidoreductase subunit OorB	md:cjer_M00011	I	607725	608570	+
Campylobacter jejuni subsp. jejuni R14	cjer	H730_03565	oorC	2-oxoglutarate-acceptor oxidoreductase subunit OorC	md:cjer_M00011	I	608567	609124	+
Campylobacter jejuni subsp. jejuni R14	cjer	H730_07785	fumC	fumarate hydratase	md:cjer_M00011	I	1407540	1408931	-
Campylobacter jejuni subsp. jejuni R14	cjer	H730_03535	NA	malate dehydrogenase	md:cjer_M00012	I	603321	604223	+
Campylobacter jejuni subsp. jejuni R14	cjer	H730_05055	NA	bifunctional aconitate hydratase 2/2-methylisocitrate dehydratase	md:cjer_M00012	I	887963	890509	-
Campylobacter jejuni subsp. jejuni R14	cjer	H730_09715	NA	citrate synthase	md:cjer_M00012	I	1753531	1754799	-
Campylobacter jejuni subsp. jejuni R14	cjer	H730_00510	NA	gamma-glutamyl kinase	md:cjer_M00015	I	106459	107214	+
Campylobacter jejuni subsp. jejuni R14	cjer	H730_03665	proA	gamma-glutamyl phosphate reductase	md:cjer_M00015	I	627279	628511	-
Campylobacter jejuni subsp. jejuni R14	cjer	H730_06350	NA	pyrroline-5-carboxylate reductase	md:cjer_M00015	I	1124952	1125683	+
Campylobacter jejuni subsp. jejuni R14	cjer	H730_01300	NA	dihydrodipicolinate reductase	md:cjer_M00016	I	229489	230217	-
Campylobacter jejuni subsp. jejuni R14	cjer	H730_01430	NA	acetylornithine/succinyldiaminopimelate aminotransferase	md:cjer_M00016	I	248223	249404	+
Campylobacter jejuni subsp. jejuni R14	cjer	H730_01850	NA	diaminopimelate decarboxylase	md:cjer_M00016	I	317581	318789	+
Campylobacter jejuni subsp. jejuni R14	cjer	H730_02985	NA	dihydrodipicolinate synthase	md:cjer_M00016	I	517250	518158	+
Campylobacter jejuni subsp. jejuni R14	cjer	H730_03785	NA	aspartate kinase	md:cjer_M00016	I	646806	648008	+
Campylobacter jejuni subsp. jejuni R14	cjer	H730_04930	NA	dihydrodipicolinate synthase	md:cjer_M00016	I	865047	865943	+
Campylobacter jejuni subsp. jejuni R14	cjer	H730_06080	NA	aspartate-semialdehyde dehydrogenase	md:cjer_M00016	I	1069192	1070223	-
Campylobacter jejuni subsp. jejuni R14	cjer	H730_06215	NA	succinyl-diaminopimelate desuccinylase	md:cjer_M00016	I	1095495	1096592	-
Campylobacter jejuni subsp. jejuni R14	cjer	H730_08660	NA	putative ATP/GTP-binding protein	md:cjer_M00016	I	1558397	1559005	-
Campylobacter jejuni subsp. jejuni R14	cjer	H730_08945	dapF	diaminopimelate epimerase	md:cjer_M00016	I	1615529	1616278	+
Campylobacter jejuni subsp. jejuni R14	cjer	H730_09340	NA	2,3,4,5-tetrahydropyridine-2,6-carboxylate N-succinyltransferase	md:cjer_M00016	I	1687394	1688554	-
Campylobacter jejuni subsp. jejuni R14	cjer	H730_00795	NA	homoserine dehydrogenase	md:cjer_M00017	I	155360	156607	-
Campylobacter jejuni subsp. jejuni R14	cjer	H730_03785	NA	aspartate kinase	md:cjer_M00017	I	646806	648008	+
Campylobacter jejuni subsp. jejuni R14	cjer	H730_06080	NA	aspartate-semialdehyde dehydrogenase	md:cjer_M00017	I	1069192	1070223	-
Campylobacter jejuni subsp. jejuni R14	cjer	H730_06955	NA	5-methyltetrahydropteroyltriglutamate--homocysteine S-methyltransferase	md:cjer_M00017	I	1239683	1241947	+
Campylobacter jejuni subsp. jejuni R14	cjer	H730_07910	NA	cystathionine beta-lyase	md:cjer_M00017	I	1437616	1438779	+
Campylobacter jejuni subsp. jejuni R14	cjer	H730_09970	NA	homoserine O-succinyltransferase	md:cjer_M00017	I	1789855	1790736	-
Campylobacter jejuni subsp. jejuni R14	cjer	H730_00695	NA	homoserine kinase	md:cjer_M00018	I	136212	137090	+
Campylobacter jejuni subsp. jejuni R14	cjer	H730_00795	NA	homoserine dehydrogenase	md:cjer_M00018	I	155360	156607	-
Campylobacter jejuni subsp. jejuni R14	cjer	H730_03785	NA	aspartate kinase	md:cjer_M00018	I	646806	648008	+
Campylobacter jejuni subsp. jejuni R14	cjer	H730_04960	NA	threonine synthase	md:cjer_M00018	I	869415	870827	+
Campylobacter jejuni subsp. jejuni R14	cjer	H730_06080	NA	aspartate-semialdehyde dehydrogenase	md:cjer_M00018	I	1069192	1070223	-
Campylobacter jejuni subsp. jejuni R14	cjer	H730_00060	NA	dihydroxy-acid dehydratase	md:cjer_M00019	I	15807	17483	+
Campylobacter jejuni subsp. jejuni R14	cjer	H730_01640	NA	branched-chain amino acid aminotransferase	md:cjer_M00019	I	282373	283287	-
Campylobacter jejuni subsp. jejuni R14	cjer	H730_03745	NA	acetolactate synthase 3 catalytic subunit	md:cjer_M00019	I	639830	641530	+
Campylobacter jejuni subsp. jejuni R14	cjer	H730_03750	ilvH	acetolactate synthase 3 regulatory subunit	md:cjer_M00019	I	641527	641991	+
Campylobacter jejuni subsp. jejuni R14	cjer	H730_04040	NA	ketol-acid reductoisomerase	md:cjer_M00019	I	699516	700538	+
Campylobacter jejuni subsp. jejuni R14	cjer	H730_01700	NA	phosphoserine phosphatase SerB	md:cjer_M00020	I	294459	295082	-
Campylobacter jejuni subsp. jejuni R14	cjer	H730_02180	NA	3-phosphoserine/phosphohydroxythreonine aminotransferase	md:cjer_M00020	I	363389	364465	+
Campylobacter jejuni subsp. jejuni R14	cjer	H730_05335	NA	D-3-phosphoglycerate dehydrogenase	md:cjer_M00020	I	935923	937506	-
Campylobacter jejuni subsp. jejuni R14	cjer	H730_04680	NA	serine acetyltransferase	md:cjer_M00021	I	820474	821130	-
Campylobacter jejuni subsp. jejuni R14	cjer	H730_05435	NA	cysteine synthase A	md:cjer_M00021	I	954199	955098	-
Campylobacter jejuni subsp. jejuni R14	cjer	H730_00350	NA	3-dehydroquinate dehydratase	md:cjer_M00022	I	79751	80230	-
Campylobacter jejuni subsp. jejuni R14	cjer	H730_02500	aroK	shikimate kinase	md:cjer_M00022	I	420591	421085	+
Campylobacter jejuni subsp. jejuni R14	cjer	H730_02590	aroE	shikimate 5-dehydrogenase	md:cjer_M00022	I	437624	438412	+
Campylobacter jejuni subsp. jejuni R14	cjer	H730_04490	NA	phospho-2-dehydro-3-deoxyheptonate aldolase	md:cjer_M00022	I	776624	777964	+
Campylobacter jejuni subsp. jejuni R14	cjer	H730_05355	NA	3-phosphoshikimate 1-carboxyvinyltransferase	md:cjer_M00022	I	940618	941904	-
Campylobacter jejuni subsp. jejuni R14	cjer	H730_05920	aroB	3-dehydroquinate synthase	md:cjer_M00022	I	1046067	1047122	-
Campylobacter jejuni subsp. jejuni R14	cjer	H730_09495	NA	chorismate synthase	md:cjer_M00022	I	1714746	1715834	-
Campylobacter jejuni subsp. jejuni R14	cjer	H730_02285	NA	anthranilate synthase component I	md:cjer_M00023	I	383173	384423	+
Campylobacter jejuni subsp. jejuni R14	cjer	H730_02290	NA	anthranilate synthase component II	md:cjer_M00023	I	384420	386021	+
Campylobacter jejuni subsp. jejuni R14	cjer	H730_02295	NA	N-(5'phosphoribosyl)anthranilate isomerase	md:cjer_M00023	I	386008	386607	+
Campylobacter jejuni subsp. jejuni R14	cjer	H730_02300	NA	tryptophan synthase subunit beta	md:cjer_M00023	I	386604	387782	+
Campylobacter jejuni subsp. jejuni R14	cjer	H730_02305	trpA	tryptophan synthase subunit alpha	md:cjer_M00023	I	387775	388524	+
Campylobacter jejuni subsp. jejuni R14	cjer	H730_03385	trpC	indole-3-glycerol-phosphate synthase	md:cjer_M00023	I	569846	570622	+
Campylobacter jejuni subsp. jejuni R14	cjer	H730_01860	NA	Chorismate mutase I / Prephenate dehydratase / AroHI/PheAIp/ACT domain protein	md:cjer_M00024	I	319546	320619	+
Campylobacter jejuni subsp. jejuni R14	cjer	H730_00675	NA	prephenate dehydrogenase	md:cjer_M00025	I	132599	133426	+
Campylobacter jejuni subsp. jejuni R14	cjer	H730_01860	NA	Chorismate mutase I / Prephenate dehydratase / AroHI/PheAIp/ACT domain protein	md:cjer_M00025	I	319546	320619	+
Campylobacter jejuni subsp. jejuni R14	cjer	H730_01865	NA	histidinol-phosphate aminotransferase	md:cjer_M00026	I	320609	321703	+
Campylobacter jejuni subsp. jejuni R14	cjer	H730_07520	NA	imidazole glycerol phosphate synthase subunit HisF	md:cjer_M00026	I	1351664	1352410	-
Campylobacter jejuni subsp. jejuni R14	cjer	H730_07525	hisH	imidazole glycerol phosphate synthase subunit HisH	md:cjer_M00026	I	1352411	1353016	-
Campylobacter jejuni subsp. jejuni R14	cjer	H730_09300	hisG	ATP phosphoribosyltransferase	md:cjer_M00026	I	1680505	1681404	+
Campylobacter jejuni subsp. jejuni R14	cjer	H730_09305	hisD	bifunctional histidinal dehydrogenase/histidinol dehydrogenase	md:cjer_M00026	I	1681412	1682683	+
Campylobacter jejuni subsp. jejuni R14	cjer	H730_09310	NA	imidazole glycerol-phosphate dehydratase/histidinol phosphatase	md:cjer_M00026	I	1682680	1683738	+
Campylobacter jejuni subsp. jejuni R14	cjer	H730_09315	hisH	imidazole glycerol phosphate synthase subunit HisH	md:cjer_M00026	I	1683735	1684325	+
Campylobacter jejuni subsp. jejuni R14	cjer	H730_09320	NA	1-(5-phosphoribosyl)-5-[(5-phosphoribosylamino)methylideneamino] imidazole-4-carboxamide isomerase	md:cjer_M00026	I	1684322	1685053	+
Campylobacter jejuni subsp. jejuni R14	cjer	H730_09330	NA	imidazole glycerol phosphate synthase subunit HisF	md:cjer_M00026	I	1685977	1686744	+
Campylobacter jejuni subsp. jejuni R14	cjer	H730_09335	NA	bifunctional phosphoribosyl-AMP cyclohydrolase/phosphoribosyl-ATP pyrophosphatase protein	md:cjer_M00026	I	1686746	1687369	+
Campylobacter jejuni subsp. jejuni R14	cjer	H730_01415	argC	N-acetyl-gamma-glutamyl-phosphate reductase	md:cjer_M00028	I	245880	246908	+
Campylobacter jejuni subsp. jejuni R14	cjer	H730_01420	NA	acetyltransferase	md:cjer_M00028	I	246918	247364	+
Campylobacter jejuni subsp. jejuni R14	cjer	H730_01425	NA	acetylglutamate kinase	md:cjer_M00028	I	247374	248213	+
Campylobacter jejuni subsp. jejuni R14	cjer	H730_01430	NA	acetylornithine/succinyldiaminopimelate aminotransferase	md:cjer_M00028	I	248223	249404	+
Campylobacter jejuni subsp. jejuni R14	cjer	H730_04205	NA	argininosuccinate synthase	md:cjer_M00029	I	728173	729156	-
Campylobacter jejuni subsp. jejuni R14	cjer	H730_05530	NA	argininosuccinate lyase	md:cjer_M00029	I	970575	971957	-
Campylobacter jejuni subsp. jejuni R14	cjer	H730_05850	NA	ornithine carbamoyltransferase	md:cjer_M00029	I	1032265	1033185	-
Campylobacter jejuni subsp. jejuni R14	cjer	H730_01180	NA	saccharopine dehydrogenase	md:cjer_M00030	I	204411	205616	-
Campylobacter jejuni subsp. jejuni R14	cjer	H730_03785	NA	aspartate kinase	md:cjer_M00033	I	646806	648008	+
Campylobacter jejuni subsp. jejuni R14	cjer	H730_06080	NA	aspartate-semialdehyde dehydrogenase	md:cjer_M00033	I	1069192	1070223	-
Campylobacter jejuni subsp. jejuni R14	cjer	H730_06455	NA	S-adenosylmethionine synthetase	md:cjer_M00034	I	1144559	1145755	-
Campylobacter jejuni subsp. jejuni R14	cjer	H730_07040	NA	hypothetical protein	md:cjer_M00034	I	1254883	1255563	-
Campylobacter jejuni subsp. jejuni R14	cjer	H730_06455	NA	S-adenosylmethionine synthetase	md:cjer_M00035	I	1144559	1145755	-
Campylobacter jejuni subsp. jejuni R14	cjer	H730_01640	NA	branched-chain amino acid aminotransferase	md:cjer_M00036	I	282373	283287	-
Campylobacter jejuni subsp. jejuni R14	cjer	H730_01860	NA	Chorismate mutase I / Prephenate dehydratase / AroHI/PheAIp/ACT domain protein	md:cjer_M00040	I	319546	320619	+
Campylobacter jejuni subsp. jejuni R14	cjer	H730_01250	NA	phosphoribosylglycinamide formyltransferase	md:cjer_M00048	I	219453	220019	-
Campylobacter jejuni subsp. jejuni R14	cjer	H730_01295	NA	amidophosphoribosyltransferase	md:cjer_M00048	I	228150	229487	-
Campylobacter jejuni subsp. jejuni R14	cjer	H730_03450	NA	phosphoribosylaminoimidazole-succinocarboxamide synthase	md:cjer_M00048	I	586126	586836	+
Campylobacter jejuni subsp. jejuni R14	cjer	H730_03455	NA	phosphoribosylformylglycinamidine synthase subunit PurS	md:cjer_M00048	I	586845	587090	+
Campylobacter jejuni subsp. jejuni R14	cjer	H730_03460	NA	phosphoribosylformylglycinamidine synthase I	md:cjer_M00048	I	587092	587739	+
Campylobacter jejuni subsp. jejuni R14	cjer	H730_04420	NA	phosphoribosylaminoimidazole carboxylase catalytic subunit	md:cjer_M00048	I	767270	767764	+
Campylobacter jejuni subsp. jejuni R14	cjer	H730_05650	purH	bifunctional phosphoribosylaminoimidazolecarboxamide formyltransferase/IMP cyclohydrolase	md:cjer_M00048	I	998276	999808	-
Campylobacter jejuni subsp. jejuni R14	cjer	H730_05660	NA	phosphoribosylformylglycinamidine synthase II	md:cjer_M00048	I	1000578	1002764	-
Campylobacter jejuni subsp. jejuni R14	cjer	H730_07210	NA	phosphoribosylamine--glycine ligase	md:cjer_M00048	I	1289444	1290694	+
Campylobacter jejuni subsp. jejuni R14	cjer	H730_08935	NA	phosphoribosylaminoimidazole synthetase	md:cjer_M00048	I	1613877	1614866	-
Campylobacter jejuni subsp. jejuni R14	cjer	H730_02210	ndk	mulitfunctional nucleoside diphosphate kinase/apyrimidinic endonuclease/3'-phosphodiesterase	md:cjer_M00049	I	367292	367705	-
Campylobacter jejuni subsp. jejuni R14	cjer	H730_04075	adk	adenylate kinase	md:cjer_M00049	I	704878	705456	-
Campylobacter jejuni subsp. jejuni R14	cjer	H730_08785	NA	adenylosuccinate synthetase	md:cjer_M00049	I	1582196	1583446	-
Campylobacter jejuni subsp. jejuni R14	cjer	H730_02210	ndk	mulitfunctional nucleoside diphosphate kinase/apyrimidinic endonuclease/3'-phosphodiesterase	md:cjer_M00050	I	367292	367705	-
Campylobacter jejuni subsp. jejuni R14	cjer	H730_06265	NA	inosine 5'-monophosphate dehydrogenase	md:cjer_M00050	I	1108789	1110246	-
Campylobacter jejuni subsp. jejuni R14	cjer	H730_06825	gmk	guanylate kinase	md:cjer_M00050	I	1213651	1214268	-
Campylobacter jejuni subsp. jejuni R14	cjer	H730_07200	guaA	GMP synthase	md:cjer_M00050	I	1286123	1287658	+
Campylobacter jejuni subsp. jejuni R14	cjer	H730_01465	pyrE	orotate phosphoribosyltransferase	md:cjer_M00051	I	253466	254074	-
Campylobacter jejuni subsp. jejuni R14	cjer	H730_01595	NA	dihydroorotase	md:cjer_M00051	I	272735	273742	+
Campylobacter jejuni subsp. jejuni R14	cjer	H730_01685	carB	carbamoyl phosphate synthase large subunit	md:cjer_M00051	I	289793	293062	+
Campylobacter jejuni subsp. jejuni R14	cjer	H730_02470	NA	orotidine 5'-phosphate decarboxylase	md:cjer_M00051	I	415678	416517	-
Campylobacter jejuni subsp. jejuni R14	cjer	H730_04920	NA	dihydroorotate dehydrogenase 2	md:cjer_M00051	I	862749	863807	+
Campylobacter jejuni subsp. jejuni R14	cjer	H730_06465	pyrB	aspartate carbamoyltransferase catalytic subunit	md:cjer_M00051	I	1147129	1148016	+
Campylobacter jejuni subsp. jejuni R14	cjer	H730_06925	NA	dihydroorotase	md:cjer_M00051	I	1233479	1234657	-
Campylobacter jejuni subsp. jejuni R14	cjer	H730_08765	NA	carbamoyl phosphate synthase small subunit	md:cjer_M00051	I	1579498	1580616	-
Campylobacter jejuni subsp. jejuni R14	cjer	H730_00140	pyrG	CTP synthetase	md:cjer_M00052	I	32509	34140	+
Campylobacter jejuni subsp. jejuni R14	cjer	H730_02210	ndk	mulitfunctional nucleoside diphosphate kinase/apyrimidinic endonuclease/3'-phosphodiesterase	md:cjer_M00052	I	367292	367705	-
Campylobacter jejuni subsp. jejuni R14	cjer	H730_07325	pyrH	uridylate kinase	md:cjer_M00052	I	1316462	1317181	-
Campylobacter jejuni subsp. jejuni R14	cjer	H730_00125	NA	ribonucleotide-diphosphate reductase subunit alpha	md:cjer_M00053	I	27854	30223	+
Campylobacter jejuni subsp. jejuni R14	cjer	H730_01455	nrdF	ribonucleotide-diphosphate reductase subunit beta	md:cjer_M00053	I	252018	253040	-
Campylobacter jejuni subsp. jejuni R14	cjer	H730_02210	ndk	mulitfunctional nucleoside diphosphate kinase/apyrimidinic endonuclease/3'-phosphodiesterase	md:cjer_M00053	I	367292	367705	-
Campylobacter jejuni subsp. jejuni R14	cjer	H730_00685	lpxC	UDP-3-O-[3-hydroxymyristoyl] N-acetylglucosamine deacetylase	md:cjer_M00060	I	134879	135763	+
Campylobacter jejuni subsp. jejuni R14	cjer	H730_01665	NA	UDP-N-acetylglucosamine acyltransferase	md:cjer_M00060	I	285733	286524	+
Campylobacter jejuni subsp. jejuni R14	cjer	H730_01720	NA	hypothetical protein	md:cjer_M00060	I	298870	299505	-
Campylobacter jejuni subsp. jejuni R14	cjer	H730_01730	NA	ipid-A-disaccharide synthase	md:cjer_M00060	I	300135	301229	-
Campylobacter jejuni subsp. jejuni R14	cjer	H730_03755	lpxD	UDP-3-O-[3-hydroxymyristoyl] glucosamine N-acyltransferase	md:cjer_M00060	I	641988	642953	+
Campylobacter jejuni subsp. jejuni R14	cjer	H730_04445	NA	3-deoxy-D-manno-octulosonic-acid transferase	md:cjer_M00060	I	770620	771777	+
Campylobacter jejuni subsp. jejuni R14	cjer	H730_04955	lpxK	tetraacyldisaccharide 4'-kinase	md:cjer_M00060	I	868496	869428	+
Campylobacter jejuni subsp. jejuni R14	cjer	H730_06640	NA	lipid A biosynthesis lauroyl acyltransferase	md:cjer_M00060	I	1182154	1183041	+
Campylobacter jejuni subsp. jejuni R14	cjer	H730_02485	NA	2-dehydro-3-deoxyphosphooctonate aldolase	md:cjer_M00063	I	417373	418188	-
Campylobacter jejuni subsp. jejuni R14	cjer	H730_04115	NA	3-deoxy-D-manno-octulosonate 8-phosphate phosphatase	md:cjer_M00063	I	713745	714233	+
Campylobacter jejuni subsp. jejuni R14	cjer	H730_04965	NA	3-deoxy-manno-octulosonate cytidylyltransferase	md:cjer_M00063	I	870824	871543	+
Campylobacter jejuni subsp. jejuni R14	cjer	H730_08205	NA	arabinose-5-phosphate isomerase	md:cjer_M00063	I	1495036	1495983	-
Campylobacter jejuni subsp. jejuni R14	cjer	H730_06695	NA	phosphoheptose isomerase	md:cjer_M00064	I	1191470	1192030	-
Campylobacter jejuni subsp. jejuni R14	cjer	H730_06700	NA	D,D-heptose 1-phosphate adenosyltransferase/7-phosphate kinase	md:cjer_M00064	I	1192027	1193412	-
Campylobacter jejuni subsp. jejuni R14	cjer	H730_06705	NA	ADP-L-glycero-D-manno-heptose-6-epimerase	md:cjer_M00064	I	1193405	1194358	-
Campylobacter jejuni subsp. jejuni R14	cjer	H730_06710	NA	D-glycero-D-manno-heptose 1,7-bisphosphate phosphatase	md:cjer_M00064	I	1194359	1194886	-
Campylobacter jejuni subsp. jejuni R14	cjer	H730_08140	NA	phosphoheptose isomerase	md:cjer_M00064	I	1479266	1479871	-
Campylobacter jejuni subsp. jejuni R14	cjer	H730_00605	NA	malonyl CoA-acyl carrier protein transacylase	md:cjer_M00082	I	121267	122187	+
Campylobacter jejuni subsp. jejuni R14	cjer	H730_00660	NA	acetyl-CoA carboxylase subunit beta	md:cjer_M00082	I	128730	129572	-
Campylobacter jejuni subsp. jejuni R14	cjer	H730_02190	NA	3-oxoacyl-(acyl carrier protein) synthase III	md:cjer_M00082	I	364809	365783	-
Campylobacter jejuni subsp. jejuni R14	cjer	H730_02790	NA	acetyl-CoA carboxylase carboxyltransferase subunit alpha	md:cjer_M00082	I	479844	480782	+
Campylobacter jejuni subsp. jejuni R14	cjer	H730_07400	NA	biotin carboxylase	md:cjer_M00082	I	1331753	1333084	-
Campylobacter jejuni subsp. jejuni R14	cjer	H730_07405	NA	acetyl-CoA carboxylase, biotin carboxyl carrier protein	md:cjer_M00082	I	1333086	1333535	-
Campylobacter jejuni subsp. jejuni R14	cjer	H730_07455	NA	3-oxoacyl-(acyl carrier protein) synthase III	md:cjer_M00082	I	1341624	1342685	+
Campylobacter jejuni subsp. jejuni R14	cjer	H730_01660	fabZ	(3R)-hydroxymyristoyl-ACP dehydratase	md:cjer_M00083	I	285293	285733	+
Campylobacter jejuni subsp. jejuni R14	cjer	H730_02750	fabG	3-ketoacyl-(acyl-carrier-protein) reductase	md:cjer_M00083	I	472410	473153	+
Campylobacter jejuni subsp. jejuni R14	cjer	H730_02785	NA	3-oxoacyl-(acyl carrier protein) synthase II	md:cjer_M00083	I	478628	479842	+
Campylobacter jejuni subsp. jejuni R14	cjer	H730_07955	NA	enoyl-(acyl carrier protein) reductase	md:cjer_M00083	I	1445141	1445965	-
Campylobacter jejuni subsp. jejuni R14	cjer	H730_08115	NA	3-oxoacyl-ACP reductase	md:cjer_M00083	I	1474656	1475381	+
Campylobacter jejuni subsp. jejuni R14	cjer	H730_03470	NA	1-acyl-sn-glycerol-3-phosphate acyltransferase	md:cjer_M00089	I	588913	589605	+
Campylobacter jejuni subsp. jejuni R14	cjer	H730_05115	NA	phosphatidylserine decarboxylase	md:cjer_M00093	I	900260	901060	+
Campylobacter jejuni subsp. jejuni R14	cjer	H730_06545	NA	CDP-diacylglycerol--serine O-phosphatidyltransferase	md:cjer_M00093	I	1161414	1162142	-
Campylobacter jejuni subsp. jejuni R14	cjer	H730_06550	NA	hypothetical protein	md:cjer_M00093	I	1162152	1162769	-
Campylobacter jejuni subsp. jejuni R14	cjer	H730_07685	NA	phosphatidate cytidylyltransferase	md:cjer_M00093	I	1388672	1389397	-
Campylobacter jejuni subsp. jejuni R14	cjer	H730_01885	NA	1-deoxy-D-xylulose-5-phosphate synthase	md:cjer_M00096	I	325296	327143	+
Campylobacter jejuni subsp. jejuni R14	cjer	H730_04340	ispG	4-hydroxy-3-methylbut-2-en-1-yl diphosphate synthase	md:cjer_M00096	I	746789	747862	+
Campylobacter jejuni subsp. jejuni R14	cjer	H730_05350	ispH	4-hydroxy-3-methylbut-2-enyl diphosphate reductase	md:cjer_M00096	I	939795	940628	-
Campylobacter jejuni subsp. jejuni R14	cjer	H730_06495	NA	4-diphosphocytidyl-2-C-methyl-D-erythritol kinase	md:cjer_M00096	I	1153277	1154044	+
Campylobacter jejuni subsp. jejuni R14	cjer	H730_07680	NA	1-deoxy-D-xylulose 5-phosphate reductoisomerase	md:cjer_M00096	I	1387605	1388675	-
Campylobacter jejuni subsp. jejuni R14	cjer	H730_09350	ispDF	bifunctional 2-C-methyl-D-erythritol 4-phosphate cytidylyltransferase/2-C-methyl-D-erythritol 2,4-cyclodiphosphate synthase protein	md:cjer_M00096	I	1689809	1690924	+
Campylobacter jejuni subsp. jejuni R14	cjer	H730_04950	NA	NAD synthetase	md:cjer_M00115	I	867750	868496	+
Campylobacter jejuni subsp. jejuni R14	cjer	H730_07975	NA	nicotinate (nicotinamide) nucleotide adenylyltransferase	md:cjer_M00115	I	1448900	1449445	+
Campylobacter jejuni subsp. jejuni R14	cjer	H730_02170	ubiE	ubiquinone/menaquinone biosynthesis methyltransferase	md:cjer_M00116	I	361512	362219	+
Campylobacter jejuni subsp. jejuni R14	cjer	H730_00870	ubiA	prenyltransferase	md:cjer_M00117	I	166148	167032	-
Campylobacter jejuni subsp. jejuni R14	cjer	H730_02170	ubiE	ubiquinone/menaquinone biosynthesis methyltransferase	md:cjer_M00117	I	361512	362219	+
Campylobacter jejuni subsp. jejuni R14	cjer	H730_03605	NA	3-octaprenyl-4-hydroxybenzoate carboxy-lyase	md:cjer_M00117	I	615266	617068	+
Campylobacter jejuni subsp. jejuni R14	cjer	H730_04705	NA	3-octaprenyl-4-hydroxybenzoate carboxy-lyase	md:cjer_M00117	I	825271	825834	-
Campylobacter jejuni subsp. jejuni R14	cjer	H730_01640	NA	branched-chain amino acid aminotransferase	md:cjer_M00119	I	282373	283287	-
Campylobacter jejuni subsp. jejuni R14	cjer	H730_01765	NA	aspartate alpha-decarboxylase	md:cjer_M00119	I	305260	305640	-
Campylobacter jejuni subsp. jejuni R14	cjer	H730_01770	panC	pantoate--beta-alanine ligase	md:cjer_M00119	I	305637	306485	-
Campylobacter jejuni subsp. jejuni R14	cjer	H730_01775	panB	3-methyl-2-oxobutanoate hydroxymethyltransferase	md:cjer_M00119	I	306496	307320	-
Campylobacter jejuni subsp. jejuni R14	cjer	H730_02535	NA	pantothenate kinase	md:cjer_M00120	I	429478	430107	-
Campylobacter jejuni subsp. jejuni R14	cjer	H730_04700	coaD	phosphopantetheine adenylyltransferase	md:cjer_M00120	I	824755	825231	-
Campylobacter jejuni subsp. jejuni R14	cjer	H730_04990	NA	bifunctional phosphopantothenoylcysteine decarboxylase/phosphopantothenate synthase	md:cjer_M00120	I	876016	877170	+
Campylobacter jejuni subsp. jejuni R14	cjer	H730_08940	coaE	dephospho-CoA kinase	md:cjer_M00120	I	1614927	1615532	+
Campylobacter jejuni subsp. jejuni R14	cjer	H730_02370	NA	hypothetical protein	md:cjer_M00121	I	396701	397153	+
Campylobacter jejuni subsp. jejuni R14	cjer	H730_03405	hemH	ferrochelatase	md:cjer_M00121	I	573686	574597	-
Campylobacter jejuni subsp. jejuni R14	cjer	H730_03585	hemA	glutamyl-tRNA reductase	md:cjer_M00121	I	610972	612270	+
Campylobacter jejuni subsp. jejuni R14	cjer	H730_03600	hemC	porphobilinogen deaminase	md:cjer_M00121	I	614346	615269	+
Campylobacter jejuni subsp. jejuni R14	cjer	H730_05105	NA	glutamylglutaminyl-tRNA ligase	md:cjer_M00121	I	897758	899053	-
Campylobacter jejuni subsp. jejuni R14	cjer	H730_05145	NA	glutamate-1-semialdehyde aminotransferase	md:cjer_M00121	I	905481	906755	-
Campylobacter jejuni subsp. jejuni R14	cjer	H730_05840	NA	coproporphyrinogen III oxidase	md:cjer_M00121	I	1030435	1031790	-
Campylobacter jejuni subsp. jejuni R14	cjer	H730_05855	NA	delta-aminolevulinic acid dehydratase	md:cjer_M00121	I	1033182	1034165	-
Campylobacter jejuni subsp. jejuni R14	cjer	H730_06370	hemD	uroporphyrinogen-III synthase	md:cjer_M00121	I	1127087	1127716	-
Campylobacter jejuni subsp. jejuni R14	cjer	H730_07175	hemE	uroporphyrinogen decarboxylase	md:cjer_M00121	I	1280579	1281601	+
Campylobacter jejuni subsp. jejuni R14	cjer	H730_07390	gltX	glutamyl-tRNA ligase	md:cjer_M00121	I	1329445	1330836	-
Campylobacter jejuni subsp. jejuni R14	cjer	H730_01810	NA	8-amino-7-oxononanoate synthase	md:cjer_M00123	I	311517	312659	-
Campylobacter jejuni subsp. jejuni R14	cjer	H730_01815	NA	adenosylmethionine--8-amino-7-oxononanoate transaminase	md:cjer_M00123	I	312727	314010	+
Campylobacter jejuni subsp. jejuni R14	cjer	H730_01820	NA	dethiobiotin synthetase	md:cjer_M00123	I	313997	314602	-
Campylobacter jejuni subsp. jejuni R14	cjer	H730_09725	NA	biotin synthase	md:cjer_M00123	I	1756070	1756906	-
Campylobacter jejuni subsp. jejuni R14	cjer	H730_02180	NA	3-phosphoserine/phosphohydroxythreonine aminotransferase	md:cjer_M00124	I	363389	364465	+
Campylobacter jejuni subsp. jejuni R14	cjer	H730_07150	NA	pyridoxine 5'-phosphate synthase	md:cjer_M00124	I	1276252	1277025	+
Campylobacter jejuni subsp. jejuni R14	cjer	H730_07155	pdxA	4-hydroxythreonine-4-phosphate dehydrogenase	md:cjer_M00124	I	1277022	1278116	+
Campylobacter jejuni subsp. jejuni R14	cjer	H730_02480	ribH	6,7-dimethyl-8-ribityllumazine synthase	md:cjer_M00125	I	416912	417376	-
Campylobacter jejuni subsp. jejuni R14	cjer	H730_03735	NA	bifunctional 3,4-dihydroxy-2-butanone 4-phosphate synthase/GTP cyclohydrolase II protein	md:cjer_M00125	I	638338	639357	+
Campylobacter jejuni subsp. jejuni R14	cjer	H730_03820	NA	bifunctional riboflavin kinase/FMN adenylyltransferase	md:cjer_M00125	I	653947	654801	+
Campylobacter jejuni subsp. jejuni R14	cjer	H730_05860	ribA	GTP cyclohydrolase II	md:cjer_M00125	I	1034222	1034782	+
Campylobacter jejuni subsp. jejuni R14	cjer	H730_07045	NA	riboflavin synthase subunit alpha	md:cjer_M00125	I	1255527	1256138	-
Campylobacter jejuni subsp. jejuni R14	cjer	H730_09430	NA	Diaminohydroxyphosphoribosylaminopyrimidine deaminase / 5-amino-6-(5-phosphoribosylamino)uracil reductase	md:cjer_M00125	I	1705283	1706263	+
Campylobacter jejuni subsp. jejuni R14	cjer	H730_00345	NA	2-amino-4-hydroxy-6-hydroxymethyldihydropteridine pyrophosphokinase	md:cjer_M00126	I	79275	79748	-
Campylobacter jejuni subsp. jejuni R14	cjer	H730_01285	folE	GTP cyclohydrolase I	md:cjer_M00126	I	226190	226762	+
Campylobacter jejuni subsp. jejuni R14	cjer	H730_02340	NA	dihydroneopterin aldolase	md:cjer_M00126	I	392687	393004	-
Campylobacter jejuni subsp. jejuni R14	cjer	H730_03800	NA	dihydropteroate synthase	md:cjer_M00126	I	649152	650294	+
Campylobacter jejuni subsp. jejuni R14	cjer	H730_04435	NA	hypothetical protein	md:cjer_M00126	I	769172	769897	+
Campylobacter jejuni subsp. jejuni R14	cjer	H730_06415	NA	folC bifunctional protein	md:cjer_M00126	I	1134729	1135889	-
Campylobacter jejuni subsp. jejuni R14	cjer	H730_02845	NA	phosphomethylpyrimidine synthase ThiC	md:cjer_M00127	I	487128	488420	+
Campylobacter jejuni subsp. jejuni R14	cjer	H730_06190	NA	Thiamin-phosphate pyrophosphorylase	md:cjer_M00127	I	1091972	1092577	-
Campylobacter jejuni subsp. jejuni R14	cjer	H730_06195	thiH	thiamine biosynthesis protein ThiH	md:cjer_M00127	I	1092567	1093712	-
Campylobacter jejuni subsp. jejuni R14	cjer	H730_06200	thiG	thiazole synthase	md:cjer_M00127	I	1093715	1094491	-
Campylobacter jejuni subsp. jejuni R14	cjer	H730_06205	NA	thiamine biosynthesis protein ThiF	md:cjer_M00127	I	1094494	1095294	-
Campylobacter jejuni subsp. jejuni R14	cjer	H730_06210	NA	thiamine biosynthesis protein	md:cjer_M00127	I	1095294	1095485	-
Campylobacter jejuni subsp. jejuni R14	cjer	H730_06375	NA	thiamine-phosphate pyrophosphorylase	md:cjer_M00127	I	1127694	1128326	-
Campylobacter jejuni subsp. jejuni R14	cjer	H730_06380	NA	phosphomethylpyrimidine kinase	md:cjer_M00127	I	1128316	1129128	-
Campylobacter jejuni subsp. jejuni R14	cjer	H730_08275	NA	thiamine monophosphate kinase	md:cjer_M00127	I	1507881	1508702	-
Campylobacter jejuni subsp. jejuni R14	cjer	H730_08970	NA	UTP-glucose-1-phosphate uridylyltransferase	md:cjer_M00129	I	1619872	1620696	-
Campylobacter jejuni subsp. jejuni R14	cjer	H730_00665	NA	Inositol monophosphatase family protein	md:cjer_M00131	I	129581	130303	-
Campylobacter jejuni subsp. jejuni R14	cjer	H730_04685	NA	arginine decarboxylase	md:cjer_M00133	I	821131	822963	-
Campylobacter jejuni subsp. jejuni R14	cjer	H730_02575	NA	serine hydroxymethyltransferase	md:cjer_M00140	I	434991	436235	+
Campylobacter jejuni subsp. jejuni R14	cjer	H730_05155	NA	bifunctional 5,10-methylene-tetrahydrofolate dehydrogenase/5,10-methylene-tetrahydrofolate cyclohydrolase	md:cjer_M00140	I	907179	908027	+
Campylobacter jejuni subsp. jejuni R14	cjer	H730_09140	NA	NADH-quinone oxidoreductase, N subunit	md:cjer_M00144	I	1651485	1652873	-
Campylobacter jejuni subsp. jejuni R14	cjer	H730_09145	NA	NADH-quinone oxidoreductase, M subunit	md:cjer_M00144	I	1652863	1654350	-
Campylobacter jejuni subsp. jejuni R14	cjer	H730_09150	NA	NADH:ubiquinone oxidoreductase subunit L	md:cjer_M00144	I	1654352	1656142	-
Campylobacter jejuni subsp. jejuni R14	cjer	H730_09155	NA	NADH dehydrogenase I subunit K	md:cjer_M00144	I	1656144	1656440	-
Campylobacter jejuni subsp. jejuni R14	cjer	H730_09160	NA	NADH:ubiquinone oxidoreductase subunit J	md:cjer_M00144	I	1656437	1656955	-
Campylobacter jejuni subsp. jejuni R14	cjer	H730_09165	NA	NADH dehydrogenase subunit I	md:cjer_M00144	I	1656952	1657593	-
Campylobacter jejuni subsp. jejuni R14	cjer	H730_09170	NA	NADH:ubiquinone oxidoreductase subunit H	md:cjer_M00144	I	1657603	1658601	-
Campylobacter jejuni subsp. jejuni R14	cjer	H730_09175	NA	NADH dehydrogenase subunit G	md:cjer_M00144	I	1658594	1661056	-
Campylobacter jejuni subsp. jejuni R14	cjer	H730_09180	NA	hypothetical protein	md:cjer_M00144	I	1661053	1661745	-
Campylobacter jejuni subsp. jejuni R14	cjer	H730_09185	NA	NADH-ubiquinone oxidoreductase subunit E	md:cjer_M00144	I	1661742	1661969	-
Campylobacter jejuni subsp. jejuni R14	cjer	H730_09190	NA	NADH dehydrogenase subunit D	md:cjer_M00144	I	1661966	1663192	-
Campylobacter jejuni subsp. jejuni R14	cjer	H730_09195	NA	NADH dehydrogenase subunit C	md:cjer_M00144	I	1663194	1663985	-
Campylobacter jejuni subsp. jejuni R14	cjer	H730_09200	NA	NADH dehydrogenase subunit B	md:cjer_M00144	I	1663985	1664488	-
Campylobacter jejuni subsp. jejuni R14	cjer	H730_09205	NA	NADH dehydrogenase subunit A	md:cjer_M00144	I	1664470	1664859	-
Campylobacter jejuni subsp. jejuni R14	cjer	H730_02760	NA	succinate dehydrogenase flavoprotein subunit	md:cjer_M00149	I	473908	475743	+
Campylobacter jejuni subsp. jejuni R14	cjer	H730_02765	NA	succinate dehydrogenase, iron-sulfur protein subunit	md:cjer_M00149	I	475740	476705	+
Campylobacter jejuni subsp. jejuni R14	cjer	H730_02770	NA	Putative succinate dehydrogenase cytochrome b subunit	md:cjer_M00149	I	476709	477566	+
Campylobacter jejuni subsp. jejuni R14	cjer	H730_02605	NA	fumarate reductase cytochrome b-556 subunit	md:cjer_M00150	I	440361	441143	+
Campylobacter jejuni subsp. jejuni R14	cjer	H730_02610	NA	fumarate reductase flavoprotein subunit	md:cjer_M00150	I	441127	443118	+
Campylobacter jejuni subsp. jejuni R14	cjer	H730_02615	frdB	fumarate reductase iron-sulfur subunit	md:cjer_M00150	I	443111	443836	+
Campylobacter jejuni subsp. jejuni R14	cjer	H730_06860	NA	ubiquinol cytochrome c oxidoreductase, cytochrome c1 subunit	md:cjer_M00151	I	1220644	1221768	-
Campylobacter jejuni subsp. jejuni R14	cjer	H730_06865	NA	ubiquinol-cytochrome C reductase cytochrome B subunit	md:cjer_M00151	I	1221765	1223015	-
Campylobacter jejuni subsp. jejuni R14	cjer	H730_06870	NA	ubiquinol-cytochrome c reductase, iron-sulfur subunit	md:cjer_M00151	I	1223017	1223520	-
Campylobacter jejuni subsp. jejuni R14	cjer	H730_06860	NA	ubiquinol cytochrome c oxidoreductase, cytochrome c1 subunit	md:cjer_M00152	I	1220644	1221768	-
Campylobacter jejuni subsp. jejuni R14	cjer	H730_06865	NA	ubiquinol-cytochrome C reductase cytochrome B subunit	md:cjer_M00152	I	1221765	1223015	-
Campylobacter jejuni subsp. jejuni R14	cjer	H730_06870	NA	ubiquinol-cytochrome c reductase, iron-sulfur subunit	md:cjer_M00152	I	1223017	1223520	-
Campylobacter jejuni subsp. jejuni R14	cjer	H730_00435	NA	cytochrome d ubiquinol oxidase, subunit I	md:cjer_M00153	I	91912	93474	+
Campylobacter jejuni subsp. jejuni R14	cjer	H730_00440	NA	cytochrome d ubiquinol oxidase, subunit II	md:cjer_M00153	I	93474	94598	+
Campylobacter jejuni subsp. jejuni R14	cjer	H730_08730	NA	cytochrome c oxidase, cbb3-type, subunit III	md:cjer_M00156	I	1573550	1574413	-
Campylobacter jejuni subsp. jejuni R14	cjer	H730_08735	NA	cytochrome c oxidase, cbb3-type, subunit IV	md:cjer_M00156	I	1574413	1574676	-
Campylobacter jejuni subsp. jejuni R14	cjer	H730_08740	NA	cbb3-type cytochrome c oxidase subunit II	md:cjer_M00156	I	1574681	1575346	-
Campylobacter jejuni subsp. jejuni R14	cjer	H730_08745	NA	cbb3-type cytochrome c oxidase subunit I	md:cjer_M00156	I	1575359	1576825	-
Campylobacter jejuni subsp. jejuni R14	cjer	H730_00535	NA	F0F1 ATP synthase subunit B'	md:cjer_M00157	I	110506	110931	+
Campylobacter jejuni subsp. jejuni R14	cjer	H730_00540	NA	F0F1 ATP synthase subunit B	md:cjer_M00157	I	110942	111454	+
Campylobacter jejuni subsp. jejuni R14	cjer	H730_00545	NA	F0F1 ATP synthase subunit delta	md:cjer_M00157	I	111457	111978	+
Campylobacter jejuni subsp. jejuni R14	cjer	H730_00550	NA	F0F1 ATP synthase subunit alpha	md:cjer_M00157	I	111992	113497	+
Campylobacter jejuni subsp. jejuni R14	cjer	H730_00555	NA	F0F1 ATP synthase subunit gamma	md:cjer_M00157	I	113506	114390	+
Campylobacter jejuni subsp. jejuni R14	cjer	H730_00560	NA	F0F1 ATP synthase subunit beta	md:cjer_M00157	I	114416	115813	+
Campylobacter jejuni subsp. jejuni R14	cjer	H730_00565	atpC	F0F1 ATP synthase subunit epsilon	md:cjer_M00157	I	115817	116206	+
Campylobacter jejuni subsp. jejuni R14	cjer	H730_05555	NA	F0F1 ATP synthase subunit C	md:cjer_M00157	I	978306	978644	+
Campylobacter jejuni subsp. jejuni R14	cjer	H730_06970	NA	F0F1 ATP synthase subunit A	md:cjer_M00157	I	1243015	1243695	-
Campylobacter jejuni subsp. jejuni R14	cjer	H730_03860	NA	fructose-bisphosphate aldolase	md:cjer_M00165	I	659016	660080	+
Campylobacter jejuni subsp. jejuni R14	cjer	H730_05080	NA	fructose-1,6-bisphosphatase	md:cjer_M00165	I	894039	894881	-
Campylobacter jejuni subsp. jejuni R14	cjer	H730_05500	NA	ribose 5-phosphate isomerase B	md:cjer_M00165	I	966077	966514	+
Campylobacter jejuni subsp. jejuni R14	cjer	H730_07965	pgk	phosphoglycerate kinase	md:cjer_M00165	I	1446637	1447839	-
Campylobacter jejuni subsp. jejuni R14	cjer	H730_07970	NA	glyceraldehyde 3-phosphate dehydrogenase A	md:cjer_M00165	I	1447842	1448840	-
Campylobacter jejuni subsp. jejuni R14	cjer	H730_09550	NA	transketolase	md:cjer_M00165	I	1724212	1726110	+
Campylobacter jejuni subsp. jejuni R14	cjer	H730_07965	pgk	phosphoglycerate kinase	md:cjer_M00166	I	1446637	1447839	-
Campylobacter jejuni subsp. jejuni R14	cjer	H730_07970	NA	glyceraldehyde 3-phosphate dehydrogenase A	md:cjer_M00166	I	1447842	1448840	-
Campylobacter jejuni subsp. jejuni R14	cjer	H730_03860	NA	fructose-bisphosphate aldolase	md:cjer_M00167	I	659016	660080	+
Campylobacter jejuni subsp. jejuni R14	cjer	H730_05080	NA	fructose-1,6-bisphosphatase	md:cjer_M00167	I	894039	894881	-
Campylobacter jejuni subsp. jejuni R14	cjer	H730_05500	NA	ribose 5-phosphate isomerase B	md:cjer_M00167	I	966077	966514	+
Campylobacter jejuni subsp. jejuni R14	cjer	H730_09550	NA	transketolase	md:cjer_M00167	I	1724212	1726110	+
Campylobacter jejuni subsp. jejuni R14	cjer	H730_03535	NA	malate dehydrogenase	md:cjer_M00168	I	603321	604223	+
Campylobacter jejuni subsp. jejuni R14	cjer	H730_07385	NA	NADP-dependent malic enzyme	md:cjer_M00169	I	1328208	1329443	-
Campylobacter jejuni subsp. jejuni R14	cjer	H730_05535	NA	phosphoenolpyruvate carboxykinase	md:cjer_M00170	I	971967	973541	-
Campylobacter jejuni subsp. jejuni R14	cjer	H730_07385	NA	NADP-dependent malic enzyme	md:cjer_M00172	I	1328208	1329443	-
Campylobacter jejuni subsp. jejuni R14	cjer	H730_02605	NA	fumarate reductase cytochrome b-556 subunit	md:cjer_M00173	I	440361	441143	+
Campylobacter jejuni subsp. jejuni R14	cjer	H730_02610	NA	fumarate reductase flavoprotein subunit	md:cjer_M00173	I	441127	443118	+
Campylobacter jejuni subsp. jejuni R14	cjer	H730_02615	frdB	fumarate reductase iron-sulfur subunit	md:cjer_M00173	I	443111	443836	+
Campylobacter jejuni subsp. jejuni R14	cjer	H730_02760	NA	succinate dehydrogenase flavoprotein subunit	md:cjer_M00173	I	473908	475743	+
Campylobacter jejuni subsp. jejuni R14	cjer	H730_02765	NA	succinate dehydrogenase, iron-sulfur protein subunit	md:cjer_M00173	I	475740	476705	+
Campylobacter jejuni subsp. jejuni R14	cjer	H730_02770	NA	Putative succinate dehydrogenase cytochrome b subunit	md:cjer_M00173	I	476709	477566	+
Campylobacter jejuni subsp. jejuni R14	cjer	H730_03530	NA	isocitrate dehydrogenase	md:cjer_M00173	I	601120	603324	+
Campylobacter jejuni subsp. jejuni R14	cjer	H730_03535	NA	malate dehydrogenase	md:cjer_M00173	I	603321	604223	+
Campylobacter jejuni subsp. jejuni R14	cjer	H730_03540	sucC	succinyl-CoA synthetase subunit beta	md:cjer_M00173	I	604224	605387	+
Campylobacter jejuni subsp. jejuni R14	cjer	H730_03545	NA	succinyl-CoA synthase, alpha subunit	md:cjer_M00173	I	605397	606266	+
Campylobacter jejuni subsp. jejuni R14	cjer	H730_03550	oorD	2-oxoglutarate-acceptor oxidoreductase subunit OorD	md:cjer_M00173	I	606280	606591	+
Campylobacter jejuni subsp. jejuni R14	cjer	H730_03555	oorA	2-oxoglutarate-acceptor oxidoreductase subunit OorA	md:cjer_M00173	I	606600	607724	+
Campylobacter jejuni subsp. jejuni R14	cjer	H730_03560	oorB	2-oxoglutarate-acceptor oxidoreductase subunit OorB	md:cjer_M00173	I	607725	608570	+
Campylobacter jejuni subsp. jejuni R14	cjer	H730_03565	oorC	2-oxoglutarate-acceptor oxidoreductase subunit OorC	md:cjer_M00173	I	608567	609124	+
Campylobacter jejuni subsp. jejuni R14	cjer	H730_05055	NA	bifunctional aconitate hydratase 2/2-methylisocitrate dehydratase	md:cjer_M00173	I	887963	890509	-
Campylobacter jejuni subsp. jejuni R14	cjer	H730_05540	NA	pyruvate carboxyl transferase subunit B	md:cjer_M00173	I	973554	975353	-
Campylobacter jejuni subsp. jejuni R14	cjer	H730_06155	NA	acetyl-CoA carboxylase subunit A	md:cjer_M00173	I	1085272	1086717	-
Campylobacter jejuni subsp. jejuni R14	cjer	H730_07785	fumC	fumarate hydratase	md:cjer_M00173	I	1407540	1408931	-
Campylobacter jejuni subsp. jejuni R14	cjer	H730_08675	NA	pyruvate:ferredoxin oxidoreductase	md:cjer_M00173	I	1560723	1564283	-
Campylobacter jejuni subsp. jejuni R14	cjer	H730_09360	NA	sulfate adenylyltransferase	md:cjer_M00176	I	1691786	1692946	+
Campylobacter jejuni subsp. jejuni R14	cjer	H730_08675	NA	pyruvate:ferredoxin oxidoreductase	md:cjer_M00307	I	1560723	1564283	-
Campylobacter jejuni subsp. jejuni R14	cjer	H730_07965	pgk	phosphoglycerate kinase	md:cjer_M00308	I	1446637	1447839	-
Campylobacter jejuni subsp. jejuni R14	cjer	H730_07970	NA	glyceraldehyde 3-phosphate dehydrogenase A	md:cjer_M00308	I	1447842	1448840	-
Campylobacter jejuni subsp. jejuni R14	cjer	H730_03860	NA	fructose-bisphosphate aldolase	md:cjer_M00344	I	659016	660080	+
Campylobacter jejuni subsp. jejuni R14	cjer	H730_05080	NA	fructose-1,6-bisphosphatase	md:cjer_M00344	I	894039	894881	-
Campylobacter jejuni subsp. jejuni R14	cjer	H730_03860	NA	fructose-bisphosphate aldolase	md:cjer_M00345	I	659016	660080	+
Campylobacter jejuni subsp. jejuni R14	cjer	H730_02575	NA	serine hydroxymethyltransferase	md:cjer_M00346	I	434991	436235	+
Campylobacter jejuni subsp. jejuni R14	cjer	H730_03535	NA	malate dehydrogenase	md:cjer_M00346	I	603321	604223	+
Campylobacter jejuni subsp. jejuni R14	cjer	H730_09680	eno	enolase	md:cjer_M00346	I	1747556	1748800	-
Campylobacter jejuni subsp. jejuni R14	cjer	H730_04355	NA	acetate kinase A/propionate kinase 2	md:cjer_M00357	I	750199	751389	+
Campylobacter jejuni subsp. jejuni R14	cjer	H730_08975	NA	acetyl-CoA synthetase	md:cjer_M00357	I	1620778	1622751	-
Campylobacter jejuni subsp. jejuni R14	cjer	H730_09545	NA	geranyltranstransferase	md:cjer_M00364	I	1723357	1724202	+
Campylobacter jejuni subsp. jejuni R14	cjer	H730_06455	NA	S-adenosylmethionine synthetase	md:cjer_M00368	I	1144559	1145755	-
Campylobacter jejuni subsp. jejuni R14	cjer	H730_07445	NA	lipoprotein	md:cjer_M00373	I	1339659	1340075	+
Campylobacter jejuni subsp. jejuni R14	cjer	H730_02760	NA	succinate dehydrogenase flavoprotein subunit	md:cjer_M00374	I	473908	475743	+
Campylobacter jejuni subsp. jejuni R14	cjer	H730_02765	NA	succinate dehydrogenase, iron-sulfur protein subunit	md:cjer_M00374	I	475740	476705	+
Campylobacter jejuni subsp. jejuni R14	cjer	H730_02770	NA	Putative succinate dehydrogenase cytochrome b subunit	md:cjer_M00374	I	476709	477566	+
Campylobacter jejuni subsp. jejuni R14	cjer	H730_03535	NA	malate dehydrogenase	md:cjer_M00374	I	603321	604223	+
Campylobacter jejuni subsp. jejuni R14	cjer	H730_03540	sucC	succinyl-CoA synthetase subunit beta	md:cjer_M00374	I	604224	605387	+
Campylobacter jejuni subsp. jejuni R14	cjer	H730_03545	NA	succinyl-CoA synthase, alpha subunit	md:cjer_M00374	I	605397	606266	+
Campylobacter jejuni subsp. jejuni R14	cjer	H730_07445	NA	lipoprotein	md:cjer_M00375	I	1339659	1340075	+
Campylobacter jejuni subsp. jejuni R14	cjer	H730_00660	NA	acetyl-CoA carboxylase subunit beta	md:cjer_M00376	I	128730	129572	-
Campylobacter jejuni subsp. jejuni R14	cjer	H730_02760	NA	succinate dehydrogenase flavoprotein subunit	md:cjer_M00376	I	473908	475743	+
Campylobacter jejuni subsp. jejuni R14	cjer	H730_02765	NA	succinate dehydrogenase, iron-sulfur protein subunit	md:cjer_M00376	I	475740	476705	+
Campylobacter jejuni subsp. jejuni R14	cjer	H730_02770	NA	Putative succinate dehydrogenase cytochrome b subunit	md:cjer_M00376	I	476709	477566	+
Campylobacter jejuni subsp. jejuni R14	cjer	H730_02790	NA	acetyl-CoA carboxylase carboxyltransferase subunit alpha	md:cjer_M00376	I	479844	480782	+
Campylobacter jejuni subsp. jejuni R14	cjer	H730_07400	NA	biotin carboxylase	md:cjer_M00376	I	1331753	1333084	-
Campylobacter jejuni subsp. jejuni R14	cjer	H730_07405	NA	acetyl-CoA carboxylase, biotin carboxyl carrier protein	md:cjer_M00376	I	1333086	1333535	-
Campylobacter jejuni subsp. jejuni R14	cjer	H730_07445	NA	lipoprotein	md:cjer_M00376	I	1339659	1340075	+
Campylobacter jejuni subsp. jejuni R14	cjer	H730_07785	fumC	fumarate hydratase	md:cjer_M00376	I	1407540	1408931	-
Campylobacter jejuni subsp. jejuni R14	cjer	H730_05155	NA	bifunctional 5,10-methylene-tetrahydrofolate dehydrogenase/5,10-methylene-tetrahydrofolate cyclohydrolase	md:cjer_M00377	I	907179	908027	+
Campylobacter jejuni subsp. jejuni R14	cjer	H730_06960	NA	5,10-methylenetetrahydrofolate reductase	md:cjer_M00377	I	1241957	1242805	+
Campylobacter jejuni subsp. jejuni R14	cjer	H730_03595	NA	hypothetical protein	md:cjer_M00432	I	613960	614349	+
Campylobacter jejuni subsp. jejuni R14	cjer	H730_09930	leuD	isopropylmalate isomerase small subunit	md:cjer_M00432	I	1782330	1782932	-
Campylobacter jejuni subsp. jejuni R14	cjer	H730_09935	NA	isopropylmalate isomerase large subunit	md:cjer_M00432	I	1782934	1784340	-
Campylobacter jejuni subsp. jejuni R14	cjer	H730_09940	NA	3-isopropylmalate dehydrogenase	md:cjer_M00432	I	1784333	1785409	-
Campylobacter jejuni subsp. jejuni R14	cjer	H730_09945	NA	2-isopropylmalate synthase	md:cjer_M00432	I	1785406	1786941	-
Campylobacter jejuni subsp. jejuni R14	cjer	H730_01300	NA	dihydrodipicolinate reductase	md:cjer_M00525	I	229489	230217	-
Campylobacter jejuni subsp. jejuni R14	cjer	H730_01850	NA	diaminopimelate decarboxylase	md:cjer_M00525	I	317581	318789	+
Campylobacter jejuni subsp. jejuni R14	cjer	H730_02985	NA	dihydrodipicolinate synthase	md:cjer_M00525	I	517250	518158	+
Campylobacter jejuni subsp. jejuni R14	cjer	H730_03785	NA	aspartate kinase	md:cjer_M00525	I	646806	648008	+
Campylobacter jejuni subsp. jejuni R14	cjer	H730_04930	NA	dihydrodipicolinate synthase	md:cjer_M00525	I	865047	865943	+
Campylobacter jejuni subsp. jejuni R14	cjer	H730_06080	NA	aspartate-semialdehyde dehydrogenase	md:cjer_M00525	I	1069192	1070223	-
Campylobacter jejuni subsp. jejuni R14	cjer	H730_08660	NA	putative ATP/GTP-binding protein	md:cjer_M00525	I	1558397	1559005	-
Campylobacter jejuni subsp. jejuni R14	cjer	H730_08945	dapF	diaminopimelate epimerase	md:cjer_M00525	I	1615529	1616278	+
Campylobacter jejuni subsp. jejuni R14	cjer	H730_01300	NA	dihydrodipicolinate reductase	md:cjer_M00526	I	229489	230217	-
Campylobacter jejuni subsp. jejuni R14	cjer	H730_01850	NA	diaminopimelate decarboxylase	md:cjer_M00526	I	317581	318789	+
Campylobacter jejuni subsp. jejuni R14	cjer	H730_02985	NA	dihydrodipicolinate synthase	md:cjer_M00526	I	517250	518158	+
Campylobacter jejuni subsp. jejuni R14	cjer	H730_03785	NA	aspartate kinase	md:cjer_M00526	I	646806	648008	+
Campylobacter jejuni subsp. jejuni R14	cjer	H730_04930	NA	dihydrodipicolinate synthase	md:cjer_M00526	I	865047	865943	+
Campylobacter jejuni subsp. jejuni R14	cjer	H730_06080	NA	aspartate-semialdehyde dehydrogenase	md:cjer_M00526	I	1069192	1070223	-
Campylobacter jejuni subsp. jejuni R14	cjer	H730_08660	NA	putative ATP/GTP-binding protein	md:cjer_M00526	I	1558397	1559005	-
Campylobacter jejuni subsp. jejuni R14	cjer	H730_01300	NA	dihydrodipicolinate reductase	md:cjer_M00527	I	229489	230217	-
Campylobacter jejuni subsp. jejuni R14	cjer	H730_01850	NA	diaminopimelate decarboxylase	md:cjer_M00527	I	317581	318789	+
Campylobacter jejuni subsp. jejuni R14	cjer	H730_02985	NA	dihydrodipicolinate synthase	md:cjer_M00527	I	517250	518158	+
Campylobacter jejuni subsp. jejuni R14	cjer	H730_03785	NA	aspartate kinase	md:cjer_M00527	I	646806	648008	+
Campylobacter jejuni subsp. jejuni R14	cjer	H730_04930	NA	dihydrodipicolinate synthase	md:cjer_M00527	I	865047	865943	+
Campylobacter jejuni subsp. jejuni R14	cjer	H730_06080	NA	aspartate-semialdehyde dehydrogenase	md:cjer_M00527	I	1069192	1070223	-
Campylobacter jejuni subsp. jejuni R14	cjer	H730_08660	NA	putative ATP/GTP-binding protein	md:cjer_M00527	I	1558397	1559005	-
Campylobacter jejuni subsp. jejuni R14	cjer	H730_08945	dapF	diaminopimelate epimerase	md:cjer_M00527	I	1615529	1616278	+
Campylobacter jejuni subsp. jejuni R14	cjer	H730_04775	NA	nitrate reductase catalytic subunit	md:cjer_M00529	I	838535	841306	+
Campylobacter jejuni subsp. jejuni R14	cjer	H730_04790	NA	Nitrate reductase cytochrome c550-type subunit	md:cjer_M00529	I	842843	843364	+
Campylobacter jejuni subsp. jejuni R14	cjer	H730_04775	NA	nitrate reductase catalytic subunit	md:cjer_M00530	I	838535	841306	+
Campylobacter jejuni subsp. jejuni R14	cjer	H730_04790	NA	Nitrate reductase cytochrome c550-type subunit	md:cjer_M00530	I	842843	843364	+
Campylobacter jejuni subsp. jejuni R14	cjer	H730_07735	NA	Cytochrome c552	md:cjer_M00530	I	1397334	1399166	-
Campylobacter jejuni subsp. jejuni R14	cjer	H730_07740	NA	periplasmic cytochrome C	md:cjer_M00530	I	1399181	1399672	-
Campylobacter jejuni subsp. jejuni R14	cjer	H730_02575	NA	serine hydroxymethyltransferase	md:cjer_M00532	I	434991	436235	+
Campylobacter jejuni subsp. jejuni R14	cjer	H730_07885	NA	catalase	md:cjer_M00532	I	1433022	1434446	+
Campylobacter jejuni subsp. jejuni R14	cjer	H730_09930	leuD	isopropylmalate isomerase small subunit	md:cjer_M00535	I	1782330	1782932	-
Campylobacter jejuni subsp. jejuni R14	cjer	H730_09935	NA	isopropylmalate isomerase large subunit	md:cjer_M00535	I	1782934	1784340	-
Campylobacter jejuni subsp. jejuni R14	cjer	H730_09940	NA	3-isopropylmalate dehydrogenase	md:cjer_M00535	I	1784333	1785409	-
Campylobacter jejuni subsp. jejuni R14	cjer	H730_04485	NA	transthyretin-like periplasmic protein	md:cjer_M00546	I	776187	776600	+
Campylobacter jejuni subsp. jejuni R14	cjer	H730_07990	NA	phospho-sugar mutase	md:cjer_M00549	I	1450255	1451625	-
Campylobacter jejuni subsp. jejuni R14	cjer	H730_08970	NA	UTP-glucose-1-phosphate uridylyltransferase	md:cjer_M00549	I	1619872	1620696	-
Campylobacter jejuni subsp. jejuni R14	cjer	H730_07965	pgk	phosphoglycerate kinase	md:cjer_M00552	I	1446637	1447839	-
Campylobacter jejuni subsp. jejuni R14	cjer	H730_07970	NA	glyceraldehyde 3-phosphate dehydrogenase A	md:cjer_M00552	I	1447842	1448840	-
Campylobacter jejuni subsp. jejuni R14	cjer	H730_01645	NA	4-oxalocrotonate tautomerase	md:cjer_M00569	I	283461	283667	+
Campylobacter jejuni subsp. jejuni R14	cjer	H730_00060	NA	dihydroxy-acid dehydratase	md:cjer_M00570	I	15807	17483	+
Campylobacter jejuni subsp. jejuni R14	cjer	H730_01640	NA	branched-chain amino acid aminotransferase	md:cjer_M00570	I	282373	283287	-
Campylobacter jejuni subsp. jejuni R14	cjer	H730_03745	NA	acetolactate synthase 3 catalytic subunit	md:cjer_M00570	I	639830	641530	+
Campylobacter jejuni subsp. jejuni R14	cjer	H730_03750	ilvH	acetolactate synthase 3 regulatory subunit	md:cjer_M00570	I	641527	641991	+
Campylobacter jejuni subsp. jejuni R14	cjer	H730_04040	NA	ketol-acid reductoisomerase	md:cjer_M00570	I	699516	700538	+
Campylobacter jejuni subsp. jejuni R14	cjer	H730_05020	NA	threonine dehydratase	md:cjer_M00570	I	880973	882184	-
Campylobacter jejuni subsp. jejuni R14	cjer	H730_01660	fabZ	(3R)-hydroxymyristoyl-ACP dehydratase	md:cjer_M00572	I	285293	285733	+
Campylobacter jejuni subsp. jejuni R14	cjer	H730_01800	NA	biotin biosynthesis protein BioC	md:cjer_M00572	I	310226	310912	-
Campylobacter jejuni subsp. jejuni R14	cjer	H730_01805	NA	hypothetical protein	md:cjer_M00572	I	310909	311520	-
Campylobacter jejuni subsp. jejuni R14	cjer	H730_02750	fabG	3-ketoacyl-(acyl-carrier-protein) reductase	md:cjer_M00572	I	472410	473153	+
Campylobacter jejuni subsp. jejuni R14	cjer	H730_02785	NA	3-oxoacyl-(acyl carrier protein) synthase II	md:cjer_M00572	I	478628	479842	+
Campylobacter jejuni subsp. jejuni R14	cjer	H730_07955	NA	enoyl-(acyl carrier protein) reductase	md:cjer_M00572	I	1445141	1445965	-
Campylobacter jejuni subsp. jejuni R14	cjer	H730_08115	NA	3-oxoacyl-ACP reductase	md:cjer_M00572	I	1474656	1475381	+
Campylobacter jejuni subsp. jejuni R14	cjer	H730_01810	NA	8-amino-7-oxononanoate synthase	md:cjer_M00573	I	311517	312659	-
Campylobacter jejuni subsp. jejuni R14	cjer	H730_01820	NA	dethiobiotin synthetase	md:cjer_M00573	I	313997	314602	-
Campylobacter jejuni subsp. jejuni R14	cjer	H730_09725	NA	biotin synthase	md:cjer_M00573	I	1756070	1756906	-
Campylobacter jejuni subsp. jejuni R14	cjer	H730_06125	NA	multidrug efflux system outer membrane protein	md:cjer_M00575	I	1078436	1079710	+
Campylobacter jejuni subsp. jejuni R14	cjer	H730_01810	NA	8-amino-7-oxononanoate synthase	md:cjer_M00577	I	311517	312659	-
Campylobacter jejuni subsp. jejuni R14	cjer	H730_01815	NA	adenosylmethionine--8-amino-7-oxononanoate transaminase	md:cjer_M00577	I	312727	314010	+
Campylobacter jejuni subsp. jejuni R14	cjer	H730_01820	NA	dethiobiotin synthetase	md:cjer_M00577	I	313997	314602	-
Campylobacter jejuni subsp. jejuni R14	cjer	H730_09725	NA	biotin synthase	md:cjer_M00577	I	1756070	1756906	-
Campylobacter jejuni subsp. jejuni R14	cjer	H730_04350	NA	phosphate acetyltransferase	md:cjer_M00579	I	748683	750185	+
Campylobacter jejuni subsp. jejuni R14	cjer	H730_04355	NA	acetate kinase A/propionate kinase 2	md:cjer_M00579	I	750199	751389	+
Campylobacter jejuni subsp. jejuni R14	cjer	H730_09360	NA	sulfate adenylyltransferase	md:cjer_M00596	I	1691786	1692946	+
Campylobacter jejuni subsp. jejuni R14	cjer	H730_06455	NA	S-adenosylmethionine synthetase	md:cjer_M00609	I	1144559	1145755	-
Campylobacter jejuni subsp. jejuni R14	cjer	H730_06940	NA	S-ribosylhomocysteinase	md:cjer_M00609	I	1237093	1237587	+
Campylobacter jejuni subsp. jejuni R14	cjer	H730_03535	NA	malate dehydrogenase	md:cjer_M00620	I	603321	604223	+
Campylobacter jejuni subsp. jejuni R14	cjer	H730_03540	sucC	succinyl-CoA synthetase subunit beta	md:cjer_M00620	I	604224	605387	+
Campylobacter jejuni subsp. jejuni R14	cjer	H730_03545	NA	succinyl-CoA synthase, alpha subunit	md:cjer_M00620	I	605397	606266	+
Campylobacter jejuni subsp. jejuni R14	cjer	H730_03550	oorD	2-oxoglutarate-acceptor oxidoreductase subunit OorD	md:cjer_M00620	I	606280	606591	+
Campylobacter jejuni subsp. jejuni R14	cjer	H730_03555	oorA	2-oxoglutarate-acceptor oxidoreductase subunit OorA	md:cjer_M00620	I	606600	607724	+
Campylobacter jejuni subsp. jejuni R14	cjer	H730_03560	oorB	2-oxoglutarate-acceptor oxidoreductase subunit OorB	md:cjer_M00620	I	607725	608570	+
Campylobacter jejuni subsp. jejuni R14	cjer	H730_03565	oorC	2-oxoglutarate-acceptor oxidoreductase subunit OorC	md:cjer_M00620	I	608567	609124	+
Campylobacter jejuni subsp. jejuni R14	cjer	H730_05540	NA	pyruvate carboxyl transferase subunit B	md:cjer_M00620	I	973554	975353	-
Campylobacter jejuni subsp. jejuni R14	cjer	H730_06155	NA	acetyl-CoA carboxylase subunit A	md:cjer_M00620	I	1085272	1086717	-
Campylobacter jejuni subsp. jejuni R14	cjer	H730_02990	NA	altronate hydrolase	md:cjer_M00631	I	518155	518418	+
Campylobacter jejuni subsp. jejuni R14	cjer	H730_02995	NA	altronate hydrolase	md:cjer_M00631	I	518421	519587	+
Campylobacter jejuni subsp. jejuni R14	cjer	H730_06625	NA	UDP-glucose 4-epimerase	md:cjer_M00632	I	1179230	1180216	-
Campylobacter jejuni subsp. jejuni R14	cjer	H730_02385	NA	RND efflux system, outer membrane lipoprotein CmeC	md:cjer_M00642	I	398898	400376	-
Campylobacter jejuni subsp. jejuni R14	cjer	H730_02385	NA	RND efflux system, outer membrane lipoprotein CmeC	md:cjer_M00643	I	398898	400376	-
Campylobacter jejuni subsp. jejuni R14	cjer	H730_06125	NA	multidrug efflux system outer membrane protein	md:cjer_M00696	I	1078436	1079710	+
Campylobacter jejuni subsp. jejuni R14	cjer	H730_06125	NA	multidrug efflux system outer membrane protein	md:cjer_M00697	I	1078436	1079710	+
Campylobacter jejuni subsp. jejuni R14	cjer	H730_02385	NA	RND efflux system, outer membrane lipoprotein CmeC	md:cjer_M00718	I	398898	400376	-
Campylobacter jejuni subsp. jejuni R14	cjer	H730_02390	NA	RND efflux system, inner membrane transporter CmeB	md:cjer_M00718	I	400369	403491	-
Campylobacter jejuni subsp. jejuni R14	cjer	H730_02395	NA	RND efflux system, membrane fusion protein CmeA	md:cjer_M00718	I	403491	404594	-
Campylobacter jejuni subsp. jejuni R14	cjer	H730_07470	NA	amino acid activating enzyme	md:cjer_M00725	I	1344210	1345718	+
Campylobacter jejuni subsp. jejuni R14	cjer	H730_03530	NA	isocitrate dehydrogenase	md:cjer_M00740	I	601120	603324	+
Campylobacter jejuni subsp. jejuni R14	cjer	H730_03535	NA	malate dehydrogenase	md:cjer_M00740	I	603321	604223	+
Campylobacter jejuni subsp. jejuni R14	cjer	H730_09715	NA	citrate synthase	md:cjer_M00740	I	1753531	1754799	-
Campylobacter jejuni subsp. jejuni R14	cjer	H730_07445	NA	lipoprotein	md:cjer_M00741	I	1339659	1340075	+
Campylobacter jejuni subsp. jejuni R14	cjer	H730_08175	NA	putative nucleotide-sugar epimerase-dehydratase	md:cjer_M00793	I	1485073	1485618	-
Campylobacter jejuni subsp. jejuni R14	cjer	H730_02340	NA	dihydroneopterin aldolase	md:cjer_M00840	I	392687	393004	-
Campylobacter jejuni subsp. jejuni R14	cjer	H730_03735	NA	bifunctional 3,4-dihydroxy-2-butanone 4-phosphate synthase/GTP cyclohydrolase II protein	md:cjer_M00840	I	638338	639357	+
Campylobacter jejuni subsp. jejuni R14	cjer	H730_01285	folE	GTP cyclohydrolase I	md:cjer_M00841	I	226190	226762	+
Campylobacter jejuni subsp. jejuni R14	cjer	H730_06415	NA	folC bifunctional protein	md:cjer_M00841	I	1134729	1135889	-
Campylobacter jejuni subsp. jejuni R14	cjer	H730_00845	NA	6-pyruvoyl tetrahydrobiopterin synthase	md:cjer_M00842	I	162849	163430	-
Campylobacter jejuni subsp. jejuni R14	cjer	H730_01285	folE	GTP cyclohydrolase I	md:cjer_M00842	I	226190	226762	+
Campylobacter jejuni subsp. jejuni R14	cjer	H730_00845	NA	6-pyruvoyl tetrahydrobiopterin synthase	md:cjer_M00843	I	162849	163430	-
Campylobacter jejuni subsp. jejuni R14	cjer	H730_01285	folE	GTP cyclohydrolase I	md:cjer_M00843	I	226190	226762	+
Campylobacter jejuni subsp. jejuni R14	cjer	H730_04205	NA	argininosuccinate synthase	md:cjer_M00844	I	728173	729156	-
Campylobacter jejuni subsp. jejuni R14	cjer	H730_05530	NA	argininosuccinate lyase	md:cjer_M00844	I	970575	971957	-
Campylobacter jejuni subsp. jejuni R14	cjer	H730_05850	NA	ornithine carbamoyltransferase	md:cjer_M00844	I	1032265	1033185	-
Campylobacter jejuni subsp. jejuni R14	cjer	H730_01415	argC	N-acetyl-gamma-glutamyl-phosphate reductase	md:cjer_M00845	I	245880	246908	+
Campylobacter jejuni subsp. jejuni R14	cjer	H730_01430	NA	acetylornithine/succinyldiaminopimelate aminotransferase	md:cjer_M00845	I	248223	249404	+
Campylobacter jejuni subsp. jejuni R14	cjer	H730_04205	NA	argininosuccinate synthase	md:cjer_M00845	I	728173	729156	-
Campylobacter jejuni subsp. jejuni R14	cjer	H730_05530	NA	argininosuccinate lyase	md:cjer_M00845	I	970575	971957	-
Campylobacter jejuni subsp. jejuni R14	cjer	H730_03585	hemA	glutamyl-tRNA reductase	md:cjer_M00846	I	610972	612270	+
Campylobacter jejuni subsp. jejuni R14	cjer	H730_03600	hemC	porphobilinogen deaminase	md:cjer_M00846	I	614346	615269	+
Campylobacter jejuni subsp. jejuni R14	cjer	H730_05145	NA	glutamate-1-semialdehyde aminotransferase	md:cjer_M00846	I	905481	906755	-
Campylobacter jejuni subsp. jejuni R14	cjer	H730_05855	NA	delta-aminolevulinic acid dehydratase	md:cjer_M00846	I	1033182	1034165	-
Campylobacter jejuni subsp. jejuni R14	cjer	H730_06370	hemD	uroporphyrinogen-III synthase	md:cjer_M00846	I	1127087	1127716	-
Campylobacter jejuni subsp. jejuni R14	cjer	H730_04705	NA	3-octaprenyl-4-hydroxybenzoate carboxy-lyase	md:cjer_M00849	I	825271	825834	-
Campylobacter jejuni subsp. jejuni R14	cjer	H730_08970	NA	UTP-glucose-1-phosphate uridylyltransferase	md:cjer_M00854	I	1619872	1620696	-
Campylobacter jejuni subsp. jejuni R14	cjer	H730_07990	NA	phospho-sugar mutase	md:cjer_M00855	I	1450255	1451625	-
Campylobacter jejuni subsp. jejuni R14	cjer	H730_00420	NA	cytolethal distending toxin subunit CdtB	md:cjer_M00856	I	89965	90762	-
Campylobacter jejuni subsp. jejuni R14	cjer	H730_00685	lpxC	UDP-3-O-[3-hydroxymyristoyl] N-acetylglucosamine deacetylase	md:cjer_M00866	I	134879	135763	+
Campylobacter jejuni subsp. jejuni R14	cjer	H730_01665	NA	UDP-N-acetylglucosamine acyltransferase	md:cjer_M00866	I	285733	286524	+
Campylobacter jejuni subsp. jejuni R14	cjer	H730_01720	NA	hypothetical protein	md:cjer_M00866	I	298870	299505	-
Campylobacter jejuni subsp. jejuni R14	cjer	H730_01730	NA	ipid-A-disaccharide synthase	md:cjer_M00866	I	300135	301229	-
Campylobacter jejuni subsp. jejuni R14	cjer	H730_03755	lpxD	UDP-3-O-[3-hydroxymyristoyl] glucosamine N-acyltransferase	md:cjer_M00866	I	641988	642953	+
Campylobacter jejuni subsp. jejuni R14	cjer	H730_04445	NA	3-deoxy-D-manno-octulosonic-acid transferase	md:cjer_M00866	I	770620	771777	+
Campylobacter jejuni subsp. jejuni R14	cjer	H730_04955	lpxK	tetraacyldisaccharide 4'-kinase	md:cjer_M00866	I	868496	869428	+
Campylobacter jejuni subsp. jejuni R14	cjer	H730_06640	NA	lipid A biosynthesis lauroyl acyltransferase	md:cjer_M00866	I	1182154	1183041	+
Campylobacter jejuni subsp. jejuni R14	cjer	H730_01580	NA	Putative integral membrane protein	md:cjer_M00867	I	270613	272151	+
Campylobacter jejuni subsp. jejuni R14	cjer	H730_03405	hemH	ferrochelatase	md:cjer_M00868	I	573686	574597	-
Campylobacter jejuni subsp. jejuni R14	cjer	H730_03600	hemC	porphobilinogen deaminase	md:cjer_M00868	I	614346	615269	+
Campylobacter jejuni subsp. jejuni R14	cjer	H730_05855	NA	delta-aminolevulinic acid dehydratase	md:cjer_M00868	I	1033182	1034165	-
Campylobacter jejuni subsp. jejuni R14	cjer	H730_06370	hemD	uroporphyrinogen-III synthase	md:cjer_M00868	I	1127087	1127716	-
Campylobacter jejuni subsp. jejuni R14	cjer	H730_07175	hemE	uroporphyrinogen decarboxylase	md:cjer_M00868	I	1280579	1281601	+
Campylobacter jejuni subsp. jejuni R14	cjer	H730_00605	NA	malonyl CoA-acyl carrier protein transacylase	md:cjer_M00873	I	121267	122187	+
Campylobacter jejuni subsp. jejuni R14	cjer	H730_02785	NA	3-oxoacyl-(acyl carrier protein) synthase II	md:cjer_M00873	I	478628	479842	+
Campylobacter jejuni subsp. jejuni R14	cjer	H730_00605	NA	malonyl CoA-acyl carrier protein transacylase	md:cjer_M00874	I	121267	122187	+
Campylobacter jejuni subsp. jejuni R14	cjer	H730_02750	fabG	3-ketoacyl-(acyl-carrier-protein) reductase	md:cjer_M00874	I	472410	473153	+
Campylobacter jejuni subsp. jejuni R14	cjer	H730_02785	NA	3-oxoacyl-(acyl carrier protein) synthase II	md:cjer_M00874	I	478628	479842	+
Campylobacter jejuni subsp. jejuni R14	cjer	H730_08115	NA	3-oxoacyl-ACP reductase	md:cjer_M00874	I	1474656	1475381	+
Campylobacter jejuni subsp. jejuni R14	cjer	H730_00855	moaA	molybdenum cofactor biosynthesis protein A	md:cjer_M00880	I	164173	165135	-
Campylobacter jejuni subsp. jejuni R14	cjer	H730_01560	moaC	molybdenum cofactor biosynthesis protein MoaC	md:cjer_M00880	I	267854	268327	+
Campylobacter jejuni subsp. jejuni R14	cjer	H730_04535	mogA	molybdenum cofactor biosynthesis protein MogA	md:cjer_M00880	I	786597	787139	-
Campylobacter jejuni subsp. jejuni R14	cjer	H730_05165	NA	molybdopterin biosynthesis MoeA protein	md:cjer_M00880	I	908907	910067	-
Campylobacter jejuni subsp. jejuni R14	cjer	H730_08880	NA	molybdopterin converting factor, subunit 2	md:cjer_M00880	I	1604471	1604917	+
Campylobacter jejuni subsp. jejuni R14	cjer	H730_08885	NA	molybdopterin biosynthesis protein	md:cjer_M00880	I	1604921	1606111	+
Campylobacter jejuni subsp. jejuni R14	cjer	H730_02845	NA	phosphomethylpyrimidine synthase ThiC	md:cjer_M00895	I	487128	488420	+
Campylobacter jejuni subsp. jejuni R14	cjer	H730_06190	NA	Thiamin-phosphate pyrophosphorylase	md:cjer_M00895	I	1091972	1092577	-
Campylobacter jejuni subsp. jejuni R14	cjer	H730_06200	thiG	thiazole synthase	md:cjer_M00895	I	1093715	1094491	-
Campylobacter jejuni subsp. jejuni R14	cjer	H730_06205	NA	thiamine biosynthesis protein ThiF	md:cjer_M00895	I	1094494	1095294	-
Campylobacter jejuni subsp. jejuni R14	cjer	H730_06210	NA	thiamine biosynthesis protein	md:cjer_M00895	I	1095294	1095485	-
Campylobacter jejuni subsp. jejuni R14	cjer	H730_06375	NA	thiamine-phosphate pyrophosphorylase	md:cjer_M00895	I	1127694	1128326	-
Campylobacter jejuni subsp. jejuni R14	cjer	H730_06380	NA	phosphomethylpyrimidine kinase	md:cjer_M00895	I	1128316	1129128	-
Campylobacter jejuni subsp. jejuni R14	cjer	H730_08275	NA	thiamine monophosphate kinase	md:cjer_M00895	I	1507881	1508702	-
Campylobacter jejuni subsp. jejuni R14	cjer	H730_02845	NA	phosphomethylpyrimidine synthase ThiC	md:cjer_M00896	I	487128	488420	+
Campylobacter jejuni subsp. jejuni R14	cjer	H730_06190	NA	Thiamin-phosphate pyrophosphorylase	md:cjer_M00896	I	1091972	1092577	-
Campylobacter jejuni subsp. jejuni R14	cjer	H730_06375	NA	thiamine-phosphate pyrophosphorylase	md:cjer_M00896	I	1127694	1128326	-
Campylobacter jejuni subsp. jejuni R14	cjer	H730_06380	NA	phosphomethylpyrimidine kinase	md:cjer_M00896	I	1128316	1129128	-
Campylobacter jejuni subsp. jejuni R14	cjer	H730_08275	NA	thiamine monophosphate kinase	md:cjer_M00896	I	1507881	1508702	-
Campylobacter jejuni subsp. jejuni R14	cjer	H730_02845	NA	phosphomethylpyrimidine synthase ThiC	md:cjer_M00897	I	487128	488420	+
Campylobacter jejuni subsp. jejuni R14	cjer	H730_06190	NA	Thiamin-phosphate pyrophosphorylase	md:cjer_M00899	I	1091972	1092577	-
Campylobacter jejuni subsp. jejuni R14	cjer	H730_06375	NA	thiamine-phosphate pyrophosphorylase	md:cjer_M00899	I	1127694	1128326	-
Campylobacter jejuni subsp. jejuni R14	cjer	H730_06380	NA	phosphomethylpyrimidine kinase	md:cjer_M00899	I	1128316	1129128	-
Campylobacter jejuni subsp. jejuni R14	cjer	H730_02360	glmM	phosphoglucosamine mutase	md:cjer_M00909	I	394917	396254	+
Campylobacter jejuni subsp. jejuni R14	cjer	H730_04985	glmU	bifunctional N-acetylglucosamine-1-phosphate uridyltransferase/glucosamine-1-phosphate acetyltransferase	md:cjer_M00909	I	874730	876019	+
Campylobacter jejuni subsp. jejuni R14	cjer	H730_07795	NA	glucosamine--fructose-6-phosphate aminotransferase	md:cjer_M00909	I	1412115	1413911	-
Campylobacter jejuni subsp. jejuni R14	cjer	H730_08965	NA	glucose-6-phosphate isomerase	md:cjer_M00909	I	1618658	1619878	-
Campylobacter jejuni subsp. jejuni R14	cjer	H730_02480	ribH	6,7-dimethyl-8-ribityllumazine synthase	md:cjer_M00911	I	416912	417376	-
Campylobacter jejuni subsp. jejuni R14	cjer	H730_05860	ribA	GTP cyclohydrolase II	md:cjer_M00911	I	1034222	1034782	+
Campylobacter jejuni subsp. jejuni R14	cjer	H730_07045	NA	riboflavin synthase subunit alpha	md:cjer_M00911	I	1255527	1256138	-
Campylobacter jejuni subsp. jejuni R14	cjer	H730_04950	NA	NAD synthetase	md:cjer_M00912	I	867750	868496	+
Campylobacter jejuni subsp. jejuni R14	cjer	H730_07975	NA	nicotinate (nicotinamide) nucleotide adenylyltransferase	md:cjer_M00912	I	1448900	1449445	+
Campylobacter jejuni subsp. jejuni R14	cjer	H730_01770	panC	pantoate--beta-alanine ligase	md:cjer_M00913	I	305637	306485	-
Campylobacter jejuni subsp. jejuni R14	cjer	H730_01775	panB	3-methyl-2-oxobutanoate hydroxymethyltransferase	md:cjer_M00913	I	306496	307320	-
Campylobacter jejuni subsp. jejuni R14	cjer	H730_01775	panB	3-methyl-2-oxobutanoate hydroxymethyltransferase	md:cjer_M00914	I	306496	307320	-
Campylobacter jejuni subsp. jejuni R14	cjer	H730_04990	NA	bifunctional phosphopantothenoylcysteine decarboxylase/phosphopantothenate synthase	md:cjer_M00914	I	876016	877170	+
Campylobacter jejuni subsp. jejuni R14	cjer	H730_07415	NA	UDP-GlcNAc-specific C4,6 dehydratase/C5 epimerase	md:cjer_M00923	I	1334291	1335295	+
Campylobacter jejuni subsp. jejuni R14	cjer	H730_03405	hemH	ferrochelatase	md:cjer_M00926	I	573686	574597	-
Campylobacter jejuni subsp. jejuni R14	cjer	H730_03585	hemA	glutamyl-tRNA reductase	md:cjer_M00926	I	610972	612270	+
Campylobacter jejuni subsp. jejuni R14	cjer	H730_03600	hemC	porphobilinogen deaminase	md:cjer_M00926	I	614346	615269	+
Campylobacter jejuni subsp. jejuni R14	cjer	H730_05145	NA	glutamate-1-semialdehyde aminotransferase	md:cjer_M00926	I	905481	906755	-
Campylobacter jejuni subsp. jejuni R14	cjer	H730_05855	NA	delta-aminolevulinic acid dehydratase	md:cjer_M00926	I	1033182	1034165	-
Campylobacter jejuni subsp. jejuni R14	cjer	H730_06370	hemD	uroporphyrinogen-III synthase	md:cjer_M00926	I	1127087	1127716	-
Campylobacter jejuni subsp. jejuni R14	cjer	H730_07175	hemE	uroporphyrinogen decarboxylase	md:cjer_M00926	I	1280579	1281601	+
Campylobacter jejuni subsp. jejuni R14	cjer	H730_02890	NA	hypothetical protein	md:cjer_M00930	I	495051	496097	+
Campylobacter jejuni subsp. jejuni R14	cjer	H730_07375	NA	hypothetical protein	md:cjer_M00930	I	1326908	1327579	-
Campylobacter jejuni subsp. jejuni R14	cjer	H730_07805	NA	hypothetical protein	md:cjer_M00930	I	1416399	1417463	+
Campylobacter jejuni subsp. jejuni R14	cjer	H730_09690	NA	hypothetical protein	md:cjer_M00930	I	1749938	1750798	+
Campylobacter jejuni subsp. jejuni R14	cjer	H730_00610	NA	5'-methylthioadenosine/S-adenosylhomocysteine nucleosidase	md:cjer_M00931	I	122187	122873	+
Campylobacter jejuni subsp. jejuni R14	cjer	H730_02890	NA	hypothetical protein	md:cjer_M00931	I	495051	496097	+
Campylobacter jejuni subsp. jejuni R14	cjer	H730_07375	NA	hypothetical protein	md:cjer_M00931	I	1326908	1327579	-
Campylobacter jejuni subsp. jejuni R14	cjer	H730_07805	NA	hypothetical protein	md:cjer_M00931	I	1416399	1417463	+
Campylobacter jejuni subsp. jejuni R14	cjer	H730_09690	NA	hypothetical protein	md:cjer_M00931	I	1749938	1750798	+
Campylobacter jejuni subsp. jejuni R14	cjer	H730_00125	NA	ribonucleotide-diphosphate reductase subunit alpha	md:cjer_M00938	I	27854	30223	+
Campylobacter jejuni subsp. jejuni R14	cjer	H730_00135	thyX	FAD-dependent thymidylate synthase	md:cjer_M00938	I	31766	32389	-
Campylobacter jejuni subsp. jejuni R14	cjer	H730_01455	nrdF	ribonucleotide-diphosphate reductase subunit beta	md:cjer_M00938	I	252018	253040	-
Campylobacter jejuni subsp. jejuni R14	cjer	H730_02210	ndk	mulitfunctional nucleoside diphosphate kinase/apyrimidinic endonuclease/3'-phosphodiesterase	md:cjer_M00938	I	367292	367705	-
Campylobacter jejuni subsp. jejuni R14	cjer	H730_04695	tmk	thymidylate kinase	md:cjer_M00938	I	824186	824764	-
Campylobacter jejuni subsp. jejuni R14	cjer	H730_05045	NA	Oxidoreductase	md:cjer_M00939	I	885919	886668	-
Campylobacter jejuni subsp. jejuni R14	cjer	H730_01810	NA	8-amino-7-oxononanoate synthase	md:cjer_M00950	I	311517	312659	-
Campylobacter jejuni subsp. jejuni R14	cjer	H730_01820	NA	dethiobiotin synthetase	md:cjer_M00950	I	313997	314602	-
Campylobacter jejuni subsp. jejuni R14	cjer	H730_09725	NA	biotin synthase	md:cjer_M00950	I	1756070	1756906	-
