Chlamydia trachomatis RC-J/971	cttj	CTRC971_01055	NA	diphosphate--fructose-6-phosphate 1-phosphotransferase	md:cttj_M00001	I	226274	227935	+
Chlamydia trachomatis RC-J/971	cttj	CTRC971_01105	NA	fructose-bisphosphate aldolase	md:cttj_M00001	I	239669	240715	+
Chlamydia trachomatis RC-J/971	cttj	CTRC971_01685	tpiA	triosephosphate isomerase	md:cttj_M00001	I	365643	366467	+
Chlamydia trachomatis RC-J/971	cttj	CTRC971_01710	NA	pyruvate kinase	md:cttj_M00001	I	370528	371985	+
Chlamydia trachomatis RC-J/971	cttj	CTRC971_01965	pgi	glucose-6-phosphate isomerase	md:cttj_M00001	I	426927	428504	-
Chlamydia trachomatis RC-J/971	cttj	CTRC971_02670	NA	glyceraldehyde-3-phosphate dehydrogenase	md:cttj_M00001	I	579025	580029	-
Chlamydia trachomatis RC-J/971	cttj	CTRC971_03095	eno	enolase	md:cttj_M00001	I	657777	659051	+
Chlamydia trachomatis RC-J/971	cttj	CTRC971_03670	pgk	phosphoglycerate kinase	md:cttj_M00001	I	790908	792119	+
Chlamydia trachomatis RC-J/971	cttj	CTRC971_03825	NA	phosphoglyceromutase	md:cttj_M00001	I	829868	830548	-
Chlamydia trachomatis RC-J/971	cttj	CTRC971_01685	tpiA	triosephosphate isomerase	md:cttj_M00002	I	365643	366467	+
Chlamydia trachomatis RC-J/971	cttj	CTRC971_01710	NA	pyruvate kinase	md:cttj_M00002	I	370528	371985	+
Chlamydia trachomatis RC-J/971	cttj	CTRC971_02670	NA	glyceraldehyde-3-phosphate dehydrogenase	md:cttj_M00002	I	579025	580029	-
Chlamydia trachomatis RC-J/971	cttj	CTRC971_03095	eno	enolase	md:cttj_M00002	I	657777	659051	+
Chlamydia trachomatis RC-J/971	cttj	CTRC971_03670	pgk	phosphoglycerate kinase	md:cttj_M00002	I	790908	792119	+
Chlamydia trachomatis RC-J/971	cttj	CTRC971_03825	NA	phosphoglyceromutase	md:cttj_M00002	I	829868	830548	-
Chlamydia trachomatis RC-J/971	cttj	CTRC971_01105	NA	fructose-bisphosphate aldolase	md:cttj_M00003	I	239669	240715	+
Chlamydia trachomatis RC-J/971	cttj	CTRC971_01685	tpiA	triosephosphate isomerase	md:cttj_M00003	I	365643	366467	+
Chlamydia trachomatis RC-J/971	cttj	CTRC971_02670	NA	glyceraldehyde-3-phosphate dehydrogenase	md:cttj_M00003	I	579025	580029	-
Chlamydia trachomatis RC-J/971	cttj	CTRC971_03095	eno	enolase	md:cttj_M00003	I	657777	659051	+
Chlamydia trachomatis RC-J/971	cttj	CTRC971_03670	pgk	phosphoglycerate kinase	md:cttj_M00003	I	790908	792119	+
Chlamydia trachomatis RC-J/971	cttj	CTRC971_03760	NA	phosphoenolpyruvate carboxykinase	md:cttj_M00003	I	815422	817221	+
Chlamydia trachomatis RC-J/971	cttj	CTRC971_03825	NA	phosphoglyceromutase	md:cttj_M00003	I	829868	830548	-
Chlamydia trachomatis RC-J/971	cttj	CTRC971_00340	NA	6-phosphogluconate dehydrogenase	md:cttj_M00004	I	73251	74693	+
Chlamydia trachomatis RC-J/971	cttj	CTRC971_00635	NA	ribulose-phosphate 3-epimerase	md:cttj_M00004	I	138336	139022	+
Chlamydia trachomatis RC-J/971	cttj	CTRC971_00955	NA	glucose-6-phosphate 1-dehydrogenase	md:cttj_M00004	I	202789	204312	+
Chlamydia trachomatis RC-J/971	cttj	CTRC971_00960	NA	6-phosphogluconolactonase	md:cttj_M00004	I	204337	205107	+
Chlamydia trachomatis RC-J/971	cttj	CTRC971_01095	NA	ribose-5-phosphate isomerase A	md:cttj_M00004	I	236899	237627	-
Chlamydia trachomatis RC-J/971	cttj	CTRC971_01600	NA	transaldolase B	md:cttj_M00004	I	345592	346575	-
Chlamydia trachomatis RC-J/971	cttj	CTRC971_01965	pgi	glucose-6-phosphate isomerase	md:cttj_M00004	I	426927	428504	-
Chlamydia trachomatis RC-J/971	cttj	CTRC971_03980	NA	transketolase	md:cttj_M00004	I	877459	879459	+
Chlamydia trachomatis RC-J/971	cttj	CTRC971_00340	NA	6-phosphogluconate dehydrogenase	md:cttj_M00006	I	73251	74693	+
Chlamydia trachomatis RC-J/971	cttj	CTRC971_00955	NA	glucose-6-phosphate 1-dehydrogenase	md:cttj_M00006	I	202789	204312	+
Chlamydia trachomatis RC-J/971	cttj	CTRC971_00960	NA	6-phosphogluconolactonase	md:cttj_M00006	I	204337	205107	+
Chlamydia trachomatis RC-J/971	cttj	CTRC971_00635	NA	ribulose-phosphate 3-epimerase	md:cttj_M00007	I	138336	139022	+
Chlamydia trachomatis RC-J/971	cttj	CTRC971_01095	NA	ribose-5-phosphate isomerase A	md:cttj_M00007	I	236899	237627	-
Chlamydia trachomatis RC-J/971	cttj	CTRC971_01600	NA	transaldolase B	md:cttj_M00007	I	345592	346575	-
Chlamydia trachomatis RC-J/971	cttj	CTRC971_03980	NA	transketolase	md:cttj_M00007	I	877459	879459	+
Chlamydia trachomatis RC-J/971	cttj	CTRC971_00955	NA	glucose-6-phosphate 1-dehydrogenase	md:cttj_M00008	I	202789	204312	+
Chlamydia trachomatis RC-J/971	cttj	CTRC971_00960	NA	6-phosphogluconolactonase	md:cttj_M00008	I	204337	205107	+
Chlamydia trachomatis RC-J/971	cttj	CTRC971_00295	sucA	2-oxoglutarate dehydrogenase E1 component	md:cttj_M00009	I	60989	63700	+
Chlamydia trachomatis RC-J/971	cttj	CTRC971_00300	NA	dihydrolipoamide succinyltransferase	md:cttj_M00009	I	63704	64801	+
Chlamydia trachomatis RC-J/971	cttj	CTRC971_01955	NA	malate dehydrogenase	md:cttj_M00009	I	425502	426482	-
Chlamydia trachomatis RC-J/971	cttj	CTRC971_02075	NA	branched-chain alpha-keto acid dehydrogenase subunit E2	md:cttj_M00009	I	454753	455919	-
Chlamydia trachomatis RC-J/971	cttj	CTRC971_02940	NA	dihydrolipoamide dehydrogenase	md:cttj_M00009	I	624976	626373	+
Chlamydia trachomatis RC-J/971	cttj	CTRC971_03115	sdhB	succinate dehydrogenase iron-sulfur subunit	md:cttj_M00009	I	666040	666738	-
Chlamydia trachomatis RC-J/971	cttj	CTRC971_03120	sdhA	succinate dehydrogenase flavoprotein subunit	md:cttj_M00009	I	666817	668697	-
Chlamydia trachomatis RC-J/971	cttj	CTRC971_03125	NA	succinate dehydrogenase cytochrome b558 subunit	md:cttj_M00009	I	668694	669263	-
Chlamydia trachomatis RC-J/971	cttj	CTRC971_04385	sucC	succinyl-CoA synthetase subunit beta	md:cttj_M00009	I	960816	961976	+
Chlamydia trachomatis RC-J/971	cttj	CTRC971_04390	NA	succinyl-CoA synthetase subunit alpha	md:cttj_M00009	I	961991	962866	+
Chlamydia trachomatis RC-J/971	cttj	CTRC971_00295	sucA	2-oxoglutarate dehydrogenase E1 component	md:cttj_M00011	I	60989	63700	+
Chlamydia trachomatis RC-J/971	cttj	CTRC971_00300	NA	dihydrolipoamide succinyltransferase	md:cttj_M00011	I	63704	64801	+
Chlamydia trachomatis RC-J/971	cttj	CTRC971_01955	NA	malate dehydrogenase	md:cttj_M00011	I	425502	426482	-
Chlamydia trachomatis RC-J/971	cttj	CTRC971_02075	NA	branched-chain alpha-keto acid dehydrogenase subunit E2	md:cttj_M00011	I	454753	455919	-
Chlamydia trachomatis RC-J/971	cttj	CTRC971_02940	NA	dihydrolipoamide dehydrogenase	md:cttj_M00011	I	624976	626373	+
Chlamydia trachomatis RC-J/971	cttj	CTRC971_03115	sdhB	succinate dehydrogenase iron-sulfur subunit	md:cttj_M00011	I	666040	666738	-
Chlamydia trachomatis RC-J/971	cttj	CTRC971_03120	sdhA	succinate dehydrogenase flavoprotein subunit	md:cttj_M00011	I	666817	668697	-
Chlamydia trachomatis RC-J/971	cttj	CTRC971_03125	NA	succinate dehydrogenase cytochrome b558 subunit	md:cttj_M00011	I	668694	669263	-
Chlamydia trachomatis RC-J/971	cttj	CTRC971_04385	sucC	succinyl-CoA synthetase subunit beta	md:cttj_M00011	I	960816	961976	+
Chlamydia trachomatis RC-J/971	cttj	CTRC971_04390	NA	succinyl-CoA synthetase subunit alpha	md:cttj_M00011	I	961991	962866	+
Chlamydia trachomatis RC-J/971	cttj	CTRC971_01955	NA	malate dehydrogenase	md:cttj_M00012	I	425502	426482	-
Chlamydia trachomatis RC-J/971	cttj	CTRC971_01880	NA	dihydrodipicolinate synthase	md:cttj_M00016	I	408379	409239	-
Chlamydia trachomatis RC-J/971	cttj	CTRC971_01885	NA	aspartate kinase	md:cttj_M00016	I	409249	410544	-
Chlamydia trachomatis RC-J/971	cttj	CTRC971_01890	NA	aspartate-semialdehyde dehydrogenase	md:cttj_M00016	I	410537	411541	-
Chlamydia trachomatis RC-J/971	cttj	CTRC971_01895	NA	dihydrodipicolinate reductase	md:cttj_M00016	I	411551	412312	-
Chlamydia trachomatis RC-J/971	cttj	CTRC971_02240	dapF	diaminopimelate epimerase	md:cttj_M00016	I	495884	496711	-
Chlamydia trachomatis RC-J/971	cttj	CTRC971_01885	NA	aspartate kinase	md:cttj_M00017	I	409249	410544	-
Chlamydia trachomatis RC-J/971	cttj	CTRC971_01890	NA	aspartate-semialdehyde dehydrogenase	md:cttj_M00017	I	410537	411541	-
Chlamydia trachomatis RC-J/971	cttj	CTRC971_01885	NA	aspartate kinase	md:cttj_M00018	I	409249	410544	-
Chlamydia trachomatis RC-J/971	cttj	CTRC971_01890	NA	aspartate-semialdehyde dehydrogenase	md:cttj_M00018	I	410537	411541	-
Chlamydia trachomatis RC-J/971	cttj	CTRC971_01905	NA	3-phosphoshikimate 1-carboxyvinyltransferase	md:cttj_M00022	I	414386	415708	+
Chlamydia trachomatis RC-J/971	cttj	CTRC971_01910	NA	shikimate kinase	md:cttj_M00022	I	415650	416204	+
Chlamydia trachomatis RC-J/971	cttj	CTRC971_01915	NA	chorismate synthase	md:cttj_M00022	I	416197	417270	+
Chlamydia trachomatis RC-J/971	cttj	CTRC971_01920	aroB	3-dehydroquinate synthase	md:cttj_M00022	I	417267	418388	+
Chlamydia trachomatis RC-J/971	cttj	CTRC971_01925	aroDE	bifunctional 3-dehydroquinate dehydratase/shikimate dehydrogenase protein	md:cttj_M00022	I	418369	419811	+
Chlamydia trachomatis RC-J/971	cttj	CTRC971_01985	NA	3-deoxy-7-phosphoheptulonate synthase	md:cttj_M00022	I	431644	432480	-
Chlamydia trachomatis RC-J/971	cttj	CTRC971_00885	NA	tryptophan synthase subunit beta	md:cttj_M00023	I	189795	190973	+
Chlamydia trachomatis RC-J/971	cttj	CTRC971_00890	NA	tryptophan synthase alpha chain	md:cttj_M00023	I	190966	191727	+
Chlamydia trachomatis RC-J/971	cttj	CTRC971_00300	NA	dihydrolipoamide succinyltransferase	md:cttj_M00032	I	63704	64801	+
Chlamydia trachomatis RC-J/971	cttj	CTRC971_02075	NA	branched-chain alpha-keto acid dehydrogenase subunit E2	md:cttj_M00032	I	454753	455919	-
Chlamydia trachomatis RC-J/971	cttj	CTRC971_02940	NA	dihydrolipoamide dehydrogenase	md:cttj_M00032	I	624976	626373	+
Chlamydia trachomatis RC-J/971	cttj	CTRC971_01885	NA	aspartate kinase	md:cttj_M00033	I	409249	410544	-
Chlamydia trachomatis RC-J/971	cttj	CTRC971_01890	NA	aspartate-semialdehyde dehydrogenase	md:cttj_M00033	I	410537	411541	-
Chlamydia trachomatis RC-J/971	cttj	CTRC971_00305	NA	multicopper polyphenol oxidase	md:cttj_M00034	I	64830	65561	-
Chlamydia trachomatis RC-J/971	cttj	CTRC971_01755	NA	2-oxoisovalerate dehydrogenase alpha subunit	md:cttj_M00036	I	383807	385843	-
Chlamydia trachomatis RC-J/971	cttj	CTRC971_02940	NA	dihydrolipoamide dehydrogenase	md:cttj_M00036	I	624976	626373	+
Chlamydia trachomatis RC-J/971	cttj	CTRC971_00675	adk	adenylate kinase	md:cttj_M00049	I	143535	144272	-
Chlamydia trachomatis RC-J/971	cttj	CTRC971_02645	ndk	multifunctional nucleoside diphosphate kinase/apyrimidinic endonuclease/3'-phosphodiesterase	md:cttj_M00049	I	575480	575905	-
Chlamydia trachomatis RC-J/971	cttj	CTRC971_00165	gmk	guanylate kinase	md:cttj_M00050	I	33800	34417	+
Chlamydia trachomatis RC-J/971	cttj	CTRC971_02645	ndk	multifunctional nucleoside diphosphate kinase/apyrimidinic endonuclease/3'-phosphodiesterase	md:cttj_M00050	I	575480	575905	-
Chlamydia trachomatis RC-J/971	cttj	CTRC971_00945	pyrG	CTP synthetase	md:cttj_M00052	I	200620	202239	+
Chlamydia trachomatis RC-J/971	cttj	CTRC971_02645	ndk	multifunctional nucleoside diphosphate kinase/apyrimidinic endonuclease/3'-phosphodiesterase	md:cttj_M00052	I	575480	575905	-
Chlamydia trachomatis RC-J/971	cttj	CTRC971_03590	pyrH	uridylate kinase	md:cttj_M00052	I	772007	772744	-
Chlamydia trachomatis RC-J/971	cttj	CTRC971_02645	ndk	multifunctional nucleoside diphosphate kinase/apyrimidinic endonuclease/3'-phosphodiesterase	md:cttj_M00053	I	575480	575905	-
Chlamydia trachomatis RC-J/971	cttj	CTRC971_04415	NA	ribonucleotide-diphosphate reductase subunit alpha	md:cttj_M00053	I	970350	973493	+
Chlamydia trachomatis RC-J/971	cttj	CTRC971_04420	NA	ribonucleotide-diphosphate reductase subunit beta	md:cttj_M00053	I	973531	974571	+
Chlamydia trachomatis RC-J/971	cttj	CTRC971_00060	NA	lipid A biosynthesis lauroyl acyltransferase	md:cttj_M00060	I	9794	11161	-
Chlamydia trachomatis RC-J/971	cttj	CTRC971_01070	NA	3-deoxy-D-manno-octulosonic-acid transferase	md:cttj_M00060	I	230666	231961	-
Chlamydia trachomatis RC-J/971	cttj	CTRC971_01250	lpxD	UDP-3-O-[3-hydroxymyristoyl] glucosamine N-acyltransferase	md:cttj_M00060	I	267285	268349	+
Chlamydia trachomatis RC-J/971	cttj	CTRC971_02090	lpxK	tetraacyldisaccharide 4'-kinase	md:cttj_M00060	I	457400	458509	-
Chlamydia trachomatis RC-J/971	cttj	CTRC971_02135	lpxB	lipid-A-disaccharide synthase	md:cttj_M00060	I	465666	467489	+
Chlamydia trachomatis RC-J/971	cttj	CTRC971_02800	NA	UDP-N-acetylglucosamine acyltransferase	md:cttj_M00060	I	594739	595581	-
Chlamydia trachomatis RC-J/971	cttj	CTRC971_02810	lpxC	UDP-3-O-[3-hydroxymyristoyl] N-acetylglucosamine deacetylase	md:cttj_M00060	I	596051	596911	-
Chlamydia trachomatis RC-J/971	cttj	CTRC971_00940	NA	3-deoxy-manno-octulosonate cytidylyltransferase	md:cttj_M00063	I	199880	200644	+
Chlamydia trachomatis RC-J/971	cttj	CTRC971_02070	NA	carbohydrate isomerase	md:cttj_M00063	I	453735	454721	-
Chlamydia trachomatis RC-J/971	cttj	CTRC971_03470	NA	2-dehydro-3-deoxyphosphooctonate aldolase	md:cttj_M00063	I	747493	748302	-
Chlamydia trachomatis RC-J/971	cttj	CTRC971_00645	NA	acetyl-CoA carboxylase biotin carboxyl carrier protein subunit	md:cttj_M00082	I	139579	140073	+
Chlamydia trachomatis RC-J/971	cttj	CTRC971_00650	NA	acetyl-CoA carboxylase biotin carboxylase subunit	md:cttj_M00082	I	140077	141450	+
Chlamydia trachomatis RC-J/971	cttj	CTRC971_01225	NA	acyl-carrier-protein S-malonyltransferase	md:cttj_M00082	I	261248	262174	-
Chlamydia trachomatis RC-J/971	cttj	CTRC971_01230	NA	3-oxoacyl-(acyl carrier protein) synthase III	md:cttj_M00082	I	262191	263174	-
Chlamydia trachomatis RC-J/971	cttj	CTRC971_01360	NA	acetyl-CoA carboxylase carboxyltransferase subunit alpha	md:cttj_M00082	I	292598	293572	-
Chlamydia trachomatis RC-J/971	cttj	CTRC971_01505	NA	acetyl-CoA carboxylase subunit beta	md:cttj_M00082	I	322630	323556	-
Chlamydia trachomatis RC-J/971	cttj	CTRC971_00545	NA	enoyl-(acyl carrier protein) reductase	md:cttj_M00083	I	119422	120318	-
Chlamydia trachomatis RC-J/971	cttj	CTRC971_01220	fabG	3-ketoacyl-(acyl-carrier-protein) reductase	md:cttj_M00083	I	260505	261251	-
Chlamydia trachomatis RC-J/971	cttj	CTRC971_02805	fabZ	(3R)-hydroxymyristoyl-ACP dehydratase	md:cttj_M00083	I	595593	596054	-
Chlamydia trachomatis RC-J/971	cttj	CTRC971_04085	NA	3-oxoacyl-(acyl carrier protein) synthase II	md:cttj_M00083	I	899985	901241	+
Chlamydia trachomatis RC-J/971	cttj	CTRC971_02375	NA	1-acyl-sn-glycerol-3-phosphate acyltransferase	md:cttj_M00089	I	523288	523938	+
Chlamydia trachomatis RC-J/971	cttj	CTRC971_04115	NA	1-acyl-sn-glycerol-3-phosphate acyltransferase	md:cttj_M00089	I	904980	905741	+
Chlamydia trachomatis RC-J/971	cttj	CTRC971_04290	NA	glycerol-3-phosphate acyltransferase	md:cttj_M00089	I	941484	942485	-
Chlamydia trachomatis RC-J/971	cttj	CTRC971_02365	NA	phosphatidate cytidylyltransferase	md:cttj_M00093	I	521727	522644	+
Chlamydia trachomatis RC-J/971	cttj	CTRC971_03700	NA	phosphatidylserine decarboxylase	md:cttj_M00093	I	798099	799004	+
Chlamydia trachomatis RC-J/971	cttj	CTRC971_04410	NA	CDP-diacylglycerol--serine O-phosphatidyltransferase	md:cttj_M00093	I	968924	969715	-
Chlamydia trachomatis RC-J/971	cttj	CTRC971_00310	NA	4-hydroxy-3-methylbut-2-en-1-yl diphosphate synthase	md:cttj_M00096	I	65570	67378	-
Chlamydia trachomatis RC-J/971	cttj	CTRC971_00385	NA	1-deoxy-D-xylulose 5-phosphate reductoisomerase	md:cttj_M00096	I	83903	85042	+
Chlamydia trachomatis RC-J/971	cttj	CTRC971_01705	NA	1-deoxy-D-xylulose-5-phosphate synthase	md:cttj_M00096	I	368509	370431	+
Chlamydia trachomatis RC-J/971	cttj	CTRC971_02265	ispF	2-C-methyl-D-erythritol 2,4-cyclodiphosphate synthase	md:cttj_M00096	I	499901	500437	+
Chlamydia trachomatis RC-J/971	cttj	CTRC971_02420	ispD	2-C-methyl-D-erythritol 4-phosphate cytidylyltransferase	md:cttj_M00096	I	534061	534720	+
Chlamydia trachomatis RC-J/971	cttj	CTRC971_04270	NA	4-diphosphocytidyl-2-C-methyl-D-erythritol kinase	md:cttj_M00096	I	935862	936728	+
Chlamydia trachomatis RC-J/971	cttj	CTRC971_04605	ispH	4-hydroxy-3-methylbut-2-enyl diphosphate reductase	md:cttj_M00096	I	1007730	1008653	+
Chlamydia trachomatis RC-J/971	cttj	CTRC971_02230	ubiE	ubiquinone/menaquinone biosynthesis methyltransferase	md:cttj_M00116	I	494119	494808	+
Chlamydia trachomatis RC-J/971	cttj	CTRC971_01125	ubiA	prenyltransferase	md:cttj_M00117	I	244081	244989	+
Chlamydia trachomatis RC-J/971	cttj	CTRC971_01130	NA	aromatic acid decarboxylase	md:cttj_M00117	I	244986	245564	+
Chlamydia trachomatis RC-J/971	cttj	CTRC971_02230	ubiE	ubiquinone/menaquinone biosynthesis methyltransferase	md:cttj_M00117	I	494119	494808	+
Chlamydia trachomatis RC-J/971	cttj	CTRC971_02595	coaE	dephospho-CoA kinase	md:cttj_M00120	I	563981	564589	-
Chlamydia trachomatis RC-J/971	cttj	CTRC971_00280	NA	coproporphyrinogen III oxidase	md:cttj_M00121	I	59091	60221	-
Chlamydia trachomatis RC-J/971	cttj	CTRC971_01080	NA	glutamate-1-semialdehyde aminotransferase	md:cttj_M00121	I	234614	235882	+
Chlamydia trachomatis RC-J/971	cttj	CTRC971_01535	NA	porphobilinogen deaminase	md:cttj_M00121	I	328910	329635	+
Chlamydia trachomatis RC-J/971	cttj	CTRC971_02260	hemD	uroporphyrinogen-III synthase	md:cttj_M00121	I	499127	499798	+
Chlamydia trachomatis RC-J/971	cttj	CTRC971_02325	gltX	glutamyl-tRNA synthetase	md:cttj_M00121	I	510923	512443	-
Chlamydia trachomatis RC-J/971	cttj	CTRC971_02560	hemH	ferrochelatase	md:cttj_M00121	I	557622	558566	-
Chlamydia trachomatis RC-J/971	cttj	CTRC971_03350	NA	delta-aminolevulinic acid dehydratase	md:cttj_M00121	I	716207	717223	+
Chlamydia trachomatis RC-J/971	cttj	CTRC971_03510	hemA	glutamyl-tRNA reductase	md:cttj_M00121	I	754646	755653	+
Chlamydia trachomatis RC-J/971	cttj	CTRC971_03950	NA	protoporphyrinogen oxidase	md:cttj_M00121	I	862152	863426	-
Chlamydia trachomatis RC-J/971	cttj	CTRC971_03955	NA	coproporphyrinogen III oxidase	md:cttj_M00121	I	863423	864796	-
Chlamydia trachomatis RC-J/971	cttj	CTRC971_03960	hemE	uroporphyrinogen decarboxylase	md:cttj_M00121	I	864769	865779	-
Chlamydia trachomatis RC-J/971	cttj	CTRC971_04125	NA	8-amino-7-oxononanoate synthase	md:cttj_M00123	I	907405	908538	+
Chlamydia trachomatis RC-J/971	cttj	CTRC971_00490	NA	bifunctional riboflavin kinase/FMN adenylyltransferase	md:cttj_M00125	I	107996	108901	-
Chlamydia trachomatis RC-J/971	cttj	CTRC971_02105	NA	riboflavin synthase subunit alpha	md:cttj_M00125	I	460296	460895	-
Chlamydia trachomatis RC-J/971	cttj	CTRC971_03870	NA	riboflavin biosynthesis protein (diaminohydroxyphosphoribosylaminopyrimidine deaminase)	md:cttj_M00125	I	838144	839271	+
Chlamydia trachomatis RC-J/971	cttj	CTRC971_03875	NA	bifunctional 3,4-dihydroxy-2-butanone 4-phosphate synthase/GTP cyclohydrolase II protein	md:cttj_M00125	I	839381	840655	+
Chlamydia trachomatis RC-J/971	cttj	CTRC971_03880	ribH	6,7-dimethyl-8-ribityllumazine synthase	md:cttj_M00125	I	840624	841097	+
Chlamydia trachomatis RC-J/971	cttj	CTRC971_03235	NA	dihydrofolate reductase	md:cttj_M00126	I	687747	688226	-
Chlamydia trachomatis RC-J/971	cttj	CTRC971_03240	NA	2-amino-4-hydroxy-6-hydroxymethyldihydropteridi ne pyrophosphokinase	md:cttj_M00126	I	688223	689575	-
Chlamydia trachomatis RC-J/971	cttj	CTRC971_03245	NA	dihydroneopterin aldolase	md:cttj_M00126	I	689572	689946	-
Chlamydia trachomatis RC-J/971	cttj	CTRC971_01940	NA	hypothetical protein	md:cttj_M00133	I	422176	422559	+
Chlamydia trachomatis RC-J/971	cttj	CTRC971_00420	NA	bifunctional 5,10-methylene-tetrahydrofolate dehydrogenase/5,10-methylene-tetrahydrofolate cyclohydrolase	md:cttj_M00140	I	92009	92872	-
Chlamydia trachomatis RC-J/971	cttj	CTRC971_02250	NA	serine hydroxymethyltransferase	md:cttj_M00140	I	497270	498763	-
Chlamydia trachomatis RC-J/971	cttj	CTRC971_03115	sdhB	succinate dehydrogenase iron-sulfur subunit	md:cttj_M00149	I	666040	666738	-
Chlamydia trachomatis RC-J/971	cttj	CTRC971_03120	sdhA	succinate dehydrogenase flavoprotein subunit	md:cttj_M00149	I	666817	668697	-
Chlamydia trachomatis RC-J/971	cttj	CTRC971_03125	NA	succinate dehydrogenase cytochrome b558 subunit	md:cttj_M00149	I	668694	669263	-
Chlamydia trachomatis RC-J/971	cttj	CTRC971_00075	NA	cytochrome d ubiquinol oxidase subunit I	md:cttj_M00153	I	13615	14955	+
Chlamydia trachomatis RC-J/971	cttj	CTRC971_00080	NA	cytochrome d ubiquinol oxidase subunit II	md:cttj_M00153	I	14967	16028	+
Chlamydia trachomatis RC-J/971	cttj	CTRC971_01555	NA	V-type ATP synthase subunit K	md:cttj_M00159	I	336629	337054	-
Chlamydia trachomatis RC-J/971	cttj	CTRC971_01560	NA	V-type ATP synthase subunit I	md:cttj_M00159	I	337117	339066	-
Chlamydia trachomatis RC-J/971	cttj	CTRC971_01565	NA	V-type ATP synthase subunit D	md:cttj_M00159	I	339072	339683	-
Chlamydia trachomatis RC-J/971	cttj	CTRC971_01570	NA	V-type ATP synthase subunit B	md:cttj_M00159	I	339668	340984	-
Chlamydia trachomatis RC-J/971	cttj	CTRC971_01575	NA	V-type ATP synthase subunit A	md:cttj_M00159	I	340987	342762	-
Chlamydia trachomatis RC-J/971	cttj	CTRC971_01585	NA	V-type ATP synthase subunit E	md:cttj_M00159	I	343723	344349	-
Chlamydia trachomatis RC-J/971	cttj	CTRC971_01095	NA	ribose-5-phosphate isomerase A	md:cttj_M00165	I	236899	237627	-
Chlamydia trachomatis RC-J/971	cttj	CTRC971_02670	NA	glyceraldehyde-3-phosphate dehydrogenase	md:cttj_M00165	I	579025	580029	-
Chlamydia trachomatis RC-J/971	cttj	CTRC971_03670	pgk	phosphoglycerate kinase	md:cttj_M00165	I	790908	792119	+
Chlamydia trachomatis RC-J/971	cttj	CTRC971_03980	NA	transketolase	md:cttj_M00165	I	877459	879459	+
Chlamydia trachomatis RC-J/971	cttj	CTRC971_02670	NA	glyceraldehyde-3-phosphate dehydrogenase	md:cttj_M00166	I	579025	580029	-
Chlamydia trachomatis RC-J/971	cttj	CTRC971_03670	pgk	phosphoglycerate kinase	md:cttj_M00166	I	790908	792119	+
Chlamydia trachomatis RC-J/971	cttj	CTRC971_01095	NA	ribose-5-phosphate isomerase A	md:cttj_M00167	I	236899	237627	-
Chlamydia trachomatis RC-J/971	cttj	CTRC971_03980	NA	transketolase	md:cttj_M00167	I	877459	879459	+
Chlamydia trachomatis RC-J/971	cttj	CTRC971_01955	NA	malate dehydrogenase	md:cttj_M00168	I	425502	426482	-
Chlamydia trachomatis RC-J/971	cttj	CTRC971_01955	NA	malate dehydrogenase	md:cttj_M00173	I	425502	426482	-
Chlamydia trachomatis RC-J/971	cttj	CTRC971_03115	sdhB	succinate dehydrogenase iron-sulfur subunit	md:cttj_M00173	I	666040	666738	-
Chlamydia trachomatis RC-J/971	cttj	CTRC971_03120	sdhA	succinate dehydrogenase flavoprotein subunit	md:cttj_M00173	I	666817	668697	-
Chlamydia trachomatis RC-J/971	cttj	CTRC971_03125	NA	succinate dehydrogenase cytochrome b558 subunit	md:cttj_M00173	I	668694	669263	-
Chlamydia trachomatis RC-J/971	cttj	CTRC971_04385	sucC	succinyl-CoA synthetase subunit beta	md:cttj_M00173	I	960816	961976	+
Chlamydia trachomatis RC-J/971	cttj	CTRC971_04390	NA	succinyl-CoA synthetase subunit alpha	md:cttj_M00173	I	961991	962866	+
Chlamydia trachomatis RC-J/971	cttj	CTRC971_02270	NA	Putative oxidoreductase	md:cttj_M00176	I	500434	501486	-
Chlamydia trachomatis RC-J/971	cttj	CTRC971_01260	NA	pyruvate dehydrogenase E1 component alpha subunit	md:cttj_M00307	I	269764	270786	+
Chlamydia trachomatis RC-J/971	cttj	CTRC971_01265	NA	pyruvate dehydrogenase E1 component beta subunit	md:cttj_M00307	I	270779	271765	+
Chlamydia trachomatis RC-J/971	cttj	CTRC971_01270	NA	branched-chain alpha-keto acid dehydrogenase subunit E2	md:cttj_M00307	I	271770	273059	+
Chlamydia trachomatis RC-J/971	cttj	CTRC971_02940	NA	dihydrolipoamide dehydrogenase	md:cttj_M00307	I	624976	626373	+
Chlamydia trachomatis RC-J/971	cttj	CTRC971_02670	NA	glyceraldehyde-3-phosphate dehydrogenase	md:cttj_M00308	I	579025	580029	-
Chlamydia trachomatis RC-J/971	cttj	CTRC971_03670	pgk	phosphoglycerate kinase	md:cttj_M00308	I	790908	792119	+
Chlamydia trachomatis RC-J/971	cttj	CTRC971_01055	NA	diphosphate--fructose-6-phosphate 1-phosphotransferase	md:cttj_M00345	I	226274	227935	+
Chlamydia trachomatis RC-J/971	cttj	CTRC971_01955	NA	malate dehydrogenase	md:cttj_M00346	I	425502	426482	-
Chlamydia trachomatis RC-J/971	cttj	CTRC971_02250	NA	serine hydroxymethyltransferase	md:cttj_M00346	I	497270	498763	-
Chlamydia trachomatis RC-J/971	cttj	CTRC971_03095	eno	enolase	md:cttj_M00346	I	657777	659051	+
Chlamydia trachomatis RC-J/971	cttj	CTRC971_03320	NA	dimethylallyltransferase	md:cttj_M00364	I	711423	712298	-
Chlamydia trachomatis RC-J/971	cttj	CTRC971_01955	NA	malate dehydrogenase	md:cttj_M00374	I	425502	426482	-
Chlamydia trachomatis RC-J/971	cttj	CTRC971_03115	sdhB	succinate dehydrogenase iron-sulfur subunit	md:cttj_M00374	I	666040	666738	-
Chlamydia trachomatis RC-J/971	cttj	CTRC971_03120	sdhA	succinate dehydrogenase flavoprotein subunit	md:cttj_M00374	I	666817	668697	-
Chlamydia trachomatis RC-J/971	cttj	CTRC971_03125	NA	succinate dehydrogenase cytochrome b558 subunit	md:cttj_M00374	I	668694	669263	-
Chlamydia trachomatis RC-J/971	cttj	CTRC971_04385	sucC	succinyl-CoA synthetase subunit beta	md:cttj_M00374	I	960816	961976	+
Chlamydia trachomatis RC-J/971	cttj	CTRC971_04390	NA	succinyl-CoA synthetase subunit alpha	md:cttj_M00374	I	961991	962866	+
Chlamydia trachomatis RC-J/971	cttj	CTRC971_00645	NA	acetyl-CoA carboxylase biotin carboxyl carrier protein subunit	md:cttj_M00376	I	139579	140073	+
Chlamydia trachomatis RC-J/971	cttj	CTRC971_00650	NA	acetyl-CoA carboxylase biotin carboxylase subunit	md:cttj_M00376	I	140077	141450	+
Chlamydia trachomatis RC-J/971	cttj	CTRC971_01360	NA	acetyl-CoA carboxylase carboxyltransferase subunit alpha	md:cttj_M00376	I	292598	293572	-
Chlamydia trachomatis RC-J/971	cttj	CTRC971_01505	NA	acetyl-CoA carboxylase subunit beta	md:cttj_M00376	I	322630	323556	-
Chlamydia trachomatis RC-J/971	cttj	CTRC971_03115	sdhB	succinate dehydrogenase iron-sulfur subunit	md:cttj_M00376	I	666040	666738	-
Chlamydia trachomatis RC-J/971	cttj	CTRC971_03120	sdhA	succinate dehydrogenase flavoprotein subunit	md:cttj_M00376	I	666817	668697	-
Chlamydia trachomatis RC-J/971	cttj	CTRC971_03125	NA	succinate dehydrogenase cytochrome b558 subunit	md:cttj_M00376	I	668694	669263	-
Chlamydia trachomatis RC-J/971	cttj	CTRC971_00420	NA	bifunctional 5,10-methylene-tetrahydrofolate dehydrogenase/5,10-methylene-tetrahydrofolate cyclohydrolase	md:cttj_M00377	I	92009	92872	-
Chlamydia trachomatis RC-J/971	cttj	CTRC971_01880	NA	dihydrodipicolinate synthase	md:cttj_M00525	I	408379	409239	-
Chlamydia trachomatis RC-J/971	cttj	CTRC971_01885	NA	aspartate kinase	md:cttj_M00525	I	409249	410544	-
Chlamydia trachomatis RC-J/971	cttj	CTRC971_01890	NA	aspartate-semialdehyde dehydrogenase	md:cttj_M00525	I	410537	411541	-
Chlamydia trachomatis RC-J/971	cttj	CTRC971_01895	NA	dihydrodipicolinate reductase	md:cttj_M00525	I	411551	412312	-
Chlamydia trachomatis RC-J/971	cttj	CTRC971_02240	dapF	diaminopimelate epimerase	md:cttj_M00525	I	495884	496711	-
Chlamydia trachomatis RC-J/971	cttj	CTRC971_01880	NA	dihydrodipicolinate synthase	md:cttj_M00526	I	408379	409239	-
Chlamydia trachomatis RC-J/971	cttj	CTRC971_01885	NA	aspartate kinase	md:cttj_M00526	I	409249	410544	-
Chlamydia trachomatis RC-J/971	cttj	CTRC971_01890	NA	aspartate-semialdehyde dehydrogenase	md:cttj_M00526	I	410537	411541	-
Chlamydia trachomatis RC-J/971	cttj	CTRC971_01895	NA	dihydrodipicolinate reductase	md:cttj_M00526	I	411551	412312	-
Chlamydia trachomatis RC-J/971	cttj	CTRC971_01880	NA	dihydrodipicolinate synthase	md:cttj_M00527	I	408379	409239	-
Chlamydia trachomatis RC-J/971	cttj	CTRC971_01885	NA	aspartate kinase	md:cttj_M00527	I	409249	410544	-
Chlamydia trachomatis RC-J/971	cttj	CTRC971_01890	NA	aspartate-semialdehyde dehydrogenase	md:cttj_M00527	I	410537	411541	-
Chlamydia trachomatis RC-J/971	cttj	CTRC971_01895	NA	dihydrodipicolinate reductase	md:cttj_M00527	I	411551	412312	-
Chlamydia trachomatis RC-J/971	cttj	CTRC971_02025	NA	L,L-diaminopimelate aminotransferase	md:cttj_M00527	I	440807	441991	+
Chlamydia trachomatis RC-J/971	cttj	CTRC971_02240	dapF	diaminopimelate epimerase	md:cttj_M00527	I	495884	496711	-
Chlamydia trachomatis RC-J/971	cttj	CTRC971_01445	NA	glycine cleavage system protein H	md:cttj_M00532	I	309109	309462	-
Chlamydia trachomatis RC-J/971	cttj	CTRC971_02250	NA	serine hydroxymethyltransferase	md:cttj_M00532	I	497270	498763	-
Chlamydia trachomatis RC-J/971	cttj	CTRC971_02940	NA	dihydrolipoamide dehydrogenase	md:cttj_M00532	I	624976	626373	+
Chlamydia trachomatis RC-J/971	cttj	CTRC971_00475	NA	low calcium response protein D (predicted to be part of the TTSS apparatus)	md:cttj_M00542	I	103422	105548	-
Chlamydia trachomatis RC-J/971	cttj	CTRC971_00480	NA	type III secretion system protein	md:cttj_M00542	I	105548	106630	-
Chlamydia trachomatis RC-J/971	cttj	CTRC971_02950	NA	type III secretion system protein, membrane component	md:cttj_M00542	I	627409	628389	+
Chlamydia trachomatis RC-J/971	cttj	CTRC971_02970	NA	type III secretion system protein	md:cttj_M00542	I	630187	631107	+
Chlamydia trachomatis RC-J/971	cttj	CTRC971_02975	NA	type III secretion system, membrane protein	md:cttj_M00542	I	631119	631403	+
Chlamydia trachomatis RC-J/971	cttj	CTRC971_02980	NA	type III secretion system, membrane protein	md:cttj_M00542	I	631410	632279	+
Chlamydia trachomatis RC-J/971	cttj	CTRC971_03545	NA	type III secretion system ATPase	md:cttj_M00542	I	760993	762321	+
Chlamydia trachomatis RC-J/971	cttj	CTRC971_03570	NA	Type III secretion structural protein (outer membrane ring)	md:cttj_M00542	I	766440	769205	+
Chlamydia trachomatis RC-J/971	cttj	CTRC971_02670	NA	glyceraldehyde-3-phosphate dehydrogenase	md:cttj_M00552	I	579025	580029	-
Chlamydia trachomatis RC-J/971	cttj	CTRC971_03670	pgk	phosphoglycerate kinase	md:cttj_M00552	I	790908	792119	+
Chlamydia trachomatis RC-J/971	cttj	CTRC971_00225	NA	putative glycosyl hydrolase	md:cttj_M00565	I	45893	47893	-
Chlamydia trachomatis RC-J/971	cttj	CTRC971_02580	NA	glucose-1-phosphate adenylyltransferase	md:cttj_M00565	I	560811	562136	-
Chlamydia trachomatis RC-J/971	cttj	CTRC971_04240	glgA	glycogen synthase	md:cttj_M00565	I	931431	932855	-
Chlamydia trachomatis RC-J/971	cttj	CTRC971_04655	NA	glycogen branching enzyme	md:cttj_M00565	I	1016726	1018942	+
Chlamydia trachomatis RC-J/971	cttj	CTRC971_00545	NA	enoyl-(acyl carrier protein) reductase	md:cttj_M00572	I	119422	120318	-
Chlamydia trachomatis RC-J/971	cttj	CTRC971_01220	fabG	3-ketoacyl-(acyl-carrier-protein) reductase	md:cttj_M00572	I	260505	261251	-
Chlamydia trachomatis RC-J/971	cttj	CTRC971_02805	fabZ	(3R)-hydroxymyristoyl-ACP dehydratase	md:cttj_M00572	I	595593	596054	-
Chlamydia trachomatis RC-J/971	cttj	CTRC971_04085	NA	3-oxoacyl-(acyl carrier protein) synthase II	md:cttj_M00572	I	899985	901241	+
Chlamydia trachomatis RC-J/971	cttj	CTRC971_04125	NA	8-amino-7-oxononanoate synthase	md:cttj_M00573	I	907405	908538	+
Chlamydia trachomatis RC-J/971	cttj	CTRC971_04125	NA	8-amino-7-oxononanoate synthase	md:cttj_M00577	I	907405	908538	+
Chlamydia trachomatis RC-J/971	cttj	CTRC971_01095	NA	ribose-5-phosphate isomerase A	md:cttj_M00580	I	236899	237627	-
Chlamydia trachomatis RC-J/971	cttj	CTRC971_01955	NA	malate dehydrogenase	md:cttj_M00620	I	425502	426482	-
Chlamydia trachomatis RC-J/971	cttj	CTRC971_04385	sucC	succinyl-CoA synthetase subunit beta	md:cttj_M00620	I	960816	961976	+
Chlamydia trachomatis RC-J/971	cttj	CTRC971_04390	NA	succinyl-CoA synthetase subunit alpha	md:cttj_M00620	I	961991	962866	+
Chlamydia trachomatis RC-J/971	cttj	CTRC971_00475	NA	low calcium response protein D (predicted to be part of the TTSS apparatus)	md:cttj_M00660	I	103422	105548	-
Chlamydia trachomatis RC-J/971	cttj	CTRC971_00480	NA	type III secretion system protein	md:cttj_M00660	I	105548	106630	-
Chlamydia trachomatis RC-J/971	cttj	CTRC971_02950	NA	type III secretion system protein, membrane component	md:cttj_M00660	I	627409	628389	+
Chlamydia trachomatis RC-J/971	cttj	CTRC971_02965	NA	type III secretion system protein	md:cttj_M00660	I	629503	630174	+
Chlamydia trachomatis RC-J/971	cttj	CTRC971_02970	NA	type III secretion system protein	md:cttj_M00660	I	630187	631107	+
Chlamydia trachomatis RC-J/971	cttj	CTRC971_02975	NA	type III secretion system, membrane protein	md:cttj_M00660	I	631119	631403	+
Chlamydia trachomatis RC-J/971	cttj	CTRC971_02980	NA	type III secretion system, membrane protein	md:cttj_M00660	I	631410	632279	+
Chlamydia trachomatis RC-J/971	cttj	CTRC971_03545	NA	type III secretion system ATPase	md:cttj_M00660	I	760993	762321	+
Chlamydia trachomatis RC-J/971	cttj	CTRC971_01955	NA	malate dehydrogenase	md:cttj_M00740	I	425502	426482	-
Chlamydia trachomatis RC-J/971	cttj	CTRC971_01680	NA	N-(5'-phosphoribosyl)anthranilate isomerase	md:cttj_M00840	I	364820	365446	-
Chlamydia trachomatis RC-J/971	cttj	CTRC971_03230	NA	hypothetical protein	md:cttj_M00840	I	687044	687775	-
Chlamydia trachomatis RC-J/971	cttj	CTRC971_03235	NA	dihydrofolate reductase	md:cttj_M00840	I	687747	688226	-
Chlamydia trachomatis RC-J/971	cttj	CTRC971_03240	NA	2-amino-4-hydroxy-6-hydroxymethyldihydropteridi ne pyrophosphokinase	md:cttj_M00840	I	688223	689575	-
Chlamydia trachomatis RC-J/971	cttj	CTRC971_03245	NA	dihydroneopterin aldolase	md:cttj_M00840	I	689572	689946	-
Chlamydia trachomatis RC-J/971	cttj	CTRC971_03875	NA	bifunctional 3,4-dihydroxy-2-butanone 4-phosphate synthase/GTP cyclohydrolase II protein	md:cttj_M00840	I	839381	840655	+
Chlamydia trachomatis RC-J/971	cttj	CTRC971_03240	NA	2-amino-4-hydroxy-6-hydroxymethyldihydropteridi ne pyrophosphokinase	md:cttj_M00841	I	688223	689575	-
Chlamydia trachomatis RC-J/971	cttj	CTRC971_01080	NA	glutamate-1-semialdehyde aminotransferase	md:cttj_M00846	I	234614	235882	+
Chlamydia trachomatis RC-J/971	cttj	CTRC971_01535	NA	porphobilinogen deaminase	md:cttj_M00846	I	328910	329635	+
Chlamydia trachomatis RC-J/971	cttj	CTRC971_02260	hemD	uroporphyrinogen-III synthase	md:cttj_M00846	I	499127	499798	+
Chlamydia trachomatis RC-J/971	cttj	CTRC971_03350	NA	delta-aminolevulinic acid dehydratase	md:cttj_M00846	I	716207	717223	+
Chlamydia trachomatis RC-J/971	cttj	CTRC971_03510	hemA	glutamyl-tRNA reductase	md:cttj_M00846	I	754646	755653	+
Chlamydia trachomatis RC-J/971	cttj	CTRC971_01130	NA	aromatic acid decarboxylase	md:cttj_M00849	I	244986	245564	+
Chlamydia trachomatis RC-J/971	cttj	CTRC971_02580	NA	glucose-1-phosphate adenylyltransferase	md:cttj_M00854	I	560811	562136	-
Chlamydia trachomatis RC-J/971	cttj	CTRC971_04240	glgA	glycogen synthase	md:cttj_M00854	I	931431	932855	-
Chlamydia trachomatis RC-J/971	cttj	CTRC971_04655	NA	glycogen branching enzyme	md:cttj_M00854	I	1016726	1018942	+
Chlamydia trachomatis RC-J/971	cttj	CTRC971_00460	NA	4-alpha-glucanotransferase	md:cttj_M00855	I	100074	101657	-
Chlamydia trachomatis RC-J/971	cttj	CTRC971_01275	NA	glycogen phosphorylase	md:cttj_M00855	I	273086	275530	-
Chlamydia trachomatis RC-J/971	cttj	CTRC971_00060	NA	lipid A biosynthesis lauroyl acyltransferase	md:cttj_M00866	I	9794	11161	-
Chlamydia trachomatis RC-J/971	cttj	CTRC971_01070	NA	3-deoxy-D-manno-octulosonic-acid transferase	md:cttj_M00866	I	230666	231961	-
Chlamydia trachomatis RC-J/971	cttj	CTRC971_01250	lpxD	UDP-3-O-[3-hydroxymyristoyl] glucosamine N-acyltransferase	md:cttj_M00866	I	267285	268349	+
Chlamydia trachomatis RC-J/971	cttj	CTRC971_02090	lpxK	tetraacyldisaccharide 4'-kinase	md:cttj_M00866	I	457400	458509	-
Chlamydia trachomatis RC-J/971	cttj	CTRC971_02135	lpxB	lipid-A-disaccharide synthase	md:cttj_M00866	I	465666	467489	+
Chlamydia trachomatis RC-J/971	cttj	CTRC971_02800	NA	UDP-N-acetylglucosamine acyltransferase	md:cttj_M00866	I	594739	595581	-
Chlamydia trachomatis RC-J/971	cttj	CTRC971_02810	lpxC	UDP-3-O-[3-hydroxymyristoyl] N-acetylglucosamine deacetylase	md:cttj_M00866	I	596051	596911	-
Chlamydia trachomatis RC-J/971	cttj	CTRC971_01535	NA	porphobilinogen deaminase	md:cttj_M00868	I	328910	329635	+
Chlamydia trachomatis RC-J/971	cttj	CTRC971_02260	hemD	uroporphyrinogen-III synthase	md:cttj_M00868	I	499127	499798	+
Chlamydia trachomatis RC-J/971	cttj	CTRC971_02560	hemH	ferrochelatase	md:cttj_M00868	I	557622	558566	-
Chlamydia trachomatis RC-J/971	cttj	CTRC971_03350	NA	delta-aminolevulinic acid dehydratase	md:cttj_M00868	I	716207	717223	+
Chlamydia trachomatis RC-J/971	cttj	CTRC971_03950	NA	protoporphyrinogen oxidase	md:cttj_M00868	I	862152	863426	-
Chlamydia trachomatis RC-J/971	cttj	CTRC971_03960	hemE	uroporphyrinogen decarboxylase	md:cttj_M00868	I	864769	865779	-
Chlamydia trachomatis RC-J/971	cttj	CTRC971_01225	NA	acyl-carrier-protein S-malonyltransferase	md:cttj_M00873	I	261248	262174	-
Chlamydia trachomatis RC-J/971	cttj	CTRC971_04085	NA	3-oxoacyl-(acyl carrier protein) synthase II	md:cttj_M00873	I	899985	901241	+
Chlamydia trachomatis RC-J/971	cttj	CTRC971_01220	fabG	3-ketoacyl-(acyl-carrier-protein) reductase	md:cttj_M00874	I	260505	261251	-
Chlamydia trachomatis RC-J/971	cttj	CTRC971_01225	NA	acyl-carrier-protein S-malonyltransferase	md:cttj_M00874	I	261248	262174	-
Chlamydia trachomatis RC-J/971	cttj	CTRC971_04085	NA	3-oxoacyl-(acyl carrier protein) synthase II	md:cttj_M00874	I	899985	901241	+
Chlamydia trachomatis RC-J/971	cttj	CTRC971_02945	NA	lipoyl synthase	md:cttj_M00881	I	626370	627305	+
Chlamydia trachomatis RC-J/971	cttj	CTRC971_02945	NA	lipoyl synthase	md:cttj_M00882	I	626370	627305	+
Chlamydia trachomatis RC-J/971	cttj	CTRC971_02945	NA	lipoyl synthase	md:cttj_M00883	I	626370	627305	+
Chlamydia trachomatis RC-J/971	cttj	CTRC971_02945	NA	lipoyl synthase	md:cttj_M00884	I	626370	627305	+
Chlamydia trachomatis RC-J/971	cttj	CTRC971_01965	pgi	glucose-6-phosphate isomerase	md:cttj_M00909	I	426927	428504	-
Chlamydia trachomatis RC-J/971	cttj	CTRC971_04350	glmM	phosphoglucosamine mutase	md:cttj_M00909	I	953154	954530	+
Chlamydia trachomatis RC-J/971	cttj	CTRC971_04355	NA	glucosamine--fructose-6-phosphate aminotransferase	md:cttj_M00909	I	954541	956361	+
Chlamydia trachomatis RC-J/971	cttj	CTRC971_02105	NA	riboflavin synthase subunit alpha	md:cttj_M00911	I	460296	460895	-
Chlamydia trachomatis RC-J/971	cttj	CTRC971_03880	ribH	6,7-dimethyl-8-ribityllumazine synthase	md:cttj_M00911	I	840624	841097	+
Chlamydia trachomatis RC-J/971	cttj	CTRC971_01080	NA	glutamate-1-semialdehyde aminotransferase	md:cttj_M00926	I	234614	235882	+
Chlamydia trachomatis RC-J/971	cttj	CTRC971_01535	NA	porphobilinogen deaminase	md:cttj_M00926	I	328910	329635	+
Chlamydia trachomatis RC-J/971	cttj	CTRC971_02260	hemD	uroporphyrinogen-III synthase	md:cttj_M00926	I	499127	499798	+
Chlamydia trachomatis RC-J/971	cttj	CTRC971_02560	hemH	ferrochelatase	md:cttj_M00926	I	557622	558566	-
Chlamydia trachomatis RC-J/971	cttj	CTRC971_03350	NA	delta-aminolevulinic acid dehydratase	md:cttj_M00926	I	716207	717223	+
Chlamydia trachomatis RC-J/971	cttj	CTRC971_03510	hemA	glutamyl-tRNA reductase	md:cttj_M00926	I	754646	755653	+
Chlamydia trachomatis RC-J/971	cttj	CTRC971_03950	NA	protoporphyrinogen oxidase	md:cttj_M00926	I	862152	863426	-
Chlamydia trachomatis RC-J/971	cttj	CTRC971_03960	hemE	uroporphyrinogen decarboxylase	md:cttj_M00926	I	864769	865779	-
Chlamydia trachomatis RC-J/971	cttj	CTRC971_02220	NA	hypothetical protein	md:cttj_M00930	I	492280	493389	+
Chlamydia trachomatis RC-J/971	cttj	CTRC971_04070	NA	hypothetical protein	md:cttj_M00930	I	896337	897389	-
Chlamydia trachomatis RC-J/971	cttj	CTRC971_02220	NA	hypothetical protein	md:cttj_M00931	I	492280	493389	+
Chlamydia trachomatis RC-J/971	cttj	CTRC971_04070	NA	hypothetical protein	md:cttj_M00931	I	896337	897389	-
Chlamydia trachomatis RC-J/971	cttj	CTRC971_00970	tmk	thymidylate kinase	md:cttj_M00938	I	205990	206601	-
Chlamydia trachomatis RC-J/971	cttj	CTRC971_01500	dut	deoxyuridine 5'-triphosphate nucleotidohydrolase	md:cttj_M00938	I	322156	322593	-
Chlamydia trachomatis RC-J/971	cttj	CTRC971_02645	ndk	multifunctional nucleoside diphosphate kinase/apyrimidinic endonuclease/3'-phosphodiesterase	md:cttj_M00938	I	575480	575905	-
Chlamydia trachomatis RC-J/971	cttj	CTRC971_04415	NA	ribonucleotide-diphosphate reductase subunit alpha	md:cttj_M00938	I	970350	973493	+
Chlamydia trachomatis RC-J/971	cttj	CTRC971_04420	NA	ribonucleotide-diphosphate reductase subunit beta	md:cttj_M00938	I	973531	974571	+
Chlamydia trachomatis RC-J/971	cttj	CTRC971_04125	NA	8-amino-7-oxononanoate synthase	md:cttj_M00950	I	907405	908538	+
