Chlamydia trachomatis L2b/UCH-1/proctitis	ctl	CTLon_0062	pgk	phosphoglycerate kinase	md:ctl_M00001	I	74706	75917	+
Chlamydia trachomatis L2b/UCH-1/proctitis	ctl	CTLon_0091	pgmA	phosphoglycerate mutase	md:ctl_M00001	I	113666	114346	-
Chlamydia trachomatis L2b/UCH-1/proctitis	ctl	CTLon_0452	pfkA	pyrophosphate--fructose 6-phosphate 1-phosphotransferase	md:ctl_M00001	I	548554	550215	+
Chlamydia trachomatis L2b/UCH-1/proctitis	ctl	CTLon_0462	dhnA	fructose-bisphosphate aldolase	md:ctl_M00001	I	561949	562995	+
Chlamydia trachomatis L2b/UCH-1/proctitis	ctl	CTLon_0578	tpiS	triosephosphate isomerase	md:ctl_M00001	I	687940	688764	+
Chlamydia trachomatis L2b/UCH-1/proctitis	ctl	CTLon_0583	pykF	pyruvate kinase	md:ctl_M00001	I	692825	694282	+
Chlamydia trachomatis L2b/UCH-1/proctitis	ctl	CTLon_0630	pgi	glucose-6-phosphate isomerase	md:ctl_M00001	I	749224	750801	-
Chlamydia trachomatis L2b/UCH-1/proctitis	ctl	CTLon_0762	gapA	glyceraldehyde 3-phosphate dehydrogenase	md:ctl_M00001	I	901687	902691	-
Chlamydia trachomatis L2b/UCH-1/proctitis	ctl	CTLon_0844	eno	enolase	md:ctl_M00001	I	980433	981707	+
Chlamydia trachomatis L2b/UCH-1/proctitis	ctl	CTLon_0062	pgk	phosphoglycerate kinase	md:ctl_M00002	I	74706	75917	+
Chlamydia trachomatis L2b/UCH-1/proctitis	ctl	CTLon_0091	pgmA	phosphoglycerate mutase	md:ctl_M00002	I	113666	114346	-
Chlamydia trachomatis L2b/UCH-1/proctitis	ctl	CTLon_0578	tpiS	triosephosphate isomerase	md:ctl_M00002	I	687940	688764	+
Chlamydia trachomatis L2b/UCH-1/proctitis	ctl	CTLon_0583	pykF	pyruvate kinase	md:ctl_M00002	I	692825	694282	+
Chlamydia trachomatis L2b/UCH-1/proctitis	ctl	CTLon_0762	gapA	glyceraldehyde 3-phosphate dehydrogenase	md:ctl_M00002	I	901687	902691	-
Chlamydia trachomatis L2b/UCH-1/proctitis	ctl	CTLon_0844	eno	enolase	md:ctl_M00002	I	980433	981707	+
Chlamydia trachomatis L2b/UCH-1/proctitis	ctl	CTLon_0062	pgk	phosphoglycerate kinase	md:ctl_M00003	I	74706	75917	+
Chlamydia trachomatis L2b/UCH-1/proctitis	ctl	CTLon_0079	pckA	phosphoenolpyruvate carboxykinase (GTP)	md:ctl_M00003	I	99220	101019	+
Chlamydia trachomatis L2b/UCH-1/proctitis	ctl	CTLon_0091	pgmA	phosphoglycerate mutase	md:ctl_M00003	I	113666	114346	-
Chlamydia trachomatis L2b/UCH-1/proctitis	ctl	CTLon_0462	dhnA	fructose-bisphosphate aldolase	md:ctl_M00003	I	561949	562995	+
Chlamydia trachomatis L2b/UCH-1/proctitis	ctl	CTLon_0578	tpiS	triosephosphate isomerase	md:ctl_M00003	I	687940	688764	+
Chlamydia trachomatis L2b/UCH-1/proctitis	ctl	CTLon_0762	gapA	glyceraldehyde 3-phosphate dehydrogenase	md:ctl_M00003	I	901687	902691	-
Chlamydia trachomatis L2b/UCH-1/proctitis	ctl	CTLon_0844	eno	enolase	md:ctl_M00003	I	980433	981707	+
Chlamydia trachomatis L2b/UCH-1/proctitis	ctl	CTLon_0119	tktB	transketolase	md:ctl_M00004	I	161268	163268	+
Chlamydia trachomatis L2b/UCH-1/proctitis	ctl	CTLon_0314	gnd	6-phosphogluconate dehydrogenase	md:ctl_M00004	I	395532	396974	+
Chlamydia trachomatis L2b/UCH-1/proctitis	ctl	CTLon_0372	araD	ribulose-phosphate 3-epimerase	md:ctl_M00004	I	460617	461303	+
Chlamydia trachomatis L2b/UCH-1/proctitis	ctl	CTLon_0432	zwf	glucose-6-phosphate 1-dehydrogenase	md:ctl_M00004	I	525069	526592	+
Chlamydia trachomatis L2b/UCH-1/proctitis	ctl	CTLon_0433	devB	6-phosphogluconolactonase	md:ctl_M00004	I	526617	527387	+
Chlamydia trachomatis L2b/UCH-1/proctitis	ctl	CTLon_0460	rpiA	ribose 5-phosphate isomerase	md:ctl_M00004	I	559179	559907	-
Chlamydia trachomatis L2b/UCH-1/proctitis	ctl	CTLon_0561	tal	transaldolase	md:ctl_M00004	I	667894	668877	-
Chlamydia trachomatis L2b/UCH-1/proctitis	ctl	CTLon_0630	pgi	glucose-6-phosphate isomerase	md:ctl_M00004	I	749224	750801	-
Chlamydia trachomatis L2b/UCH-1/proctitis	ctl	CTLon_0314	gnd	6-phosphogluconate dehydrogenase	md:ctl_M00006	I	395532	396974	+
Chlamydia trachomatis L2b/UCH-1/proctitis	ctl	CTLon_0432	zwf	glucose-6-phosphate 1-dehydrogenase	md:ctl_M00006	I	525069	526592	+
Chlamydia trachomatis L2b/UCH-1/proctitis	ctl	CTLon_0433	devB	6-phosphogluconolactonase	md:ctl_M00006	I	526617	527387	+
Chlamydia trachomatis L2b/UCH-1/proctitis	ctl	CTLon_0119	tktB	transketolase	md:ctl_M00007	I	161268	163268	+
Chlamydia trachomatis L2b/UCH-1/proctitis	ctl	CTLon_0372	araD	ribulose-phosphate 3-epimerase	md:ctl_M00007	I	460617	461303	+
Chlamydia trachomatis L2b/UCH-1/proctitis	ctl	CTLon_0460	rpiA	ribose 5-phosphate isomerase	md:ctl_M00007	I	559179	559907	-
Chlamydia trachomatis L2b/UCH-1/proctitis	ctl	CTLon_0561	tal	transaldolase	md:ctl_M00007	I	667894	668877	-
Chlamydia trachomatis L2b/UCH-1/proctitis	ctl	CTLon_0432	zwf	glucose-6-phosphate 1-dehydrogenase	md:ctl_M00008	I	525069	526592	+
Chlamydia trachomatis L2b/UCH-1/proctitis	ctl	CTLon_0433	devB	6-phosphogluconolactonase	md:ctl_M00008	I	526617	527387	+
Chlamydia trachomatis L2b/UCH-1/proctitis	ctl	CTLon_0193	sucC	succinyl-CoA synthetase beta chain	md:ctl_M00009	I	244625	245785	+
Chlamydia trachomatis L2b/UCH-1/proctitis	ctl	CTLon_0194	sucD	succinyl-CoA synthetase alpha chain	md:ctl_M00009	I	245800	246675	+
Chlamydia trachomatis L2b/UCH-1/proctitis	ctl	CTLon_0305	sucA	2-oxoglutarate dehydrogenase E1 component	md:ctl_M00009	I	383270	385981	+
Chlamydia trachomatis L2b/UCH-1/proctitis	ctl	CTLon_0306	sucB	dihydrolipoamide succinyltransferase component (E2) of 2-oxoglutarate dehydrogenase complex	md:ctl_M00009	I	385985	387082	+
Chlamydia trachomatis L2b/UCH-1/proctitis	ctl	CTLon_0628	mdhC	malate dehydrogenase	md:ctl_M00009	I	747799	748779	-
Chlamydia trachomatis L2b/UCH-1/proctitis	ctl	CTLon_0653	sucB	lipoamide acyltransferase component (E2) of branched-chain alpha-keto acid dehydrogenase complex	md:ctl_M00009	I	777050	778216	-
Chlamydia trachomatis L2b/UCH-1/proctitis	ctl	CTLon_0814	lpdA	dihydrolipoamide dehydrogenase	md:ctl_M00009	I	947636	949033	+
Chlamydia trachomatis L2b/UCH-1/proctitis	ctl	CTLon_0848	sdhB	succinate dehydrogenase iron-sulfur protein	md:ctl_M00009	I	988695	989393	-
Chlamydia trachomatis L2b/UCH-1/proctitis	ctl	CTLon_0849	sdhA	succinate dehydrogenase flavoprotein subunit	md:ctl_M00009	I	989472	991352	-
Chlamydia trachomatis L2b/UCH-1/proctitis	ctl	CTLon_0193	sucC	succinyl-CoA synthetase beta chain	md:ctl_M00011	I	244625	245785	+
Chlamydia trachomatis L2b/UCH-1/proctitis	ctl	CTLon_0194	sucD	succinyl-CoA synthetase alpha chain	md:ctl_M00011	I	245800	246675	+
Chlamydia trachomatis L2b/UCH-1/proctitis	ctl	CTLon_0305	sucA	2-oxoglutarate dehydrogenase E1 component	md:ctl_M00011	I	383270	385981	+
Chlamydia trachomatis L2b/UCH-1/proctitis	ctl	CTLon_0306	sucB	dihydrolipoamide succinyltransferase component (E2) of 2-oxoglutarate dehydrogenase complex	md:ctl_M00011	I	385985	387082	+
Chlamydia trachomatis L2b/UCH-1/proctitis	ctl	CTLon_0628	mdhC	malate dehydrogenase	md:ctl_M00011	I	747799	748779	-
Chlamydia trachomatis L2b/UCH-1/proctitis	ctl	CTLon_0653	sucB	lipoamide acyltransferase component (E2) of branched-chain alpha-keto acid dehydrogenase complex	md:ctl_M00011	I	777050	778216	-
Chlamydia trachomatis L2b/UCH-1/proctitis	ctl	CTLon_0814	lpdA	dihydrolipoamide dehydrogenase	md:ctl_M00011	I	947636	949033	+
Chlamydia trachomatis L2b/UCH-1/proctitis	ctl	CTLon_0848	sdhB	succinate dehydrogenase iron-sulfur protein	md:ctl_M00011	I	988695	989393	-
Chlamydia trachomatis L2b/UCH-1/proctitis	ctl	CTLon_0849	sdhA	succinate dehydrogenase flavoprotein subunit	md:ctl_M00011	I	989472	991352	-
Chlamydia trachomatis L2b/UCH-1/proctitis	ctl	CTLon_0628	mdhC	malate dehydrogenase	md:ctl_M00012	I	747799	748779	-
Chlamydia trachomatis L2b/UCH-1/proctitis	ctl	CTLon_0613	dapA	dihydrodipicolinate synthase	md:ctl_M00016	I	730676	731536	-
Chlamydia trachomatis L2b/UCH-1/proctitis	ctl	CTLon_0614	lysC	aspartokinase	md:ctl_M00016	I	731546	732841	-
Chlamydia trachomatis L2b/UCH-1/proctitis	ctl	CTLon_0615	asd	aspartate-semialdehyde dehydrogenase	md:ctl_M00016	I	732834	733838	-
Chlamydia trachomatis L2b/UCH-1/proctitis	ctl	CTLon_0616	dapB	dihydrodipicolinate reductase	md:ctl_M00016	I	733848	734609	-
Chlamydia trachomatis L2b/UCH-1/proctitis	ctl	CTLon_0685	dapF	diaminopimelate epimerase	md:ctl_M00016	I	818187	819014	-
Chlamydia trachomatis L2b/UCH-1/proctitis	ctl	CTLon_0614	lysC	aspartokinase	md:ctl_M00017	I	731546	732841	-
Chlamydia trachomatis L2b/UCH-1/proctitis	ctl	CTLon_0615	asd	aspartate-semialdehyde dehydrogenase	md:ctl_M00017	I	732834	733838	-
Chlamydia trachomatis L2b/UCH-1/proctitis	ctl	CTLon_0614	lysC	aspartokinase	md:ctl_M00018	I	731546	732841	-
Chlamydia trachomatis L2b/UCH-1/proctitis	ctl	CTLon_0615	asd	aspartate-semialdehyde dehydrogenase	md:ctl_M00018	I	732834	733838	-
Chlamydia trachomatis L2b/UCH-1/proctitis	ctl	CTLon_0618	aroA	3-phosphoshikimate 1-carboxyvinyltransferase	md:ctl_M00022	I	736683	738005	+
Chlamydia trachomatis L2b/UCH-1/proctitis	ctl	CTLon_0619	aroL	shikimate kinase	md:ctl_M00022	I	737947	738501	+
Chlamydia trachomatis L2b/UCH-1/proctitis	ctl	CTLon_0620	aroC	chorismate synthase	md:ctl_M00022	I	738494	739567	+
Chlamydia trachomatis L2b/UCH-1/proctitis	ctl	CTLon_0621	aroB	3-dehydroquinate synthase	md:ctl_M00022	I	739564	740685	+
Chlamydia trachomatis L2b/UCH-1/proctitis	ctl	CTLon_0622	aroE	shikimate 5-dehydrogenase	md:ctl_M00022	I	740666	742108	+
Chlamydia trachomatis L2b/UCH-1/proctitis	ctl	CTLon_0634	aroG	phospho-2-dehydro-3-deoxyheptonate aldolase	md:ctl_M00022	I	753941	754777	-
Chlamydia trachomatis L2b/UCH-1/proctitis	ctl	CTLon_0417	trpB	tryptophan synthase beta chain	md:ctl_M00023	I	512076	513254	+
Chlamydia trachomatis L2b/UCH-1/proctitis	ctl	CTLon_0418	trpA	Tryptophan synthase alpha chain	md:ctl_M00023	I	513247	514008	+
Chlamydia trachomatis L2b/UCH-1/proctitis	ctl	CTLon_0306	sucB	dihydrolipoamide succinyltransferase component (E2) of 2-oxoglutarate dehydrogenase complex	md:ctl_M00032	I	385985	387082	+
Chlamydia trachomatis L2b/UCH-1/proctitis	ctl	CTLon_0653	sucB	lipoamide acyltransferase component (E2) of branched-chain alpha-keto acid dehydrogenase complex	md:ctl_M00032	I	777050	778216	-
Chlamydia trachomatis L2b/UCH-1/proctitis	ctl	CTLon_0814	lpdA	dihydrolipoamide dehydrogenase	md:ctl_M00032	I	947636	949033	+
Chlamydia trachomatis L2b/UCH-1/proctitis	ctl	CTLon_0614	lysC	aspartokinase	md:ctl_M00033	I	731546	732841	-
Chlamydia trachomatis L2b/UCH-1/proctitis	ctl	CTLon_0615	asd	aspartate-semialdehyde dehydrogenase	md:ctl_M00033	I	732834	733838	-
Chlamydia trachomatis L2b/UCH-1/proctitis	ctl	CTLon_0307	NA	conserved hypothetical protein	md:ctl_M00034	I	387111	387842	-
Chlamydia trachomatis L2b/UCH-1/proctitis	ctl	CTLon_0592	NA	2-oxoisovalerate dehydrogenase alpha subunit	md:ctl_M00036	I	706104	708140	-
Chlamydia trachomatis L2b/UCH-1/proctitis	ctl	CTLon_0814	lpdA	dihydrolipoamide dehydrogenase	md:ctl_M00036	I	947636	949033	+
Chlamydia trachomatis L2b/UCH-1/proctitis	ctl	CTLon_0379	adk	adenylate kinase	md:ctl_M00049	I	465816	466553	-
Chlamydia trachomatis L2b/UCH-1/proctitis	ctl	CTLon_0757	ndk	nucleoside diphosphate kinase	md:ctl_M00049	I	898142	898567	-
Chlamydia trachomatis L2b/UCH-1/proctitis	ctl	CTLon_0280	gmk	guanylate kinase	md:ctl_M00050	I	356076	356693	+
Chlamydia trachomatis L2b/UCH-1/proctitis	ctl	CTLon_0757	ndk	nucleoside diphosphate kinase	md:ctl_M00050	I	898142	898567	-
Chlamydia trachomatis L2b/UCH-1/proctitis	ctl	CTLon_0047	pyrH	uridylate kinase	md:ctl_M00052	I	55815	56552	-
Chlamydia trachomatis L2b/UCH-1/proctitis	ctl	CTLon_0430	pyrG	CTP synthase	md:ctl_M00052	I	522900	524519	+
Chlamydia trachomatis L2b/UCH-1/proctitis	ctl	CTLon_0757	ndk	nucleoside diphosphate kinase	md:ctl_M00052	I	898142	898567	-
Chlamydia trachomatis L2b/UCH-1/proctitis	ctl	CTLon_0199	nrdA	ribonucleoside-diphosphate reductase alpha chain	md:ctl_M00053	I	254160	257303	+
Chlamydia trachomatis L2b/UCH-1/proctitis	ctl	CTLon_0200	nrdB	ribonucleoside-diphosphate reductase beta chain	md:ctl_M00053	I	257341	258381	+
Chlamydia trachomatis L2b/UCH-1/proctitis	ctl	CTLon_0757	ndk	nucleoside diphosphate kinase	md:ctl_M00053	I	898142	898567	-
Chlamydia trachomatis L2b/UCH-1/proctitis	ctl	CTLon_0260	htrB	lipid A biosynthesis lauroyl acyltransferase	md:ctl_M00060	I	332069	333436	-
Chlamydia trachomatis L2b/UCH-1/proctitis	ctl	CTLon_0455	gseA	3-deoxy-D-manno-octulosonic-acid transferase	md:ctl_M00060	I	552946	554241	-
Chlamydia trachomatis L2b/UCH-1/proctitis	ctl	CTLon_0491	lpxD	UDP-3-O-[3-hydroxymyristoyl] glucosamine N-acyltransferase	md:ctl_M00060	I	589571	590635	+
Chlamydia trachomatis L2b/UCH-1/proctitis	ctl	CTLon_0655	NA	Tetraacyldisaccharide-1-P 4'-kinase	md:ctl_M00060	I	779697	780806	-
Chlamydia trachomatis L2b/UCH-1/proctitis	ctl	CTLon_0664	lpxB	lipid-A-disaccharide synthase	md:ctl_M00060	I	787963	789786	+
Chlamydia trachomatis L2b/UCH-1/proctitis	ctl	CTLon_0788	lpxA	acyl-[acyl-carrier-protein]--UDP-N-acetylglucos amine O-acyltransferase	md:ctl_M00060	I	917401	918243	-
Chlamydia trachomatis L2b/UCH-1/proctitis	ctl	CTLon_0790	lpxC	UDP-3-O-[3-hydroxymyristoyl] N-acetylglucosamine deacetylase	md:ctl_M00060	I	918713	919573	-
Chlamydia trachomatis L2b/UCH-1/proctitis	ctl	CTLon_0024	kdsA	2-dehydro-3-deoxyphosphooctonate aldolase	md:ctl_M00063	I	31294	32103	-
Chlamydia trachomatis L2b/UCH-1/proctitis	ctl	CTLon_0429	kdsB	3-deoxy-manno-octulosonate cytidylyltransferase	md:ctl_M00063	I	522160	522924	+
Chlamydia trachomatis L2b/UCH-1/proctitis	ctl	CTLon_0652	NA	carbohydrate isomerase	md:ctl_M00063	I	776032	777018	-
Chlamydia trachomatis L2b/UCH-1/proctitis	ctl	CTLon_0374	accB	biotin carboxyl carrier protein of acetyl-CoA carboxylase	md:ctl_M00082	I	461860	462354	+
Chlamydia trachomatis L2b/UCH-1/proctitis	ctl	CTLon_0375	accC	biotin carboxylase	md:ctl_M00082	I	462358	463731	+
Chlamydia trachomatis L2b/UCH-1/proctitis	ctl	CTLon_0486	fabD	malonyl-CoA-[acyl-carrier-protein] transacylase	md:ctl_M00082	I	583537	584463	-
Chlamydia trachomatis L2b/UCH-1/proctitis	ctl	CTLon_0487	fabH	3-oxoacyl-[acyl-carrier-protein] synthase III	md:ctl_M00082	I	584480	585463	-
Chlamydia trachomatis L2b/UCH-1/proctitis	ctl	CTLon_0513	accA	acetyl-coenzyme A carboxylase carboxyl transferase subunit alpha	md:ctl_M00082	I	614888	615862	-
Chlamydia trachomatis L2b/UCH-1/proctitis	ctl	CTLon_0541	accD	acetyl-coenzyme A carboxylase carboxyl transferase subunit beta	md:ctl_M00082	I	644932	645858	-
Chlamydia trachomatis L2b/UCH-1/proctitis	ctl	CTLon_0139	fabF	3-oxoacyl-[acyl-carrier-protein] synthase	md:ctl_M00083	I	183794	185050	+
Chlamydia trachomatis L2b/UCH-1/proctitis	ctl	CTLon_0355	fabI	enoyl-acyl-carrier protein reductase	md:ctl_M00083	I	441704	442600	-
Chlamydia trachomatis L2b/UCH-1/proctitis	ctl	CTLon_0485	fabG	3-oxoacyl-[acyl-carrier protein] reductase	md:ctl_M00083	I	582794	583540	-
Chlamydia trachomatis L2b/UCH-1/proctitis	ctl	CTLon_0789	fabZ	(3R)-hydroxymyristoyl-[acyl carrier protein] dehydratase	md:ctl_M00083	I	918255	918716	-
Chlamydia trachomatis L2b/UCH-1/proctitis	ctl	CTLon_0144	NA	1-acyl-sn-glycerol-3-phosphate acyltransferase	md:ctl_M00089	I	188789	189550	+
Chlamydia trachomatis L2b/UCH-1/proctitis	ctl	CTLon_0177	plsB	glycerol-3-phosphate acyltransferase	md:ctl_M00089	I	225293	226294	-
Chlamydia trachomatis L2b/UCH-1/proctitis	ctl	CTLon_0709	plsC	1-acyl-sn-glycerol-3-phosphate acyltransferase	md:ctl_M00089	I	845587	846237	+
Chlamydia trachomatis L2b/UCH-1/proctitis	ctl	CTLon_0068	psdD	phosphatidylserine decarboxylase	md:ctl_M00093	I	81897	82802	+
Chlamydia trachomatis L2b/UCH-1/proctitis	ctl	CTLon_0198	pssA	CDP-diacylglycerol--serine O-phosphatidyltransferase	md:ctl_M00093	I	252734	253525	-
Chlamydia trachomatis L2b/UCH-1/proctitis	ctl	CTLon_0707	cdsA	phosphatidate cytidylyltransferase	md:ctl_M00093	I	844026	844943	+
Chlamydia trachomatis L2b/UCH-1/proctitis	ctl	CTLon_0174	ispE	4-diphosphocytidyl-2-C-methyl-D-erythritol kinase	md:ctl_M00096	I	219671	220537	+
Chlamydia trachomatis L2b/UCH-1/proctitis	ctl	CTLon_0234	ispH	4-hydroxy-3-methylbut-2-enyl diphosphate reductase	md:ctl_M00096	I	291540	292463	+
Chlamydia trachomatis L2b/UCH-1/proctitis	ctl	CTLon_0308	gcpE	1-hydroxy-2-methyl-2-(E)-butenyl 4-diphosphate synthase	md:ctl_M00096	I	387851	389659	-
Chlamydia trachomatis L2b/UCH-1/proctitis	ctl	CTLon_0322	dxr	1-deoxy-D-xylulose 5-phosphate reductoisomerase	md:ctl_M00096	I	406184	407323	+
Chlamydia trachomatis L2b/UCH-1/proctitis	ctl	CTLon_0582	dxs	1-deoxy-D-xylulose 5-phosphate synthase	md:ctl_M00096	I	690806	692728	+
Chlamydia trachomatis L2b/UCH-1/proctitis	ctl	CTLon_0689	ispF	2-C-methyl-D-erythritol 2,4-cyclodiphosphate synthase	md:ctl_M00096	I	822204	822740	+
Chlamydia trachomatis L2b/UCH-1/proctitis	ctl	CTLon_0718	ispD	2-C-methyl-D-erythritol 4-phosphate cytidylyltransferase	md:ctl_M00096	I	856710	857369	+
Chlamydia trachomatis L2b/UCH-1/proctitis	ctl	CTLon_0683	ubiE	ubiquinone/menaquinone biosynthesis methyltransferase	md:ctl_M00116	I	816422	817111	+
Chlamydia trachomatis L2b/UCH-1/proctitis	ctl	CTLon_0466	ubiA	4-hydroxybenzoate polyprenyltransferase	md:ctl_M00117	I	566361	567269	+
Chlamydia trachomatis L2b/UCH-1/proctitis	ctl	CTLon_0467	NA	putative flavoprotein	md:ctl_M00117	I	567266	567844	+
Chlamydia trachomatis L2b/UCH-1/proctitis	ctl	CTLon_0683	ubiE	ubiquinone/menaquinone biosynthesis methyltransferase	md:ctl_M00117	I	816422	817111	+
Chlamydia trachomatis L2b/UCH-1/proctitis	ctl	CTLon_0748	NA	dephospho-CoA kinase	md:ctl_M00120	I	886641	887249	-
Chlamydia trachomatis L2b/UCH-1/proctitis	ctl	CTLon_0001	hemB	delta-aminolevulinic acid dehydratase	md:ctl_M00121	I	1	1017	+
Chlamydia trachomatis L2b/UCH-1/proctitis	ctl	CTLon_0031	hemA	glutamyl-tRNA reductase	md:ctl_M00121	I	38447	39454	+
Chlamydia trachomatis L2b/UCH-1/proctitis	ctl	CTLon_0114	hemG	protoporphyrinogen oxidase	md:ctl_M00121	I	145961	147235	-
Chlamydia trachomatis L2b/UCH-1/proctitis	ctl	CTLon_0115	hemN	coproporphyrinogen oxidase (NAD)	md:ctl_M00121	I	147232	148605	-
Chlamydia trachomatis L2b/UCH-1/proctitis	ctl	CTLon_0116	hemE	uroporphyrinogen decarboxylase	md:ctl_M00121	I	148578	149588	-
Chlamydia trachomatis L2b/UCH-1/proctitis	ctl	CTLon_0303	hemN	oxygen-independent coproporphyrinogen-III oxidase	md:ctl_M00121	I	381372	382502	-
Chlamydia trachomatis L2b/UCH-1/proctitis	ctl	CTLon_0457	hemL	glutamate-1-semialdehyde 2,1-aminomutase	md:ctl_M00121	I	556894	558162	+
Chlamydia trachomatis L2b/UCH-1/proctitis	ctl	CTLon_0547	hemC	porphobilinogen deaminase	md:ctl_M00121	I	651277	651936	+
Chlamydia trachomatis L2b/UCH-1/proctitis	ctl	CTLon_0688	NA	conserved hypothetical protein	md:ctl_M00121	I	821430	822101	+
Chlamydia trachomatis L2b/UCH-1/proctitis	ctl	CTLon_0701	gltX	glutamyl-tRNA synthetase	md:ctl_M00121	I	833225	834745	-
Chlamydia trachomatis L2b/UCH-1/proctitis	ctl	CTLon_0741	hemZ	ferrochelatase	md:ctl_M00121	I	880283	881227	-
Chlamydia trachomatis L2b/UCH-1/proctitis	ctl	CTLon_0146	bioF	8-amino-7-oxononanoate synthase	md:ctl_M00123	I	191214	192347	+
Chlamydia trachomatis L2b/UCH-1/proctitis	ctl	CTLon_0099	ribD	Riboflavin biosynthesis protein (diaminohydroxyphosphoribosylaminopyrimidine deaminase)	md:ctl_M00125	I	121942	123069	+
Chlamydia trachomatis L2b/UCH-1/proctitis	ctl	CTLon_0100	ribA	GTP cyclohydrolase II	md:ctl_M00125	I	123179	124453	+
Chlamydia trachomatis L2b/UCH-1/proctitis	ctl	CTLon_0101	ribH	Riboflavin synthase beta chain (6,7-dimethyl-8-ribityllumazine synthase)	md:ctl_M00125	I	124422	124895	+
Chlamydia trachomatis L2b/UCH-1/proctitis	ctl	CTLon_0344	ribF	riboflavin kinase	md:ctl_M00125	I	430278	431183	-
Chlamydia trachomatis L2b/UCH-1/proctitis	ctl	CTLon_0658	ribC	riboflavin synthase alpha chain	md:ctl_M00125	I	782593	783192	-
Chlamydia trachomatis L2b/UCH-1/proctitis	ctl	CTLon_0870	folA	dihydrofolate reductase	md:ctl_M00126	I	1010402	1010881	-
Chlamydia trachomatis L2b/UCH-1/proctitis	ctl	CTLon_0871	folP	2-amino-4-hydroxy-6-hydroxymethyldihydropteridi ne pyrophosphokinase	md:ctl_M00126	I	1010878	1012230	-
Chlamydia trachomatis L2b/UCH-1/proctitis	ctl	CTLon_0872	folX	dihydroneopterin aldolase	md:ctl_M00126	I	1012227	1012601	-
Chlamydia trachomatis L2b/UCH-1/proctitis	ctl	CTLon_0329	folD	methylenetetrahydrofolate dehydrogenase (NADP+)	md:ctl_M00140	I	414290	415153	-
Chlamydia trachomatis L2b/UCH-1/proctitis	ctl	CTLon_0687	glyA	serine hydroxymethyltransferase	md:ctl_M00140	I	819573	821066	-
Chlamydia trachomatis L2b/UCH-1/proctitis	ctl	CTLon_0848	sdhB	succinate dehydrogenase iron-sulfur protein	md:ctl_M00149	I	988695	989393	-
Chlamydia trachomatis L2b/UCH-1/proctitis	ctl	CTLon_0849	sdhA	succinate dehydrogenase flavoprotein subunit	md:ctl_M00149	I	989472	991352	-
Chlamydia trachomatis L2b/UCH-1/proctitis	ctl	CTLon_0263	cydA	cytochrome d ubiquinol oxidase subunit I	md:ctl_M00153	I	335890	337230	+
Chlamydia trachomatis L2b/UCH-1/proctitis	ctl	CTLon_0264	cydB	cytochrome d ubiquinol oxidase subunit II	md:ctl_M00153	I	337242	338303	+
Chlamydia trachomatis L2b/UCH-1/proctitis	ctl	CTLon_0552	atpK	V-type sodium ATP synthase subunit C	md:ctl_M00159	I	658932	659357	-
Chlamydia trachomatis L2b/UCH-1/proctitis	ctl	CTLon_0553	atpI	V-type sodium ATP synthase subunit I	md:ctl_M00159	I	659419	661368	-
Chlamydia trachomatis L2b/UCH-1/proctitis	ctl	CTLon_0554	atpD	V-type ATP synthase subunit D	md:ctl_M00159	I	661374	661985	-
Chlamydia trachomatis L2b/UCH-1/proctitis	ctl	CTLon_0555	atpB	V-type sodium ATP synthase subunit B	md:ctl_M00159	I	661970	663286	-
Chlamydia trachomatis L2b/UCH-1/proctitis	ctl	CTLon_0556	atpA	V-type ATP synthase alpha chain	md:ctl_M00159	I	663289	665064	-
Chlamydia trachomatis L2b/UCH-1/proctitis	ctl	CTLon_0558	atpE	V-type ATP synthase subunit E	md:ctl_M00159	I	666025	666651	-
Chlamydia trachomatis L2b/UCH-1/proctitis	ctl	CTLon_0062	pgk	phosphoglycerate kinase	md:ctl_M00165	I	74706	75917	+
Chlamydia trachomatis L2b/UCH-1/proctitis	ctl	CTLon_0119	tktB	transketolase	md:ctl_M00165	I	161268	163268	+
Chlamydia trachomatis L2b/UCH-1/proctitis	ctl	CTLon_0460	rpiA	ribose 5-phosphate isomerase	md:ctl_M00165	I	559179	559907	-
Chlamydia trachomatis L2b/UCH-1/proctitis	ctl	CTLon_0762	gapA	glyceraldehyde 3-phosphate dehydrogenase	md:ctl_M00165	I	901687	902691	-
Chlamydia trachomatis L2b/UCH-1/proctitis	ctl	CTLon_0062	pgk	phosphoglycerate kinase	md:ctl_M00166	I	74706	75917	+
Chlamydia trachomatis L2b/UCH-1/proctitis	ctl	CTLon_0762	gapA	glyceraldehyde 3-phosphate dehydrogenase	md:ctl_M00166	I	901687	902691	-
Chlamydia trachomatis L2b/UCH-1/proctitis	ctl	CTLon_0119	tktB	transketolase	md:ctl_M00167	I	161268	163268	+
Chlamydia trachomatis L2b/UCH-1/proctitis	ctl	CTLon_0460	rpiA	ribose 5-phosphate isomerase	md:ctl_M00167	I	559179	559907	-
Chlamydia trachomatis L2b/UCH-1/proctitis	ctl	CTLon_0628	mdhC	malate dehydrogenase	md:ctl_M00168	I	747799	748779	-
Chlamydia trachomatis L2b/UCH-1/proctitis	ctl	CTLon_0193	sucC	succinyl-CoA synthetase beta chain	md:ctl_M00173	I	244625	245785	+
Chlamydia trachomatis L2b/UCH-1/proctitis	ctl	CTLon_0194	sucD	succinyl-CoA synthetase alpha chain	md:ctl_M00173	I	245800	246675	+
Chlamydia trachomatis L2b/UCH-1/proctitis	ctl	CTLon_0628	mdhC	malate dehydrogenase	md:ctl_M00173	I	747799	748779	-
Chlamydia trachomatis L2b/UCH-1/proctitis	ctl	CTLon_0848	sdhB	succinate dehydrogenase iron-sulfur protein	md:ctl_M00173	I	988695	989393	-
Chlamydia trachomatis L2b/UCH-1/proctitis	ctl	CTLon_0849	sdhA	succinate dehydrogenase flavoprotein subunit	md:ctl_M00173	I	989472	991352	-
Chlamydia trachomatis L2b/UCH-1/proctitis	ctl	CTLon_0690	NA	putative oxidoreductase	md:ctl_M00176	I	822737	823789	-
Chlamydia trachomatis L2b/UCH-1/proctitis	ctl	CTLon_0493	pdhA	pyruvate dehydrogenase E1 component alpha subunit	md:ctl_M00307	I	592050	593072	+
Chlamydia trachomatis L2b/UCH-1/proctitis	ctl	CTLon_0494	pdhB	pyruvate dehydrogenase E1 component beta subunit	md:ctl_M00307	I	593065	594051	+
Chlamydia trachomatis L2b/UCH-1/proctitis	ctl	CTLon_0495	pdhC	dihydrolipoamide acetyltransferase component of pyruvate dehydrogenase complex	md:ctl_M00307	I	594056	595345	+
Chlamydia trachomatis L2b/UCH-1/proctitis	ctl	CTLon_0814	lpdA	dihydrolipoamide dehydrogenase	md:ctl_M00307	I	947636	949033	+
Chlamydia trachomatis L2b/UCH-1/proctitis	ctl	CTLon_0062	pgk	phosphoglycerate kinase	md:ctl_M00308	I	74706	75917	+
Chlamydia trachomatis L2b/UCH-1/proctitis	ctl	CTLon_0762	gapA	glyceraldehyde 3-phosphate dehydrogenase	md:ctl_M00308	I	901687	902691	-
Chlamydia trachomatis L2b/UCH-1/proctitis	ctl	CTLon_0452	pfkA	pyrophosphate--fructose 6-phosphate 1-phosphotransferase	md:ctl_M00345	I	548554	550215	+
Chlamydia trachomatis L2b/UCH-1/proctitis	ctl	CTLon_0628	mdhC	malate dehydrogenase	md:ctl_M00346	I	747799	748779	-
Chlamydia trachomatis L2b/UCH-1/proctitis	ctl	CTLon_0687	glyA	serine hydroxymethyltransferase	md:ctl_M00346	I	819573	821066	-
Chlamydia trachomatis L2b/UCH-1/proctitis	ctl	CTLon_0844	eno	enolase	md:ctl_M00346	I	980433	981707	+
Chlamydia trachomatis L2b/UCH-1/proctitis	ctl	CTLon_0886	ispA	dimethylallyltransferase	md:ctl_M00364	I	1034078	1034953	-
Chlamydia trachomatis L2b/UCH-1/proctitis	ctl	CTLon_0193	sucC	succinyl-CoA synthetase beta chain	md:ctl_M00374	I	244625	245785	+
Chlamydia trachomatis L2b/UCH-1/proctitis	ctl	CTLon_0194	sucD	succinyl-CoA synthetase alpha chain	md:ctl_M00374	I	245800	246675	+
Chlamydia trachomatis L2b/UCH-1/proctitis	ctl	CTLon_0628	mdhC	malate dehydrogenase	md:ctl_M00374	I	747799	748779	-
Chlamydia trachomatis L2b/UCH-1/proctitis	ctl	CTLon_0848	sdhB	succinate dehydrogenase iron-sulfur protein	md:ctl_M00374	I	988695	989393	-
Chlamydia trachomatis L2b/UCH-1/proctitis	ctl	CTLon_0849	sdhA	succinate dehydrogenase flavoprotein subunit	md:ctl_M00374	I	989472	991352	-
Chlamydia trachomatis L2b/UCH-1/proctitis	ctl	CTLon_0374	accB	biotin carboxyl carrier protein of acetyl-CoA carboxylase	md:ctl_M00376	I	461860	462354	+
Chlamydia trachomatis L2b/UCH-1/proctitis	ctl	CTLon_0375	accC	biotin carboxylase	md:ctl_M00376	I	462358	463731	+
Chlamydia trachomatis L2b/UCH-1/proctitis	ctl	CTLon_0513	accA	acetyl-coenzyme A carboxylase carboxyl transferase subunit alpha	md:ctl_M00376	I	614888	615862	-
Chlamydia trachomatis L2b/UCH-1/proctitis	ctl	CTLon_0541	accD	acetyl-coenzyme A carboxylase carboxyl transferase subunit beta	md:ctl_M00376	I	644932	645858	-
Chlamydia trachomatis L2b/UCH-1/proctitis	ctl	CTLon_0848	sdhB	succinate dehydrogenase iron-sulfur protein	md:ctl_M00376	I	988695	989393	-
Chlamydia trachomatis L2b/UCH-1/proctitis	ctl	CTLon_0849	sdhA	succinate dehydrogenase flavoprotein subunit	md:ctl_M00376	I	989472	991352	-
Chlamydia trachomatis L2b/UCH-1/proctitis	ctl	CTLon_0329	folD	methylenetetrahydrofolate dehydrogenase (NADP+)	md:ctl_M00377	I	414290	415153	-
Chlamydia trachomatis L2b/UCH-1/proctitis	ctl	CTLon_0613	dapA	dihydrodipicolinate synthase	md:ctl_M00525	I	730676	731536	-
Chlamydia trachomatis L2b/UCH-1/proctitis	ctl	CTLon_0614	lysC	aspartokinase	md:ctl_M00525	I	731546	732841	-
Chlamydia trachomatis L2b/UCH-1/proctitis	ctl	CTLon_0615	asd	aspartate-semialdehyde dehydrogenase	md:ctl_M00525	I	732834	733838	-
Chlamydia trachomatis L2b/UCH-1/proctitis	ctl	CTLon_0616	dapB	dihydrodipicolinate reductase	md:ctl_M00525	I	733848	734609	-
Chlamydia trachomatis L2b/UCH-1/proctitis	ctl	CTLon_0685	dapF	diaminopimelate epimerase	md:ctl_M00525	I	818187	819014	-
Chlamydia trachomatis L2b/UCH-1/proctitis	ctl	CTLon_0613	dapA	dihydrodipicolinate synthase	md:ctl_M00526	I	730676	731536	-
Chlamydia trachomatis L2b/UCH-1/proctitis	ctl	CTLon_0614	lysC	aspartokinase	md:ctl_M00526	I	731546	732841	-
Chlamydia trachomatis L2b/UCH-1/proctitis	ctl	CTLon_0615	asd	aspartate-semialdehyde dehydrogenase	md:ctl_M00526	I	732834	733838	-
Chlamydia trachomatis L2b/UCH-1/proctitis	ctl	CTLon_0616	dapB	dihydrodipicolinate reductase	md:ctl_M00526	I	733848	734609	-
Chlamydia trachomatis L2b/UCH-1/proctitis	ctl	CTLon_0613	dapA	dihydrodipicolinate synthase	md:ctl_M00527	I	730676	731536	-
Chlamydia trachomatis L2b/UCH-1/proctitis	ctl	CTLon_0614	lysC	aspartokinase	md:ctl_M00527	I	731546	732841	-
Chlamydia trachomatis L2b/UCH-1/proctitis	ctl	CTLon_0615	asd	aspartate-semialdehyde dehydrogenase	md:ctl_M00527	I	732834	733838	-
Chlamydia trachomatis L2b/UCH-1/proctitis	ctl	CTLon_0616	dapB	dihydrodipicolinate reductase	md:ctl_M00527	I	733848	734609	-
Chlamydia trachomatis L2b/UCH-1/proctitis	ctl	CTLon_0643	dapL	DAP (diaminopimelic acid) aminotransferase	md:ctl_M00527	I	763104	764288	+
Chlamydia trachomatis L2b/UCH-1/proctitis	ctl	CTLon_0685	dapF	diaminopimelate epimerase	md:ctl_M00527	I	818187	819014	-
Chlamydia trachomatis L2b/UCH-1/proctitis	ctl	CTLon_0530	gcsH	glycine cleavage system H protein	md:ctl_M00532	I	631411	631764	-
Chlamydia trachomatis L2b/UCH-1/proctitis	ctl	CTLon_0687	glyA	serine hydroxymethyltransferase	md:ctl_M00532	I	819573	821066	-
Chlamydia trachomatis L2b/UCH-1/proctitis	ctl	CTLon_0814	lpdA	dihydrolipoamide dehydrogenase	md:ctl_M00532	I	947636	949033	+
Chlamydia trachomatis L2b/UCH-1/proctitis	ctl	CTLon_0038	sctN	ATP synthase (predicted TTSS protein)	md:ctl_M00542	I	44801	46129	+
Chlamydia trachomatis L2b/UCH-1/proctitis	ctl	CTLon_0043	NA	Type III secretion structural protein (outer membrane ring)	md:ctl_M00542	I	50248	53013	+
Chlamydia trachomatis L2b/UCH-1/proctitis	ctl	CTLon_0341	lcrD	low calcium response protein D (predicted to be part of the TTSS apparatus)	md:ctl_M00542	I	425704	427830	-
Chlamydia trachomatis L2b/UCH-1/proctitis	ctl	CTLon_0342	sctU	type III secretion system inner membrane protein	md:ctl_M00542	I	427830	428912	-
Chlamydia trachomatis L2b/UCH-1/proctitis	ctl	CTLon_0816	sctJ	type III secretion system protein, membrane component	md:ctl_M00542	I	950069	951046	+
Chlamydia trachomatis L2b/UCH-1/proctitis	ctl	CTLon_0819	sctR	type III secretion system, membrane protein	md:ctl_M00542	I	952843	953763	+
Chlamydia trachomatis L2b/UCH-1/proctitis	ctl	CTLon_0820	sctS	type III secretion system, membrane protein	md:ctl_M00542	I	953775	954059	+
Chlamydia trachomatis L2b/UCH-1/proctitis	ctl	CTLon_0821	sctT	type III secretion system, membrane protein	md:ctl_M00542	I	954066	954935	+
Chlamydia trachomatis L2b/UCH-1/proctitis	ctl	CTLon_0062	pgk	phosphoglycerate kinase	md:ctl_M00552	I	74706	75917	+
Chlamydia trachomatis L2b/UCH-1/proctitis	ctl	CTLon_0762	gapA	glyceraldehyde 3-phosphate dehydrogenase	md:ctl_M00552	I	901687	902691	-
Chlamydia trachomatis L2b/UCH-1/proctitis	ctl	CTLon_0168	glgA	glycogen synthase	md:ctl_M00565	I	215240	216664	-
Chlamydia trachomatis L2b/UCH-1/proctitis	ctl	CTLon_0241	glgB	1,4-alpha-glucan branching enzyme	md:ctl_M00565	I	300537	302753	+
Chlamydia trachomatis L2b/UCH-1/proctitis	ctl	CTLon_0293	NA	putative glycosyl hydrolase	md:ctl_M00565	I	368170	370170	-
Chlamydia trachomatis L2b/UCH-1/proctitis	ctl	CTLon_0745	glgC	glucose-1-phosphate adenylyltransferase	md:ctl_M00565	I	883472	884797	-
Chlamydia trachomatis L2b/UCH-1/proctitis	ctl	CTLon_0139	fabF	3-oxoacyl-[acyl-carrier-protein] synthase	md:ctl_M00572	I	183794	185050	+
Chlamydia trachomatis L2b/UCH-1/proctitis	ctl	CTLon_0355	fabI	enoyl-acyl-carrier protein reductase	md:ctl_M00572	I	441704	442600	-
Chlamydia trachomatis L2b/UCH-1/proctitis	ctl	CTLon_0485	fabG	3-oxoacyl-[acyl-carrier protein] reductase	md:ctl_M00572	I	582794	583540	-
Chlamydia trachomatis L2b/UCH-1/proctitis	ctl	CTLon_0789	fabZ	(3R)-hydroxymyristoyl-[acyl carrier protein] dehydratase	md:ctl_M00572	I	918255	918716	-
Chlamydia trachomatis L2b/UCH-1/proctitis	ctl	CTLon_0146	bioF	8-amino-7-oxononanoate synthase	md:ctl_M00573	I	191214	192347	+
Chlamydia trachomatis L2b/UCH-1/proctitis	ctl	CTLon_0146	bioF	8-amino-7-oxononanoate synthase	md:ctl_M00577	I	191214	192347	+
Chlamydia trachomatis L2b/UCH-1/proctitis	ctl	CTLon_0460	rpiA	ribose 5-phosphate isomerase	md:ctl_M00580	I	559179	559907	-
Chlamydia trachomatis L2b/UCH-1/proctitis	ctl	CTLon_0193	sucC	succinyl-CoA synthetase beta chain	md:ctl_M00620	I	244625	245785	+
Chlamydia trachomatis L2b/UCH-1/proctitis	ctl	CTLon_0194	sucD	succinyl-CoA synthetase alpha chain	md:ctl_M00620	I	245800	246675	+
Chlamydia trachomatis L2b/UCH-1/proctitis	ctl	CTLon_0628	mdhC	malate dehydrogenase	md:ctl_M00620	I	747799	748779	-
Chlamydia trachomatis L2b/UCH-1/proctitis	ctl	CTLon_0038	sctN	ATP synthase (predicted TTSS protein)	md:ctl_M00660	I	44801	46129	+
Chlamydia trachomatis L2b/UCH-1/proctitis	ctl	CTLon_0341	lcrD	low calcium response protein D (predicted to be part of the TTSS apparatus)	md:ctl_M00660	I	425704	427830	-
Chlamydia trachomatis L2b/UCH-1/proctitis	ctl	CTLon_0342	sctU	type III secretion system inner membrane protein	md:ctl_M00660	I	427830	428912	-
Chlamydia trachomatis L2b/UCH-1/proctitis	ctl	CTLon_0816	sctJ	type III secretion system protein, membrane component	md:ctl_M00660	I	950069	951046	+
Chlamydia trachomatis L2b/UCH-1/proctitis	ctl	CTLon_0818	sctL	type III secretion system protein	md:ctl_M00660	I	952159	952830	+
Chlamydia trachomatis L2b/UCH-1/proctitis	ctl	CTLon_0819	sctR	type III secretion system, membrane protein	md:ctl_M00660	I	952843	953763	+
Chlamydia trachomatis L2b/UCH-1/proctitis	ctl	CTLon_0820	sctS	type III secretion system, membrane protein	md:ctl_M00660	I	953775	954059	+
Chlamydia trachomatis L2b/UCH-1/proctitis	ctl	CTLon_0821	sctT	type III secretion system, membrane protein	md:ctl_M00660	I	954066	954935	+
Chlamydia trachomatis L2b/UCH-1/proctitis	ctl	CTLon_0628	mdhC	malate dehydrogenase	md:ctl_M00740	I	747799	748779	-
Chlamydia trachomatis L2b/UCH-1/proctitis	ctl	CTLon_0100	ribA	GTP cyclohydrolase II	md:ctl_M00840	I	123179	124453	+
Chlamydia trachomatis L2b/UCH-1/proctitis	ctl	CTLon_0577	trpC	N-(5'-phosphoribosyl)anthranilate isomerase	md:ctl_M00840	I	687118	687744	-
Chlamydia trachomatis L2b/UCH-1/proctitis	ctl	CTLon_0869	NA	conserved hypothetical protein	md:ctl_M00840	I	1009699	1010430	-
Chlamydia trachomatis L2b/UCH-1/proctitis	ctl	CTLon_0870	folA	dihydrofolate reductase	md:ctl_M00840	I	1010402	1010881	-
Chlamydia trachomatis L2b/UCH-1/proctitis	ctl	CTLon_0871	folP	2-amino-4-hydroxy-6-hydroxymethyldihydropteridi ne pyrophosphokinase	md:ctl_M00840	I	1010878	1012230	-
Chlamydia trachomatis L2b/UCH-1/proctitis	ctl	CTLon_0872	folX	dihydroneopterin aldolase	md:ctl_M00840	I	1012227	1012601	-
Chlamydia trachomatis L2b/UCH-1/proctitis	ctl	CTLon_0871	folP	2-amino-4-hydroxy-6-hydroxymethyldihydropteridi ne pyrophosphokinase	md:ctl_M00841	I	1010878	1012230	-
Chlamydia trachomatis L2b/UCH-1/proctitis	ctl	CTLon_0001	hemB	delta-aminolevulinic acid dehydratase	md:ctl_M00846	I	1	1017	+
Chlamydia trachomatis L2b/UCH-1/proctitis	ctl	CTLon_0031	hemA	glutamyl-tRNA reductase	md:ctl_M00846	I	38447	39454	+
Chlamydia trachomatis L2b/UCH-1/proctitis	ctl	CTLon_0457	hemL	glutamate-1-semialdehyde 2,1-aminomutase	md:ctl_M00846	I	556894	558162	+
Chlamydia trachomatis L2b/UCH-1/proctitis	ctl	CTLon_0547	hemC	porphobilinogen deaminase	md:ctl_M00846	I	651277	651936	+
Chlamydia trachomatis L2b/UCH-1/proctitis	ctl	CTLon_0688	NA	conserved hypothetical protein	md:ctl_M00846	I	821430	822101	+
Chlamydia trachomatis L2b/UCH-1/proctitis	ctl	CTLon_0467	NA	putative flavoprotein	md:ctl_M00849	I	567266	567844	+
Chlamydia trachomatis L2b/UCH-1/proctitis	ctl	CTLon_0168	glgA	glycogen synthase	md:ctl_M00854	I	215240	216664	-
Chlamydia trachomatis L2b/UCH-1/proctitis	ctl	CTLon_0241	glgB	1,4-alpha-glucan branching enzyme	md:ctl_M00854	I	300537	302753	+
Chlamydia trachomatis L2b/UCH-1/proctitis	ctl	CTLon_0745	glgC	glucose-1-phosphate adenylyltransferase	md:ctl_M00854	I	883472	884797	-
Chlamydia trachomatis L2b/UCH-1/proctitis	ctl	CTLon_0338	malQ	4-alpha-glucanotransferase	md:ctl_M00855	I	422356	423939	-
Chlamydia trachomatis L2b/UCH-1/proctitis	ctl	CTLon_0496	glgP	glycogen phosphorylase	md:ctl_M00855	I	595372	597816	-
Chlamydia trachomatis L2b/UCH-1/proctitis	ctl	CTLon_0260	htrB	lipid A biosynthesis lauroyl acyltransferase	md:ctl_M00866	I	332069	333436	-
Chlamydia trachomatis L2b/UCH-1/proctitis	ctl	CTLon_0455	gseA	3-deoxy-D-manno-octulosonic-acid transferase	md:ctl_M00866	I	552946	554241	-
Chlamydia trachomatis L2b/UCH-1/proctitis	ctl	CTLon_0491	lpxD	UDP-3-O-[3-hydroxymyristoyl] glucosamine N-acyltransferase	md:ctl_M00866	I	589571	590635	+
Chlamydia trachomatis L2b/UCH-1/proctitis	ctl	CTLon_0655	NA	Tetraacyldisaccharide-1-P 4'-kinase	md:ctl_M00866	I	779697	780806	-
Chlamydia trachomatis L2b/UCH-1/proctitis	ctl	CTLon_0664	lpxB	lipid-A-disaccharide synthase	md:ctl_M00866	I	787963	789786	+
Chlamydia trachomatis L2b/UCH-1/proctitis	ctl	CTLon_0788	lpxA	acyl-[acyl-carrier-protein]--UDP-N-acetylglucos amine O-acyltransferase	md:ctl_M00866	I	917401	918243	-
Chlamydia trachomatis L2b/UCH-1/proctitis	ctl	CTLon_0790	lpxC	UDP-3-O-[3-hydroxymyristoyl] N-acetylglucosamine deacetylase	md:ctl_M00866	I	918713	919573	-
Chlamydia trachomatis L2b/UCH-1/proctitis	ctl	CTLon_0001	hemB	delta-aminolevulinic acid dehydratase	md:ctl_M00868	I	1	1017	+
Chlamydia trachomatis L2b/UCH-1/proctitis	ctl	CTLon_0114	hemG	protoporphyrinogen oxidase	md:ctl_M00868	I	145961	147235	-
Chlamydia trachomatis L2b/UCH-1/proctitis	ctl	CTLon_0116	hemE	uroporphyrinogen decarboxylase	md:ctl_M00868	I	148578	149588	-
Chlamydia trachomatis L2b/UCH-1/proctitis	ctl	CTLon_0547	hemC	porphobilinogen deaminase	md:ctl_M00868	I	651277	651936	+
Chlamydia trachomatis L2b/UCH-1/proctitis	ctl	CTLon_0688	NA	conserved hypothetical protein	md:ctl_M00868	I	821430	822101	+
Chlamydia trachomatis L2b/UCH-1/proctitis	ctl	CTLon_0741	hemZ	ferrochelatase	md:ctl_M00868	I	880283	881227	-
Chlamydia trachomatis L2b/UCH-1/proctitis	ctl	CTLon_0139	fabF	3-oxoacyl-[acyl-carrier-protein] synthase	md:ctl_M00873	I	183794	185050	+
Chlamydia trachomatis L2b/UCH-1/proctitis	ctl	CTLon_0486	fabD	malonyl-CoA-[acyl-carrier-protein] transacylase	md:ctl_M00873	I	583537	584463	-
Chlamydia trachomatis L2b/UCH-1/proctitis	ctl	CTLon_0139	fabF	3-oxoacyl-[acyl-carrier-protein] synthase	md:ctl_M00874	I	183794	185050	+
Chlamydia trachomatis L2b/UCH-1/proctitis	ctl	CTLon_0485	fabG	3-oxoacyl-[acyl-carrier protein] reductase	md:ctl_M00874	I	582794	583540	-
Chlamydia trachomatis L2b/UCH-1/proctitis	ctl	CTLon_0486	fabD	malonyl-CoA-[acyl-carrier-protein] transacylase	md:ctl_M00874	I	583537	584463	-
Chlamydia trachomatis L2b/UCH-1/proctitis	ctl	CTLon_0815	lipA	lipoic acid synthetase	md:ctl_M00881	I	949030	949965	+
Chlamydia trachomatis L2b/UCH-1/proctitis	ctl	CTLon_0815	lipA	lipoic acid synthetase	md:ctl_M00882	I	949030	949965	+
Chlamydia trachomatis L2b/UCH-1/proctitis	ctl	CTLon_0815	lipA	lipoic acid synthetase	md:ctl_M00883	I	949030	949965	+
Chlamydia trachomatis L2b/UCH-1/proctitis	ctl	CTLon_0815	lipA	lipoic acid synthetase	md:ctl_M00884	I	949030	949965	+
Chlamydia trachomatis L2b/UCH-1/proctitis	ctl	CTLon_0187	NA	phosphoglucosamine mutase	md:ctl_M00909	I	236963	238339	+
Chlamydia trachomatis L2b/UCH-1/proctitis	ctl	CTLon_0188	glmS	glucosamine--fructose-6-phosphate aminotransferase	md:ctl_M00909	I	238350	240170	+
Chlamydia trachomatis L2b/UCH-1/proctitis	ctl	CTLon_0630	pgi	glucose-6-phosphate isomerase	md:ctl_M00909	I	749224	750801	-
Chlamydia trachomatis L2b/UCH-1/proctitis	ctl	CTLon_0101	ribH	Riboflavin synthase beta chain (6,7-dimethyl-8-ribityllumazine synthase)	md:ctl_M00911	I	124422	124895	+
Chlamydia trachomatis L2b/UCH-1/proctitis	ctl	CTLon_0658	ribC	riboflavin synthase alpha chain	md:ctl_M00911	I	782593	783192	-
Chlamydia trachomatis L2b/UCH-1/proctitis	ctl	CTLon_0001	hemB	delta-aminolevulinic acid dehydratase	md:ctl_M00926	I	1	1017	+
Chlamydia trachomatis L2b/UCH-1/proctitis	ctl	CTLon_0031	hemA	glutamyl-tRNA reductase	md:ctl_M00926	I	38447	39454	+
Chlamydia trachomatis L2b/UCH-1/proctitis	ctl	CTLon_0114	hemG	protoporphyrinogen oxidase	md:ctl_M00926	I	145961	147235	-
Chlamydia trachomatis L2b/UCH-1/proctitis	ctl	CTLon_0116	hemE	uroporphyrinogen decarboxylase	md:ctl_M00926	I	148578	149588	-
Chlamydia trachomatis L2b/UCH-1/proctitis	ctl	CTLon_0457	hemL	glutamate-1-semialdehyde 2,1-aminomutase	md:ctl_M00926	I	556894	558162	+
Chlamydia trachomatis L2b/UCH-1/proctitis	ctl	CTLon_0547	hemC	porphobilinogen deaminase	md:ctl_M00926	I	651277	651936	+
Chlamydia trachomatis L2b/UCH-1/proctitis	ctl	CTLon_0688	NA	conserved hypothetical protein	md:ctl_M00926	I	821430	822101	+
Chlamydia trachomatis L2b/UCH-1/proctitis	ctl	CTLon_0741	hemZ	ferrochelatase	md:ctl_M00926	I	880283	881227	-
Chlamydia trachomatis L2b/UCH-1/proctitis	ctl	CTLon_0136	NA	conserved hypothetical protein	md:ctl_M00930	I	180146	181198	-
Chlamydia trachomatis L2b/UCH-1/proctitis	ctl	CTLon_0681	NA	conserved hypothetical protein	md:ctl_M00930	I	814583	815692	+
Chlamydia trachomatis L2b/UCH-1/proctitis	ctl	CTLon_0136	NA	conserved hypothetical protein	md:ctl_M00931	I	180146	181198	-
Chlamydia trachomatis L2b/UCH-1/proctitis	ctl	CTLon_0681	NA	conserved hypothetical protein	md:ctl_M00931	I	814583	815692	+
Chlamydia trachomatis L2b/UCH-1/proctitis	ctl	CTLon_0199	nrdA	ribonucleoside-diphosphate reductase alpha chain	md:ctl_M00938	I	254160	257303	+
Chlamydia trachomatis L2b/UCH-1/proctitis	ctl	CTLon_0200	nrdB	ribonucleoside-diphosphate reductase beta chain	md:ctl_M00938	I	257341	258381	+
Chlamydia trachomatis L2b/UCH-1/proctitis	ctl	CTLon_0435	tdk	thymidylate kinase	md:ctl_M00938	I	528270	528881	-
Chlamydia trachomatis L2b/UCH-1/proctitis	ctl	CTLon_0540	dut	deoxyuridine 5'-triphosphate nucleotidohydrolase	md:ctl_M00938	I	644458	644895	-
Chlamydia trachomatis L2b/UCH-1/proctitis	ctl	CTLon_0757	ndk	nucleoside diphosphate kinase	md:ctl_M00938	I	898142	898567	-
Chlamydia trachomatis L2b/UCH-1/proctitis	ctl	CTLon_0146	bioF	8-amino-7-oxononanoate synthase	md:ctl_M00950	I	191214	192347	+
