Chlamydia trachomatis L2b/Canada2	ctln	L2BCAN2_00207	NA	diphosphate--fructose-6-phosphate 1-phosphotransferase	md:ctln_M00001	I	226732	228393	+
Chlamydia trachomatis L2b/Canada2	ctln	L2BCAN2_00219	NA	fructose-bisphosphate aldolase	md:ctln_M00001	I	240127	241173	+
Chlamydia trachomatis L2b/Canada2	ctln	L2BCAN2_00338	NA	triosephosphate isomerase	md:ctln_M00001	I	366118	366942	+
Chlamydia trachomatis L2b/Canada2	ctln	L2BCAN2_00343	NA	pyruvate kinase	md:ctln_M00001	I	371003	372460	+
Chlamydia trachomatis L2b/Canada2	ctln	L2BCAN2_00392	NA	glucose-6-phosphate isomerase	md:ctln_M00001	I	427402	428979	-
Chlamydia trachomatis L2b/Canada2	ctln	L2BCAN2_00532	NA	glyceraldehyde-3-phosphate dehydrogenase A	md:ctln_M00001	I	579865	580869	-
Chlamydia trachomatis L2b/Canada2	ctln	L2BCAN2_00615	NA	enolase	md:ctln_M00001	I	658612	659886	+
Chlamydia trachomatis L2b/Canada2	ctln	L2BCAN2_00733	NA	bifunctional phosphoglycerate kinase/triosephosphate isomerase	md:ctln_M00001	I	791748	792959	+
Chlamydia trachomatis L2b/Canada2	ctln	L2BCAN2_00763	NA	phosphoglyceromutase	md:ctln_M00001	I	830708	831388	-
Chlamydia trachomatis L2b/Canada2	ctln	L2BCAN2_00338	NA	triosephosphate isomerase	md:ctln_M00002	I	366118	366942	+
Chlamydia trachomatis L2b/Canada2	ctln	L2BCAN2_00343	NA	pyruvate kinase	md:ctln_M00002	I	371003	372460	+
Chlamydia trachomatis L2b/Canada2	ctln	L2BCAN2_00532	NA	glyceraldehyde-3-phosphate dehydrogenase A	md:ctln_M00002	I	579865	580869	-
Chlamydia trachomatis L2b/Canada2	ctln	L2BCAN2_00615	NA	enolase	md:ctln_M00002	I	658612	659886	+
Chlamydia trachomatis L2b/Canada2	ctln	L2BCAN2_00733	NA	bifunctional phosphoglycerate kinase/triosephosphate isomerase	md:ctln_M00002	I	791748	792959	+
Chlamydia trachomatis L2b/Canada2	ctln	L2BCAN2_00763	NA	phosphoglyceromutase	md:ctln_M00002	I	830708	831388	-
Chlamydia trachomatis L2b/Canada2	ctln	L2BCAN2_00219	NA	fructose-bisphosphate aldolase	md:ctln_M00003	I	240127	241173	+
Chlamydia trachomatis L2b/Canada2	ctln	L2BCAN2_00338	NA	triosephosphate isomerase	md:ctln_M00003	I	366118	366942	+
Chlamydia trachomatis L2b/Canada2	ctln	L2BCAN2_00532	NA	glyceraldehyde-3-phosphate dehydrogenase A	md:ctln_M00003	I	579865	580869	-
Chlamydia trachomatis L2b/Canada2	ctln	L2BCAN2_00615	NA	enolase	md:ctln_M00003	I	658612	659886	+
Chlamydia trachomatis L2b/Canada2	ctln	L2BCAN2_00733	NA	bifunctional phosphoglycerate kinase/triosephosphate isomerase	md:ctln_M00003	I	791748	792959	+
Chlamydia trachomatis L2b/Canada2	ctln	L2BCAN2_00751	NA	phosphoenolpyruvate carboxykinase	md:ctln_M00003	I	816262	818061	+
Chlamydia trachomatis L2b/Canada2	ctln	L2BCAN2_00763	NA	phosphoglyceromutase	md:ctln_M00003	I	830708	831388	-
Chlamydia trachomatis L2b/Canada2	ctln	L2BCAN2_00066	NA	6-phosphogluconate dehydrogenase	md:ctln_M00004	I	73710	75152	+
Chlamydia trachomatis L2b/Canada2	ctln	L2BCAN2_00123	NA	ribulose-phosphate 3-epimerase	md:ctln_M00004	I	138795	139481	+
Chlamydia trachomatis L2b/Canada2	ctln	L2BCAN2_00187	NA	glucose-6-phosphate 1-dehydrogenase	md:ctln_M00004	I	203247	204770	+
Chlamydia trachomatis L2b/Canada2	ctln	L2BCAN2_00188	NA	glucosamine-6-phosphate deaminase	md:ctln_M00004	I	204795	205565	+
Chlamydia trachomatis L2b/Canada2	ctln	L2BCAN2_00217	NA	ribose-5-phosphate isomerase A	md:ctln_M00004	I	237357	238085	-
Chlamydia trachomatis L2b/Canada2	ctln	L2BCAN2_00319	NA	transaldolase B	md:ctln_M00004	I	346072	347055	-
Chlamydia trachomatis L2b/Canada2	ctln	L2BCAN2_00392	NA	glucose-6-phosphate isomerase	md:ctln_M00004	I	427402	428979	-
Chlamydia trachomatis L2b/Canada2	ctln	L2BCAN2_00796	NA	transketolase	md:ctln_M00004	I	878310	880310	+
Chlamydia trachomatis L2b/Canada2	ctln	L2BCAN2_00066	NA	6-phosphogluconate dehydrogenase	md:ctln_M00006	I	73710	75152	+
Chlamydia trachomatis L2b/Canada2	ctln	L2BCAN2_00187	NA	glucose-6-phosphate 1-dehydrogenase	md:ctln_M00006	I	203247	204770	+
Chlamydia trachomatis L2b/Canada2	ctln	L2BCAN2_00188	NA	glucosamine-6-phosphate deaminase	md:ctln_M00006	I	204795	205565	+
Chlamydia trachomatis L2b/Canada2	ctln	L2BCAN2_00123	NA	ribulose-phosphate 3-epimerase	md:ctln_M00007	I	138795	139481	+
Chlamydia trachomatis L2b/Canada2	ctln	L2BCAN2_00217	NA	ribose-5-phosphate isomerase A	md:ctln_M00007	I	237357	238085	-
Chlamydia trachomatis L2b/Canada2	ctln	L2BCAN2_00319	NA	transaldolase B	md:ctln_M00007	I	346072	347055	-
Chlamydia trachomatis L2b/Canada2	ctln	L2BCAN2_00796	NA	transketolase	md:ctln_M00007	I	878310	880310	+
Chlamydia trachomatis L2b/Canada2	ctln	L2BCAN2_00187	NA	glucose-6-phosphate 1-dehydrogenase	md:ctln_M00008	I	203247	204770	+
Chlamydia trachomatis L2b/Canada2	ctln	L2BCAN2_00188	NA	glucosamine-6-phosphate deaminase	md:ctln_M00008	I	204795	205565	+
Chlamydia trachomatis L2b/Canada2	ctln	L2BCAN2_00056	NA	2-oxoglutarate dehydrogenase E1 component	md:ctln_M00009	I	61448	64159	+
Chlamydia trachomatis L2b/Canada2	ctln	L2BCAN2_00057	NA	dihydrolipoamide succinyltransferase	md:ctln_M00009	I	64163	65260	+
Chlamydia trachomatis L2b/Canada2	ctln	L2BCAN2_00390	NA	malate dehydrogenase	md:ctln_M00009	I	425977	426957	-
Chlamydia trachomatis L2b/Canada2	ctln	L2BCAN2_00415	NA	branched-chain alpha-keto acid dehydrogenase subunit E2	md:ctln_M00009	I	455228	456394	-
Chlamydia trachomatis L2b/Canada2	ctln	L2BCAN2_00585	NA	dihydrolipoamide dehydrogenase	md:ctln_M00009	I	625815	627212	+
Chlamydia trachomatis L2b/Canada2	ctln	L2BCAN2_00619	NA	succinate dehydrogenase iron-sulfur subunit	md:ctln_M00009	I	666874	667533	-
Chlamydia trachomatis L2b/Canada2	ctln	L2BCAN2_00620	NA	succinate dehydrogenase flavoprotein subunit	md:ctln_M00009	I	667651	669531	-
Chlamydia trachomatis L2b/Canada2	ctln	L2BCAN2_00621	NA	Succinate dehydrogenase/fumarate reductase, cytochrome b subunit	md:ctln_M00009	I	669528	670097	-
Chlamydia trachomatis L2b/Canada2	ctln	L2BCAN2_00873	NA	succinyl-CoA synthetase subunit beta	md:ctln_M00009	I	961667	962827	+
Chlamydia trachomatis L2b/Canada2	ctln	L2BCAN2_00874	NA	succinyl-CoA synthetase subunit alpha	md:ctln_M00009	I	962842	963717	+
Chlamydia trachomatis L2b/Canada2	ctln	L2BCAN2_00912	NA	fumarate hydratase	md:ctln_M00009	I	1002014	1002793	+
Chlamydia trachomatis L2b/Canada2	ctln	L2BCAN2_00056	NA	2-oxoglutarate dehydrogenase E1 component	md:ctln_M00011	I	61448	64159	+
Chlamydia trachomatis L2b/Canada2	ctln	L2BCAN2_00057	NA	dihydrolipoamide succinyltransferase	md:ctln_M00011	I	64163	65260	+
Chlamydia trachomatis L2b/Canada2	ctln	L2BCAN2_00390	NA	malate dehydrogenase	md:ctln_M00011	I	425977	426957	-
Chlamydia trachomatis L2b/Canada2	ctln	L2BCAN2_00415	NA	branched-chain alpha-keto acid dehydrogenase subunit E2	md:ctln_M00011	I	455228	456394	-
Chlamydia trachomatis L2b/Canada2	ctln	L2BCAN2_00585	NA	dihydrolipoamide dehydrogenase	md:ctln_M00011	I	625815	627212	+
Chlamydia trachomatis L2b/Canada2	ctln	L2BCAN2_00619	NA	succinate dehydrogenase iron-sulfur subunit	md:ctln_M00011	I	666874	667533	-
Chlamydia trachomatis L2b/Canada2	ctln	L2BCAN2_00620	NA	succinate dehydrogenase flavoprotein subunit	md:ctln_M00011	I	667651	669531	-
Chlamydia trachomatis L2b/Canada2	ctln	L2BCAN2_00621	NA	Succinate dehydrogenase/fumarate reductase, cytochrome b subunit	md:ctln_M00011	I	669528	670097	-
Chlamydia trachomatis L2b/Canada2	ctln	L2BCAN2_00873	NA	succinyl-CoA synthetase subunit beta	md:ctln_M00011	I	961667	962827	+
Chlamydia trachomatis L2b/Canada2	ctln	L2BCAN2_00874	NA	succinyl-CoA synthetase subunit alpha	md:ctln_M00011	I	962842	963717	+
Chlamydia trachomatis L2b/Canada2	ctln	L2BCAN2_00912	NA	fumarate hydratase	md:ctln_M00011	I	1002014	1002793	+
Chlamydia trachomatis L2b/Canada2	ctln	L2BCAN2_00390	NA	malate dehydrogenase	md:ctln_M00012	I	425977	426957	-
Chlamydia trachomatis L2b/Canada2	ctln	L2BCAN2_00375	NA	dihydrodipicolinate synthase	md:ctln_M00016	I	408854	409714	-
Chlamydia trachomatis L2b/Canada2	ctln	L2BCAN2_00376	NA	aspartate kinase	md:ctln_M00016	I	409724	411019	-
Chlamydia trachomatis L2b/Canada2	ctln	L2BCAN2_00377	NA	aspartate-semialdehyde dehydrogenase	md:ctln_M00016	I	411012	412016	-
Chlamydia trachomatis L2b/Canada2	ctln	L2BCAN2_00378	NA	dihydrodipicolinate reductase	md:ctln_M00016	I	412026	412787	-
Chlamydia trachomatis L2b/Canada2	ctln	L2BCAN2_00449	NA	diaminopimelate epimerase	md:ctln_M00016	I	496365	497192	-
Chlamydia trachomatis L2b/Canada2	ctln	L2BCAN2_00376	NA	aspartate kinase	md:ctln_M00017	I	409724	411019	-
Chlamydia trachomatis L2b/Canada2	ctln	L2BCAN2_00377	NA	aspartate-semialdehyde dehydrogenase	md:ctln_M00017	I	411012	412016	-
Chlamydia trachomatis L2b/Canada2	ctln	L2BCAN2_00376	NA	aspartate kinase	md:ctln_M00018	I	409724	411019	-
Chlamydia trachomatis L2b/Canada2	ctln	L2BCAN2_00377	NA	aspartate-semialdehyde dehydrogenase	md:ctln_M00018	I	411012	412016	-
Chlamydia trachomatis L2b/Canada2	ctln	L2BCAN2_00380	NA	3-phosphoshikimate 1-carboxyvinyltransferase	md:ctln_M00022	I	414861	416183	+
Chlamydia trachomatis L2b/Canada2	ctln	L2BCAN2_00381	NA	shikimate kinase	md:ctln_M00022	I	416125	416679	+
Chlamydia trachomatis L2b/Canada2	ctln	L2BCAN2_00382	NA	chorismate synthase	md:ctln_M00022	I	416672	417745	+
Chlamydia trachomatis L2b/Canada2	ctln	L2BCAN2_00383	NA	3-dehydroquinate synthase	md:ctln_M00022	I	417742	418863	+
Chlamydia trachomatis L2b/Canada2	ctln	L2BCAN2_00384	NA	bifunctional 3-dehydroquinate dehydratase/shikimate dehydrogenase protein	md:ctln_M00022	I	418844	420286	+
Chlamydia trachomatis L2b/Canada2	ctln	L2BCAN2_00396	NA	3-deoxy-7-phosphoheptulonate synthase	md:ctln_M00022	I	432119	432955	-
Chlamydia trachomatis L2b/Canada2	ctln	L2BCAN2_00171	NA	bifunctional phosphoribosylanthranilate isomerase/tryptophan synthase subunit beta	md:ctln_M00023	I	190254	191432	+
Chlamydia trachomatis L2b/Canada2	ctln	L2BCAN2_00172	NA	tryptophan synthase subunit alpha	md:ctln_M00023	I	191425	192186	+
Chlamydia trachomatis L2b/Canada2	ctln	L2BCAN2_00057	NA	dihydrolipoamide succinyltransferase	md:ctln_M00032	I	64163	65260	+
Chlamydia trachomatis L2b/Canada2	ctln	L2BCAN2_00415	NA	branched-chain alpha-keto acid dehydrogenase subunit E2	md:ctln_M00032	I	455228	456394	-
Chlamydia trachomatis L2b/Canada2	ctln	L2BCAN2_00585	NA	dihydrolipoamide dehydrogenase	md:ctln_M00032	I	625815	627212	+
Chlamydia trachomatis L2b/Canada2	ctln	L2BCAN2_00376	NA	aspartate kinase	md:ctln_M00033	I	409724	411019	-
Chlamydia trachomatis L2b/Canada2	ctln	L2BCAN2_00377	NA	aspartate-semialdehyde dehydrogenase	md:ctln_M00033	I	411012	412016	-
Chlamydia trachomatis L2b/Canada2	ctln	L2BCAN2_00058	NA	hypothetical protein	md:ctln_M00034	I	65289	66020	-
Chlamydia trachomatis L2b/Canada2	ctln	L2BCAN2_00352	NA	pyruvate dehydrogenase subunit beta	md:ctln_M00036	I	384282	386318	-
Chlamydia trachomatis L2b/Canada2	ctln	L2BCAN2_00585	NA	dihydrolipoamide dehydrogenase	md:ctln_M00036	I	625815	627212	+
Chlamydia trachomatis L2b/Canada2	ctln	L2BCAN2_00130	NA	adenylate kinase	md:ctln_M00049	I	143994	144731	-
Chlamydia trachomatis L2b/Canada2	ctln	L2BCAN2_00526	NA	mulitfunctional nucleoside diphosphate kinase/apyrimidinic endonuclease/3'-	md:ctln_M00049	I	576320	576745	-
Chlamydia trachomatis L2b/Canada2	ctln	L2BCAN2_00032	NA	guanylate kinase	md:ctln_M00050	I	34398	35015	+
Chlamydia trachomatis L2b/Canada2	ctln	L2BCAN2_00526	NA	mulitfunctional nucleoside diphosphate kinase/apyrimidinic endonuclease/3'-	md:ctln_M00050	I	576320	576745	-
Chlamydia trachomatis L2b/Canada2	ctln	L2BCAN2_00185	NA	CTP synthetase	md:ctln_M00052	I	201078	202697	+
Chlamydia trachomatis L2b/Canada2	ctln	L2BCAN2_00526	NA	mulitfunctional nucleoside diphosphate kinase/apyrimidinic endonuclease/3'-	md:ctln_M00052	I	576320	576745	-
Chlamydia trachomatis L2b/Canada2	ctln	L2BCAN2_00716	NA	uridylate kinase	md:ctln_M00052	I	772857	773591	-
Chlamydia trachomatis L2b/Canada2	ctln	L2BCAN2_00526	NA	mulitfunctional nucleoside diphosphate kinase/apyrimidinic endonuclease/3'-	md:ctln_M00053	I	576320	576745	-
Chlamydia trachomatis L2b/Canada2	ctln	L2BCAN2_00879	NA	ribonucleotide-diphosphate reductase subunit alpha	md:ctln_M00053	I	971202	974345	+
Chlamydia trachomatis L2b/Canada2	ctln	L2BCAN2_00880	NA	ribonucleotide-diphosphate reductase subunit beta	md:ctln_M00053	I	974383	975423	+
Chlamydia trachomatis L2b/Canada2	ctln	L2BCAN2_00011	NA	lipid A biosynthesis lauroyl acyltransferase	md:ctln_M00060	I	10391	11758	-
Chlamydia trachomatis L2b/Canada2	ctln	L2BCAN2_00212	NA	3-deoxy-D-manno-octulosonic-acid transferase	md:ctln_M00060	I	231124	232419	-
Chlamydia trachomatis L2b/Canada2	ctln	L2BCAN2_00249	NA	UDP-3-O-[3-hydroxymyristoyl] glucosamine N-acyltransferase	md:ctln_M00060	I	267749	268813	+
Chlamydia trachomatis L2b/Canada2	ctln	L2BCAN2_00417	NA	tetraacyldisaccharide 4'-kinase	md:ctln_M00060	I	457875	458984	-
Chlamydia trachomatis L2b/Canada2	ctln	L2BCAN2_00426	NA	lipid-A-disaccharide synthase	md:ctln_M00060	I	466141	467964	+
Chlamydia trachomatis L2b/Canada2	ctln	L2BCAN2_00558	NA	UDP-N-acetylglucosamine acyltransferase	md:ctln_M00060	I	595579	596421	-
Chlamydia trachomatis L2b/Canada2	ctln	L2BCAN2_00560	NA	UDP-3-O-[3-hydroxymyristoyl] N-acetylglucosamine deacetylase	md:ctln_M00060	I	596891	597751	-
Chlamydia trachomatis L2b/Canada2	ctln	L2BCAN2_00184	NA	3-deoxy-manno-octulosonate cytidylyltransferase	md:ctln_M00063	I	200338	201102	+
Chlamydia trachomatis L2b/Canada2	ctln	L2BCAN2_00414	NA	D-arabinose 5-phosphate isomerase	md:ctln_M00063	I	454210	455196	-
Chlamydia trachomatis L2b/Canada2	ctln	L2BCAN2_00689	NA	2-dehydro-3-deoxyphosphooctonate aldolase	md:ctln_M00063	I	748336	749145	-
Chlamydia trachomatis L2b/Canada2	ctln	L2BCAN2_00125	NA	acetyl-CoA carboxylase biotin carboxyl carrier protein subunit	md:ctln_M00082	I	140038	140532	+
Chlamydia trachomatis L2b/Canada2	ctln	L2BCAN2_00126	NA	acetyl-CoA carboxylase biotin carboxylase subunit	md:ctln_M00082	I	140536	141909	+
Chlamydia trachomatis L2b/Canada2	ctln	L2BCAN2_00244	NA	(acyl-carrier-protein) S-malonyltransferase	md:ctln_M00082	I	261715	262641	-
Chlamydia trachomatis L2b/Canada2	ctln	L2BCAN2_00245	NA	3-oxoacyl-(acyl carrier protein) synthase III	md:ctln_M00082	I	262658	263653	-
Chlamydia trachomatis L2b/Canada2	ctln	L2BCAN2_00271	NA	acetyl-CoA carboxylase carboxyltransferase subunit alpha	md:ctln_M00082	I	293066	294040	-
Chlamydia trachomatis L2b/Canada2	ctln	L2BCAN2_00299	NA	acetyl-CoA carboxylase subunit beta	md:ctln_M00082	I	323110	324036	-
Chlamydia trachomatis L2b/Canada2	ctln	L2BCAN2_00105	NA	enoyl-(acyl carrier protein) reductase	md:ctln_M00083	I	119882	120778	-
Chlamydia trachomatis L2b/Canada2	ctln	L2BCAN2_00243	NA	3-ketoacyl-(acyl-carrier-protein) reductase	md:ctln_M00083	I	260972	261718	-
Chlamydia trachomatis L2b/Canada2	ctln	L2BCAN2_00559	NA	(3R)-hydroxymyristoyl-ACP dehydratase	md:ctln_M00083	I	596433	596894	-
Chlamydia trachomatis L2b/Canada2	ctln	L2BCAN2_00817	NA	3-oxoacyl-(acyl carrier protein) synthase II	md:ctln_M00083	I	900836	902092	+
Chlamydia trachomatis L2b/Canada2	ctln	L2BCAN2_00473	NA	2-acyl-glycerophospho-ethanolamine acyltransferase	md:ctln_M00089	I	523765	524415	+
Chlamydia trachomatis L2b/Canada2	ctln	L2BCAN2_00822	NA	2-acyl-glycerophospho-ethanolamine acyltransferase	md:ctln_M00089	I	905831	906592	+
Chlamydia trachomatis L2b/Canada2	ctln	L2BCAN2_00856	NA	Acyltransferase	md:ctln_M00089	I	942335	943336	-
Chlamydia trachomatis L2b/Canada2	ctln	L2BCAN2_00471	NA	CDP-diglyceride synthase	md:ctln_M00093	I	522204	523121	+
Chlamydia trachomatis L2b/Canada2	ctln	L2BCAN2_00739	NA	phosphatidylserine decarboxylase	md:ctln_M00093	I	798939	799844	+
Chlamydia trachomatis L2b/Canada2	ctln	L2BCAN2_00878	NA	CDP-diacylglycerol-serine O-phosphatidyltransferase	md:ctln_M00093	I	969776	970567	-
Chlamydia trachomatis L2b/Canada2	ctln	L2BCAN2_00059	NA	4-hydroxy-3-methylbut-2-en-1-yl diphosphate synthase	md:ctln_M00096	I	66029	67837	-
Chlamydia trachomatis L2b/Canada2	ctln	L2BCAN2_00074	NA	1-deoxy-D-xylulose 5-phosphate reductoisomerase	md:ctln_M00096	I	84362	85501	+
Chlamydia trachomatis L2b/Canada2	ctln	L2BCAN2_00342	NA	1-deoxy-D-xylulose-5-phosphate synthase	md:ctln_M00096	I	368984	370906	+
Chlamydia trachomatis L2b/Canada2	ctln	L2BCAN2_00453	NA	2-C-methyl-D-erythritol 2,4-cyclodiphosphate synthase	md:ctln_M00096	I	500382	500918	+
Chlamydia trachomatis L2b/Canada2	ctln	L2BCAN2_00482	NA	2-C-methyl-D-erythritol 4-phosphate cytidylyltransferase	md:ctln_M00096	I	534888	535547	+
Chlamydia trachomatis L2b/Canada2	ctln	L2BCAN2_00852	NA	4-diphosphocytidyl-2-C-methyl-D-erythritol kinase	md:ctln_M00096	I	936713	937579	+
Chlamydia trachomatis L2b/Canada2	ctln	L2BCAN2_00916	NA	4-hydroxy-3-methylbut-2-enyl diphosphate reductase	md:ctln_M00096	I	1008608	1009531	+
Chlamydia trachomatis L2b/Canada2	ctln	L2BCAN2_00447	NA	ubiquinone/menaquinone biosynthesis methyltransferase	md:ctln_M00116	I	494636	495289	+
Chlamydia trachomatis L2b/Canada2	ctln	L2BCAN2_00223	NA	prenyltransferase	md:ctln_M00117	I	244539	245447	+
Chlamydia trachomatis L2b/Canada2	ctln	L2BCAN2_00224	NA	aromatic acid decarboxylase	md:ctln_M00117	I	245444	246022	+
Chlamydia trachomatis L2b/Canada2	ctln	L2BCAN2_00447	NA	ubiquinone/menaquinone biosynthesis methyltransferase	md:ctln_M00117	I	494636	495289	+
Chlamydia trachomatis L2b/Canada2	ctln	L2BCAN2_00517	NA	dephospho-CoA kinase	md:ctln_M00120	I	564819	565427	-
Chlamydia trachomatis L2b/Canada2	ctln	L2BCAN2_00054	NA	coproporphyrinogen III oxidase	md:ctln_M00121	I	59550	60680	-
Chlamydia trachomatis L2b/Canada2	ctln	L2BCAN2_00214	NA	glutamate-1-semialdehyde aminotransferase	md:ctln_M00121	I	235072	236340	+
Chlamydia trachomatis L2b/Canada2	ctln	L2BCAN2_00305	NA	porphobilinogen deaminase	md:ctln_M00121	I	329389	330114	+
Chlamydia trachomatis L2b/Canada2	ctln	L2BCAN2_00452	NA	uroporphyrinogen-III synthase	md:ctln_M00121	I	499608	500279	+
Chlamydia trachomatis L2b/Canada2	ctln	L2BCAN2_00465	NA	glutamyl-tRNA synthetase	md:ctln_M00121	I	511403	512923	-
Chlamydia trachomatis L2b/Canada2	ctln	L2BCAN2_00510	NA	ferrochelatase	md:ctln_M00121	I	558461	559405	-
Chlamydia trachomatis L2b/Canada2	ctln	L2BCAN2_00665	NA	delta-aminolevulinic acid dehydratase	md:ctln_M00121	I	717043	718059	+
Chlamydia trachomatis L2b/Canada2	ctln	L2BCAN2_00697	NA	glutamyl-tRNA reductase	md:ctln_M00121	I	755453	756496	+
Chlamydia trachomatis L2b/Canada2	ctln	L2BCAN2_00789	NA	protoporphyrinogen oxidase	md:ctln_M00121	I	863003	864277	-
Chlamydia trachomatis L2b/Canada2	ctln	L2BCAN2_00790	NA	coproporphyrinogen III oxidase	md:ctln_M00121	I	864274	865647	-
Chlamydia trachomatis L2b/Canada2	ctln	L2BCAN2_00791	NA	uroporphyrinogen decarboxylase	md:ctln_M00121	I	865620	866624	-
Chlamydia trachomatis L2b/Canada2	ctln	L2BCAN2_00824	NA	8-amino-7-oxononanoate synthase	md:ctln_M00123	I	908256	909389	+
Chlamydia trachomatis L2b/Canada2	ctln	L2BCAN2_00094	NA	bifunctional riboflavin kinase/FMN adenylyltransferase	md:ctln_M00125	I	108456	109379	-
Chlamydia trachomatis L2b/Canada2	ctln	L2BCAN2_00420	NA	riboflavin synthase subunit alpha	md:ctln_M00125	I	460771	461370	-
Chlamydia trachomatis L2b/Canada2	ctln	L2BCAN2_00771	NA	bifunctional diaminohydroxyphosphoribosylaminopyrimidine deaminase/5-amino-6-(5-phosphoribosylamino)uracil reductase	md:ctln_M00125	I	838984	840111	+
Chlamydia trachomatis L2b/Canada2	ctln	L2BCAN2_00772	NA	bifunctional 3,4-dihydroxy-2-butanone 4-phosphate synthase/GTP cyclohydrolase II protein	md:ctln_M00125	I	840221	841495	+
Chlamydia trachomatis L2b/Canada2	ctln	L2BCAN2_00773	NA	6,7-dimethyl-8-ribityllumazine synthase	md:ctln_M00125	I	841464	841937	+
Chlamydia trachomatis L2b/Canada2	ctln	L2BCAN2_00643	NA	dihydrofolate reductase	md:ctln_M00126	I	688581	689060	-
Chlamydia trachomatis L2b/Canada2	ctln	L2BCAN2_00644	NA	dihydropteroate synthase	md:ctln_M00126	I	689057	690409	-
Chlamydia trachomatis L2b/Canada2	ctln	L2BCAN2_00645	NA	D-erythro-7,8-dihydroneopterin triphosphate 2'-epimerase	md:ctln_M00126	I	690406	690774	-
Chlamydia trachomatis L2b/Canada2	ctln	L2BCAN2_00387	NA	pyruvoyl-dependent arginine decarboxylase	md:ctln_M00133	I	422651	423034	+
Chlamydia trachomatis L2b/Canada2	ctln	L2BCAN2_00081	NA	bifunctional 5,10-methylene-tetrahydrofolate dehydrogenase/5,10-methylene-tetrahydrofolate cyclohydrolase	md:ctln_M00140	I	92468	93331	-
Chlamydia trachomatis L2b/Canada2	ctln	L2BCAN2_00451	NA	serine hydroxymethyltransferase	md:ctln_M00140	I	497751	499244	-
Chlamydia trachomatis L2b/Canada2	ctln	L2BCAN2_00619	NA	succinate dehydrogenase iron-sulfur subunit	md:ctln_M00149	I	666874	667533	-
Chlamydia trachomatis L2b/Canada2	ctln	L2BCAN2_00620	NA	succinate dehydrogenase flavoprotein subunit	md:ctln_M00149	I	667651	669531	-
Chlamydia trachomatis L2b/Canada2	ctln	L2BCAN2_00621	NA	Succinate dehydrogenase/fumarate reductase, cytochrome b subunit	md:ctln_M00149	I	669528	670097	-
Chlamydia trachomatis L2b/Canada2	ctln	L2BCAN2_00014	NA	cytochrome bd-II oxidase subunit 1	md:ctln_M00153	I	14212	15552	+
Chlamydia trachomatis L2b/Canada2	ctln	L2BCAN2_00015	NA	cytochrome bd-II oxidase subunit 2	md:ctln_M00153	I	15564	16625	+
Chlamydia trachomatis L2b/Canada2	ctln	L2BCAN2_00310	NA	V-type ATP synthase subunit K	md:ctln_M00159	I	337110	337535	-
Chlamydia trachomatis L2b/Canada2	ctln	L2BCAN2_00311	NA	V-type ATP synthase subunit I	md:ctln_M00159	I	337597	339546	-
Chlamydia trachomatis L2b/Canada2	ctln	L2BCAN2_00312	NA	V-type ATP synthase subunit D	md:ctln_M00159	I	339552	340163	-
Chlamydia trachomatis L2b/Canada2	ctln	L2BCAN2_00313	NA	V-type ATP synthase subunit B	md:ctln_M00159	I	340148	341464	-
Chlamydia trachomatis L2b/Canada2	ctln	L2BCAN2_00314	NA	V-type ATP synthase subunit A	md:ctln_M00159	I	341467	343242	-
Chlamydia trachomatis L2b/Canada2	ctln	L2BCAN2_00316	NA	V-type ATP synthase subunit E	md:ctln_M00159	I	344203	344829	-
Chlamydia trachomatis L2b/Canada2	ctln	L2BCAN2_00217	NA	ribose-5-phosphate isomerase A	md:ctln_M00165	I	237357	238085	-
Chlamydia trachomatis L2b/Canada2	ctln	L2BCAN2_00532	NA	glyceraldehyde-3-phosphate dehydrogenase A	md:ctln_M00165	I	579865	580869	-
Chlamydia trachomatis L2b/Canada2	ctln	L2BCAN2_00733	NA	bifunctional phosphoglycerate kinase/triosephosphate isomerase	md:ctln_M00165	I	791748	792959	+
Chlamydia trachomatis L2b/Canada2	ctln	L2BCAN2_00796	NA	transketolase	md:ctln_M00165	I	878310	880310	+
Chlamydia trachomatis L2b/Canada2	ctln	L2BCAN2_00532	NA	glyceraldehyde-3-phosphate dehydrogenase A	md:ctln_M00166	I	579865	580869	-
Chlamydia trachomatis L2b/Canada2	ctln	L2BCAN2_00733	NA	bifunctional phosphoglycerate kinase/triosephosphate isomerase	md:ctln_M00166	I	791748	792959	+
Chlamydia trachomatis L2b/Canada2	ctln	L2BCAN2_00217	NA	ribose-5-phosphate isomerase A	md:ctln_M00167	I	237357	238085	-
Chlamydia trachomatis L2b/Canada2	ctln	L2BCAN2_00796	NA	transketolase	md:ctln_M00167	I	878310	880310	+
Chlamydia trachomatis L2b/Canada2	ctln	L2BCAN2_00390	NA	malate dehydrogenase	md:ctln_M00168	I	425977	426957	-
Chlamydia trachomatis L2b/Canada2	ctln	L2BCAN2_00390	NA	malate dehydrogenase	md:ctln_M00173	I	425977	426957	-
Chlamydia trachomatis L2b/Canada2	ctln	L2BCAN2_00619	NA	succinate dehydrogenase iron-sulfur subunit	md:ctln_M00173	I	666874	667533	-
Chlamydia trachomatis L2b/Canada2	ctln	L2BCAN2_00620	NA	succinate dehydrogenase flavoprotein subunit	md:ctln_M00173	I	667651	669531	-
Chlamydia trachomatis L2b/Canada2	ctln	L2BCAN2_00621	NA	Succinate dehydrogenase/fumarate reductase, cytochrome b subunit	md:ctln_M00173	I	669528	670097	-
Chlamydia trachomatis L2b/Canada2	ctln	L2BCAN2_00873	NA	succinyl-CoA synthetase subunit beta	md:ctln_M00173	I	961667	962827	+
Chlamydia trachomatis L2b/Canada2	ctln	L2BCAN2_00874	NA	succinyl-CoA synthetase subunit alpha	md:ctln_M00173	I	962842	963717	+
Chlamydia trachomatis L2b/Canada2	ctln	L2BCAN2_00912	NA	fumarate hydratase	md:ctln_M00173	I	1002014	1002793	+
Chlamydia trachomatis L2b/Canada2	ctln	L2BCAN2_00454	NA	sulfite reductase	md:ctln_M00176	I	500915	501967	-
Chlamydia trachomatis L2b/Canada2	ctln	L2BCAN2_00251	NA	hypothetical protein	md:ctln_M00307	I	270228	271250	+
Chlamydia trachomatis L2b/Canada2	ctln	L2BCAN2_00252	NA	pyruvate dehydrogenase subunit beta	md:ctln_M00307	I	271243	272229	+
Chlamydia trachomatis L2b/Canada2	ctln	L2BCAN2_00253	NA	branched-chain alpha-keto acid dehydrogenase subunit E2	md:ctln_M00307	I	272234	273523	+
Chlamydia trachomatis L2b/Canada2	ctln	L2BCAN2_00585	NA	dihydrolipoamide dehydrogenase	md:ctln_M00307	I	625815	627212	+
Chlamydia trachomatis L2b/Canada2	ctln	L2BCAN2_00532	NA	glyceraldehyde-3-phosphate dehydrogenase A	md:ctln_M00308	I	579865	580869	-
Chlamydia trachomatis L2b/Canada2	ctln	L2BCAN2_00733	NA	bifunctional phosphoglycerate kinase/triosephosphate isomerase	md:ctln_M00308	I	791748	792959	+
Chlamydia trachomatis L2b/Canada2	ctln	L2BCAN2_00207	NA	diphosphate--fructose-6-phosphate 1-phosphotransferase	md:ctln_M00345	I	226732	228393	+
Chlamydia trachomatis L2b/Canada2	ctln	L2BCAN2_00390	NA	malate dehydrogenase	md:ctln_M00346	I	425977	426957	-
Chlamydia trachomatis L2b/Canada2	ctln	L2BCAN2_00451	NA	serine hydroxymethyltransferase	md:ctln_M00346	I	497751	499244	-
Chlamydia trachomatis L2b/Canada2	ctln	L2BCAN2_00615	NA	enolase	md:ctln_M00346	I	658612	659886	+
Chlamydia trachomatis L2b/Canada2	ctln	L2BCAN2_00659	NA	geranyltranstransferase	md:ctln_M00364	I	712257	713132	-
Chlamydia trachomatis L2b/Canada2	ctln	L2BCAN2_00390	NA	malate dehydrogenase	md:ctln_M00374	I	425977	426957	-
Chlamydia trachomatis L2b/Canada2	ctln	L2BCAN2_00619	NA	succinate dehydrogenase iron-sulfur subunit	md:ctln_M00374	I	666874	667533	-
Chlamydia trachomatis L2b/Canada2	ctln	L2BCAN2_00620	NA	succinate dehydrogenase flavoprotein subunit	md:ctln_M00374	I	667651	669531	-
Chlamydia trachomatis L2b/Canada2	ctln	L2BCAN2_00621	NA	Succinate dehydrogenase/fumarate reductase, cytochrome b subunit	md:ctln_M00374	I	669528	670097	-
Chlamydia trachomatis L2b/Canada2	ctln	L2BCAN2_00873	NA	succinyl-CoA synthetase subunit beta	md:ctln_M00374	I	961667	962827	+
Chlamydia trachomatis L2b/Canada2	ctln	L2BCAN2_00874	NA	succinyl-CoA synthetase subunit alpha	md:ctln_M00374	I	962842	963717	+
Chlamydia trachomatis L2b/Canada2	ctln	L2BCAN2_00125	NA	acetyl-CoA carboxylase biotin carboxyl carrier protein subunit	md:ctln_M00376	I	140038	140532	+
Chlamydia trachomatis L2b/Canada2	ctln	L2BCAN2_00126	NA	acetyl-CoA carboxylase biotin carboxylase subunit	md:ctln_M00376	I	140536	141909	+
Chlamydia trachomatis L2b/Canada2	ctln	L2BCAN2_00271	NA	acetyl-CoA carboxylase carboxyltransferase subunit alpha	md:ctln_M00376	I	293066	294040	-
Chlamydia trachomatis L2b/Canada2	ctln	L2BCAN2_00299	NA	acetyl-CoA carboxylase subunit beta	md:ctln_M00376	I	323110	324036	-
Chlamydia trachomatis L2b/Canada2	ctln	L2BCAN2_00619	NA	succinate dehydrogenase iron-sulfur subunit	md:ctln_M00376	I	666874	667533	-
Chlamydia trachomatis L2b/Canada2	ctln	L2BCAN2_00620	NA	succinate dehydrogenase flavoprotein subunit	md:ctln_M00376	I	667651	669531	-
Chlamydia trachomatis L2b/Canada2	ctln	L2BCAN2_00621	NA	Succinate dehydrogenase/fumarate reductase, cytochrome b subunit	md:ctln_M00376	I	669528	670097	-
Chlamydia trachomatis L2b/Canada2	ctln	L2BCAN2_00912	NA	fumarate hydratase	md:ctln_M00376	I	1002014	1002793	+
Chlamydia trachomatis L2b/Canada2	ctln	L2BCAN2_00081	NA	bifunctional 5,10-methylene-tetrahydrofolate dehydrogenase/5,10-methylene-tetrahydrofolate cyclohydrolase	md:ctln_M00377	I	92468	93331	-
Chlamydia trachomatis L2b/Canada2	ctln	L2BCAN2_00375	NA	dihydrodipicolinate synthase	md:ctln_M00525	I	408854	409714	-
Chlamydia trachomatis L2b/Canada2	ctln	L2BCAN2_00376	NA	aspartate kinase	md:ctln_M00525	I	409724	411019	-
Chlamydia trachomatis L2b/Canada2	ctln	L2BCAN2_00377	NA	aspartate-semialdehyde dehydrogenase	md:ctln_M00525	I	411012	412016	-
Chlamydia trachomatis L2b/Canada2	ctln	L2BCAN2_00378	NA	dihydrodipicolinate reductase	md:ctln_M00525	I	412026	412787	-
Chlamydia trachomatis L2b/Canada2	ctln	L2BCAN2_00449	NA	diaminopimelate epimerase	md:ctln_M00525	I	496365	497192	-
Chlamydia trachomatis L2b/Canada2	ctln	L2BCAN2_00375	NA	dihydrodipicolinate synthase	md:ctln_M00526	I	408854	409714	-
Chlamydia trachomatis L2b/Canada2	ctln	L2BCAN2_00376	NA	aspartate kinase	md:ctln_M00526	I	409724	411019	-
Chlamydia trachomatis L2b/Canada2	ctln	L2BCAN2_00377	NA	aspartate-semialdehyde dehydrogenase	md:ctln_M00526	I	411012	412016	-
Chlamydia trachomatis L2b/Canada2	ctln	L2BCAN2_00378	NA	dihydrodipicolinate reductase	md:ctln_M00526	I	412026	412787	-
Chlamydia trachomatis L2b/Canada2	ctln	L2BCAN2_00375	NA	dihydrodipicolinate synthase	md:ctln_M00527	I	408854	409714	-
Chlamydia trachomatis L2b/Canada2	ctln	L2BCAN2_00376	NA	aspartate kinase	md:ctln_M00527	I	409724	411019	-
Chlamydia trachomatis L2b/Canada2	ctln	L2BCAN2_00377	NA	aspartate-semialdehyde dehydrogenase	md:ctln_M00527	I	411012	412016	-
Chlamydia trachomatis L2b/Canada2	ctln	L2BCAN2_00378	NA	dihydrodipicolinate reductase	md:ctln_M00527	I	412026	412787	-
Chlamydia trachomatis L2b/Canada2	ctln	L2BCAN2_00405	NA	L,L-diaminopimelate aminotransferase	md:ctln_M00527	I	441282	442466	+
Chlamydia trachomatis L2b/Canada2	ctln	L2BCAN2_00449	NA	diaminopimelate epimerase	md:ctln_M00527	I	496365	497192	-
Chlamydia trachomatis L2b/Canada2	ctln	L2BCAN2_00288	NA	glycine cleavage system protein H	md:ctln_M00532	I	309589	309942	-
Chlamydia trachomatis L2b/Canada2	ctln	L2BCAN2_00451	NA	serine hydroxymethyltransferase	md:ctln_M00532	I	497751	499244	-
Chlamydia trachomatis L2b/Canada2	ctln	L2BCAN2_00585	NA	dihydrolipoamide dehydrogenase	md:ctln_M00532	I	625815	627212	+
Chlamydia trachomatis L2b/Canada2	ctln	L2BCAN2_00091	NA	type III secretion system protein InvA	md:ctln_M00542	I	103882	106008	-
Chlamydia trachomatis L2b/Canada2	ctln	L2BCAN2_00092	NA	type III secretion system protein	md:ctln_M00542	I	106008	107090	-
Chlamydia trachomatis L2b/Canada2	ctln	L2BCAN2_00587	NA	flagellar MS-ring protein	md:ctln_M00542	I	628248	629225	+
Chlamydia trachomatis L2b/Canada2	ctln	L2BCAN2_00590	NA	type III secretion system protein	md:ctln_M00542	I	631022	631942	+
Chlamydia trachomatis L2b/Canada2	ctln	L2BCAN2_00591	NA	flagellar biosynthesis protein FliQ	md:ctln_M00542	I	631954	632238	+
Chlamydia trachomatis L2b/Canada2	ctln	L2BCAN2_00592	NA	flagellar biosynthesis protein FliR	md:ctln_M00542	I	632245	633114	+
Chlamydia trachomatis L2b/Canada2	ctln	L2BCAN2_00704	NA	type III secretion system ATPase	md:ctln_M00542	I	761843	763171	+
Chlamydia trachomatis L2b/Canada2	ctln	L2BCAN2_00709	NA	putative outer membrane porin HofQ	md:ctln_M00542	I	767290	770055	+
Chlamydia trachomatis L2b/Canada2	ctln	L2BCAN2_00532	NA	glyceraldehyde-3-phosphate dehydrogenase A	md:ctln_M00552	I	579865	580869	-
Chlamydia trachomatis L2b/Canada2	ctln	L2BCAN2_00733	NA	bifunctional phosphoglycerate kinase/triosephosphate isomerase	md:ctln_M00552	I	791748	792959	+
Chlamydia trachomatis L2b/Canada2	ctln	L2BCAN2_00044	NA	glycogen debranching enzyme	md:ctln_M00565	I	46492	48492	-
Chlamydia trachomatis L2b/Canada2	ctln	L2BCAN2_00514	NA	glucose-1-phosphate adenylyltransferase	md:ctln_M00565	I	561650	562975	-
Chlamydia trachomatis L2b/Canada2	ctln	L2BCAN2_00845	NA	glycogen synthase	md:ctln_M00565	I	932282	933706	-
Chlamydia trachomatis L2b/Canada2	ctln	L2BCAN2_00925	NA	glycogen branching enzyme	md:ctln_M00565	I	1017605	1019821	+
Chlamydia trachomatis L2b/Canada2	ctln	L2BCAN2_00105	NA	enoyl-(acyl carrier protein) reductase	md:ctln_M00572	I	119882	120778	-
Chlamydia trachomatis L2b/Canada2	ctln	L2BCAN2_00243	NA	3-ketoacyl-(acyl-carrier-protein) reductase	md:ctln_M00572	I	260972	261718	-
Chlamydia trachomatis L2b/Canada2	ctln	L2BCAN2_00559	NA	(3R)-hydroxymyristoyl-ACP dehydratase	md:ctln_M00572	I	596433	596894	-
Chlamydia trachomatis L2b/Canada2	ctln	L2BCAN2_00817	NA	3-oxoacyl-(acyl carrier protein) synthase II	md:ctln_M00572	I	900836	902092	+
Chlamydia trachomatis L2b/Canada2	ctln	L2BCAN2_00824	NA	8-amino-7-oxononanoate synthase	md:ctln_M00573	I	908256	909389	+
Chlamydia trachomatis L2b/Canada2	ctln	L2BCAN2_00824	NA	8-amino-7-oxononanoate synthase	md:ctln_M00577	I	908256	909389	+
Chlamydia trachomatis L2b/Canada2	ctln	L2BCAN2_00217	NA	ribose-5-phosphate isomerase A	md:ctln_M00580	I	237357	238085	-
Chlamydia trachomatis L2b/Canada2	ctln	L2BCAN2_00390	NA	malate dehydrogenase	md:ctln_M00620	I	425977	426957	-
Chlamydia trachomatis L2b/Canada2	ctln	L2BCAN2_00873	NA	succinyl-CoA synthetase subunit beta	md:ctln_M00620	I	961667	962827	+
Chlamydia trachomatis L2b/Canada2	ctln	L2BCAN2_00874	NA	succinyl-CoA synthetase subunit alpha	md:ctln_M00620	I	962842	963717	+
Chlamydia trachomatis L2b/Canada2	ctln	L2BCAN2_00091	NA	type III secretion system protein InvA	md:ctln_M00660	I	103882	106008	-
Chlamydia trachomatis L2b/Canada2	ctln	L2BCAN2_00092	NA	type III secretion system protein	md:ctln_M00660	I	106008	107090	-
Chlamydia trachomatis L2b/Canada2	ctln	L2BCAN2_00587	NA	flagellar MS-ring protein	md:ctln_M00660	I	628248	629225	+
Chlamydia trachomatis L2b/Canada2	ctln	L2BCAN2_00589	NA	type III secretion system protein	md:ctln_M00660	I	630338	631009	+
Chlamydia trachomatis L2b/Canada2	ctln	L2BCAN2_00590	NA	type III secretion system protein	md:ctln_M00660	I	631022	631942	+
Chlamydia trachomatis L2b/Canada2	ctln	L2BCAN2_00591	NA	flagellar biosynthesis protein FliQ	md:ctln_M00660	I	631954	632238	+
Chlamydia trachomatis L2b/Canada2	ctln	L2BCAN2_00592	NA	flagellar biosynthesis protein FliR	md:ctln_M00660	I	632245	633114	+
Chlamydia trachomatis L2b/Canada2	ctln	L2BCAN2_00704	NA	type III secretion system ATPase	md:ctln_M00660	I	761843	763171	+
Chlamydia trachomatis L2b/Canada2	ctln	L2BCAN2_00390	NA	malate dehydrogenase	md:ctln_M00740	I	425977	426957	-
Chlamydia trachomatis L2b/Canada2	ctln	L2BCAN2_00337	NA	N-(5'-phosphoribosyl)anthranilate isomerase	md:ctln_M00840	I	365296	365922	-
Chlamydia trachomatis L2b/Canada2	ctln	L2BCAN2_00642	NA	F420-0--gamma-glutamyl ligase	md:ctln_M00840	I	687878	688609	-
Chlamydia trachomatis L2b/Canada2	ctln	L2BCAN2_00643	NA	dihydrofolate reductase	md:ctln_M00840	I	688581	689060	-
Chlamydia trachomatis L2b/Canada2	ctln	L2BCAN2_00644	NA	dihydropteroate synthase	md:ctln_M00840	I	689057	690409	-
Chlamydia trachomatis L2b/Canada2	ctln	L2BCAN2_00645	NA	D-erythro-7,8-dihydroneopterin triphosphate 2'-epimerase	md:ctln_M00840	I	690406	690774	-
Chlamydia trachomatis L2b/Canada2	ctln	L2BCAN2_00772	NA	bifunctional 3,4-dihydroxy-2-butanone 4-phosphate synthase/GTP cyclohydrolase II protein	md:ctln_M00840	I	840221	841495	+
Chlamydia trachomatis L2b/Canada2	ctln	L2BCAN2_00644	NA	dihydropteroate synthase	md:ctln_M00841	I	689057	690409	-
Chlamydia trachomatis L2b/Canada2	ctln	L2BCAN2_00214	NA	glutamate-1-semialdehyde aminotransferase	md:ctln_M00846	I	235072	236340	+
Chlamydia trachomatis L2b/Canada2	ctln	L2BCAN2_00305	NA	porphobilinogen deaminase	md:ctln_M00846	I	329389	330114	+
Chlamydia trachomatis L2b/Canada2	ctln	L2BCAN2_00452	NA	uroporphyrinogen-III synthase	md:ctln_M00846	I	499608	500279	+
Chlamydia trachomatis L2b/Canada2	ctln	L2BCAN2_00665	NA	delta-aminolevulinic acid dehydratase	md:ctln_M00846	I	717043	718059	+
Chlamydia trachomatis L2b/Canada2	ctln	L2BCAN2_00697	NA	glutamyl-tRNA reductase	md:ctln_M00846	I	755453	756496	+
Chlamydia trachomatis L2b/Canada2	ctln	L2BCAN2_00224	NA	aromatic acid decarboxylase	md:ctln_M00849	I	245444	246022	+
Chlamydia trachomatis L2b/Canada2	ctln	L2BCAN2_00514	NA	glucose-1-phosphate adenylyltransferase	md:ctln_M00854	I	561650	562975	-
Chlamydia trachomatis L2b/Canada2	ctln	L2BCAN2_00845	NA	glycogen synthase	md:ctln_M00854	I	932282	933706	-
Chlamydia trachomatis L2b/Canada2	ctln	L2BCAN2_00925	NA	glycogen branching enzyme	md:ctln_M00854	I	1017605	1019821	+
Chlamydia trachomatis L2b/Canada2	ctln	L2BCAN2_00088	NA	4-alpha-glucanotransferase	md:ctln_M00855	I	100534	102117	-
Chlamydia trachomatis L2b/Canada2	ctln	L2BCAN2_00254	NA	glycogen phosphorylase	md:ctln_M00855	I	273550	275994	-
Chlamydia trachomatis L2b/Canada2	ctln	L2BCAN2_00011	NA	lipid A biosynthesis lauroyl acyltransferase	md:ctln_M00866	I	10391	11758	-
Chlamydia trachomatis L2b/Canada2	ctln	L2BCAN2_00212	NA	3-deoxy-D-manno-octulosonic-acid transferase	md:ctln_M00866	I	231124	232419	-
Chlamydia trachomatis L2b/Canada2	ctln	L2BCAN2_00249	NA	UDP-3-O-[3-hydroxymyristoyl] glucosamine N-acyltransferase	md:ctln_M00866	I	267749	268813	+
Chlamydia trachomatis L2b/Canada2	ctln	L2BCAN2_00417	NA	tetraacyldisaccharide 4'-kinase	md:ctln_M00866	I	457875	458984	-
Chlamydia trachomatis L2b/Canada2	ctln	L2BCAN2_00426	NA	lipid-A-disaccharide synthase	md:ctln_M00866	I	466141	467964	+
Chlamydia trachomatis L2b/Canada2	ctln	L2BCAN2_00558	NA	UDP-N-acetylglucosamine acyltransferase	md:ctln_M00866	I	595579	596421	-
Chlamydia trachomatis L2b/Canada2	ctln	L2BCAN2_00560	NA	UDP-3-O-[3-hydroxymyristoyl] N-acetylglucosamine deacetylase	md:ctln_M00866	I	596891	597751	-
Chlamydia trachomatis L2b/Canada2	ctln	L2BCAN2_00305	NA	porphobilinogen deaminase	md:ctln_M00868	I	329389	330114	+
Chlamydia trachomatis L2b/Canada2	ctln	L2BCAN2_00452	NA	uroporphyrinogen-III synthase	md:ctln_M00868	I	499608	500279	+
Chlamydia trachomatis L2b/Canada2	ctln	L2BCAN2_00510	NA	ferrochelatase	md:ctln_M00868	I	558461	559405	-
Chlamydia trachomatis L2b/Canada2	ctln	L2BCAN2_00665	NA	delta-aminolevulinic acid dehydratase	md:ctln_M00868	I	717043	718059	+
Chlamydia trachomatis L2b/Canada2	ctln	L2BCAN2_00789	NA	protoporphyrinogen oxidase	md:ctln_M00868	I	863003	864277	-
Chlamydia trachomatis L2b/Canada2	ctln	L2BCAN2_00791	NA	uroporphyrinogen decarboxylase	md:ctln_M00868	I	865620	866624	-
Chlamydia trachomatis L2b/Canada2	ctln	L2BCAN2_00244	NA	(acyl-carrier-protein) S-malonyltransferase	md:ctln_M00873	I	261715	262641	-
Chlamydia trachomatis L2b/Canada2	ctln	L2BCAN2_00817	NA	3-oxoacyl-(acyl carrier protein) synthase II	md:ctln_M00873	I	900836	902092	+
Chlamydia trachomatis L2b/Canada2	ctln	L2BCAN2_00243	NA	3-ketoacyl-(acyl-carrier-protein) reductase	md:ctln_M00874	I	260972	261718	-
Chlamydia trachomatis L2b/Canada2	ctln	L2BCAN2_00244	NA	(acyl-carrier-protein) S-malonyltransferase	md:ctln_M00874	I	261715	262641	-
Chlamydia trachomatis L2b/Canada2	ctln	L2BCAN2_00817	NA	3-oxoacyl-(acyl carrier protein) synthase II	md:ctln_M00874	I	900836	902092	+
Chlamydia trachomatis L2b/Canada2	ctln	L2BCAN2_00586	NA	lipoyl synthase	md:ctln_M00881	I	627209	628144	+
Chlamydia trachomatis L2b/Canada2	ctln	L2BCAN2_00586	NA	lipoyl synthase	md:ctln_M00882	I	627209	628144	+
Chlamydia trachomatis L2b/Canada2	ctln	L2BCAN2_00586	NA	lipoyl synthase	md:ctln_M00883	I	627209	628144	+
Chlamydia trachomatis L2b/Canada2	ctln	L2BCAN2_00586	NA	lipoyl synthase	md:ctln_M00884	I	627209	628144	+
Chlamydia trachomatis L2b/Canada2	ctln	L2BCAN2_00392	NA	glucose-6-phosphate isomerase	md:ctln_M00909	I	427402	428979	-
Chlamydia trachomatis L2b/Canada2	ctln	L2BCAN2_00866	NA	phosphoglucosamine mutase	md:ctln_M00909	I	954005	955381	+
Chlamydia trachomatis L2b/Canada2	ctln	L2BCAN2_00867	NA	glucosamine--fructose-6-phosphate aminotransferase	md:ctln_M00909	I	955392	957212	+
Chlamydia trachomatis L2b/Canada2	ctln	L2BCAN2_00420	NA	riboflavin synthase subunit alpha	md:ctln_M00911	I	460771	461370	-
Chlamydia trachomatis L2b/Canada2	ctln	L2BCAN2_00773	NA	6,7-dimethyl-8-ribityllumazine synthase	md:ctln_M00911	I	841464	841937	+
Chlamydia trachomatis L2b/Canada2	ctln	L2BCAN2_00214	NA	glutamate-1-semialdehyde aminotransferase	md:ctln_M00926	I	235072	236340	+
Chlamydia trachomatis L2b/Canada2	ctln	L2BCAN2_00305	NA	porphobilinogen deaminase	md:ctln_M00926	I	329389	330114	+
Chlamydia trachomatis L2b/Canada2	ctln	L2BCAN2_00452	NA	uroporphyrinogen-III synthase	md:ctln_M00926	I	499608	500279	+
Chlamydia trachomatis L2b/Canada2	ctln	L2BCAN2_00510	NA	ferrochelatase	md:ctln_M00926	I	558461	559405	-
Chlamydia trachomatis L2b/Canada2	ctln	L2BCAN2_00665	NA	delta-aminolevulinic acid dehydratase	md:ctln_M00926	I	717043	718059	+
Chlamydia trachomatis L2b/Canada2	ctln	L2BCAN2_00697	NA	glutamyl-tRNA reductase	md:ctln_M00926	I	755453	756496	+
Chlamydia trachomatis L2b/Canada2	ctln	L2BCAN2_00789	NA	protoporphyrinogen oxidase	md:ctln_M00926	I	863003	864277	-
Chlamydia trachomatis L2b/Canada2	ctln	L2BCAN2_00791	NA	uroporphyrinogen decarboxylase	md:ctln_M00926	I	865620	866624	-
Chlamydia trachomatis L2b/Canada2	ctln	L2BCAN2_00445	NA	hypothetical protein	md:ctln_M00930	I	492761	493870	+
Chlamydia trachomatis L2b/Canada2	ctln	L2BCAN2_00814	NA	hypothetical protein	md:ctln_M00930	I	897188	898240	-
Chlamydia trachomatis L2b/Canada2	ctln	L2BCAN2_00445	NA	hypothetical protein	md:ctln_M00931	I	492761	493870	+
Chlamydia trachomatis L2b/Canada2	ctln	L2BCAN2_00814	NA	hypothetical protein	md:ctln_M00931	I	897188	898240	-
Chlamydia trachomatis L2b/Canada2	ctln	L2BCAN2_00190	NA	thymidylate kinase	md:ctln_M00938	I	206448	207059	-
Chlamydia trachomatis L2b/Canada2	ctln	L2BCAN2_00298	NA	deoxyuridine 5'-triphosphate nucleotidohydrolase	md:ctln_M00938	I	322636	323073	-
Chlamydia trachomatis L2b/Canada2	ctln	L2BCAN2_00526	NA	mulitfunctional nucleoside diphosphate kinase/apyrimidinic endonuclease/3'-	md:ctln_M00938	I	576320	576745	-
Chlamydia trachomatis L2b/Canada2	ctln	L2BCAN2_00879	NA	ribonucleotide-diphosphate reductase subunit alpha	md:ctln_M00938	I	971202	974345	+
Chlamydia trachomatis L2b/Canada2	ctln	L2BCAN2_00880	NA	ribonucleotide-diphosphate reductase subunit beta	md:ctln_M00938	I	974383	975423	+
Chlamydia trachomatis L2b/Canada2	ctln	L2BCAN2_00824	NA	8-amino-7-oxononanoate synthase	md:ctln_M00950	I	908256	909389	+
