Chlamydia psittaci Mat116	cpsa	AO9_00325	pgk	phosphoglycerate kinase	md:cpsa_M00001	I	76094	77305	+
Chlamydia psittaci Mat116	cpsa	AO9_00605	NA	glyceraldehyde-3-phosphate dehydrogenase	md:cpsa_M00001	I	120733	121740	+
Chlamydia psittaci Mat116	cpsa	AO9_01650	tpiA	triosephosphate isomerase	md:cpsa_M00001	I	355889	356653	+
Chlamydia psittaci Mat116	cpsa	AO9_02615	NA	fructose-bisphosphate aldolase	md:cpsa_M00001	I	562374	563423	-
Chlamydia psittaci Mat116	cpsa	AO9_03120	NA	diphosphate--fructose-6-phosphate 1-phosphotransferase	md:cpsa_M00001	I	678460	679965	+
Chlamydia psittaci Mat116	cpsa	AO9_03460	NA	pyruvate kinase	md:cpsa_M00001	I	762451	763896	-
Chlamydia psittaci Mat116	cpsa	AO9_03775	pgi	glucose-6-phosphate isomerase	md:cpsa_M00001	I	833761	835356	-
Chlamydia psittaci Mat116	cpsa	AO9_04645	NA	phosphoglyceromutase	md:cpsa_M00001	I	1035037	1035720	+
Chlamydia psittaci Mat116	cpsa	AO9_04950	eno	phosphopyruvate hydratase	md:cpsa_M00001	I	1107070	1108344	+
Chlamydia psittaci Mat116	cpsa	AO9_00325	pgk	phosphoglycerate kinase	md:cpsa_M00002	I	76094	77305	+
Chlamydia psittaci Mat116	cpsa	AO9_00605	NA	glyceraldehyde-3-phosphate dehydrogenase	md:cpsa_M00002	I	120733	121740	+
Chlamydia psittaci Mat116	cpsa	AO9_01650	tpiA	triosephosphate isomerase	md:cpsa_M00002	I	355889	356653	+
Chlamydia psittaci Mat116	cpsa	AO9_03460	NA	pyruvate kinase	md:cpsa_M00002	I	762451	763896	-
Chlamydia psittaci Mat116	cpsa	AO9_04645	NA	phosphoglyceromutase	md:cpsa_M00002	I	1035037	1035720	+
Chlamydia psittaci Mat116	cpsa	AO9_04950	eno	phosphopyruvate hydratase	md:cpsa_M00002	I	1107070	1108344	+
Chlamydia psittaci Mat116	cpsa	AO9_00325	pgk	phosphoglycerate kinase	md:cpsa_M00003	I	76094	77305	+
Chlamydia psittaci Mat116	cpsa	AO9_00605	NA	glyceraldehyde-3-phosphate dehydrogenase	md:cpsa_M00003	I	120733	121740	+
Chlamydia psittaci Mat116	cpsa	AO9_01650	tpiA	triosephosphate isomerase	md:cpsa_M00003	I	355889	356653	+
Chlamydia psittaci Mat116	cpsa	AO9_02615	NA	fructose-bisphosphate aldolase	md:cpsa_M00003	I	562374	563423	-
Chlamydia psittaci Mat116	cpsa	AO9_04645	NA	phosphoglyceromutase	md:cpsa_M00003	I	1035037	1035720	+
Chlamydia psittaci Mat116	cpsa	AO9_04705	NA	phosphoenolpyruvate carboxykinase	md:cpsa_M00003	I	1048097	1049899	-
Chlamydia psittaci Mat116	cpsa	AO9_04950	eno	phosphopyruvate hydratase	md:cpsa_M00003	I	1107070	1108344	+
Chlamydia psittaci Mat116	cpsa	AO9_02280	NA	6-phosphogluconate dehydrogenase	md:cpsa_M00004	I	480949	482400	+
Chlamydia psittaci Mat116	cpsa	AO9_02810	NA	6-phosphogluconolactonase	md:cpsa_M00004	I	601653	602429	-
Chlamydia psittaci Mat116	cpsa	AO9_02815	NA	glucose-6-phosphate 1-dehydrogenase	md:cpsa_M00004	I	602453	603994	-
Chlamydia psittaci Mat116	cpsa	AO9_02870	NA	ribulose-phosphate 3-epimerase	md:cpsa_M00004	I	617399	618094	+
Chlamydia psittaci Mat116	cpsa	AO9_03245	NA	ribose-5-phosphate isomerase A	md:cpsa_M00004	I	715525	716226	-
Chlamydia psittaci Mat116	cpsa	AO9_03530	NA	transaldolase B	md:cpsa_M00004	I	784731	785714	-
Chlamydia psittaci Mat116	cpsa	AO9_03775	pgi	glucose-6-phosphate isomerase	md:cpsa_M00004	I	833761	835356	-
Chlamydia psittaci Mat116	cpsa	AO9_04490	NA	transketolase	md:cpsa_M00004	I	990824	992821	-
Chlamydia psittaci Mat116	cpsa	AO9_02280	NA	6-phosphogluconate dehydrogenase	md:cpsa_M00006	I	480949	482400	+
Chlamydia psittaci Mat116	cpsa	AO9_02810	NA	6-phosphogluconolactonase	md:cpsa_M00006	I	601653	602429	-
Chlamydia psittaci Mat116	cpsa	AO9_02815	NA	glucose-6-phosphate 1-dehydrogenase	md:cpsa_M00006	I	602453	603994	-
Chlamydia psittaci Mat116	cpsa	AO9_02870	NA	ribulose-phosphate 3-epimerase	md:cpsa_M00007	I	617399	618094	+
Chlamydia psittaci Mat116	cpsa	AO9_03245	NA	ribose-5-phosphate isomerase A	md:cpsa_M00007	I	715525	716226	-
Chlamydia psittaci Mat116	cpsa	AO9_03530	NA	transaldolase B	md:cpsa_M00007	I	784731	785714	-
Chlamydia psittaci Mat116	cpsa	AO9_04490	NA	transketolase	md:cpsa_M00007	I	990824	992821	-
Chlamydia psittaci Mat116	cpsa	AO9_02810	NA	6-phosphogluconolactonase	md:cpsa_M00008	I	601653	602429	-
Chlamydia psittaci Mat116	cpsa	AO9_02815	NA	glucose-6-phosphate 1-dehydrogenase	md:cpsa_M00008	I	602453	603994	-
Chlamydia psittaci Mat116	cpsa	AO9_01170	NA	branched-chain alpha-keto acid dehydrogenase subunit E2	md:cpsa_M00009	I	234747	235916	+
Chlamydia psittaci Mat116	cpsa	AO9_02200	sucA	2-oxoglutarate dehydrogenase E1 component	md:cpsa_M00009	I	465215	467941	+
Chlamydia psittaci Mat116	cpsa	AO9_02205	NA	dihydrolipoamide succinyltransferase	md:cpsa_M00009	I	467938	469035	+
Chlamydia psittaci Mat116	cpsa	AO9_03765	NA	malate dehydrogenase	md:cpsa_M00009	I	832144	833166	-
Chlamydia psittaci Mat116	cpsa	AO9_03845	fumC	fumarate hydratase	md:cpsa_M00009	I	848866	850248	-
Chlamydia psittaci Mat116	cpsa	AO9_04025	NA	succinyl-CoA synthetase subunit alpha	md:cpsa_M00009	I	889390	890265	-
Chlamydia psittaci Mat116	cpsa	AO9_04030	sucC	succinyl-CoA synthetase subunit beta	md:cpsa_M00009	I	890280	891440	-
Chlamydia psittaci Mat116	cpsa	AO9_04790	NA	dihydrolipoamide dehydrogenase	md:cpsa_M00009	I	1074960	1076348	+
Chlamydia psittaci Mat116	cpsa	AO9_04975	sdhB	succinate dehydrogenase iron-sulfur subunit	md:cpsa_M00009	I	1115768	1116499	-
Chlamydia psittaci Mat116	cpsa	AO9_04980	sdhA	succinate dehydrogenase flavoprotein subunit	md:cpsa_M00009	I	1116571	1118454	-
Chlamydia psittaci Mat116	cpsa	AO9_04985	NA	putative succinate dehydrogenase subunit	md:cpsa_M00009	I	1118459	1119352	-
Chlamydia psittaci Mat116	cpsa	AO9_01170	NA	branched-chain alpha-keto acid dehydrogenase subunit E2	md:cpsa_M00011	I	234747	235916	+
Chlamydia psittaci Mat116	cpsa	AO9_02200	sucA	2-oxoglutarate dehydrogenase E1 component	md:cpsa_M00011	I	465215	467941	+
Chlamydia psittaci Mat116	cpsa	AO9_02205	NA	dihydrolipoamide succinyltransferase	md:cpsa_M00011	I	467938	469035	+
Chlamydia psittaci Mat116	cpsa	AO9_03765	NA	malate dehydrogenase	md:cpsa_M00011	I	832144	833166	-
Chlamydia psittaci Mat116	cpsa	AO9_03845	fumC	fumarate hydratase	md:cpsa_M00011	I	848866	850248	-
Chlamydia psittaci Mat116	cpsa	AO9_04025	NA	succinyl-CoA synthetase subunit alpha	md:cpsa_M00011	I	889390	890265	-
Chlamydia psittaci Mat116	cpsa	AO9_04030	sucC	succinyl-CoA synthetase subunit beta	md:cpsa_M00011	I	890280	891440	-
Chlamydia psittaci Mat116	cpsa	AO9_04790	NA	dihydrolipoamide dehydrogenase	md:cpsa_M00011	I	1074960	1076348	+
Chlamydia psittaci Mat116	cpsa	AO9_04975	sdhB	succinate dehydrogenase iron-sulfur subunit	md:cpsa_M00011	I	1115768	1116499	-
Chlamydia psittaci Mat116	cpsa	AO9_04980	sdhA	succinate dehydrogenase flavoprotein subunit	md:cpsa_M00011	I	1116571	1118454	-
Chlamydia psittaci Mat116	cpsa	AO9_04985	NA	putative succinate dehydrogenase subunit	md:cpsa_M00011	I	1118459	1119352	-
Chlamydia psittaci Mat116	cpsa	AO9_03765	NA	malate dehydrogenase	md:cpsa_M00012	I	832144	833166	-
Chlamydia psittaci Mat116	cpsa	AO9_01215	dapF	diaminopimelate epimerase	md:cpsa_M00016	I	243172	243954	+
Chlamydia psittaci Mat116	cpsa	AO9_03640	NA	dihydrodipicolinate synthase	md:cpsa_M00016	I	807561	808427	-
Chlamydia psittaci Mat116	cpsa	AO9_03645	NA	aspartate kinase	md:cpsa_M00016	I	808440	809762	-
Chlamydia psittaci Mat116	cpsa	AO9_03650	NA	aspartate-semialdehyde dehydrogenase	md:cpsa_M00016	I	809750	810751	-
Chlamydia psittaci Mat116	cpsa	AO9_03655	NA	dihydrodipicolinate reductase	md:cpsa_M00016	I	810932	811672	-
Chlamydia psittaci Mat116	cpsa	AO9_03645	NA	aspartate kinase	md:cpsa_M00017	I	808440	809762	-
Chlamydia psittaci Mat116	cpsa	AO9_03650	NA	aspartate-semialdehyde dehydrogenase	md:cpsa_M00017	I	809750	810751	-
Chlamydia psittaci Mat116	cpsa	AO9_03645	NA	aspartate kinase	md:cpsa_M00018	I	808440	809762	-
Chlamydia psittaci Mat116	cpsa	AO9_03650	NA	aspartate-semialdehyde dehydrogenase	md:cpsa_M00018	I	809750	810751	-
Chlamydia psittaci Mat116	cpsa	AO9_01395	NA	3-deoxy-7-phosphoheptulonate synthase	md:cpsa_M00022	I	276763	277452	-
Chlamydia psittaci Mat116	cpsa	AO9_03705	NA	3-phosphoshikimate 1-carboxyvinyltransferase	md:cpsa_M00022	I	820329	821666	+
Chlamydia psittaci Mat116	cpsa	AO9_03710	NA	shikimate kinase	md:cpsa_M00022	I	821644	822123	+
Chlamydia psittaci Mat116	cpsa	AO9_03715	NA	chorismate synthase	md:cpsa_M00022	I	822120	823199	+
Chlamydia psittaci Mat116	cpsa	AO9_03720	aroB	3-dehydroquinate synthase	md:cpsa_M00022	I	823196	824221	+
Chlamydia psittaci Mat116	cpsa	AO9_03725	aroDE	bifunctional 3-dehydroquinate dehydratase/shikimate dehydrogenase protein	md:cpsa_M00022	I	824315	825748	+
Chlamydia psittaci Mat116	cpsa	AO9_01170	NA	branched-chain alpha-keto acid dehydrogenase subunit E2	md:cpsa_M00032	I	234747	235916	+
Chlamydia psittaci Mat116	cpsa	AO9_02205	NA	dihydrolipoamide succinyltransferase	md:cpsa_M00032	I	467938	469035	+
Chlamydia psittaci Mat116	cpsa	AO9_04790	NA	dihydrolipoamide dehydrogenase	md:cpsa_M00032	I	1074960	1076348	+
Chlamydia psittaci Mat116	cpsa	AO9_03645	NA	aspartate kinase	md:cpsa_M00033	I	808440	809762	-
Chlamydia psittaci Mat116	cpsa	AO9_03650	NA	aspartate-semialdehyde dehydrogenase	md:cpsa_M00033	I	809750	810751	-
Chlamydia psittaci Mat116	cpsa	AO9_02210	NA	multicopper polyphenol oxidase	md:cpsa_M00034	I	469046	469828	-
Chlamydia psittaci Mat116	cpsa	AO9_01720	NA	putative oxidoreductase	md:cpsa_M00036	I	372389	374425	+
Chlamydia psittaci Mat116	cpsa	AO9_04790	NA	dihydrolipoamide dehydrogenase	md:cpsa_M00036	I	1074960	1076348	+
Chlamydia psittaci Mat116	cpsa	AO9_00630	ndk	nucleoside diphosphate kinase	md:cpsa_M00049	I	125292	125717	+
Chlamydia psittaci Mat116	cpsa	AO9_02790	adk	adenylate kinase	md:cpsa_M00049	I	597833	598474	-
Chlamydia psittaci Mat116	cpsa	AO9_03855	NA	hypothetical protein	md:cpsa_M00049	I	852041	852691	-
Chlamydia psittaci Mat116	cpsa	AO9_00630	ndk	nucleoside diphosphate kinase	md:cpsa_M00050	I	125292	125717	+
Chlamydia psittaci Mat116	cpsa	AO9_02960	guaA	GMP synthase	md:cpsa_M00050	I	645955	647493	-
Chlamydia psittaci Mat116	cpsa	AO9_02965	NA	inosine-5'-monophosphate dehydrogenase	md:cpsa_M00050	I	647508	648587	-
Chlamydia psittaci Mat116	cpsa	AO9_03335	gmk	guanylate kinase	md:cpsa_M00050	I	736301	736915	-
Chlamydia psittaci Mat116	cpsa	AO9_00690	NA	orotate phosphoribosyltransferase	md:cpsa_M00051	I	139519	140139	+
Chlamydia psittaci Mat116	cpsa	AO9_00220	pyrH	uridylate kinase	md:cpsa_M00052	I	55345	56085	-
Chlamydia psittaci Mat116	cpsa	AO9_00630	ndk	nucleoside diphosphate kinase	md:cpsa_M00052	I	125292	125717	+
Chlamydia psittaci Mat116	cpsa	AO9_03065	pyrG	CTP synthetase	md:cpsa_M00052	I	664927	666540	+
Chlamydia psittaci Mat116	cpsa	AO9_00630	ndk	nucleoside diphosphate kinase	md:cpsa_M00053	I	125292	125717	+
Chlamydia psittaci Mat116	cpsa	AO9_03990	NA	ribonucleotide-diphosphate reductase subunit beta	md:cpsa_M00053	I	876466	877506	-
Chlamydia psittaci Mat116	cpsa	AO9_03995	NA	ribonucleotide-diphosphate reductase subunit alpha	md:cpsa_M00053	I	877530	880667	-
Chlamydia psittaci Mat116	cpsa	AO9_00460	lpxC	UDP-3-O-[3-hydroxymyristoyl] N-acetylglucosamine deacetylase	md:cpsa_M00060	I	103923	104765	+
Chlamydia psittaci Mat116	cpsa	AO9_00470	NA	UDP-N-acetylglucosamine acyltransferase	md:cpsa_M00060	I	105254	106093	+
Chlamydia psittaci Mat116	cpsa	AO9_01160	lpxK	tetraacyldisaccharide 4'-kinase	md:cpsa_M00060	I	232527	233462	+
Chlamydia psittaci Mat116	cpsa	AO9_02520	lpxD	UDP-3-O-[3-hydroxymyristoyl] glucosamine N-acyltransferase	md:cpsa_M00060	I	538691	539773	-
Chlamydia psittaci Mat116	cpsa	AO9_03135	NA	3-deoxy-D-manno-octulosonic-acid transferase	md:cpsa_M00060	I	682961	684262	-
Chlamydia psittaci Mat116	cpsa	AO9_03450	NA	lipid A biosynthesis lauroyl acyltransferase	md:cpsa_M00060	I	760715	762052	+
Chlamydia psittaci Mat116	cpsa	AO9_04065	lpxB	lipid-A-disaccharide synthase	md:cpsa_M00060	I	899524	901407	+
Chlamydia psittaci Mat116	cpsa	AO9_00105	NA	2-dehydro-3-deoxyphosphooctonate aldolase	md:cpsa_M00063	I	30822	31631	-
Chlamydia psittaci Mat116	cpsa	AO9_01175	NA	hypothetical protein	md:cpsa_M00063	I	235948	236937	+
Chlamydia psittaci Mat116	cpsa	AO9_03060	NA	3-deoxy-manno-octulosonate cytidylyltransferase	md:cpsa_M00063	I	664187	664951	+
Chlamydia psittaci Mat116	cpsa	AO9_01815	NA	acetyl-CoA carboxylase subunit beta	md:cpsa_M00082	I	392177	392998	+
Chlamydia psittaci Mat116	cpsa	AO9_01975	NA	acetyl-CoA carboxylase carboxyltransferase subunit alpha	md:cpsa_M00082	I	424586	425560	+
Chlamydia psittaci Mat116	cpsa	AO9_02540	NA	3-oxoacyl-(acyl carrier protein) synthase III	md:cpsa_M00082	I	543717	544718	+
Chlamydia psittaci Mat116	cpsa	AO9_02545	NA	acyl-carrier-protein S-malonyltransferase	md:cpsa_M00082	I	544773	545645	+
Chlamydia psittaci Mat116	cpsa	AO9_02880	NA	acetyl-CoA carboxylase biotin carboxyl carrier protein subunit	md:cpsa_M00082	I	618669	619169	+
Chlamydia psittaci Mat116	cpsa	AO9_02885	NA	acetyl-CoA carboxylase biotin carboxylase subunit	md:cpsa_M00082	I	619169	620524	+
Chlamydia psittaci Mat116	cpsa	AO9_00465	fabZ	(3R)-hydroxymyristoyl-ACP dehydratase	md:cpsa_M00083	I	104780	105244	+
Chlamydia psittaci Mat116	cpsa	AO9_02015	NA	enoyl-(acyl carrier protein) reductase	md:cpsa_M00083	I	431850	432749	-
Chlamydia psittaci Mat116	cpsa	AO9_02550	fabG	3-ketoacyl-(acyl-carrier-protein) reductase	md:cpsa_M00083	I	545650	546396	+
Chlamydia psittaci Mat116	cpsa	AO9_03675	NA	putative monoamine dehydrogenase/reductase	md:cpsa_M00083	I	814513	815352	+
Chlamydia psittaci Mat116	cpsa	AO9_04375	NA	3-oxoacyl-(acyl carrier protein) synthase II	md:cpsa_M00083	I	968381	969631	-
Chlamydia psittaci Mat116	cpsa	AO9_00925	NA	1-acyl-sn-glycerol-3-phosphate acyltransferase	md:cpsa_M00089	I	182565	183212	-
Chlamydia psittaci Mat116	cpsa	AO9_04175	NA	putative glycerol-3-P acyltransferase	md:cpsa_M00089	I	927313	928308	+
Chlamydia psittaci Mat116	cpsa	AO9_04350	NA	1-acyl-sn-glycerol-3-phosphate acyltransferase	md:cpsa_M00089	I	964172	964933	-
Chlamydia psittaci Mat116	cpsa	AO9_00935	NA	phosphatidate cytidylyltransferase	md:cpsa_M00093	I	183856	184776	-
Chlamydia psittaci Mat116	cpsa	AO9_04000	NA	CDP-diacylglycerol--serine O-phosphatidyltransferase	md:cpsa_M00093	I	881044	881850	+
Chlamydia psittaci Mat116	cpsa	AO9_04760	NA	phosphatidylserine decarboxylase	md:cpsa_M00093	I	1066277	1067041	-
Chlamydia psittaci Mat116	cpsa	AO9_00870	ispD	2-C-methyl-D-erythritol 4-phosphate cytidylyltransferase	md:cpsa_M00096	I	171517	172155	-
Chlamydia psittaci Mat116	cpsa	AO9_01050	ispF	2-C-methyl-D-erythritol 2,4-cyclodiphosphate synthase	md:cpsa_M00096	I	209640	210170	-
Chlamydia psittaci Mat116	cpsa	AO9_01630	NA	1-deoxy-D-xylulose-5-phosphate synthase	md:cpsa_M00096	I	351659	353593	-
Chlamydia psittaci Mat116	cpsa	AO9_02215	NA	4-hydroxy-3-methylbut-2-en-1-yl diphosphate synthase	md:cpsa_M00096	I	469803	471623	-
Chlamydia psittaci Mat116	cpsa	AO9_02325	NA	1-deoxy-D-xylulose 5-phosphate reductoisomerase	md:cpsa_M00096	I	492956	494095	+
Chlamydia psittaci Mat116	cpsa	AO9_03820	ispH	4-hydroxy-3-methylbut-2-enyl diphosphate reductase	md:cpsa_M00096	I	842675	843604	-
Chlamydia psittaci Mat116	cpsa	AO9_04200	NA	4-diphosphocytidyl-2-C-methyl-D-erythritol kinase	md:cpsa_M00096	I	932875	933750	-
Chlamydia psittaci Mat116	cpsa	AO9_01225	ubiE	ubiquinone/menaquinone biosynthesis methyltransferase	md:cpsa_M00116	I	245086	245778	-
Chlamydia psittaci Mat116	cpsa	AO9_01225	ubiE	ubiquinone/menaquinone biosynthesis methyltransferase	md:cpsa_M00117	I	245086	245778	-
Chlamydia psittaci Mat116	cpsa	AO9_02705	ubiA	prenyltransferase	md:cpsa_M00117	I	582242	583141	+
Chlamydia psittaci Mat116	cpsa	AO9_02710	NA	aromatic acid decarboxylase	md:cpsa_M00117	I	583155	583733	+
Chlamydia psittaci Mat116	cpsa	AO9_00670	coaE	dephospho-CoA kinase	md:cpsa_M00120	I	136932	137540	+
Chlamydia psittaci Mat116	cpsa	AO9_00005	NA	delta-aminolevulinic acid dehydratase	md:cpsa_M00121	I	150	1145	+
Chlamydia psittaci Mat116	cpsa	AO9_00140	hemA	glutamyl-tRNA reductase	md:cpsa_M00121	I	38155	39171	+
Chlamydia psittaci Mat116	cpsa	AO9_00715	hemH	ferrochelatase	md:cpsa_M00121	I	143981	144937	-
Chlamydia psittaci Mat116	cpsa	AO9_00980	gltX	glutamyl-tRNA synthetase	md:cpsa_M00121	I	196600	198117	+
Chlamydia psittaci Mat116	cpsa	AO9_01200	hemD	uroporphyrinogen-III synthase	md:cpsa_M00121	I	240132	240797	-
Chlamydia psittaci Mat116	cpsa	AO9_01780	NA	porphobilinogen deaminase	md:cpsa_M00121	I	385969	386706	-
Chlamydia psittaci Mat116	cpsa	AO9_03230	NA	glutamate-1-semialdehyde aminotransferase	md:cpsa_M00121	I	713091	714404	-
Chlamydia psittaci Mat116	cpsa	AO9_04505	hemE	uroporphyrinogen decarboxylase	md:cpsa_M00121	I	998950	999954	+
Chlamydia psittaci Mat116	cpsa	AO9_04510	NA	coproporphyrinogen III oxidase	md:cpsa_M00121	I	999927	1001303	+
Chlamydia psittaci Mat116	cpsa	AO9_04515	NA	protoporphyrinogen oxidase	md:cpsa_M00121	I	1001300	1002568	+
Chlamydia psittaci Mat116	cpsa	AO9_03680	NA	biotin synthase	md:cpsa_M00123	I	815603	816598	+
Chlamydia psittaci Mat116	cpsa	AO9_03685	NA	putative 8-amino-7-oxononanoate synthase	md:cpsa_M00123	I	816745	817725	+
Chlamydia psittaci Mat116	cpsa	AO9_03690	NA	dethiobiotin synthetase	md:cpsa_M00123	I	817710	818327	+
Chlamydia psittaci Mat116	cpsa	AO9_03695	NA	adenosylmethionine-8-amino-7-oxononanoate aminotransferase	md:cpsa_M00123	I	818346	819605	+
Chlamydia psittaci Mat116	cpsa	AO9_04340	NA	8-amino-7-oxononanoate synthase	md:cpsa_M00123	I	961375	962481	-
Chlamydia psittaci Mat116	cpsa	AO9_01145	NA	riboflavin synthase subunit alpha	md:cpsa_M00125	I	229895	230488	+
Chlamydia psittaci Mat116	cpsa	AO9_02425	NA	bifunctional riboflavin kinase/FMN adenylyltransferase	md:cpsa_M00125	I	516551	517333	-
Chlamydia psittaci Mat116	cpsa	AO9_04595	ribH	6,7-dimethyl-8-ribityllumazine synthase	md:cpsa_M00125	I	1024832	1025296	-
Chlamydia psittaci Mat116	cpsa	AO9_04600	NA	bifunctional 3,4-dihydroxy-2-butanone 4-phosphate synthase/GTP cyclohydrolase II protein	md:cpsa_M00125	I	1025309	1026571	-
Chlamydia psittaci Mat116	cpsa	AO9_04605	NA	riboflavin biosynthesis protein RibD	md:cpsa_M00125	I	1026656	1027762	-
Chlamydia psittaci Mat116	cpsa	AO9_05130	NA	dihydrofolate reductase	md:cpsa_M00126	I	1148627	1149070	-
Chlamydia psittaci Mat116	cpsa	AO9_05135	NA	folate synthesis bifunctional protein	md:cpsa_M00126	I	1149108	1150451	-
Chlamydia psittaci Mat116	cpsa	AO9_05140	NA	dihydroneopterin aldolase	md:cpsa_M00126	I	1150448	1150783	-
Chlamydia psittaci Mat116	cpsa	AO9_01095	NA	thiamine-phosphate pyrophosphorylase	md:cpsa_M00127	I	215861	216499	+
Chlamydia psittaci Mat116	cpsa	AO9_03740	NA	hypothetical protein	md:cpsa_M00133	I	828080	828667	+
Chlamydia psittaci Mat116	cpsa	AO9_01205	NA	serine hydroxymethyltransferase	md:cpsa_M00140	I	241112	242605	+
Chlamydia psittaci Mat116	cpsa	AO9_02360	NA	bifunctional 5,10-methylene-tetrahydrofolate dehydrogenase/5,10-methylene-tetrahydrofolate cyclohydrolase	md:cpsa_M00140	I	500806	501669	-
Chlamydia psittaci Mat116	cpsa	AO9_04975	sdhB	succinate dehydrogenase iron-sulfur subunit	md:cpsa_M00149	I	1115768	1116499	-
Chlamydia psittaci Mat116	cpsa	AO9_04980	sdhA	succinate dehydrogenase flavoprotein subunit	md:cpsa_M00149	I	1116571	1118454	-
Chlamydia psittaci Mat116	cpsa	AO9_04985	NA	putative succinate dehydrogenase subunit	md:cpsa_M00149	I	1118459	1119352	-
Chlamydia psittaci Mat116	cpsa	AO9_03430	NA	cytochrome d ubiquinol oxidase subunit II	md:cpsa_M00153	I	755838	756899	-
Chlamydia psittaci Mat116	cpsa	AO9_03435	NA	putative cytochrome D ubiquinol oxidase, subunit I	md:cpsa_M00153	I	756902	758242	-
Chlamydia psittaci Mat116	cpsa	AO9_03485	NA	V-type ATP synthase subunit K	md:cpsa_M00159	I	775738	776163	-
Chlamydia psittaci Mat116	cpsa	AO9_03490	NA	V-type ATP synthase subunit I	md:cpsa_M00159	I	776411	778246	-
Chlamydia psittaci Mat116	cpsa	AO9_03495	NA	V-type ATP synthase subunit D	md:cpsa_M00159	I	778237	778761	-
Chlamydia psittaci Mat116	cpsa	AO9_03500	NA	V-type ATP synthase subunit B	md:cpsa_M00159	I	778847	780163	-
Chlamydia psittaci Mat116	cpsa	AO9_03505	NA	V-type ATP synthase subunit A	md:cpsa_M00159	I	780170	781945	-
Chlamydia psittaci Mat116	cpsa	AO9_03515	NA	V-type ATP synthase subunit E	md:cpsa_M00159	I	782785	783411	-
Chlamydia psittaci Mat116	cpsa	AO9_00325	pgk	phosphoglycerate kinase	md:cpsa_M00165	I	76094	77305	+
Chlamydia psittaci Mat116	cpsa	AO9_00605	NA	glyceraldehyde-3-phosphate dehydrogenase	md:cpsa_M00165	I	120733	121740	+
Chlamydia psittaci Mat116	cpsa	AO9_03245	NA	ribose-5-phosphate isomerase A	md:cpsa_M00165	I	715525	716226	-
Chlamydia psittaci Mat116	cpsa	AO9_04490	NA	transketolase	md:cpsa_M00165	I	990824	992821	-
Chlamydia psittaci Mat116	cpsa	AO9_00325	pgk	phosphoglycerate kinase	md:cpsa_M00166	I	76094	77305	+
Chlamydia psittaci Mat116	cpsa	AO9_00605	NA	glyceraldehyde-3-phosphate dehydrogenase	md:cpsa_M00166	I	120733	121740	+
Chlamydia psittaci Mat116	cpsa	AO9_03245	NA	ribose-5-phosphate isomerase A	md:cpsa_M00167	I	715525	716226	-
Chlamydia psittaci Mat116	cpsa	AO9_04490	NA	transketolase	md:cpsa_M00167	I	990824	992821	-
Chlamydia psittaci Mat116	cpsa	AO9_03765	NA	malate dehydrogenase	md:cpsa_M00168	I	832144	833166	-
Chlamydia psittaci Mat116	cpsa	AO9_03765	NA	malate dehydrogenase	md:cpsa_M00173	I	832144	833166	-
Chlamydia psittaci Mat116	cpsa	AO9_03845	fumC	fumarate hydratase	md:cpsa_M00173	I	848866	850248	-
Chlamydia psittaci Mat116	cpsa	AO9_04025	NA	succinyl-CoA synthetase subunit alpha	md:cpsa_M00173	I	889390	890265	-
Chlamydia psittaci Mat116	cpsa	AO9_04030	sucC	succinyl-CoA synthetase subunit beta	md:cpsa_M00173	I	890280	891440	-
Chlamydia psittaci Mat116	cpsa	AO9_04975	sdhB	succinate dehydrogenase iron-sulfur subunit	md:cpsa_M00173	I	1115768	1116499	-
Chlamydia psittaci Mat116	cpsa	AO9_04980	sdhA	succinate dehydrogenase flavoprotein subunit	md:cpsa_M00173	I	1116571	1118454	-
Chlamydia psittaci Mat116	cpsa	AO9_04985	NA	putative succinate dehydrogenase subunit	md:cpsa_M00173	I	1118459	1119352	-
Chlamydia psittaci Mat116	cpsa	AO9_01045	NA	putative oxidoreductase	md:cpsa_M00176	I	208594	209643	+
Chlamydia psittaci Mat116	cpsa	AO9_02495	NA	branched-chain alpha-keto acid dehydrogenase subunit E2	md:cpsa_M00307	I	534277	535563	-
Chlamydia psittaci Mat116	cpsa	AO9_02500	NA	pyruvate dehydrogenase E1 component beta subunit	md:cpsa_M00307	I	535568	536554	-
Chlamydia psittaci Mat116	cpsa	AO9_04790	NA	dihydrolipoamide dehydrogenase	md:cpsa_M00307	I	1074960	1076348	+
Chlamydia psittaci Mat116	cpsa	AO9_00325	pgk	phosphoglycerate kinase	md:cpsa_M00308	I	76094	77305	+
Chlamydia psittaci Mat116	cpsa	AO9_00605	NA	glyceraldehyde-3-phosphate dehydrogenase	md:cpsa_M00308	I	120733	121740	+
Chlamydia psittaci Mat116	cpsa	AO9_03120	NA	diphosphate--fructose-6-phosphate 1-phosphotransferase	md:cpsa_M00345	I	678460	679965	+
Chlamydia psittaci Mat116	cpsa	AO9_01205	NA	serine hydroxymethyltransferase	md:cpsa_M00346	I	241112	242605	+
Chlamydia psittaci Mat116	cpsa	AO9_03765	NA	malate dehydrogenase	md:cpsa_M00346	I	832144	833166	-
Chlamydia psittaci Mat116	cpsa	AO9_04950	eno	phosphopyruvate hydratase	md:cpsa_M00346	I	1107070	1108344	+
Chlamydia psittaci Mat116	cpsa	AO9_05185	NA	geranylgeranyl pyrophosphate synthase	md:cpsa_M00364	I	1160305	1161186	+
Chlamydia psittaci Mat116	cpsa	AO9_03765	NA	malate dehydrogenase	md:cpsa_M00374	I	832144	833166	-
Chlamydia psittaci Mat116	cpsa	AO9_04025	NA	succinyl-CoA synthetase subunit alpha	md:cpsa_M00374	I	889390	890265	-
Chlamydia psittaci Mat116	cpsa	AO9_04030	sucC	succinyl-CoA synthetase subunit beta	md:cpsa_M00374	I	890280	891440	-
Chlamydia psittaci Mat116	cpsa	AO9_04975	sdhB	succinate dehydrogenase iron-sulfur subunit	md:cpsa_M00374	I	1115768	1116499	-
Chlamydia psittaci Mat116	cpsa	AO9_04980	sdhA	succinate dehydrogenase flavoprotein subunit	md:cpsa_M00374	I	1116571	1118454	-
Chlamydia psittaci Mat116	cpsa	AO9_04985	NA	putative succinate dehydrogenase subunit	md:cpsa_M00374	I	1118459	1119352	-
Chlamydia psittaci Mat116	cpsa	AO9_01815	NA	acetyl-CoA carboxylase subunit beta	md:cpsa_M00376	I	392177	392998	+
Chlamydia psittaci Mat116	cpsa	AO9_01975	NA	acetyl-CoA carboxylase carboxyltransferase subunit alpha	md:cpsa_M00376	I	424586	425560	+
Chlamydia psittaci Mat116	cpsa	AO9_02880	NA	acetyl-CoA carboxylase biotin carboxyl carrier protein subunit	md:cpsa_M00376	I	618669	619169	+
Chlamydia psittaci Mat116	cpsa	AO9_02885	NA	acetyl-CoA carboxylase biotin carboxylase subunit	md:cpsa_M00376	I	619169	620524	+
Chlamydia psittaci Mat116	cpsa	AO9_03845	fumC	fumarate hydratase	md:cpsa_M00376	I	848866	850248	-
Chlamydia psittaci Mat116	cpsa	AO9_04975	sdhB	succinate dehydrogenase iron-sulfur subunit	md:cpsa_M00376	I	1115768	1116499	-
Chlamydia psittaci Mat116	cpsa	AO9_04980	sdhA	succinate dehydrogenase flavoprotein subunit	md:cpsa_M00376	I	1116571	1118454	-
Chlamydia psittaci Mat116	cpsa	AO9_04985	NA	putative succinate dehydrogenase subunit	md:cpsa_M00376	I	1118459	1119352	-
Chlamydia psittaci Mat116	cpsa	AO9_02360	NA	bifunctional 5,10-methylene-tetrahydrofolate dehydrogenase/5,10-methylene-tetrahydrofolate cyclohydrolase	md:cpsa_M00377	I	500806	501669	-
Chlamydia psittaci Mat116	cpsa	AO9_01215	dapF	diaminopimelate epimerase	md:cpsa_M00525	I	243172	243954	+
Chlamydia psittaci Mat116	cpsa	AO9_03640	NA	dihydrodipicolinate synthase	md:cpsa_M00525	I	807561	808427	-
Chlamydia psittaci Mat116	cpsa	AO9_03645	NA	aspartate kinase	md:cpsa_M00525	I	808440	809762	-
Chlamydia psittaci Mat116	cpsa	AO9_03650	NA	aspartate-semialdehyde dehydrogenase	md:cpsa_M00525	I	809750	810751	-
Chlamydia psittaci Mat116	cpsa	AO9_03655	NA	dihydrodipicolinate reductase	md:cpsa_M00525	I	810932	811672	-
Chlamydia psittaci Mat116	cpsa	AO9_03640	NA	dihydrodipicolinate synthase	md:cpsa_M00526	I	807561	808427	-
Chlamydia psittaci Mat116	cpsa	AO9_03645	NA	aspartate kinase	md:cpsa_M00526	I	808440	809762	-
Chlamydia psittaci Mat116	cpsa	AO9_03650	NA	aspartate-semialdehyde dehydrogenase	md:cpsa_M00526	I	809750	810751	-
Chlamydia psittaci Mat116	cpsa	AO9_03655	NA	dihydrodipicolinate reductase	md:cpsa_M00526	I	810932	811672	-
Chlamydia psittaci Mat116	cpsa	AO9_01215	dapF	diaminopimelate epimerase	md:cpsa_M00527	I	243172	243954	+
Chlamydia psittaci Mat116	cpsa	AO9_01340	NA	L,L-diaminopimelate aminotransferase	md:cpsa_M00527	I	265340	266536	-
Chlamydia psittaci Mat116	cpsa	AO9_03640	NA	dihydrodipicolinate synthase	md:cpsa_M00527	I	807561	808427	-
Chlamydia psittaci Mat116	cpsa	AO9_03645	NA	aspartate kinase	md:cpsa_M00527	I	808440	809762	-
Chlamydia psittaci Mat116	cpsa	AO9_03650	NA	aspartate-semialdehyde dehydrogenase	md:cpsa_M00527	I	809750	810751	-
Chlamydia psittaci Mat116	cpsa	AO9_03655	NA	dihydrodipicolinate reductase	md:cpsa_M00527	I	810932	811672	-
Chlamydia psittaci Mat116	cpsa	AO9_01205	NA	serine hydroxymethyltransferase	md:cpsa_M00532	I	241112	242605	+
Chlamydia psittaci Mat116	cpsa	AO9_01880	NA	glycine cleavage system protein H	md:cpsa_M00532	I	407459	407800	+
Chlamydia psittaci Mat116	cpsa	AO9_04790	NA	dihydrolipoamide dehydrogenase	md:cpsa_M00532	I	1074960	1076348	+
Chlamydia psittaci Mat116	cpsa	AO9_00175	NA	type III secretion system ATPase	md:cpsa_M00542	I	44128	45456	+
Chlamydia psittaci Mat116	cpsa	AO9_00200	NA	putative general secretion protein	md:cpsa_M00542	I	49485	52208	+
Chlamydia psittaci Mat116	cpsa	AO9_02410	NA	putative membrane transport protein	md:cpsa_M00542	I	511916	514045	-
Chlamydia psittaci Mat116	cpsa	AO9_02415	NA	type III secretion system protein	md:cpsa_M00542	I	514063	515124	-
Chlamydia psittaci Mat116	cpsa	AO9_04800	NA	putative type III export protein	md:cpsa_M00542	I	1077488	1078480	+
Chlamydia psittaci Mat116	cpsa	AO9_04820	NA	type III secretion system protein	md:cpsa_M00542	I	1080183	1081100	+
Chlamydia psittaci Mat116	cpsa	AO9_04825	NA	putative type III export protein	md:cpsa_M00542	I	1081110	1081394	+
Chlamydia psittaci Mat116	cpsa	AO9_04830	NA	putative type III export protein	md:cpsa_M00542	I	1081401	1082270	+
Chlamydia psittaci Mat116	cpsa	AO9_00325	pgk	phosphoglycerate kinase	md:cpsa_M00552	I	76094	77305	+
Chlamydia psittaci Mat116	cpsa	AO9_00605	NA	glyceraldehyde-3-phosphate dehydrogenase	md:cpsa_M00552	I	120733	121740	+
Chlamydia psittaci Mat116	cpsa	AO9_00695	NA	glucose-1-phosphate adenylyltransferase	md:cpsa_M00565	I	140275	141486	+
Chlamydia psittaci Mat116	cpsa	AO9_01435	NA	glycogen branching enzyme	md:cpsa_M00565	I	287570	289708	+
Chlamydia psittaci Mat116	cpsa	AO9_02135	NA	putative glycosyl hydrolase	md:cpsa_M00565	I	452158	454149	-
Chlamydia psittaci Mat116	cpsa	AO9_04235	glgA	glycogen synthase	md:cpsa_M00565	I	936620	938047	+
Chlamydia psittaci Mat116	cpsa	AO9_00465	fabZ	(3R)-hydroxymyristoyl-ACP dehydratase	md:cpsa_M00572	I	104780	105244	+
Chlamydia psittaci Mat116	cpsa	AO9_02015	NA	enoyl-(acyl carrier protein) reductase	md:cpsa_M00572	I	431850	432749	-
Chlamydia psittaci Mat116	cpsa	AO9_02550	fabG	3-ketoacyl-(acyl-carrier-protein) reductase	md:cpsa_M00572	I	545650	546396	+
Chlamydia psittaci Mat116	cpsa	AO9_03675	NA	putative monoamine dehydrogenase/reductase	md:cpsa_M00572	I	814513	815352	+
Chlamydia psittaci Mat116	cpsa	AO9_04375	NA	3-oxoacyl-(acyl carrier protein) synthase II	md:cpsa_M00572	I	968381	969631	-
Chlamydia psittaci Mat116	cpsa	AO9_03680	NA	biotin synthase	md:cpsa_M00573	I	815603	816598	+
Chlamydia psittaci Mat116	cpsa	AO9_03685	NA	putative 8-amino-7-oxononanoate synthase	md:cpsa_M00573	I	816745	817725	+
Chlamydia psittaci Mat116	cpsa	AO9_03690	NA	dethiobiotin synthetase	md:cpsa_M00573	I	817710	818327	+
Chlamydia psittaci Mat116	cpsa	AO9_04340	NA	8-amino-7-oxononanoate synthase	md:cpsa_M00573	I	961375	962481	-
Chlamydia psittaci Mat116	cpsa	AO9_03680	NA	biotin synthase	md:cpsa_M00577	I	815603	816598	+
Chlamydia psittaci Mat116	cpsa	AO9_03685	NA	putative 8-amino-7-oxononanoate synthase	md:cpsa_M00577	I	816745	817725	+
Chlamydia psittaci Mat116	cpsa	AO9_03690	NA	dethiobiotin synthetase	md:cpsa_M00577	I	817710	818327	+
Chlamydia psittaci Mat116	cpsa	AO9_03695	NA	adenosylmethionine-8-amino-7-oxononanoate aminotransferase	md:cpsa_M00577	I	818346	819605	+
Chlamydia psittaci Mat116	cpsa	AO9_04340	NA	8-amino-7-oxononanoate synthase	md:cpsa_M00577	I	961375	962481	-
Chlamydia psittaci Mat116	cpsa	AO9_03245	NA	ribose-5-phosphate isomerase A	md:cpsa_M00580	I	715525	716226	-
Chlamydia psittaci Mat116	cpsa	AO9_03765	NA	malate dehydrogenase	md:cpsa_M00620	I	832144	833166	-
Chlamydia psittaci Mat116	cpsa	AO9_04025	NA	succinyl-CoA synthetase subunit alpha	md:cpsa_M00620	I	889390	890265	-
Chlamydia psittaci Mat116	cpsa	AO9_04030	sucC	succinyl-CoA synthetase subunit beta	md:cpsa_M00620	I	890280	891440	-
Chlamydia psittaci Mat116	cpsa	AO9_00175	NA	type III secretion system ATPase	md:cpsa_M00660	I	44128	45456	+
Chlamydia psittaci Mat116	cpsa	AO9_02410	NA	putative membrane transport protein	md:cpsa_M00660	I	511916	514045	-
Chlamydia psittaci Mat116	cpsa	AO9_02415	NA	type III secretion system protein	md:cpsa_M00660	I	514063	515124	-
Chlamydia psittaci Mat116	cpsa	AO9_04800	NA	putative type III export protein	md:cpsa_M00660	I	1077488	1078480	+
Chlamydia psittaci Mat116	cpsa	AO9_04820	NA	type III secretion system protein	md:cpsa_M00660	I	1080183	1081100	+
Chlamydia psittaci Mat116	cpsa	AO9_04825	NA	putative type III export protein	md:cpsa_M00660	I	1081110	1081394	+
Chlamydia psittaci Mat116	cpsa	AO9_04830	NA	putative type III export protein	md:cpsa_M00660	I	1081401	1082270	+
Chlamydia psittaci Mat116	cpsa	AO9_03765	NA	malate dehydrogenase	md:cpsa_M00740	I	832144	833166	-
Chlamydia psittaci Mat116	cpsa	AO9_04600	NA	bifunctional 3,4-dihydroxy-2-butanone 4-phosphate synthase/GTP cyclohydrolase II protein	md:cpsa_M00840	I	1025309	1026571	-
Chlamydia psittaci Mat116	cpsa	AO9_05125	NA	hypothetical protein	md:cpsa_M00840	I	1147927	1148655	-
Chlamydia psittaci Mat116	cpsa	AO9_05130	NA	dihydrofolate reductase	md:cpsa_M00840	I	1148627	1149070	-
Chlamydia psittaci Mat116	cpsa	AO9_05135	NA	folate synthesis bifunctional protein	md:cpsa_M00840	I	1149108	1150451	-
Chlamydia psittaci Mat116	cpsa	AO9_05140	NA	dihydroneopterin aldolase	md:cpsa_M00840	I	1150448	1150783	-
Chlamydia psittaci Mat116	cpsa	AO9_05135	NA	folate synthesis bifunctional protein	md:cpsa_M00841	I	1149108	1150451	-
Chlamydia psittaci Mat116	cpsa	AO9_00005	NA	delta-aminolevulinic acid dehydratase	md:cpsa_M00846	I	150	1145	+
Chlamydia psittaci Mat116	cpsa	AO9_00140	hemA	glutamyl-tRNA reductase	md:cpsa_M00846	I	38155	39171	+
Chlamydia psittaci Mat116	cpsa	AO9_01200	hemD	uroporphyrinogen-III synthase	md:cpsa_M00846	I	240132	240797	-
Chlamydia psittaci Mat116	cpsa	AO9_01780	NA	porphobilinogen deaminase	md:cpsa_M00846	I	385969	386706	-
Chlamydia psittaci Mat116	cpsa	AO9_03230	NA	glutamate-1-semialdehyde aminotransferase	md:cpsa_M00846	I	713091	714404	-
Chlamydia psittaci Mat116	cpsa	AO9_02710	NA	aromatic acid decarboxylase	md:cpsa_M00849	I	583155	583733	+
Chlamydia psittaci Mat116	cpsa	AO9_00695	NA	glucose-1-phosphate adenylyltransferase	md:cpsa_M00854	I	140275	141486	+
Chlamydia psittaci Mat116	cpsa	AO9_01435	NA	glycogen branching enzyme	md:cpsa_M00854	I	287570	289708	+
Chlamydia psittaci Mat116	cpsa	AO9_04235	glgA	glycogen synthase	md:cpsa_M00854	I	936620	938047	+
Chlamydia psittaci Mat116	cpsa	AO9_02395	NA	4-alpha-glucanotransferase	md:cpsa_M00855	I	508609	510201	-
Chlamydia psittaci Mat116	cpsa	AO9_02490	NA	glycogen phosphorylase	md:cpsa_M00855	I	531752	534202	+
Chlamydia psittaci Mat116	cpsa	AO9_00460	lpxC	UDP-3-O-[3-hydroxymyristoyl] N-acetylglucosamine deacetylase	md:cpsa_M00866	I	103923	104765	+
Chlamydia psittaci Mat116	cpsa	AO9_00470	NA	UDP-N-acetylglucosamine acyltransferase	md:cpsa_M00866	I	105254	106093	+
Chlamydia psittaci Mat116	cpsa	AO9_01160	lpxK	tetraacyldisaccharide 4'-kinase	md:cpsa_M00866	I	232527	233462	+
Chlamydia psittaci Mat116	cpsa	AO9_02520	lpxD	UDP-3-O-[3-hydroxymyristoyl] glucosamine N-acyltransferase	md:cpsa_M00866	I	538691	539773	-
Chlamydia psittaci Mat116	cpsa	AO9_03135	NA	3-deoxy-D-manno-octulosonic-acid transferase	md:cpsa_M00866	I	682961	684262	-
Chlamydia psittaci Mat116	cpsa	AO9_03450	NA	lipid A biosynthesis lauroyl acyltransferase	md:cpsa_M00866	I	760715	762052	+
Chlamydia psittaci Mat116	cpsa	AO9_04065	lpxB	lipid-A-disaccharide synthase	md:cpsa_M00866	I	899524	901407	+
Chlamydia psittaci Mat116	cpsa	AO9_00005	NA	delta-aminolevulinic acid dehydratase	md:cpsa_M00868	I	150	1145	+
Chlamydia psittaci Mat116	cpsa	AO9_00715	hemH	ferrochelatase	md:cpsa_M00868	I	143981	144937	-
Chlamydia psittaci Mat116	cpsa	AO9_01200	hemD	uroporphyrinogen-III synthase	md:cpsa_M00868	I	240132	240797	-
Chlamydia psittaci Mat116	cpsa	AO9_01780	NA	porphobilinogen deaminase	md:cpsa_M00868	I	385969	386706	-
Chlamydia psittaci Mat116	cpsa	AO9_04505	hemE	uroporphyrinogen decarboxylase	md:cpsa_M00868	I	998950	999954	+
Chlamydia psittaci Mat116	cpsa	AO9_04515	NA	protoporphyrinogen oxidase	md:cpsa_M00868	I	1001300	1002568	+
Chlamydia psittaci Mat116	cpsa	AO9_02545	NA	acyl-carrier-protein S-malonyltransferase	md:cpsa_M00873	I	544773	545645	+
Chlamydia psittaci Mat116	cpsa	AO9_04375	NA	3-oxoacyl-(acyl carrier protein) synthase II	md:cpsa_M00873	I	968381	969631	-
Chlamydia psittaci Mat116	cpsa	AO9_02545	NA	acyl-carrier-protein S-malonyltransferase	md:cpsa_M00874	I	544773	545645	+
Chlamydia psittaci Mat116	cpsa	AO9_02550	fabG	3-ketoacyl-(acyl-carrier-protein) reductase	md:cpsa_M00874	I	545650	546396	+
Chlamydia psittaci Mat116	cpsa	AO9_03675	NA	putative monoamine dehydrogenase/reductase	md:cpsa_M00874	I	814513	815352	+
Chlamydia psittaci Mat116	cpsa	AO9_04375	NA	3-oxoacyl-(acyl carrier protein) synthase II	md:cpsa_M00874	I	968381	969631	-
Chlamydia psittaci Mat116	cpsa	AO9_04795	NA	lipoyl synthase	md:cpsa_M00881	I	1076345	1077277	+
Chlamydia psittaci Mat116	cpsa	AO9_04795	NA	lipoyl synthase	md:cpsa_M00882	I	1076345	1077277	+
Chlamydia psittaci Mat116	cpsa	AO9_04795	NA	lipoyl synthase	md:cpsa_M00883	I	1076345	1077277	+
Chlamydia psittaci Mat116	cpsa	AO9_04795	NA	lipoyl synthase	md:cpsa_M00884	I	1076345	1077277	+
Chlamydia psittaci Mat116	cpsa	AO9_01095	NA	thiamine-phosphate pyrophosphorylase	md:cpsa_M00895	I	215861	216499	+
Chlamydia psittaci Mat116	cpsa	AO9_01095	NA	thiamine-phosphate pyrophosphorylase	md:cpsa_M00896	I	215861	216499	+
Chlamydia psittaci Mat116	cpsa	AO9_01095	NA	thiamine-phosphate pyrophosphorylase	md:cpsa_M00899	I	215861	216499	+
Chlamydia psittaci Mat116	cpsa	AO9_01100	NA	hydroxyethylthiazole kinase	md:cpsa_M00899	I	216493	217281	+
Chlamydia psittaci Mat116	cpsa	AO9_03775	pgi	glucose-6-phosphate isomerase	md:cpsa_M00909	I	833761	835356	-
Chlamydia psittaci Mat116	cpsa	AO9_04050	NA	glucosamine--fructose-6-phosphate aminotransferase	md:cpsa_M00909	I	894402	896231	-
Chlamydia psittaci Mat116	cpsa	AO9_04055	glmM	phosphoglucosamine mutase	md:cpsa_M00909	I	896240	897616	-
Chlamydia psittaci Mat116	cpsa	AO9_01145	NA	riboflavin synthase subunit alpha	md:cpsa_M00911	I	229895	230488	+
Chlamydia psittaci Mat116	cpsa	AO9_04595	ribH	6,7-dimethyl-8-ribityllumazine synthase	md:cpsa_M00911	I	1024832	1025296	-
Chlamydia psittaci Mat116	cpsa	AO9_00005	NA	delta-aminolevulinic acid dehydratase	md:cpsa_M00926	I	150	1145	+
Chlamydia psittaci Mat116	cpsa	AO9_00140	hemA	glutamyl-tRNA reductase	md:cpsa_M00926	I	38155	39171	+
Chlamydia psittaci Mat116	cpsa	AO9_00715	hemH	ferrochelatase	md:cpsa_M00926	I	143981	144937	-
Chlamydia psittaci Mat116	cpsa	AO9_01200	hemD	uroporphyrinogen-III synthase	md:cpsa_M00926	I	240132	240797	-
Chlamydia psittaci Mat116	cpsa	AO9_01780	NA	porphobilinogen deaminase	md:cpsa_M00926	I	385969	386706	-
Chlamydia psittaci Mat116	cpsa	AO9_03230	NA	glutamate-1-semialdehyde aminotransferase	md:cpsa_M00926	I	713091	714404	-
Chlamydia psittaci Mat116	cpsa	AO9_04505	hemE	uroporphyrinogen decarboxylase	md:cpsa_M00926	I	998950	999954	+
Chlamydia psittaci Mat116	cpsa	AO9_04515	NA	protoporphyrinogen oxidase	md:cpsa_M00926	I	1001300	1002568	+
Chlamydia psittaci Mat116	cpsa	AO9_01235	NA	hypothetical protein	md:cpsa_M00930	I	246554	247576	-
Chlamydia psittaci Mat116	cpsa	AO9_04395	NA	hypothetical protein	md:cpsa_M00930	I	972494	973519	+
Chlamydia psittaci Mat116	cpsa	AO9_01235	NA	hypothetical protein	md:cpsa_M00931	I	246554	247576	-
Chlamydia psittaci Mat116	cpsa	AO9_04395	NA	hypothetical protein	md:cpsa_M00931	I	972494	973519	+
Chlamydia psittaci Mat116	cpsa	AO9_00630	ndk	nucleoside diphosphate kinase	md:cpsa_M00938	I	125292	125717	+
Chlamydia psittaci Mat116	cpsa	AO9_01820	dut	deoxyuridine 5'-triphosphate nucleotidohydrolase	md:cpsa_M00938	I	393051	393494	+
Chlamydia psittaci Mat116	cpsa	AO9_02665	tmk	thymidylate kinase	md:cpsa_M00938	I	574375	574998	+
Chlamydia psittaci Mat116	cpsa	AO9_03990	NA	ribonucleotide-diphosphate reductase subunit beta	md:cpsa_M00938	I	876466	877506	-
Chlamydia psittaci Mat116	cpsa	AO9_03995	NA	ribonucleotide-diphosphate reductase subunit alpha	md:cpsa_M00938	I	877530	880667	-
Chlamydia psittaci Mat116	cpsa	AO9_03680	NA	biotin synthase	md:cpsa_M00950	I	815603	816598	+
Chlamydia psittaci Mat116	cpsa	AO9_03685	NA	putative 8-amino-7-oxononanoate synthase	md:cpsa_M00950	I	816745	817725	+
Chlamydia psittaci Mat116	cpsa	AO9_03690	NA	dethiobiotin synthetase	md:cpsa_M00950	I	817710	818327	+
Chlamydia psittaci Mat116	cpsa	AO9_04340	NA	8-amino-7-oxononanoate synthase	md:cpsa_M00950	I	961375	962481	-
