Clostridium botulinum B Eklund 17B (NRP)	cbk	CLL_A0403	pgi	glucose-6-phosphate isomerase	md:cbk_M00001	I	411344	412693	+
Clostridium botulinum B Eklund 17B (NRP)	cbk	CLL_A0557	pyk	pyruvate kinase	md:cbk_M00001	I	556394	557812	-
Clostridium botulinum B Eklund 17B (NRP)	cbk	CLL_A0769	NA	phosphofructokinase family protein	md:cbk_M00001	I	781461	782678	-
Clostridium botulinum B Eklund 17B (NRP)	cbk	CLL_A1301	NA	probable fructose-bisphosphate aldolase 1	md:cbk_M00001	I	1335163	1336008	+
Clostridium botulinum B Eklund 17B (NRP)	cbk	CLL_A2056	NA	glucokinase	md:cbk_M00001	I	2150619	2151509	-
Clostridium botulinum B Eklund 17B (NRP)	cbk	CLL_A2841	NA	pyruvate kinase family protein	md:cbk_M00001	I	2915512	2916531	-
Clostridium botulinum B Eklund 17B (NRP)	cbk	CLL_A3055	eno	phosphopyruvate hydratase	md:cbk_M00001	I	3156667	3157962	-
Clostridium botulinum B Eklund 17B (NRP)	cbk	CLL_A3058	gpmI	2,3-bisphosphoglycerate-independent phosphoglycerate mutase	md:cbk_M00001	I	3160581	3162119	-
Clostridium botulinum B Eklund 17B (NRP)	cbk	CLL_A3064	tpiA	triose-phosphate isomerase	md:cbk_M00001	I	3168241	3168987	-
Clostridium botulinum B Eklund 17B (NRP)	cbk	CLL_A3065	pgk	phosphoglycerate kinase	md:cbk_M00001	I	3169110	3170300	-
Clostridium botulinum B Eklund 17B (NRP)	cbk	CLL_A3066	gap	glyceraldehyde-3-phosphate dehydrogenase, type I	md:cbk_M00001	I	3170417	3171433	-
Clostridium botulinum B Eklund 17B (NRP)	cbk	CLL_A3113	fba	fructose-1,6-bisphosphate aldolase, class II	md:cbk_M00001	I	3220549	3221481	+
Clostridium botulinum B Eklund 17B (NRP)	cbk	CLL_A3336	pyk	pyruvate kinase	md:cbk_M00001	I	3509864	3511279	-
Clostridium botulinum B Eklund 17B (NRP)	cbk	CLL_A3337	pfkA	6-phosphofructokinase	md:cbk_M00001	I	3511339	3512301	-
Clostridium botulinum B Eklund 17B (NRP)	cbk	CLL_A3397	NA	putative glucokinase	md:cbk_M00001	I	3577173	3578126	-
Clostridium botulinum B Eklund 17B (NRP)	cbk	CLL_A0557	pyk	pyruvate kinase	md:cbk_M00002	I	556394	557812	-
Clostridium botulinum B Eklund 17B (NRP)	cbk	CLL_A2841	NA	pyruvate kinase family protein	md:cbk_M00002	I	2915512	2916531	-
Clostridium botulinum B Eklund 17B (NRP)	cbk	CLL_A3055	eno	phosphopyruvate hydratase	md:cbk_M00002	I	3156667	3157962	-
Clostridium botulinum B Eklund 17B (NRP)	cbk	CLL_A3058	gpmI	2,3-bisphosphoglycerate-independent phosphoglycerate mutase	md:cbk_M00002	I	3160581	3162119	-
Clostridium botulinum B Eklund 17B (NRP)	cbk	CLL_A3064	tpiA	triose-phosphate isomerase	md:cbk_M00002	I	3168241	3168987	-
Clostridium botulinum B Eklund 17B (NRP)	cbk	CLL_A3065	pgk	phosphoglycerate kinase	md:cbk_M00002	I	3169110	3170300	-
Clostridium botulinum B Eklund 17B (NRP)	cbk	CLL_A3066	gap	glyceraldehyde-3-phosphate dehydrogenase, type I	md:cbk_M00002	I	3170417	3171433	-
Clostridium botulinum B Eklund 17B (NRP)	cbk	CLL_A3336	pyk	pyruvate kinase	md:cbk_M00002	I	3509864	3511279	-
Clostridium botulinum B Eklund 17B (NRP)	cbk	CLL_A1301	NA	probable fructose-bisphosphate aldolase 1	md:cbk_M00003	I	1335163	1336008	+
Clostridium botulinum B Eklund 17B (NRP)	cbk	CLL_A2533	fbp	fructose-1,6-bisphosphatase	md:cbk_M00003	I	2640585	2642576	-
Clostridium botulinum B Eklund 17B (NRP)	cbk	CLL_A3055	eno	phosphopyruvate hydratase	md:cbk_M00003	I	3156667	3157962	-
Clostridium botulinum B Eklund 17B (NRP)	cbk	CLL_A3058	gpmI	2,3-bisphosphoglycerate-independent phosphoglycerate mutase	md:cbk_M00003	I	3160581	3162119	-
Clostridium botulinum B Eklund 17B (NRP)	cbk	CLL_A3064	tpiA	triose-phosphate isomerase	md:cbk_M00003	I	3168241	3168987	-
Clostridium botulinum B Eklund 17B (NRP)	cbk	CLL_A3065	pgk	phosphoglycerate kinase	md:cbk_M00003	I	3169110	3170300	-
Clostridium botulinum B Eklund 17B (NRP)	cbk	CLL_A3066	gap	glyceraldehyde-3-phosphate dehydrogenase, type I	md:cbk_M00003	I	3170417	3171433	-
Clostridium botulinum B Eklund 17B (NRP)	cbk	CLL_A3113	fba	fructose-1,6-bisphosphate aldolase, class II	md:cbk_M00003	I	3220549	3221481	+
Clostridium botulinum B Eklund 17B (NRP)	cbk	CLL_A0403	pgi	glucose-6-phosphate isomerase	md:cbk_M00004	I	411344	412693	+
Clostridium botulinum B Eklund 17B (NRP)	cbk	CLL_A0486	rpiB	ribose 5-phosphate isomerase B	md:cbk_M00004	I	487499	487948	+
Clostridium botulinum B Eklund 17B (NRP)	cbk	CLL_A1223	rpe	ribulose-phosphate 3-epimerase	md:cbk_M00004	I	1252735	1253379	+
Clostridium botulinum B Eklund 17B (NRP)	cbk	CLL_A1312	gnd	6-phosphogluconate dehydrogenase (decarboxylating)	md:cbk_M00004	I	1348749	1349648	+
Clostridium botulinum B Eklund 17B (NRP)	cbk	CLL_A1583	NA	transketolase	md:cbk_M00004	I	1641069	1641884	+
Clostridium botulinum B Eklund 17B (NRP)	cbk	CLL_A1586	NA	putative transaldolase	md:cbk_M00004	I	1643780	1644424	+
Clostridium botulinum B Eklund 17B (NRP)	cbk	CLL_A2914	NA	conserved hypothetical protein	md:cbk_M00004	I	2996487	2997545	+
Clostridium botulinum B Eklund 17B (NRP)	cbk	CLL_A3355	NA	transketolase, pyridine binding subunit	md:cbk_M00004	I	3538485	3539429	-
Clostridium botulinum B Eklund 17B (NRP)	cbk	CLL_A3356	NA	transketolase, thiamine diphosphate binding subunit	md:cbk_M00004	I	3539429	3540253	-
Clostridium botulinum B Eklund 17B (NRP)	cbk	CLL_A3528	NA	transketolase	md:cbk_M00004	I	3734761	3735687	-
Clostridium botulinum B Eklund 17B (NRP)	cbk	CLL_A3529	NA	transketolase	md:cbk_M00004	I	3735704	3736516	-
Clostridium botulinum B Eklund 17B (NRP)	cbk	CLL_A0149	prsA	ribose-phosphate pyrophosphokinase	md:cbk_M00005	I	166486	167445	+
Clostridium botulinum B Eklund 17B (NRP)	cbk	CLL_A1659	NA	gp63	md:cbk_M00005	I	1724910	1725713	+
Clostridium botulinum B Eklund 17B (NRP)	cbk	CLL_A2222	NA	ribose-phosphate pyrophosphokinase	md:cbk_M00005	I	2304927	2306018	-
Clostridium botulinum B Eklund 17B (NRP)	cbk	CLL_A1312	gnd	6-phosphogluconate dehydrogenase (decarboxylating)	md:cbk_M00006	I	1348749	1349648	+
Clostridium botulinum B Eklund 17B (NRP)	cbk	CLL_A2914	NA	conserved hypothetical protein	md:cbk_M00006	I	2996487	2997545	+
Clostridium botulinum B Eklund 17B (NRP)	cbk	CLL_A0486	rpiB	ribose 5-phosphate isomerase B	md:cbk_M00007	I	487499	487948	+
Clostridium botulinum B Eklund 17B (NRP)	cbk	CLL_A1223	rpe	ribulose-phosphate 3-epimerase	md:cbk_M00007	I	1252735	1253379	+
Clostridium botulinum B Eklund 17B (NRP)	cbk	CLL_A1583	NA	transketolase	md:cbk_M00007	I	1641069	1641884	+
Clostridium botulinum B Eklund 17B (NRP)	cbk	CLL_A1586	NA	putative transaldolase	md:cbk_M00007	I	1643780	1644424	+
Clostridium botulinum B Eklund 17B (NRP)	cbk	CLL_A3355	NA	transketolase, pyridine binding subunit	md:cbk_M00007	I	3538485	3539429	-
Clostridium botulinum B Eklund 17B (NRP)	cbk	CLL_A3356	NA	transketolase, thiamine diphosphate binding subunit	md:cbk_M00007	I	3539429	3540253	-
Clostridium botulinum B Eklund 17B (NRP)	cbk	CLL_A3528	NA	transketolase	md:cbk_M00007	I	3734761	3735687	-
Clostridium botulinum B Eklund 17B (NRP)	cbk	CLL_A3529	NA	transketolase	md:cbk_M00007	I	3735704	3736516	-
Clostridium botulinum B Eklund 17B (NRP)	cbk	CLL_A2914	NA	conserved hypothetical protein	md:cbk_M00008	I	2996487	2997545	+
Clostridium botulinum B Eklund 17B (NRP)	cbk	CLL_A0129	NA	aconitate hydratase	md:cbk_M00009	I	142371	144293	+
Clostridium botulinum B Eklund 17B (NRP)	cbk	CLL_A0278	NA	fumarate hydratase	md:cbk_M00009	I	273835	274677	+
Clostridium botulinum B Eklund 17B (NRP)	cbk	CLL_A0279	fumB	fumarate hydratase, class I	md:cbk_M00009	I	274934	275491	+
Clostridium botulinum B Eklund 17B (NRP)	cbk	CLL_A2649	NA	isocitrate dehydrogenase, NADP-dependent	md:cbk_M00009	I	2765246	2766454	-
Clostridium botulinum B Eklund 17B (NRP)	cbk	CLL_A3389	lpdA	dihydrolipoyl dehydrogenase	md:cbk_M00009	I	3570335	3572035	-
Clostridium botulinum B Eklund 17B (NRP)	cbk	CLL_A0129	NA	aconitate hydratase	md:cbk_M00010	I	142371	144293	+
Clostridium botulinum B Eklund 17B (NRP)	cbk	CLL_A2649	NA	isocitrate dehydrogenase, NADP-dependent	md:cbk_M00010	I	2765246	2766454	-
Clostridium botulinum B Eklund 17B (NRP)	cbk	CLL_A0278	NA	fumarate hydratase	md:cbk_M00011	I	273835	274677	+
Clostridium botulinum B Eklund 17B (NRP)	cbk	CLL_A0279	fumB	fumarate hydratase, class I	md:cbk_M00011	I	274934	275491	+
Clostridium botulinum B Eklund 17B (NRP)	cbk	CLL_A3389	lpdA	dihydrolipoyl dehydrogenase	md:cbk_M00011	I	3570335	3572035	-
Clostridium botulinum B Eklund 17B (NRP)	cbk	CLL_A0129	NA	aconitate hydratase	md:cbk_M00012	I	142371	144293	+
Clostridium botulinum B Eklund 17B (NRP)	cbk	CLL_A0374	bcd	butyryl-CoA dehydrogenase	md:cbk_M00013	I	381987	383126	+
Clostridium botulinum B Eklund 17B (NRP)	cbk	CLL_A1365	NA	acyl-coa dehydrogenase, short-chain specific	md:cbk_M00013	I	1400350	1401489	+
Clostridium botulinum B Eklund 17B (NRP)	cbk	CLL_A1988	NA	acyl-coa dehydrogenase, short-chain specific	md:cbk_M00013	I	2066361	2067500	-
Clostridium botulinum B Eklund 17B (NRP)	cbk	CLL_A3333	xylB	xylulokinase	md:cbk_M00014	I	3505141	3506613	-
Clostridium botulinum B Eklund 17B (NRP)	cbk	CLL_A3334	NA	L-iditol 2-dehydrogenase	md:cbk_M00014	I	3506799	3507854	-
Clostridium botulinum B Eklund 17B (NRP)	cbk	CLL_A0062	proB	glutamate 5-kinase	md:cbk_M00015	I	64352	65161	+
Clostridium botulinum B Eklund 17B (NRP)	cbk	CLL_A0063	proA	glutamate-5-semialdehyde dehydrogenase	md:cbk_M00015	I	65176	66420	+
Clostridium botulinum B Eklund 17B (NRP)	cbk	CLL_A3578	proC	pyrroline-5-carboxylate reductase	md:cbk_M00015	I	3776552	3777352	-
Clostridium botulinum B Eklund 17B (NRP)	cbk	CLL_A1047	NA	aspartate kinase	md:cbk_M00016	I	1066249	1067559	-
Clostridium botulinum B Eklund 17B (NRP)	cbk	CLL_A1282	dapG	aspartate kinase 1	md:cbk_M00016	I	1313361	1314560	+
Clostridium botulinum B Eklund 17B (NRP)	cbk	CLL_A2428	dapF	diaminopimelate epimerase	md:cbk_M00016	I	2512190	2513011	-
Clostridium botulinum B Eklund 17B (NRP)	cbk	CLL_A2485	asd	aspartate-semialdehyde dehydrogenase	md:cbk_M00016	I	2576887	2577879	+
Clostridium botulinum B Eklund 17B (NRP)	cbk	CLL_A2486	dapA	dihydrodipicolinate synthase	md:cbk_M00016	I	2577896	2578774	+
Clostridium botulinum B Eklund 17B (NRP)	cbk	CLL_A2487	dapB	dihydrodipicolinate reductase	md:cbk_M00016	I	2578784	2579542	+
Clostridium botulinum B Eklund 17B (NRP)	cbk	CLL_A2496	dapD	2,3,4,5-tetrahydropyridine-2,6-dicarboxylate N-acetyltransferase	md:cbk_M00016	I	2589694	2590404	+
Clostridium botulinum B Eklund 17B (NRP)	cbk	CLL_A3119	NA	acetylornithine transaminase	md:cbk_M00016	I	3228455	3229636	+
Clostridium botulinum B Eklund 17B (NRP)	cbk	CLL_A3286	lysA	diaminopimelate decarboxylase	md:cbk_M00016	I	3449873	3451168	-
Clostridium botulinum B Eklund 17B (NRP)	cbk	CLL_A3477	dapA	dihydrodipicolinate synthase	md:cbk_M00016	I	3676753	3677625	-
Clostridium botulinum B Eklund 17B (NRP)	cbk	CLL_A1041	hom	homoserine dehydrogenase	md:cbk_M00017	I	1058954	1060255	+
Clostridium botulinum B Eklund 17B (NRP)	cbk	CLL_A1047	NA	aspartate kinase	md:cbk_M00017	I	1066249	1067559	-
Clostridium botulinum B Eklund 17B (NRP)	cbk	CLL_A1282	dapG	aspartate kinase 1	md:cbk_M00017	I	1313361	1314560	+
Clostridium botulinum B Eklund 17B (NRP)	cbk	CLL_A2485	asd	aspartate-semialdehyde dehydrogenase	md:cbk_M00017	I	2576887	2577879	+
Clostridium botulinum B Eklund 17B (NRP)	cbk	CLL_A2853	NA	5-methyltetrahydrofolate--homocysteine methyltransferase	md:cbk_M00017	I	2927182	2929581	-
Clostridium botulinum B Eklund 17B (NRP)	cbk	CLL_A2913	metA	homoserine O-succinyltransferase	md:cbk_M00017	I	2995194	2996114	-
Clostridium botulinum B Eklund 17B (NRP)	cbk	CLL_A3320	metC	cystathionine beta-lyase	md:cbk_M00017	I	3492651	3493802	-
Clostridium botulinum B Eklund 17B (NRP)	cbk	CLL_A1041	hom	homoserine dehydrogenase	md:cbk_M00018	I	1058954	1060255	+
Clostridium botulinum B Eklund 17B (NRP)	cbk	CLL_A1047	NA	aspartate kinase	md:cbk_M00018	I	1066249	1067559	-
Clostridium botulinum B Eklund 17B (NRP)	cbk	CLL_A1282	dapG	aspartate kinase 1	md:cbk_M00018	I	1313361	1314560	+
Clostridium botulinum B Eklund 17B (NRP)	cbk	CLL_A2485	asd	aspartate-semialdehyde dehydrogenase	md:cbk_M00018	I	2576887	2577879	+
Clostridium botulinum B Eklund 17B (NRP)	cbk	CLL_A2897	thrB	homoserine kinase	md:cbk_M00018	I	2976154	2977050	-
Clostridium botulinum B Eklund 17B (NRP)	cbk	CLL_A2898	thrC	threonine synthase	md:cbk_M00018	I	2977054	2978517	-
Clostridium botulinum B Eklund 17B (NRP)	cbk	CLL_A0321	ilvN	acetolactate synthase, small subunit	md:cbk_M00019	I	314985	315494	+
Clostridium botulinum B Eklund 17B (NRP)	cbk	CLL_A0325	ilvD	dihydroxy-acid dehydratase	md:cbk_M00019	I	318688	320346	+
Clostridium botulinum B Eklund 17B (NRP)	cbk	CLL_A0326	ilvB	acetolactate synthase, large subunit, biosynthetic type	md:cbk_M00019	I	320433	322106	+
Clostridium botulinum B Eklund 17B (NRP)	cbk	CLL_A0327	ilvC	ketol-acid reductoisomerase	md:cbk_M00019	I	322128	323144	+
Clostridium botulinum B Eklund 17B (NRP)	cbk	CLL_A0726	ilvN	acetolactate synthase, small subunit	md:cbk_M00019	I	729493	729786	-
Clostridium botulinum B Eklund 17B (NRP)	cbk	CLL_A0727	ilvB	acetolactate synthase, large subunit, biosynthetic type	md:cbk_M00019	I	729779	731458	-
Clostridium botulinum B Eklund 17B (NRP)	cbk	CLL_A0794	NA	aminotransferase, class IV	md:cbk_M00019	I	813593	814396	+
Clostridium botulinum B Eklund 17B (NRP)	cbk	CLL_A1088	ilvE	branched-chain-amino-acid transaminase	md:cbk_M00019	I	1112778	1113806	-
Clostridium botulinum B Eklund 17B (NRP)	cbk	CLL_A2334	NA	thiamine pyrophosphate enzyme TPP binding domain protein	md:cbk_M00019	I	2412353	2414155	-
Clostridium botulinum B Eklund 17B (NRP)	cbk	CLL_A3272	NA	thiamine pyrophosphate enzyme	md:cbk_M00019	I	3434227	3435858	-
Clostridium botulinum B Eklund 17B (NRP)	cbk	CLL_A3438	NA	D-isomer specific 2-hydroxyacid dehydrogenase family protein	md:cbk_M00020	I	3636088	3636996	-
Clostridium botulinum B Eklund 17B (NRP)	cbk	CLL_A1571	NA	cysteine synthase	md:cbk_M00021	I	1626425	1627432	-
Clostridium botulinum B Eklund 17B (NRP)	cbk	CLL_A3079	cysE	serine O-acetyltransferase	md:cbk_M00021	I	3185010	3185594	-
Clostridium botulinum B Eklund 17B (NRP)	cbk	CLL_A3080	cysK	cysteine synthase A	md:cbk_M00021	I	3185708	3186619	-
Clostridium botulinum B Eklund 17B (NRP)	cbk	CLL_A3318	NA	cysteine synthase family protein	md:cbk_M00021	I	3491314	3492222	-
Clostridium botulinum B Eklund 17B (NRP)	cbk	CLL_A2227	aroD	3-dehydroquinate dehydratase, type I	md:cbk_M00022	I	2311121	2311885	-
Clostridium botulinum B Eklund 17B (NRP)	cbk	CLL_A3137	aroF	3-deoxy-7-phosphoheptulonate synthase	md:cbk_M00022	I	3246716	3247729	-
Clostridium botulinum B Eklund 17B (NRP)	cbk	CLL_A3138	aroK	shikimate kinase	md:cbk_M00022	I	3247812	3248309	-
Clostridium botulinum B Eklund 17B (NRP)	cbk	CLL_A3139	aroE	shikimate dehydrogenase	md:cbk_M00022	I	3248323	3249135	-
Clostridium botulinum B Eklund 17B (NRP)	cbk	CLL_A3141	aroC	chorismate synthase	md:cbk_M00022	I	3250492	3251565	-
Clostridium botulinum B Eklund 17B (NRP)	cbk	CLL_A3142	aroA	3-phosphoshikimate 1-carboxyvinyltransferase	md:cbk_M00022	I	3251543	3252844	-
Clostridium botulinum B Eklund 17B (NRP)	cbk	CLL_A3143	aroB	3-dehydroquinate synthase	md:cbk_M00022	I	3252937	3253989	-
Clostridium botulinum B Eklund 17B (NRP)	cbk	CLL_A3144	aroF	3-deoxy-7-phosphoheptulonate synthase	md:cbk_M00022	I	3254177	3255190	-
Clostridium botulinum B Eklund 17B (NRP)	cbk	CLL_A1973	trpB	tryptophan synthase, beta subunit	md:cbk_M00023	I	2051175	2052392	-
Clostridium botulinum B Eklund 17B (NRP)	cbk	CLL_A3003	trpF	N-(5'phosphoribosyl)anthranilate isomerase	md:cbk_M00023	I	3100855	3101547	-
Clostridium botulinum B Eklund 17B (NRP)	cbk	CLL_A2896	NA	putative ACT domain protein	md:cbk_M00024	I	2975717	2976154	-
Clostridium botulinum B Eklund 17B (NRP)	cbk	CLL_A3140	NA	chorismate mutase/prephenate dehydratase	md:cbk_M00024	I	3249159	3250301	-
Clostridium botulinum B Eklund 17B (NRP)	cbk	CLL_A2896	NA	putative ACT domain protein	md:cbk_M00025	I	2975717	2976154	-
Clostridium botulinum B Eklund 17B (NRP)	cbk	CLL_A3136	NA	prephenate dehydrogenase	md:cbk_M00025	I	3245866	3246699	-
Clostridium botulinum B Eklund 17B (NRP)	cbk	CLL_A3140	NA	chorismate mutase/prephenate dehydratase	md:cbk_M00025	I	3249159	3250301	-
Clostridium botulinum B Eklund 17B (NRP)	cbk	CLL_A2893	hisJ	histidinol-phosphatase	md:cbk_M00026	I	2973075	2973845	+
Clostridium botulinum B Eklund 17B (NRP)	cbk	CLL_A3211	NA	histidinol phosphate phosphatase HisJ family	md:cbk_M00026	I	3343346	3344143	+
Clostridium botulinum B Eklund 17B (NRP)	cbk	CLL_A3116	argC	N-acetyl-gamma-glutamyl-phosphate reductase	md:cbk_M00028	I	3224752	3225786	+
Clostridium botulinum B Eklund 17B (NRP)	cbk	CLL_A3117	argJ	glutamate N-acetyltransferase/amino-acid acetyltransferase	md:cbk_M00028	I	3226083	3227306	+
Clostridium botulinum B Eklund 17B (NRP)	cbk	CLL_A3118	argB	acetylglutamate kinase	md:cbk_M00028	I	3227409	3228263	+
Clostridium botulinum B Eklund 17B (NRP)	cbk	CLL_A3119	NA	acetylornithine transaminase	md:cbk_M00028	I	3228455	3229636	+
Clostridium botulinum B Eklund 17B (NRP)	cbk	CLL_A3114	argG	argininosuccinate synthase	md:cbk_M00029	I	3222136	3223359	+
Clostridium botulinum B Eklund 17B (NRP)	cbk	CLL_A3115	argH	argininosuccinate lyase	md:cbk_M00029	I	3223362	3224759	+
Clostridium botulinum B Eklund 17B (NRP)	cbk	CLL_A3120	argF	ornithine carbamoyltransferase	md:cbk_M00029	I	3229729	3230649	+
Clostridium botulinum B Eklund 17B (NRP)	cbk	CLL_A1014	NA	saccharopine dehydrogenase	md:cbk_M00030	I	1026607	1027806	+
Clostridium botulinum B Eklund 17B (NRP)	cbk	CLL_A3389	lpdA	dihydrolipoyl dehydrogenase	md:cbk_M00032	I	3570335	3572035	-
Clostridium botulinum B Eklund 17B (NRP)	cbk	CLL_A1047	NA	aspartate kinase	md:cbk_M00033	I	1066249	1067559	-
Clostridium botulinum B Eklund 17B (NRP)	cbk	CLL_A1282	dapG	aspartate kinase 1	md:cbk_M00033	I	1313361	1314560	+
Clostridium botulinum B Eklund 17B (NRP)	cbk	CLL_A2485	asd	aspartate-semialdehyde dehydrogenase	md:cbk_M00033	I	2576887	2577879	+
Clostridium botulinum B Eklund 17B (NRP)	cbk	CLL_A0515	metK	methionine adenosyltransferase	md:cbk_M00034	I	507333	508508	+
Clostridium botulinum B Eklund 17B (NRP)	cbk	CLL_A1011	speD	S-adenosylmethionine decarboxylase proenzyme	md:cbk_M00034	I	1023407	1024225	+
Clostridium botulinum B Eklund 17B (NRP)	cbk	CLL_A1013	speE	spermidine synthase	md:cbk_M00034	I	1025699	1026553	+
Clostridium botulinum B Eklund 17B (NRP)	cbk	CLL_A1194	NA	conserved hypothetical protein	md:cbk_M00034	I	1222320	1223057	+
Clostridium botulinum B Eklund 17B (NRP)	cbk	CLL_A3431	mtnN	MTA/SAH nucleosidase	md:cbk_M00034	I	3623243	3623935	+
Clostridium botulinum B Eklund 17B (NRP)	cbk	CLL_A0515	metK	methionine adenosyltransferase	md:cbk_M00035	I	507333	508508	+
Clostridium botulinum B Eklund 17B (NRP)	cbk	CLL_A0608	NA	DNA-cytosine methyltransferase family protein	md:cbk_M00035	I	602625	603899	+
Clostridium botulinum B Eklund 17B (NRP)	cbk	CLL_A0794	NA	aminotransferase, class IV	md:cbk_M00036	I	813593	814396	+
Clostridium botulinum B Eklund 17B (NRP)	cbk	CLL_A1088	ilvE	branched-chain-amino-acid transaminase	md:cbk_M00036	I	1112778	1113806	-
Clostridium botulinum B Eklund 17B (NRP)	cbk	CLL_A3389	lpdA	dihydrolipoyl dehydrogenase	md:cbk_M00036	I	3570335	3572035	-
Clostridium botulinum B Eklund 17B (NRP)	cbk	CLL_A3140	NA	chorismate mutase/prephenate dehydratase	md:cbk_M00040	I	3249159	3250301	-
Clostridium botulinum B Eklund 17B (NRP)	cbk	CLL_A0634	hydA	dihydropyrimidinase	md:cbk_M00046	I	634690	636081	+
Clostridium botulinum B Eklund 17B (NRP)	cbk	CLL_A2317	NA	dihydroorotate dehydrogenase family protein	md:cbk_M00046	I	2389291	2390529	-
Clostridium botulinum B Eklund 17B (NRP)	cbk	CLL_A2318	NA	hypothetical oxidoreductase YeiT	md:cbk_M00046	I	2390529	2391800	-
Clostridium botulinum B Eklund 17B (NRP)	cbk	CLL_A1102	NA	phosphoribosylformylglycinamidine synthase	md:cbk_M00048	I	1127154	1130900	+
Clostridium botulinum B Eklund 17B (NRP)	cbk	CLL_A1103	purE	phosphoribosylaminoimidazole carboxylase, catalytic subunit	md:cbk_M00048	I	1131392	1131871	+
Clostridium botulinum B Eklund 17B (NRP)	cbk	CLL_A1104	purC	phosphoribosylaminoimidazolesuccinocarboxamide synthase	md:cbk_M00048	I	1131871	1132578	+
Clostridium botulinum B Eklund 17B (NRP)	cbk	CLL_A1105	purF	amidophosphoribosyltransferase	md:cbk_M00048	I	1132694	1134121	+
Clostridium botulinum B Eklund 17B (NRP)	cbk	CLL_A1106	purM	phosphoribosylformylglycinamidine cyclo-ligase	md:cbk_M00048	I	1134131	1135132	+
Clostridium botulinum B Eklund 17B (NRP)	cbk	CLL_A1107	purN	phosphoribosylglycinamide formyltransferase	md:cbk_M00048	I	1135120	1135734	+
Clostridium botulinum B Eklund 17B (NRP)	cbk	CLL_A1108	purH	phosphoribosylaminoimidazolecarboxamide formyltransferase/IMP cyclohydrolase	md:cbk_M00048	I	1135883	1137388	+
Clostridium botulinum B Eklund 17B (NRP)	cbk	CLL_A1109	purD	phosphoribosylamine--glycine ligase	md:cbk_M00048	I	1137640	1138890	+
Clostridium botulinum B Eklund 17B (NRP)	cbk	CLL_A1292	purB	adenylosuccinate lyase	md:cbk_M00048	I	1324279	1325709	+
Clostridium botulinum B Eklund 17B (NRP)	cbk	CLL_A0259	adk	adenylate kinase	md:cbk_M00049	I	259999	260646	+
Clostridium botulinum B Eklund 17B (NRP)	cbk	CLL_A0992	NA	nucleoside diphosphate kinase	md:cbk_M00049	I	1002433	1002852	+
Clostridium botulinum B Eklund 17B (NRP)	cbk	CLL_A1292	purB	adenylosuccinate lyase	md:cbk_M00049	I	1324279	1325709	+
Clostridium botulinum B Eklund 17B (NRP)	cbk	CLL_A3576	purA	adenylosuccinate synthase	md:cbk_M00049	I	3773452	3774738	-
Clostridium botulinum B Eklund 17B (NRP)	cbk	CLL_A0388	guaB	inosine-5'-monophosphate dehydrogenase	md:cbk_M00050	I	396653	398107	+
Clostridium botulinum B Eklund 17B (NRP)	cbk	CLL_A0389	guaA	GMP synthase	md:cbk_M00050	I	398194	399735	+
Clostridium botulinum B Eklund 17B (NRP)	cbk	CLL_A0992	NA	nucleoside diphosphate kinase	md:cbk_M00050	I	1002433	1002852	+
Clostridium botulinum B Eklund 17B (NRP)	cbk	CLL_A1211	gmk	guanylate kinase	md:cbk_M00050	I	1240271	1240909	+
Clostridium botulinum B Eklund 17B (NRP)	cbk	CLL_A0070	carA	carbamoyl-phosphate synthase, small subunit	md:cbk_M00051	I	72952	74001	+
Clostridium botulinum B Eklund 17B (NRP)	cbk	CLL_A0071	carB	carbamoyl-phosphate synthase, large subunit	md:cbk_M00051	I	74016	77225	+
Clostridium botulinum B Eklund 17B (NRP)	cbk	CLL_A0629	NA	dihydroorotate dehydrogenase family protein	md:cbk_M00051	I	629079	630167	+
Clostridium botulinum B Eklund 17B (NRP)	cbk	CLL_A0824	NA	ATP domain protein	md:cbk_M00051	I	842046	842993	+
Clostridium botulinum B Eklund 17B (NRP)	cbk	CLL_A2575	pyrE	orotate phosphoribosyltransferase	md:cbk_M00051	I	2685913	2686587	-
Clostridium botulinum B Eklund 17B (NRP)	cbk	CLL_A2576	NA	dihydroorotate dehydrogenase, catalytic subunit	md:cbk_M00051	I	2686889	2687785	-
Clostridium botulinum B Eklund 17B (NRP)	cbk	CLL_A2578	pyrF	orotidine 5'-phosphate decarboxylase	md:cbk_M00051	I	2688562	2689434	-
Clostridium botulinum B Eklund 17B (NRP)	cbk	CLL_A2579	pyrC	dihydroorotase, multifunctional complex type	md:cbk_M00051	I	2689549	2690745	-
Clostridium botulinum B Eklund 17B (NRP)	cbk	CLL_A2580	NA	aspartate carbamoyltransferase regulatory chain	md:cbk_M00051	I	2690768	2691199	-
Clostridium botulinum B Eklund 17B (NRP)	cbk	CLL_A2581	pyrB	aspartate carbamoyltransferase	md:cbk_M00051	I	2691201	2692124	-
Clostridium botulinum B Eklund 17B (NRP)	cbk	CLL_A0476	pyrG	CTP synthase	md:cbk_M00052	I	476625	478226	+
Clostridium botulinum B Eklund 17B (NRP)	cbk	CLL_A0992	NA	nucleoside diphosphate kinase	md:cbk_M00052	I	1002433	1002852	+
Clostridium botulinum B Eklund 17B (NRP)	cbk	CLL_A1260	pyrH	UMP kinase	md:cbk_M00052	I	1289038	1289751	+
Clostridium botulinum B Eklund 17B (NRP)	cbk	CLL_A0284	NA	ribonucleoside-diphosphate reductase, alpha subunit	md:cbk_M00053	I	280291	282516	+
Clostridium botulinum B Eklund 17B (NRP)	cbk	CLL_A0285	NA	ribonucleoside-diphosphate reductase, beta subunit	md:cbk_M00053	I	282813	283847	+
Clostridium botulinum B Eklund 17B (NRP)	cbk	CLL_A0992	NA	nucleoside diphosphate kinase	md:cbk_M00053	I	1002433	1002852	+
Clostridium botulinum B Eklund 17B (NRP)	cbk	CLL_A2335	NA	putative phosphoheptose isomerase	md:cbk_M00064	I	2414212	2415288	-
Clostridium botulinum B Eklund 17B (NRP)	cbk	CLL_A1445	NA	beta-hexosaminidase	md:cbk_M00079	I	1494778	1496394	+
Clostridium botulinum B Eklund 17B (NRP)	cbk	CLL_A0673	NA	putative 3-oxoacyl-[acyl-carrier-protein] synthase III	md:cbk_M00082	I	676135	677121	+
Clostridium botulinum B Eklund 17B (NRP)	cbk	CLL_A1146	fabH	3-oxoacyl-(acyl-carrier-protein) synthase III	md:cbk_M00082	I	1175163	1176131	+
Clostridium botulinum B Eklund 17B (NRP)	cbk	CLL_A1149	fabD	malonyl CoA-acyl carrier protein transacylase	md:cbk_M00082	I	1177471	1178412	+
Clostridium botulinum B Eklund 17B (NRP)	cbk	CLL_A1152	accB	acetyl-CoA carboxylase, biotin carboxyl carrier protein	md:cbk_M00082	I	1180444	1180938	+
Clostridium botulinum B Eklund 17B (NRP)	cbk	CLL_A1154	accC	acetyl-CoA carboxylase, biotin carboxylase subunit	md:cbk_M00082	I	1181382	1182734	+
Clostridium botulinum B Eklund 17B (NRP)	cbk	CLL_A1155	accD	acetyl-CoA carboxylase, carboxyl transferase, beta subunit	md:cbk_M00082	I	1182727	1183602	+
Clostridium botulinum B Eklund 17B (NRP)	cbk	CLL_A1156	accA	acetyl-CoA carboxylase, carboxyl transferase, alpha subunit	md:cbk_M00082	I	1183595	1184419	+
Clostridium botulinum B Eklund 17B (NRP)	cbk	CLL_A1087	NA	oxidoreductase, short chain dehydrogenase/reductase family protein	md:cbk_M00083	I	1111841	1112584	+
Clostridium botulinum B Eklund 17B (NRP)	cbk	CLL_A1148	NA	putative enoyl-(acyl-carrier-protein) reductase II	md:cbk_M00083	I	1176537	1177478	+
Clostridium botulinum B Eklund 17B (NRP)	cbk	CLL_A1150	fabG	3-oxoacyl-[acyl-carrier-protein] reductase	md:cbk_M00083	I	1178433	1179173	+
Clostridium botulinum B Eklund 17B (NRP)	cbk	CLL_A1151	fabF	beta-ketoacyl-acyl-carrier-protein synthase II	md:cbk_M00083	I	1179191	1180432	+
Clostridium botulinum B Eklund 17B (NRP)	cbk	CLL_A1153	fabZ	beta-hydroxyacyl-(acyl-carrier-protein) dehydratase FabZ	md:cbk_M00083	I	1180944	1181372	+
Clostridium botulinum B Eklund 17B (NRP)	cbk	CLL_A1160	NA	oxidoreductase, short chain dehydrogenase/reductase family	md:cbk_M00083	I	1186386	1187186	+
Clostridium botulinum B Eklund 17B (NRP)	cbk	CLL_A0490	NA	acetyl-CoA acetyltransferase	md:cbk_M00088	I	490638	491819	+
Clostridium botulinum B Eklund 17B (NRP)	cbk	CLL_A2135	NA	putative acetoacetate decarboxylase	md:cbk_M00088	I	2234859	2235599	-
Clostridium botulinum B Eklund 17B (NRP)	cbk	CLL_A3077	plsD	glycerol-3-phosphate O-acyltransferase	md:cbk_M00089	I	3183246	3183950	-
Clostridium botulinum B Eklund 17B (NRP)	cbk	CLL_A3469	NA	1-acyl-sn-glycerol-3-phosphate acyltransferase	md:cbk_M00089	I	3667751	3668470	+
Clostridium botulinum B Eklund 17B (NRP)	cbk	CLL_A0050	psd	phosphatidylserine decarboxylase	md:cbk_M00093	I	48363	49253	-
Clostridium botulinum B Eklund 17B (NRP)	cbk	CLL_A1263	cdsA	phosphatidate cytidylyltransferase	md:cbk_M00093	I	1291193	1291987	+
Clostridium botulinum B Eklund 17B (NRP)	cbk	CLL_A3086	pssA	CDP-diacylglycerol--serine O-phosphatidyltransferase	md:cbk_M00093	I	3194078	3194599	+
Clostridium botulinum B Eklund 17B (NRP)	cbk	CLL_A0490	NA	acetyl-CoA acetyltransferase	md:cbk_M00095	I	490638	491819	+
Clostridium botulinum B Eklund 17B (NRP)	cbk	CLL_A0216	ispD	2-C-methyl-D-erythritol 4-phosphate cytidylyltransferase	md:cbk_M00096	I	224898	225572	+
Clostridium botulinum B Eklund 17B (NRP)	cbk	CLL_A0353	ispF	2C-methyl-D-erythritol 2,4-cyclodiphosphate synthase	md:cbk_M00096	I	357965	358438	-
Clostridium botulinum B Eklund 17B (NRP)	cbk	CLL_A0471	ispE	4-(cytidine 5'-diphospho)-2-C-methyl-D-erythritol kinase	md:cbk_M00096	I	472967	473809	+
Clostridium botulinum B Eklund 17B (NRP)	cbk	CLL_A1265	dxr	1-deoxy-D-xylulose 5-phosphate reductoisomerase	md:cbk_M00096	I	1293266	1294423	+
Clostridium botulinum B Eklund 17B (NRP)	cbk	CLL_A1267	ispG	4-hydroxy-3-methylbut-2-en-1-yl diphosphate synthase	md:cbk_M00096	I	1295470	1296519	+
Clostridium botulinum B Eklund 17B (NRP)	cbk	CLL_A1441	NA	putative 1-deoxy-D-xylulose-5-phosphate synthase	md:cbk_M00096	I	1489384	1491144	+
Clostridium botulinum B Eklund 17B (NRP)	cbk	CLL_A1805	NA	4-hydroxy-3-methylbut-2-enyl diphosphate reductase	md:cbk_M00096	I	1887855	1889762	+
Clostridium botulinum B Eklund 17B (NRP)	cbk	CLL_A2401	dxs	1-deoxy-D-xylulose-5-phosphate synthase	md:cbk_M00096	I	2492544	2494403	-
Clostridium botulinum B Eklund 17B (NRP)	cbk	CLL_A0660	NA	conserved hypothetical protein	md:cbk_M00097	I	659598	661097	+
Clostridium botulinum B Eklund 17B (NRP)	cbk	CLL_A1759	NA	putative membrane associated lipase, alpha/beta hydrolase family	md:cbk_M00098	I	1845329	1846474	+
Clostridium botulinum B Eklund 17B (NRP)	cbk	CLL_A3316	lipA	triacylglycerol lipase	md:cbk_M00098	I	3487146	3488639	-
Clostridium botulinum B Eklund 17B (NRP)	cbk	CLL_A3317	NA	putative lipase	md:cbk_M00098	I	3488734	3490071	-
Clostridium botulinum B Eklund 17B (NRP)	cbk	CLL_A2057	manA	mannose-6-phosphate isomerase, class I	md:cbk_M00114	I	2151520	2152455	-
Clostridium botulinum B Eklund 17B (NRP)	cbk	CLL_A3124	manA	mannose-6-phosphate isomerase, class I	md:cbk_M00114	I	3234700	3235677	-
Clostridium botulinum B Eklund 17B (NRP)	cbk	CLL_A0583	nadD	nicotinate-nucleotide adenylyltransferase	md:cbk_M00115	I	581874	582476	+
Clostridium botulinum B Eklund 17B (NRP)	cbk	CLL_A1089	nadE	glutamine-dependent NAD(+) synthetase	md:cbk_M00115	I	1113959	1115857	-
Clostridium botulinum B Eklund 17B (NRP)	cbk	CLL_A1666	gshAB	glutamate--cysteine ligase/gamma-glutamylcysteine synthetase	md:cbk_M00118	I	1734620	1736923	+
Clostridium botulinum B Eklund 17B (NRP)	cbk	CLL_A0794	NA	aminotransferase, class IV	md:cbk_M00119	I	813593	814396	+
Clostridium botulinum B Eklund 17B (NRP)	cbk	CLL_A1088	ilvE	branched-chain-amino-acid transaminase	md:cbk_M00119	I	1112778	1113806	-
Clostridium botulinum B Eklund 17B (NRP)	cbk	CLL_A1138	panE	2-dehydropantoate 2-reductase	md:cbk_M00119	I	1168349	1169278	+
Clostridium botulinum B Eklund 17B (NRP)	cbk	CLL_A0174	coaX	pantothenate kinase, type III	md:cbk_M00120	I	189673	190446	+
Clostridium botulinum B Eklund 17B (NRP)	cbk	CLL_A1213	coaBC	phosphopantothenoylcysteine decarboxylase/phosphopantothenate--cysteine ligase	md:cbk_M00120	I	1241111	1242289	+
Clostridium botulinum B Eklund 17B (NRP)	cbk	CLL_A1230	coaD	pantetheine-phosphate adenylyltransferase	md:cbk_M00120	I	1259410	1259889	+
Clostridium botulinum B Eklund 17B (NRP)	cbk	CLL_A2644	coaE	dephospho-CoA kinase	md:cbk_M00120	I	2758757	2759353	-
Clostridium botulinum B Eklund 17B (NRP)	cbk	CLL_A2904	hemL	glutamate-1-semialdehyde-2,1-aminomutase	md:cbk_M00121	I	2984069	2985352	-
Clostridium botulinum B Eklund 17B (NRP)	cbk	CLL_A2905	hemB	porphobilinogen synthase	md:cbk_M00121	I	2985404	2986369	-
Clostridium botulinum B Eklund 17B (NRP)	cbk	CLL_A2906	NA	uroporphyrinogen III synthase/methyltransferase	md:cbk_M00121	I	2986372	2987847	-
Clostridium botulinum B Eklund 17B (NRP)	cbk	CLL_A2907	hemC	hydroxymethylbilane synthase	md:cbk_M00121	I	2988062	2988934	-
Clostridium botulinum B Eklund 17B (NRP)	cbk	CLL_A2909	hemA	glutamyl-tRNA reductase	md:cbk_M00121	I	2989617	2990822	-
Clostridium botulinum B Eklund 17B (NRP)	cbk	CLL_A2100	NA	ATP:cob(I)alamin adenosyltransferase	md:cbk_M00122	I	2195961	2196473	-
Clostridium botulinum B Eklund 17B (NRP)	cbk	CLL_A2917	cobQ	cobyric acid synthase CobQ	md:cbk_M00122	I	2999519	3001024	-
Clostridium botulinum B Eklund 17B (NRP)	cbk	CLL_A2919	cobD	cobalamin biosynthesis protein CobD	md:cbk_M00122	I	3002333	3003283	-
Clostridium botulinum B Eklund 17B (NRP)	cbk	CLL_A2920	NA	phosphoglycerate mutase family protein	md:cbk_M00122	I	3003403	3004011	-
Clostridium botulinum B Eklund 17B (NRP)	cbk	CLL_A2921	NA	conserved hypothetical protein	md:cbk_M00122	I	3004004	3004417	-
Clostridium botulinum B Eklund 17B (NRP)	cbk	CLL_A2922	cobS	cobalamin-5-phosphate synthase	md:cbk_M00122	I	3004532	3005290	-
Clostridium botulinum B Eklund 17B (NRP)	cbk	CLL_A2923	NA	conserved hypothetical protein	md:cbk_M00122	I	3005299	3005853	-
Clostridium botulinum B Eklund 17B (NRP)	cbk	CLL_A2924	cobO	cob(I)yrinic acid a,c-diamide adenosyltransferase	md:cbk_M00122	I	3005855	3006388	-
Clostridium botulinum B Eklund 17B (NRP)	cbk	CLL_A2928	cobT	nicotinate-nucleotide--dimethylbenzimidazole phosphoribosyltransferase	md:cbk_M00122	I	3010381	3011472	-
Clostridium botulinum B Eklund 17B (NRP)	cbk	CLL_A0358	NA	radical SAM domain protein	md:cbk_M00123	I	362999	364045	-
Clostridium botulinum B Eklund 17B (NRP)	cbk	CLL_A0721	bioB	biotin synthase	md:cbk_M00123	I	722782	723738	+
Clostridium botulinum B Eklund 17B (NRP)	cbk	CLL_A0722	bioD	dethiobiotin synthase	md:cbk_M00123	I	723741	724424	+
Clostridium botulinum B Eklund 17B (NRP)	cbk	CLL_A1277	ribF	riboflavin biosynthesis protein RibF	md:cbk_M00125	I	1307806	1308732	+
Clostridium botulinum B Eklund 17B (NRP)	cbk	CLL_A1295	ribD	riboflavin biosynthesis protein RibD	md:cbk_M00125	I	1328884	1330020	+
Clostridium botulinum B Eklund 17B (NRP)	cbk	CLL_A1296	ribE	riboflavin synthase, alpha subunit	md:cbk_M00125	I	1330035	1330685	+
Clostridium botulinum B Eklund 17B (NRP)	cbk	CLL_A1297	NA	riboflavin biosynthesis protein ribAB	md:cbk_M00125	I	1330947	1332140	+
Clostridium botulinum B Eklund 17B (NRP)	cbk	CLL_A1298	ribH	6,7-dimethyl-8-ribityllumazine synthase	md:cbk_M00125	I	1332229	1332690	+
Clostridium botulinum B Eklund 17B (NRP)	cbk	CLL_A2503	NA	tetrahydrofolate synthase	md:cbk_M00126	I	2595987	2597300	-
Clostridium botulinum B Eklund 17B (NRP)	cbk	CLL_A3449	folA	dihydrofolate reductase	md:cbk_M00126	I	3646412	3646906	+
Clostridium botulinum B Eklund 17B (NRP)	cbk	CLL_A1999	NA	putative thiazole biosynthesis protein	md:cbk_M00127	I	2077310	2078728	+
Clostridium botulinum B Eklund 17B (NRP)	cbk	CLL_A3104	thiE	thiamine-phosphate diphosphorylase	md:cbk_M00127	I	3212001	3212642	-
Clostridium botulinum B Eklund 17B (NRP)	cbk	CLL_A3106	thiD	phosphomethylpyrimidine kinase	md:cbk_M00127	I	3213852	3214637	-
Clostridium botulinum B Eklund 17B (NRP)	cbk	CLL_A3172	galU	UTP-glucose-1-phosphate uridylyltransferase	md:cbk_M00129	I	3291053	3291925	-
Clostridium botulinum B Eklund 17B (NRP)	cbk	CLL_A1011	speD	S-adenosylmethionine decarboxylase proenzyme	md:cbk_M00133	I	1023407	1024225	+
Clostridium botulinum B Eklund 17B (NRP)	cbk	CLL_A1012	NA	arginine 2-monooxygenase	md:cbk_M00133	I	1024242	1025699	+
Clostridium botulinum B Eklund 17B (NRP)	cbk	CLL_A1013	speE	spermidine synthase	md:cbk_M00133	I	1025699	1026553	+
Clostridium botulinum B Eklund 17B (NRP)	cbk	CLL_A1017	speB	agmatinase	md:cbk_M00133	I	1031842	1032687	+
Clostridium botulinum B Eklund 17B (NRP)	cbk	CLL_A1665	NA	aldehyde dehydrogenase, dimeric NADP-preferring	md:cbk_M00135	I	1732910	1734310	+
Clostridium botulinum B Eklund 17B (NRP)	cbk	CLL_A2145	NA	spermine/spermidine acetyltransferase	md:cbk_M00135	I	2239567	2240028	-
Clostridium botulinum B Eklund 17B (NRP)	cbk	CLL_A2178	NA	acetyltransferase, GNAT family	md:cbk_M00135	I	2267135	2267605	-
Clostridium botulinum B Eklund 17B (NRP)	cbk	CLL_A2339	NA	putative flavin containing amine oxidoreductase	md:cbk_M00135	I	2418257	2419975	-
Clostridium botulinum B Eklund 17B (NRP)	cbk	CLL_A0173	fhs	formate--tetrahydrofolate ligase	md:cbk_M00140	I	187875	189545	+
Clostridium botulinum B Eklund 17B (NRP)	cbk	CLL_A1084	glyA	glycine hydroxymethyltransferase	md:cbk_M00140	I	1108120	1109355	+
Clostridium botulinum B Eklund 17B (NRP)	cbk	CLL_A2405	folD	methylenetetrahydrofolate dehydrogenase/methenyltetrahydrofolate cyclohydrolase	md:cbk_M00140	I	2496703	2497551	-
Clostridium botulinum B Eklund 17B (NRP)	cbk	CLL_A2454	NA	methenyltetrahydrofolate cyclohydrolase	md:cbk_M00140	I	2538281	2538931	-
Clostridium botulinum B Eklund 17B (NRP)	cbk	CLL_A2307	NA	iron hydrogenase 1	md:cbk_M00144	I	2376897	2378594	-
Clostridium botulinum B Eklund 17B (NRP)	cbk	CLL_A2308	NA	putative iron hydrogenase, electron-transfer subunit	md:cbk_M00144	I	2378637	2380517	-
Clostridium botulinum B Eklund 17B (NRP)	cbk	CLL_A2309	NA	putative iron hydrogenase, gamma subunit	md:cbk_M00144	I	2380507	2380998	-
Clostridium botulinum B Eklund 17B (NRP)	cbk	CLL_A0492	atpB	ATP synthase F0, A subunit	md:cbk_M00157	I	493230	493910	+
Clostridium botulinum B Eklund 17B (NRP)	cbk	CLL_A0493	atpE	ATP synthase F0, C subunit	md:cbk_M00157	I	493943	494158	+
Clostridium botulinum B Eklund 17B (NRP)	cbk	CLL_A0494	atpF	ATP synthase F0, B subunit	md:cbk_M00157	I	494209	494688	+
Clostridium botulinum B Eklund 17B (NRP)	cbk	CLL_A0495	atpH	ATP synthase F1, delta subunit	md:cbk_M00157	I	494691	495230	+
Clostridium botulinum B Eklund 17B (NRP)	cbk	CLL_A0496	atpA	ATP synthase F1, alpha subunit	md:cbk_M00157	I	495241	496755	+
Clostridium botulinum B Eklund 17B (NRP)	cbk	CLL_A0497	atpG	ATP synthase F1, gamma subunit	md:cbk_M00157	I	496796	497647	+
Clostridium botulinum B Eklund 17B (NRP)	cbk	CLL_A0498	atpD	ATP synthase F1, beta subunit	md:cbk_M00157	I	497663	499054	+
Clostridium botulinum B Eklund 17B (NRP)	cbk	CLL_A0499	atpC	ATP synthase F1, epsilon subunit	md:cbk_M00157	I	499068	499472	+
Clostridium botulinum B Eklund 17B (NRP)	cbk	CLL_A2859	ntpD	V-type sodium ATPase, D subunit	md:cbk_M00159	I	2935434	2936075	-
Clostridium botulinum B Eklund 17B (NRP)	cbk	CLL_A2860	ntpB	V-type sodium ATPase, B subunit	md:cbk_M00159	I	2936079	2937458	-
Clostridium botulinum B Eklund 17B (NRP)	cbk	CLL_A2861	ntpA	V-type sodium ATPase, catalytic A subunit	md:cbk_M00159	I	2937451	2939229	-
Clostridium botulinum B Eklund 17B (NRP)	cbk	CLL_A2862	ntpG	V-type sodium ATPase, G subunit	md:cbk_M00159	I	2939247	2939558	-
Clostridium botulinum B Eklund 17B (NRP)	cbk	CLL_A2863	ntpC	V-type sodium ATPase, C subunit	md:cbk_M00159	I	2939551	2940552	-
Clostridium botulinum B Eklund 17B (NRP)	cbk	CLL_A2864	ntpE	V-type sodium ATPase, E subunit	md:cbk_M00159	I	2940565	2941155	-
Clostridium botulinum B Eklund 17B (NRP)	cbk	CLL_A2865	ntpK	V-type sodium ATPase, K subunit	md:cbk_M00159	I	2941190	2941675	-
Clostridium botulinum B Eklund 17B (NRP)	cbk	CLL_A2866	ntpI	V-type sodium ATPase, I subunit	md:cbk_M00159	I	2941689	2943623	-
Clostridium botulinum B Eklund 17B (NRP)	cbk	CLL_A2867	NA	putative V-type ATPase subunit	md:cbk_M00159	I	2943640	2943966	-
Clostridium botulinum B Eklund 17B (NRP)	cbk	CLL_A0486	rpiB	ribose 5-phosphate isomerase B	md:cbk_M00165	I	487499	487948	+
Clostridium botulinum B Eklund 17B (NRP)	cbk	CLL_A1301	NA	probable fructose-bisphosphate aldolase 1	md:cbk_M00165	I	1335163	1336008	+
Clostridium botulinum B Eklund 17B (NRP)	cbk	CLL_A1583	NA	transketolase	md:cbk_M00165	I	1641069	1641884	+
Clostridium botulinum B Eklund 17B (NRP)	cbk	CLL_A3065	pgk	phosphoglycerate kinase	md:cbk_M00165	I	3169110	3170300	-
Clostridium botulinum B Eklund 17B (NRP)	cbk	CLL_A3066	gap	glyceraldehyde-3-phosphate dehydrogenase, type I	md:cbk_M00165	I	3170417	3171433	-
Clostridium botulinum B Eklund 17B (NRP)	cbk	CLL_A3113	fba	fructose-1,6-bisphosphate aldolase, class II	md:cbk_M00165	I	3220549	3221481	+
Clostridium botulinum B Eklund 17B (NRP)	cbk	CLL_A3355	NA	transketolase, pyridine binding subunit	md:cbk_M00165	I	3538485	3539429	-
Clostridium botulinum B Eklund 17B (NRP)	cbk	CLL_A3356	NA	transketolase, thiamine diphosphate binding subunit	md:cbk_M00165	I	3539429	3540253	-
Clostridium botulinum B Eklund 17B (NRP)	cbk	CLL_A3528	NA	transketolase	md:cbk_M00165	I	3734761	3735687	-
Clostridium botulinum B Eklund 17B (NRP)	cbk	CLL_A3529	NA	transketolase	md:cbk_M00165	I	3735704	3736516	-
Clostridium botulinum B Eklund 17B (NRP)	cbk	CLL_A3065	pgk	phosphoglycerate kinase	md:cbk_M00166	I	3169110	3170300	-
Clostridium botulinum B Eklund 17B (NRP)	cbk	CLL_A3066	gap	glyceraldehyde-3-phosphate dehydrogenase, type I	md:cbk_M00166	I	3170417	3171433	-
Clostridium botulinum B Eklund 17B (NRP)	cbk	CLL_A0486	rpiB	ribose 5-phosphate isomerase B	md:cbk_M00167	I	487499	487948	+
Clostridium botulinum B Eklund 17B (NRP)	cbk	CLL_A1301	NA	probable fructose-bisphosphate aldolase 1	md:cbk_M00167	I	1335163	1336008	+
Clostridium botulinum B Eklund 17B (NRP)	cbk	CLL_A1583	NA	transketolase	md:cbk_M00167	I	1641069	1641884	+
Clostridium botulinum B Eklund 17B (NRP)	cbk	CLL_A3113	fba	fructose-1,6-bisphosphate aldolase, class II	md:cbk_M00167	I	3220549	3221481	+
Clostridium botulinum B Eklund 17B (NRP)	cbk	CLL_A3355	NA	transketolase, pyridine binding subunit	md:cbk_M00167	I	3538485	3539429	-
Clostridium botulinum B Eklund 17B (NRP)	cbk	CLL_A3356	NA	transketolase, thiamine diphosphate binding subunit	md:cbk_M00167	I	3539429	3540253	-
Clostridium botulinum B Eklund 17B (NRP)	cbk	CLL_A3528	NA	transketolase	md:cbk_M00167	I	3734761	3735687	-
Clostridium botulinum B Eklund 17B (NRP)	cbk	CLL_A3529	NA	transketolase	md:cbk_M00167	I	3735704	3736516	-
Clostridium botulinum B Eklund 17B (NRP)	cbk	CLL_A0910	ppdK	pyruvate, phosphate dikinase	md:cbk_M00169	I	930183	932810	+
Clostridium botulinum B Eklund 17B (NRP)	cbk	CLL_A0910	ppdK	pyruvate, phosphate dikinase	md:cbk_M00171	I	930183	932810	+
Clostridium botulinum B Eklund 17B (NRP)	cbk	CLL_A0910	ppdK	pyruvate, phosphate dikinase	md:cbk_M00172	I	930183	932810	+
Clostridium botulinum B Eklund 17B (NRP)	cbk	CLL_A0129	NA	aconitate hydratase	md:cbk_M00173	I	142371	144293	+
Clostridium botulinum B Eklund 17B (NRP)	cbk	CLL_A0278	NA	fumarate hydratase	md:cbk_M00173	I	273835	274677	+
Clostridium botulinum B Eklund 17B (NRP)	cbk	CLL_A0279	fumB	fumarate hydratase, class I	md:cbk_M00173	I	274934	275491	+
Clostridium botulinum B Eklund 17B (NRP)	cbk	CLL_A0790	nifJ	pyruvate:ferredoxin (flavodoxin) oxidoreductase	md:cbk_M00173	I	806829	810329	+
Clostridium botulinum B Eklund 17B (NRP)	cbk	CLL_A0910	ppdK	pyruvate, phosphate dikinase	md:cbk_M00173	I	930183	932810	+
Clostridium botulinum B Eklund 17B (NRP)	cbk	CLL_A1699	pyc	pyruvate carboxylase	md:cbk_M00173	I	1769425	1772865	+
Clostridium botulinum B Eklund 17B (NRP)	cbk	CLL_A2353	nifJ	pyruvate:ferredoxin (flavodoxin) oxidoreductase	md:cbk_M00173	I	2441466	2444981	-
Clostridium botulinum B Eklund 17B (NRP)	cbk	CLL_A2649	NA	isocitrate dehydrogenase, NADP-dependent	md:cbk_M00173	I	2765246	2766454	-
Clostridium botulinum B Eklund 17B (NRP)	cbk	CLL_A0790	nifJ	pyruvate:ferredoxin (flavodoxin) oxidoreductase	md:cbk_M00307	I	806829	810329	+
Clostridium botulinum B Eklund 17B (NRP)	cbk	CLL_A2353	nifJ	pyruvate:ferredoxin (flavodoxin) oxidoreductase	md:cbk_M00307	I	2441466	2444981	-
Clostridium botulinum B Eklund 17B (NRP)	cbk	CLL_A3389	lpdA	dihydrolipoyl dehydrogenase	md:cbk_M00307	I	3570335	3572035	-
Clostridium botulinum B Eklund 17B (NRP)	cbk	CLL_A2040	gapN	glyceraldehyde-3-phosphate dehydrogenase (NADP+)	md:cbk_M00308	I	2133791	2135251	-
Clostridium botulinum B Eklund 17B (NRP)	cbk	CLL_A3065	pgk	phosphoglycerate kinase	md:cbk_M00308	I	3169110	3170300	-
Clostridium botulinum B Eklund 17B (NRP)	cbk	CLL_A3066	gap	glyceraldehyde-3-phosphate dehydrogenase, type I	md:cbk_M00308	I	3170417	3171433	-
Clostridium botulinum B Eklund 17B (NRP)	cbk	CLL_A0538	dhaKL	dihydroxyacetone kinase, DhaK/DhaL subunit	md:cbk_M00344	I	532223	533983	+
Clostridium botulinum B Eklund 17B (NRP)	cbk	CLL_A1301	NA	probable fructose-bisphosphate aldolase 1	md:cbk_M00344	I	1335163	1336008	+
Clostridium botulinum B Eklund 17B (NRP)	cbk	CLL_A3113	fba	fructose-1,6-bisphosphate aldolase, class II	md:cbk_M00344	I	3220549	3221481	+
Clostridium botulinum B Eklund 17B (NRP)	cbk	CLL_A1301	NA	probable fructose-bisphosphate aldolase 1	md:cbk_M00345	I	1335163	1336008	+
Clostridium botulinum B Eklund 17B (NRP)	cbk	CLL_A3113	fba	fructose-1,6-bisphosphate aldolase, class II	md:cbk_M00345	I	3220549	3221481	+
Clostridium botulinum B Eklund 17B (NRP)	cbk	CLL_A3337	pfkA	6-phosphofructokinase	md:cbk_M00345	I	3511339	3512301	-
Clostridium botulinum B Eklund 17B (NRP)	cbk	CLL_A1084	glyA	glycine hydroxymethyltransferase	md:cbk_M00346	I	1108120	1109355	+
Clostridium botulinum B Eklund 17B (NRP)	cbk	CLL_A3055	eno	phosphopyruvate hydratase	md:cbk_M00346	I	3156667	3157962	-
Clostridium botulinum B Eklund 17B (NRP)	cbk	CLL_A1234	pta	phosphate acetyltransferase	md:cbk_M00357	I	1263289	1264287	+
Clostridium botulinum B Eklund 17B (NRP)	cbk	CLL_A1235	ackA	acetate kinase	md:cbk_M00357	I	1264313	1265509	+
Clostridium botulinum B Eklund 17B (NRP)	cbk	CLL_A0084	NA	putative 2-phosphosulfolactate phosphatase	md:cbk_M00358	I	91275	91991	+
Clostridium botulinum B Eklund 17B (NRP)	cbk	CLL_A2402	NA	putative geranyltranstransferase	md:cbk_M00364	I	2494421	2495290	-
Clostridium botulinum B Eklund 17B (NRP)	cbk	CLL_A0515	metK	methionine adenosyltransferase	md:cbk_M00368	I	507333	508508	+
Clostridium botulinum B Eklund 17B (NRP)	cbk	CLL_A0490	NA	acetyl-CoA acetyltransferase	md:cbk_M00373	I	490638	491819	+
Clostridium botulinum B Eklund 17B (NRP)	cbk	CLL_A0278	NA	fumarate hydratase	md:cbk_M00374	I	273835	274677	+
Clostridium botulinum B Eklund 17B (NRP)	cbk	CLL_A0279	fumB	fumarate hydratase, class I	md:cbk_M00374	I	274934	275491	+
Clostridium botulinum B Eklund 17B (NRP)	cbk	CLL_A0490	NA	acetyl-CoA acetyltransferase	md:cbk_M00374	I	490638	491819	+
Clostridium botulinum B Eklund 17B (NRP)	cbk	CLL_A0490	NA	acetyl-CoA acetyltransferase	md:cbk_M00375	I	490638	491819	+
Clostridium botulinum B Eklund 17B (NRP)	cbk	CLL_A1152	accB	acetyl-CoA carboxylase, biotin carboxyl carrier protein	md:cbk_M00376	I	1180444	1180938	+
Clostridium botulinum B Eklund 17B (NRP)	cbk	CLL_A1154	accC	acetyl-CoA carboxylase, biotin carboxylase subunit	md:cbk_M00376	I	1181382	1182734	+
Clostridium botulinum B Eklund 17B (NRP)	cbk	CLL_A1155	accD	acetyl-CoA carboxylase, carboxyl transferase, beta subunit	md:cbk_M00376	I	1182727	1183602	+
Clostridium botulinum B Eklund 17B (NRP)	cbk	CLL_A1156	accA	acetyl-CoA carboxylase, carboxyl transferase, alpha subunit	md:cbk_M00376	I	1183595	1184419	+
Clostridium botulinum B Eklund 17B (NRP)	cbk	CLL_A0173	fhs	formate--tetrahydrofolate ligase	md:cbk_M00377	I	187875	189545	+
Clostridium botulinum B Eklund 17B (NRP)	cbk	CLL_A2405	folD	methylenetetrahydrofolate dehydrogenase/methenyltetrahydrofolate cyclohydrolase	md:cbk_M00377	I	2496703	2497551	-
Clostridium botulinum B Eklund 17B (NRP)	cbk	CLL_A2454	NA	methenyltetrahydrofolate cyclohydrolase	md:cbk_M00377	I	2538281	2538931	-
Clostridium botulinum B Eklund 17B (NRP)	cbk	CLL_A2856	metF	methylenetetrahydrofolate reductase (NAD(P)H)	md:cbk_M00377	I	2930727	2931614	-
Clostridium botulinum B Eklund 17B (NRP)	cbk	CLL_A0322	leuC	3-isopropylmalate dehydratase, large subunit	md:cbk_M00432	I	315668	316927	+
Clostridium botulinum B Eklund 17B (NRP)	cbk	CLL_A0323	leuD	3-isopropylmalate dehydratase, small subunit	md:cbk_M00432	I	316942	317427	+
Clostridium botulinum B Eklund 17B (NRP)	cbk	CLL_A0324	leuB	3-isopropylmalate dehydrogenase	md:cbk_M00432	I	317599	318681	+
Clostridium botulinum B Eklund 17B (NRP)	cbk	CLL_A1322	leuA	2-isopropylmalate synthase	md:cbk_M00432	I	1357698	1359371	+
Clostridium botulinum B Eklund 17B (NRP)	cbk	CLL_A1047	NA	aspartate kinase	md:cbk_M00525	I	1066249	1067559	-
Clostridium botulinum B Eklund 17B (NRP)	cbk	CLL_A1282	dapG	aspartate kinase 1	md:cbk_M00525	I	1313361	1314560	+
Clostridium botulinum B Eklund 17B (NRP)	cbk	CLL_A2428	dapF	diaminopimelate epimerase	md:cbk_M00525	I	2512190	2513011	-
Clostridium botulinum B Eklund 17B (NRP)	cbk	CLL_A2485	asd	aspartate-semialdehyde dehydrogenase	md:cbk_M00525	I	2576887	2577879	+
Clostridium botulinum B Eklund 17B (NRP)	cbk	CLL_A2486	dapA	dihydrodipicolinate synthase	md:cbk_M00525	I	2577896	2578774	+
Clostridium botulinum B Eklund 17B (NRP)	cbk	CLL_A2487	dapB	dihydrodipicolinate reductase	md:cbk_M00525	I	2578784	2579542	+
Clostridium botulinum B Eklund 17B (NRP)	cbk	CLL_A3286	lysA	diaminopimelate decarboxylase	md:cbk_M00525	I	3449873	3451168	-
Clostridium botulinum B Eklund 17B (NRP)	cbk	CLL_A3477	dapA	dihydrodipicolinate synthase	md:cbk_M00525	I	3676753	3677625	-
Clostridium botulinum B Eklund 17B (NRP)	cbk	CLL_A1047	NA	aspartate kinase	md:cbk_M00526	I	1066249	1067559	-
Clostridium botulinum B Eklund 17B (NRP)	cbk	CLL_A1282	dapG	aspartate kinase 1	md:cbk_M00526	I	1313361	1314560	+
Clostridium botulinum B Eklund 17B (NRP)	cbk	CLL_A2485	asd	aspartate-semialdehyde dehydrogenase	md:cbk_M00526	I	2576887	2577879	+
Clostridium botulinum B Eklund 17B (NRP)	cbk	CLL_A2486	dapA	dihydrodipicolinate synthase	md:cbk_M00526	I	2577896	2578774	+
Clostridium botulinum B Eklund 17B (NRP)	cbk	CLL_A2487	dapB	dihydrodipicolinate reductase	md:cbk_M00526	I	2578784	2579542	+
Clostridium botulinum B Eklund 17B (NRP)	cbk	CLL_A3000	NA	diaminopimelate dehydrogenase	md:cbk_M00526	I	3096988	3097965	-
Clostridium botulinum B Eklund 17B (NRP)	cbk	CLL_A3286	lysA	diaminopimelate decarboxylase	md:cbk_M00526	I	3449873	3451168	-
Clostridium botulinum B Eklund 17B (NRP)	cbk	CLL_A3477	dapA	dihydrodipicolinate synthase	md:cbk_M00526	I	3676753	3677625	-
Clostridium botulinum B Eklund 17B (NRP)	cbk	CLL_A1047	NA	aspartate kinase	md:cbk_M00527	I	1066249	1067559	-
Clostridium botulinum B Eklund 17B (NRP)	cbk	CLL_A1282	dapG	aspartate kinase 1	md:cbk_M00527	I	1313361	1314560	+
Clostridium botulinum B Eklund 17B (NRP)	cbk	CLL_A2428	dapF	diaminopimelate epimerase	md:cbk_M00527	I	2512190	2513011	-
Clostridium botulinum B Eklund 17B (NRP)	cbk	CLL_A2485	asd	aspartate-semialdehyde dehydrogenase	md:cbk_M00527	I	2576887	2577879	+
Clostridium botulinum B Eklund 17B (NRP)	cbk	CLL_A2486	dapA	dihydrodipicolinate synthase	md:cbk_M00527	I	2577896	2578774	+
Clostridium botulinum B Eklund 17B (NRP)	cbk	CLL_A2487	dapB	dihydrodipicolinate reductase	md:cbk_M00527	I	2578784	2579542	+
Clostridium botulinum B Eklund 17B (NRP)	cbk	CLL_A3286	lysA	diaminopimelate decarboxylase	md:cbk_M00527	I	3449873	3451168	-
Clostridium botulinum B Eklund 17B (NRP)	cbk	CLL_A3477	dapA	dihydrodipicolinate synthase	md:cbk_M00527	I	3676753	3677625	-
Clostridium botulinum B Eklund 17B (NRP)	cbk	CLL_A0893	NA	ferredoxin-nitrite reductase	md:cbk_M00531	I	914474	916024	+
Clostridium botulinum B Eklund 17B (NRP)	cbk	CLL_A1084	glyA	glycine hydroxymethyltransferase	md:cbk_M00532	I	1108120	1109355	+
Clostridium botulinum B Eklund 17B (NRP)	cbk	CLL_A3389	lpdA	dihydrolipoyl dehydrogenase	md:cbk_M00532	I	3570335	3572035	-
Clostridium botulinum B Eklund 17B (NRP)	cbk	CLL_A0322	leuC	3-isopropylmalate dehydratase, large subunit	md:cbk_M00535	I	315668	316927	+
Clostridium botulinum B Eklund 17B (NRP)	cbk	CLL_A0323	leuD	3-isopropylmalate dehydratase, small subunit	md:cbk_M00535	I	316942	317427	+
Clostridium botulinum B Eklund 17B (NRP)	cbk	CLL_A0324	leuB	3-isopropylmalate dehydrogenase	md:cbk_M00535	I	317599	318681	+
Clostridium botulinum B Eklund 17B (NRP)	cbk	CLL_A0636	NA	putative xanthine dehydrogenase, molybdopterin-binding subunit	md:cbk_M00546	I	637371	639662	+
Clostridium botulinum B Eklund 17B (NRP)	cbk	CLL_A0637	NA	putative xanthine dehydrogenase, FAD-binding subunit	md:cbk_M00546	I	639680	640552	+
Clostridium botulinum B Eklund 17B (NRP)	cbk	CLL_A2056	NA	glucokinase	md:cbk_M00549	I	2150619	2151509	-
Clostridium botulinum B Eklund 17B (NRP)	cbk	CLL_A2461	NA	phosphomannomutase	md:cbk_M00549	I	2546963	2548690	-
Clostridium botulinum B Eklund 17B (NRP)	cbk	CLL_A3172	galU	UTP-glucose-1-phosphate uridylyltransferase	md:cbk_M00549	I	3291053	3291925	-
Clostridium botulinum B Eklund 17B (NRP)	cbk	CLL_A3397	NA	putative glucokinase	md:cbk_M00549	I	3577173	3578126	-
Clostridium botulinum B Eklund 17B (NRP)	cbk	CLL_A3261	NA	putative hexulose-6-phosphate isomerase	md:cbk_M00550	I	3422332	3423177	-
Clostridium botulinum B Eklund 17B (NRP)	cbk	CLL_A3262	araD	L-ribulose-5-phosphate 4-epimerase	md:cbk_M00550	I	3423373	3424062	-
Clostridium botulinum B Eklund 17B (NRP)	cbk	CLL_A3264	NA	putative PTS system, L-Ascorbate family, IIB component	md:cbk_M00550	I	3425537	3425830	-
Clostridium botulinum B Eklund 17B (NRP)	cbk	CLL_A3265	NA	ascorbate-specific PTS system enzyme IIC	md:cbk_M00550	I	3426023	3427480	-
Clostridium botulinum B Eklund 17B (NRP)	cbk	CLL_A3266	NA	phosphoenolpyruvate-dependent sugar phosphotransferase system, EIIA component	md:cbk_M00550	I	3427575	3428018	-
Clostridium botulinum B Eklund 17B (NRP)	cbk	CLL_A3267	NA	metal-dependent hydrolase	md:cbk_M00550	I	3428185	3429249	-
Clostridium botulinum B Eklund 17B (NRP)	cbk	CLL_A3530	NA	ascorbate-specific PTS system enzyme IIC	md:cbk_M00550	I	3736595	3737944	-
Clostridium botulinum B Eklund 17B (NRP)	cbk	CLL_A3531	NA	PTS sysytem, mannitol-specific enzyme II, B component	md:cbk_M00550	I	3738016	3738291	-
Clostridium botulinum B Eklund 17B (NRP)	cbk	CLL_A3532	NA	phosphoenolpyruvate-dependent sugar phosphotransferase system, EIIA 2	md:cbk_M00550	I	3738294	3738695	-
Clostridium botulinum B Eklund 17B (NRP)	cbk	CLL_A3065	pgk	phosphoglycerate kinase	md:cbk_M00552	I	3169110	3170300	-
Clostridium botulinum B Eklund 17B (NRP)	cbk	CLL_A3066	gap	glyceraldehyde-3-phosphate dehydrogenase, type I	md:cbk_M00552	I	3170417	3171433	-
Clostridium botulinum B Eklund 17B (NRP)	cbk	CLL_A3412	glgD	glucose-1-phosphate adenylyltransferase, GlgD subunit	md:cbk_M00565	I	3594430	3595536	-
Clostridium botulinum B Eklund 17B (NRP)	cbk	CLL_A3413	glgC	glucose-1-phosphate adenylyltransferase	md:cbk_M00565	I	3595558	3596718	-
Clostridium botulinum B Eklund 17B (NRP)	cbk	CLL_A3416	NA	glycogen synthase	md:cbk_M00565	I	3601280	3602716	-
Clostridium botulinum B Eklund 17B (NRP)	cbk	CLL_A3417	glgB	1,4-alpha-glucan branching enzyme	md:cbk_M00565	I	3602858	3605095	-
Clostridium botulinum B Eklund 17B (NRP)	cbk	CLL_A0321	ilvN	acetolactate synthase, small subunit	md:cbk_M00570	I	314985	315494	+
Clostridium botulinum B Eklund 17B (NRP)	cbk	CLL_A0325	ilvD	dihydroxy-acid dehydratase	md:cbk_M00570	I	318688	320346	+
Clostridium botulinum B Eklund 17B (NRP)	cbk	CLL_A0326	ilvB	acetolactate synthase, large subunit, biosynthetic type	md:cbk_M00570	I	320433	322106	+
Clostridium botulinum B Eklund 17B (NRP)	cbk	CLL_A0327	ilvC	ketol-acid reductoisomerase	md:cbk_M00570	I	322128	323144	+
Clostridium botulinum B Eklund 17B (NRP)	cbk	CLL_A0726	ilvN	acetolactate synthase, small subunit	md:cbk_M00570	I	729493	729786	-
Clostridium botulinum B Eklund 17B (NRP)	cbk	CLL_A0727	ilvB	acetolactate synthase, large subunit, biosynthetic type	md:cbk_M00570	I	729779	731458	-
Clostridium botulinum B Eklund 17B (NRP)	cbk	CLL_A0794	NA	aminotransferase, class IV	md:cbk_M00570	I	813593	814396	+
Clostridium botulinum B Eklund 17B (NRP)	cbk	CLL_A1070	ilvA	threonine ammonia-lyase	md:cbk_M00570	I	1095082	1096302	-
Clostridium botulinum B Eklund 17B (NRP)	cbk	CLL_A1088	ilvE	branched-chain-amino-acid transaminase	md:cbk_M00570	I	1112778	1113806	-
Clostridium botulinum B Eklund 17B (NRP)	cbk	CLL_A2334	NA	thiamine pyrophosphate enzyme TPP binding domain protein	md:cbk_M00570	I	2412353	2414155	-
Clostridium botulinum B Eklund 17B (NRP)	cbk	CLL_A3272	NA	thiamine pyrophosphate enzyme	md:cbk_M00570	I	3434227	3435858	-
Clostridium botulinum B Eklund 17B (NRP)	cbk	CLL_A1087	NA	oxidoreductase, short chain dehydrogenase/reductase family protein	md:cbk_M00572	I	1111841	1112584	+
Clostridium botulinum B Eklund 17B (NRP)	cbk	CLL_A1150	fabG	3-oxoacyl-[acyl-carrier-protein] reductase	md:cbk_M00572	I	1178433	1179173	+
Clostridium botulinum B Eklund 17B (NRP)	cbk	CLL_A1151	fabF	beta-ketoacyl-acyl-carrier-protein synthase II	md:cbk_M00572	I	1179191	1180432	+
Clostridium botulinum B Eklund 17B (NRP)	cbk	CLL_A1153	fabZ	beta-hydroxyacyl-(acyl-carrier-protein) dehydratase FabZ	md:cbk_M00572	I	1180944	1181372	+
Clostridium botulinum B Eklund 17B (NRP)	cbk	CLL_A1160	NA	oxidoreductase, short chain dehydrogenase/reductase family	md:cbk_M00572	I	1186386	1187186	+
Clostridium botulinum B Eklund 17B (NRP)	cbk	CLL_A0358	NA	radical SAM domain protein	md:cbk_M00573	I	362999	364045	-
Clostridium botulinum B Eklund 17B (NRP)	cbk	CLL_A0721	bioB	biotin synthase	md:cbk_M00573	I	722782	723738	+
Clostridium botulinum B Eklund 17B (NRP)	cbk	CLL_A0722	bioD	dethiobiotin synthase	md:cbk_M00573	I	723741	724424	+
Clostridium botulinum B Eklund 17B (NRP)	cbk	CLL_A0358	NA	radical SAM domain protein	md:cbk_M00577	I	362999	364045	-
Clostridium botulinum B Eklund 17B (NRP)	cbk	CLL_A0721	bioB	biotin synthase	md:cbk_M00577	I	722782	723738	+
Clostridium botulinum B Eklund 17B (NRP)	cbk	CLL_A0722	bioD	dethiobiotin synthase	md:cbk_M00577	I	723741	724424	+
Clostridium botulinum B Eklund 17B (NRP)	cbk	CLL_A1234	pta	phosphate acetyltransferase	md:cbk_M00579	I	1263289	1264287	+
Clostridium botulinum B Eklund 17B (NRP)	cbk	CLL_A1235	ackA	acetate kinase	md:cbk_M00579	I	1264313	1265509	+
Clostridium botulinum B Eklund 17B (NRP)	cbk	CLL_A0515	metK	methionine adenosyltransferase	md:cbk_M00609	I	507333	508508	+
Clostridium botulinum B Eklund 17B (NRP)	cbk	CLL_A2855	luxS	S-ribosylhomocysteinase LuxS	md:cbk_M00609	I	2930259	2930714	-
Clostridium botulinum B Eklund 17B (NRP)	cbk	CLL_A3319	luxS	S-ribosylhomocysteinase LuxS	md:cbk_M00609	I	3492206	3492658	-
Clostridium botulinum B Eklund 17B (NRP)	cbk	CLL_A3431	mtnN	MTA/SAH nucleosidase	md:cbk_M00609	I	3623243	3623935	+
Clostridium botulinum B Eklund 17B (NRP)	cbk	CLL_A0278	NA	fumarate hydratase	md:cbk_M00620	I	273835	274677	+
Clostridium botulinum B Eklund 17B (NRP)	cbk	CLL_A0279	fumB	fumarate hydratase, class I	md:cbk_M00620	I	274934	275491	+
Clostridium botulinum B Eklund 17B (NRP)	cbk	CLL_A1970	NA	putative beta-lactamase regulatory protein 1	md:cbk_M00627	I	2045979	2048219	-
Clostridium botulinum B Eklund 17B (NRP)	cbk	CLL_A1971	NA	penicillinase repressor	md:cbk_M00627	I	2048247	2048642	-
Clostridium botulinum B Eklund 17B (NRP)	cbk	CLL_A2154	NA	peptidase, M56 family protein	md:cbk_M00627	I	2244196	2245923	-
Clostridium botulinum B Eklund 17B (NRP)	cbk	CLL_A2155	NA	penicillinase repressor	md:cbk_M00627	I	2245929	2246312	-
Clostridium botulinum B Eklund 17B (NRP)	cbk	CLL_A2831	NA	conserved hypothetical protein	md:cbk_M00627	I	2905686	2906723	+
Clostridium botulinum B Eklund 17B (NRP)	cbk	CLL_A1708	galE	UDP-glucose 4-epimerase	md:cbk_M00632	I	1786396	1787385	+
Clostridium botulinum B Eklund 17B (NRP)	cbk	CLL_A2330	NA	NAD dependent epimerase/dehydratase family	md:cbk_M00632	I	2407907	2408785	-
Clostridium botulinum B Eklund 17B (NRP)	cbk	CLL_A3241	NA	NDP-sugar dehydratase or epimerase	md:cbk_M00632	I	3393328	3394344	-
Clostridium botulinum B Eklund 17B (NRP)	cbk	CLL_A2040	gapN	glyceraldehyde-3-phosphate dehydrogenase (NADP+)	md:cbk_M00633	I	2133791	2135251	-
Clostridium botulinum B Eklund 17B (NRP)	cbk	CLL_A1481	NA	serine-type D-Ala-D-Ala carboxypeptidase	md:cbk_M00651	I	1530337	1531035	+
Clostridium botulinum B Eklund 17B (NRP)	cbk	CLL_A2532	NA	two-component sensor histidine kinase	md:cbk_M00651	I	2639053	2640561	+
Clostridium botulinum B Eklund 17B (NRP)	cbk	CLL_A3542	NA	sensor histidine kinase	md:cbk_M00651	I	3750195	3751625	-
Clostridium botulinum B Eklund 17B (NRP)	cbk	CLL_A1387	NA	regulatory protein VanR	md:cbk_M00652	I	1427002	1427697	+
Clostridium botulinum B Eklund 17B (NRP)	cbk	CLL_A3074	NA	regulatory protein VanR	md:cbk_M00652	I	3180357	3181067	-
Clostridium botulinum B Eklund 17B (NRP)	cbk	CLL_A0685	NA	putative protein dltD	md:cbk_M00725	I	684195	685379	+
Clostridium botulinum B Eklund 17B (NRP)	cbk	CLL_A0687	dltA	D-alanine--poly(phosphoribitol) ligase, subunit 1	md:cbk_M00725	I	685506	687020	+
Clostridium botulinum B Eklund 17B (NRP)	cbk	CLL_A0688	NA	protein DltB	md:cbk_M00725	I	687020	688174	+
Clostridium botulinum B Eklund 17B (NRP)	cbk	CLL_A0689	dltC	D-alanine--poly(phosphoribitol) ligase, subunit 2	md:cbk_M00725	I	688253	688480	+
Clostridium botulinum B Eklund 17B (NRP)	cbk	CLL_A0129	NA	aconitate hydratase	md:cbk_M00740	I	142371	144293	+
Clostridium botulinum B Eklund 17B (NRP)	cbk	CLL_A2649	NA	isocitrate dehydrogenase, NADP-dependent	md:cbk_M00740	I	2765246	2766454	-
Clostridium botulinum B Eklund 17B (NRP)	cbk	CLL_A3249	rfbD	dTDP-4-dehydrorhamnose reductase	md:cbk_M00793	I	3404272	3405114	-
Clostridium botulinum B Eklund 17B (NRP)	cbk	CLL_A3251	NA	dTDP-glucose 4,6-dehydratase	md:cbk_M00793	I	3406082	3407101	-
Clostridium botulinum B Eklund 17B (NRP)	cbk	CLL_A3252	rfbC	dTDP-4-dehydrorhamnose 3,5-epimerase	md:cbk_M00793	I	3407218	3407757	-
Clostridium botulinum B Eklund 17B (NRP)	cbk	CLL_A3253	rfbA	glucose-1-phosphate thymidylyltransferase	md:cbk_M00793	I	3407802	3408680	-
Clostridium botulinum B Eklund 17B (NRP)	cbk	CLL_A3435	rfbC	dTDP-4-dehydrorhamnose 3,5-epimerase	md:cbk_M00793	I	3632168	3632755	-
Clostridium botulinum B Eklund 17B (NRP)	cbk	CLL_A1297	NA	riboflavin biosynthesis protein ribAB	md:cbk_M00840	I	1330947	1332140	+
Clostridium botulinum B Eklund 17B (NRP)	cbk	CLL_A3449	folA	dihydrofolate reductase	md:cbk_M00840	I	3646412	3646906	+
Clostridium botulinum B Eklund 17B (NRP)	cbk	CLL_A2503	NA	tetrahydrofolate synthase	md:cbk_M00841	I	2595987	2597300	-
Clostridium botulinum B Eklund 17B (NRP)	cbk	CLL_A3114	argG	argininosuccinate synthase	md:cbk_M00844	I	3222136	3223359	+
Clostridium botulinum B Eklund 17B (NRP)	cbk	CLL_A3115	argH	argininosuccinate lyase	md:cbk_M00844	I	3223362	3224759	+
Clostridium botulinum B Eklund 17B (NRP)	cbk	CLL_A3120	argF	ornithine carbamoyltransferase	md:cbk_M00844	I	3229729	3230649	+
Clostridium botulinum B Eklund 17B (NRP)	cbk	CLL_A3114	argG	argininosuccinate synthase	md:cbk_M00845	I	3222136	3223359	+
Clostridium botulinum B Eklund 17B (NRP)	cbk	CLL_A3115	argH	argininosuccinate lyase	md:cbk_M00845	I	3223362	3224759	+
Clostridium botulinum B Eklund 17B (NRP)	cbk	CLL_A3116	argC	N-acetyl-gamma-glutamyl-phosphate reductase	md:cbk_M00845	I	3224752	3225786	+
Clostridium botulinum B Eklund 17B (NRP)	cbk	CLL_A3119	NA	acetylornithine transaminase	md:cbk_M00845	I	3228455	3229636	+
Clostridium botulinum B Eklund 17B (NRP)	cbk	CLL_A2904	hemL	glutamate-1-semialdehyde-2,1-aminomutase	md:cbk_M00846	I	2984069	2985352	-
Clostridium botulinum B Eklund 17B (NRP)	cbk	CLL_A2905	hemB	porphobilinogen synthase	md:cbk_M00846	I	2985404	2986369	-
Clostridium botulinum B Eklund 17B (NRP)	cbk	CLL_A2906	NA	uroporphyrinogen III synthase/methyltransferase	md:cbk_M00846	I	2986372	2987847	-
Clostridium botulinum B Eklund 17B (NRP)	cbk	CLL_A2907	hemC	hydroxymethylbilane synthase	md:cbk_M00846	I	2988062	2988934	-
Clostridium botulinum B Eklund 17B (NRP)	cbk	CLL_A2908	NA	precorrin-2 dehydrogenase	md:cbk_M00846	I	2988985	2989659	-
Clostridium botulinum B Eklund 17B (NRP)	cbk	CLL_A2909	hemA	glutamyl-tRNA reductase	md:cbk_M00846	I	2989617	2990822	-
Clostridium botulinum B Eklund 17B (NRP)	cbk	CLL_A0490	NA	acetyl-CoA acetyltransferase	md:cbk_M00849	I	490638	491819	+
Clostridium botulinum B Eklund 17B (NRP)	cbk	CLL_A3172	galU	UTP-glucose-1-phosphate uridylyltransferase	md:cbk_M00854	I	3291053	3291925	-
Clostridium botulinum B Eklund 17B (NRP)	cbk	CLL_A3412	glgD	glucose-1-phosphate adenylyltransferase, GlgD subunit	md:cbk_M00854	I	3594430	3595536	-
Clostridium botulinum B Eklund 17B (NRP)	cbk	CLL_A3413	glgC	glucose-1-phosphate adenylyltransferase	md:cbk_M00854	I	3595558	3596718	-
Clostridium botulinum B Eklund 17B (NRP)	cbk	CLL_A3416	NA	glycogen synthase	md:cbk_M00854	I	3601280	3602716	-
Clostridium botulinum B Eklund 17B (NRP)	cbk	CLL_A3417	glgB	1,4-alpha-glucan branching enzyme	md:cbk_M00854	I	3602858	3605095	-
Clostridium botulinum B Eklund 17B (NRP)	cbk	CLL_A0976	malQ	4-alpha-glucanotransferase	md:cbk_M00855	I	981616	983103	+
Clostridium botulinum B Eklund 17B (NRP)	cbk	CLL_A0977	NA	glycogen phosphorylase	md:cbk_M00855	I	983103	985463	+
Clostridium botulinum B Eklund 17B (NRP)	cbk	CLL_A1700	amyX	alpha-dextran endo-1,6-alpha-glucosidase	md:cbk_M00855	I	1773002	1775995	+
Clostridium botulinum B Eklund 17B (NRP)	cbk	CLL_A2461	NA	phosphomannomutase	md:cbk_M00855	I	2546963	2548690	-
Clostridium botulinum B Eklund 17B (NRP)	cbk	CLL_A2978	pulA	pullulanase, type I	md:cbk_M00855	I	3064603	3066561	-
Clostridium botulinum B Eklund 17B (NRP)	cbk	CLL_A3415	NA	glycogen phosphorylase	md:cbk_M00855	I	3598808	3601249	-
Clostridium botulinum B Eklund 17B (NRP)	cbk	CLL_A2905	hemB	porphobilinogen synthase	md:cbk_M00868	I	2985404	2986369	-
Clostridium botulinum B Eklund 17B (NRP)	cbk	CLL_A2907	hemC	hydroxymethylbilane synthase	md:cbk_M00868	I	2988062	2988934	-
Clostridium botulinum B Eklund 17B (NRP)	cbk	CLL_A1149	fabD	malonyl CoA-acyl carrier protein transacylase	md:cbk_M00873	I	1177471	1178412	+
Clostridium botulinum B Eklund 17B (NRP)	cbk	CLL_A1151	fabF	beta-ketoacyl-acyl-carrier-protein synthase II	md:cbk_M00873	I	1179191	1180432	+
Clostridium botulinum B Eklund 17B (NRP)	cbk	CLL_A1087	NA	oxidoreductase, short chain dehydrogenase/reductase family protein	md:cbk_M00874	I	1111841	1112584	+
Clostridium botulinum B Eklund 17B (NRP)	cbk	CLL_A1149	fabD	malonyl CoA-acyl carrier protein transacylase	md:cbk_M00874	I	1177471	1178412	+
Clostridium botulinum B Eklund 17B (NRP)	cbk	CLL_A1150	fabG	3-oxoacyl-[acyl-carrier-protein] reductase	md:cbk_M00874	I	1178433	1179173	+
Clostridium botulinum B Eklund 17B (NRP)	cbk	CLL_A1151	fabF	beta-ketoacyl-acyl-carrier-protein synthase II	md:cbk_M00874	I	1179191	1180432	+
Clostridium botulinum B Eklund 17B (NRP)	cbk	CLL_A1160	NA	oxidoreductase, short chain dehydrogenase/reductase family	md:cbk_M00874	I	1186386	1187186	+
Clostridium botulinum B Eklund 17B (NRP)	cbk	CLL_A0377	hbd	3-hydroxybutyryl-CoA dehydrogenase	md:cbk_M00878	I	385061	385909	+
Clostridium botulinum B Eklund 17B (NRP)	cbk	CLL_A1164	moaC	molybdenum cofactor biosynthesis protein C	md:cbk_M00880	I	1191954	1192433	+
Clostridium botulinum B Eklund 17B (NRP)	cbk	CLL_A1165	moaA	molybdenum cofactor biosynthesis protein A	md:cbk_M00880	I	1192494	1193474	+
Clostridium botulinum B Eklund 17B (NRP)	cbk	CLL_A3104	thiE	thiamine-phosphate diphosphorylase	md:cbk_M00895	I	3212001	3212642	-
Clostridium botulinum B Eklund 17B (NRP)	cbk	CLL_A3106	thiD	phosphomethylpyrimidine kinase	md:cbk_M00895	I	3213852	3214637	-
Clostridium botulinum B Eklund 17B (NRP)	cbk	CLL_A3104	thiE	thiamine-phosphate diphosphorylase	md:cbk_M00896	I	3212001	3212642	-
Clostridium botulinum B Eklund 17B (NRP)	cbk	CLL_A3106	thiD	phosphomethylpyrimidine kinase	md:cbk_M00896	I	3213852	3214637	-
Clostridium botulinum B Eklund 17B (NRP)	cbk	CLL_A1224	NA	thiamine diphosphokinase	md:cbk_M00897	I	1253388	1254026	+
Clostridium botulinum B Eklund 17B (NRP)	cbk	CLL_A1224	NA	thiamine diphosphokinase	md:cbk_M00898	I	1253388	1254026	+
Clostridium botulinum B Eklund 17B (NRP)	cbk	CLL_A3104	thiE	thiamine-phosphate diphosphorylase	md:cbk_M00899	I	3212001	3212642	-
Clostridium botulinum B Eklund 17B (NRP)	cbk	CLL_A3105	thiM	hydroxyethylthiazole kinase	md:cbk_M00899	I	3212822	3213658	-
Clostridium botulinum B Eklund 17B (NRP)	cbk	CLL_A3106	thiD	phosphomethylpyrimidine kinase	md:cbk_M00899	I	3213852	3214637	-
Clostridium botulinum B Eklund 17B (NRP)	cbk	CLL_A0148	glmU	UDP-N-acetylglucosamine diphosphorylase/glucosamine-1-phosphate N-acetyltransferase	md:cbk_M00909	I	165072	166439	+
Clostridium botulinum B Eklund 17B (NRP)	cbk	CLL_A0300	glmM	phosphoglucosamine mutase	md:cbk_M00909	I	299340	300683	+
Clostridium botulinum B Eklund 17B (NRP)	cbk	CLL_A0338	glmS	glutamine-fructose-6-phosphate transaminase (isomerizing)	md:cbk_M00909	I	338548	340374	+
Clostridium botulinum B Eklund 17B (NRP)	cbk	CLL_A0403	pgi	glucose-6-phosphate isomerase	md:cbk_M00909	I	411344	412693	+
Clostridium botulinum B Eklund 17B (NRP)	cbk	CLL_A2056	NA	glucokinase	md:cbk_M00909	I	2150619	2151509	-
Clostridium botulinum B Eklund 17B (NRP)	cbk	CLL_A3397	NA	putative glucokinase	md:cbk_M00909	I	3577173	3578126	-
Clostridium botulinum B Eklund 17B (NRP)	cbk	CLL_A1296	ribE	riboflavin synthase, alpha subunit	md:cbk_M00911	I	1330035	1330685	+
Clostridium botulinum B Eklund 17B (NRP)	cbk	CLL_A1298	ribH	6,7-dimethyl-8-ribityllumazine synthase	md:cbk_M00911	I	1332229	1332690	+
Clostridium botulinum B Eklund 17B (NRP)	cbk	CLL_A0583	nadD	nicotinate-nucleotide adenylyltransferase	md:cbk_M00912	I	581874	582476	+
Clostridium botulinum B Eklund 17B (NRP)	cbk	CLL_A1089	nadE	glutamine-dependent NAD(+) synthetase	md:cbk_M00912	I	1113959	1115857	-
Clostridium botulinum B Eklund 17B (NRP)	cbk	CLL_A1138	panE	2-dehydropantoate 2-reductase	md:cbk_M00913	I	1168349	1169278	+
Clostridium botulinum B Eklund 17B (NRP)	cbk	CLL_A1665	NA	aldehyde dehydrogenase, dimeric NADP-preferring	md:cbk_M00913	I	1732910	1734310	+
Clostridium botulinum B Eklund 17B (NRP)	cbk	CLL_A1138	panE	2-dehydropantoate 2-reductase	md:cbk_M00914	I	1168349	1169278	+
Clostridium botulinum B Eklund 17B (NRP)	cbk	CLL_A1213	coaBC	phosphopantothenoylcysteine decarboxylase/phosphopantothenate--cysteine ligase	md:cbk_M00914	I	1241111	1242289	+
Clostridium botulinum B Eklund 17B (NRP)	cbk	CLL_A2336	NA	sialic acid synthase	md:cbk_M00922	I	2415293	2416117	-
Clostridium botulinum B Eklund 17B (NRP)	cbk	CLL_A2903	NA	anaerobic Cobalt chelatase, CbiK	md:cbk_M00924	I	2983282	2984079	-
Clostridium botulinum B Eklund 17B (NRP)	cbk	CLL_A2906	NA	uroporphyrinogen III synthase/methyltransferase	md:cbk_M00924	I	2986372	2987847	-
Clostridium botulinum B Eklund 17B (NRP)	cbk	CLL_A2908	NA	precorrin-2 dehydrogenase	md:cbk_M00924	I	2988985	2989659	-
Clostridium botulinum B Eklund 17B (NRP)	cbk	CLL_A2929	cobK	precorrin-6x reductase	md:cbk_M00924	I	3011469	3012242	-
Clostridium botulinum B Eklund 17B (NRP)	cbk	CLL_A2930	cobJ	precorrin-3B C(17)-methyltransferase	md:cbk_M00924	I	3012242	3012979	-
Clostridium botulinum B Eklund 17B (NRP)	cbk	CLL_A2931	NA	CbiG	md:cbk_M00924	I	3012998	3014059	-
Clostridium botulinum B Eklund 17B (NRP)	cbk	CLL_A2932	cobM	precorrin-4 C(11)-methyltransferase	md:cbk_M00924	I	3014056	3014814	-
Clostridium botulinum B Eklund 17B (NRP)	cbk	CLL_A2933	cobI	precorrin-2 C(20)-methyltransferase	md:cbk_M00924	I	3014848	3015513	-
Clostridium botulinum B Eklund 17B (NRP)	cbk	CLL_A2934	cbiT	precorrin-6Y C5,15-methyltransferase (decarboxylating), CbiT subunit	md:cbk_M00924	I	3015515	3016093	-
Clostridium botulinum B Eklund 17B (NRP)	cbk	CLL_A2935	cbiE	precorrin-6y C5,15-methyltransferase (decarboxylating), CbiE subunit	md:cbk_M00924	I	3016106	3016708	-
Clostridium botulinum B Eklund 17B (NRP)	cbk	CLL_A2936	cbiD	cobalamin biosynthesis protein CbiD	md:cbk_M00924	I	3016716	3017861	-
Clostridium botulinum B Eklund 17B (NRP)	cbk	CLL_A2937	cobH	precorrin-8X methylmutase	md:cbk_M00924	I	3018009	3018632	-
Clostridium botulinum B Eklund 17B (NRP)	cbk	CLL_A2938	cobB	cobyrinic acid a,c-diamide synthase	md:cbk_M00924	I	3018720	3020036	-
Clostridium botulinum B Eklund 17B (NRP)	cbk	CLL_A2939	NA	sirohydrochlorin cobaltochelatase	md:cbk_M00924	I	3020215	3021051	-
Clostridium botulinum B Eklund 17B (NRP)	cbk	CLL_A2906	NA	uroporphyrinogen III synthase/methyltransferase	md:cbk_M00925	I	2986372	2987847	-
Clostridium botulinum B Eklund 17B (NRP)	cbk	CLL_A2929	cobK	precorrin-6x reductase	md:cbk_M00925	I	3011469	3012242	-
Clostridium botulinum B Eklund 17B (NRP)	cbk	CLL_A2930	cobJ	precorrin-3B C(17)-methyltransferase	md:cbk_M00925	I	3012242	3012979	-
Clostridium botulinum B Eklund 17B (NRP)	cbk	CLL_A2932	cobM	precorrin-4 C(11)-methyltransferase	md:cbk_M00925	I	3014056	3014814	-
Clostridium botulinum B Eklund 17B (NRP)	cbk	CLL_A2933	cobI	precorrin-2 C(20)-methyltransferase	md:cbk_M00925	I	3014848	3015513	-
Clostridium botulinum B Eklund 17B (NRP)	cbk	CLL_A2937	cobH	precorrin-8X methylmutase	md:cbk_M00925	I	3018009	3018632	-
Clostridium botulinum B Eklund 17B (NRP)	cbk	CLL_A2938	cobB	cobyrinic acid a,c-diamide synthase	md:cbk_M00925	I	3018720	3020036	-
Clostridium botulinum B Eklund 17B (NRP)	cbk	CLL_A2904	hemL	glutamate-1-semialdehyde-2,1-aminomutase	md:cbk_M00926	I	2984069	2985352	-
Clostridium botulinum B Eklund 17B (NRP)	cbk	CLL_A2905	hemB	porphobilinogen synthase	md:cbk_M00926	I	2985404	2986369	-
Clostridium botulinum B Eklund 17B (NRP)	cbk	CLL_A2906	NA	uroporphyrinogen III synthase/methyltransferase	md:cbk_M00926	I	2986372	2987847	-
Clostridium botulinum B Eklund 17B (NRP)	cbk	CLL_A2907	hemC	hydroxymethylbilane synthase	md:cbk_M00926	I	2988062	2988934	-
Clostridium botulinum B Eklund 17B (NRP)	cbk	CLL_A2909	hemA	glutamyl-tRNA reductase	md:cbk_M00926	I	2989617	2990822	-
Clostridium botulinum B Eklund 17B (NRP)	cbk	CLL_A0198	NA	dTMP kinase	md:cbk_M00938	I	209394	210071	+
Clostridium botulinum B Eklund 17B (NRP)	cbk	CLL_A0284	NA	ribonucleoside-diphosphate reductase, alpha subunit	md:cbk_M00938	I	280291	282516	+
Clostridium botulinum B Eklund 17B (NRP)	cbk	CLL_A0285	NA	ribonucleoside-diphosphate reductase, beta subunit	md:cbk_M00938	I	282813	283847	+
Clostridium botulinum B Eklund 17B (NRP)	cbk	CLL_A0763	dut	deoxyuridine 5'-triphosphate nucleotidohydrolase	md:cbk_M00938	I	775314	775754	+
Clostridium botulinum B Eklund 17B (NRP)	cbk	CLL_A0992	NA	nucleoside diphosphate kinase	md:cbk_M00938	I	1002433	1002852	+
Clostridium botulinum B Eklund 17B (NRP)	cbk	CLL_A1347	NA	dTMP kinase	md:cbk_M00938	I	1383560	1384186	+
Clostridium botulinum B Eklund 17B (NRP)	cbk	CLL_A1349	thyA	thymidylate synthase	md:cbk_M00938	I	1385176	1386177	+
Clostridium botulinum B Eklund 17B (NRP)	cbk	CLL_A3448	thyA	thymidylate synthase	md:cbk_M00938	I	3645593	3646384	+
Clostridium botulinum B Eklund 17B (NRP)	cbk	CLL_A0358	NA	radical SAM domain protein	md:cbk_M00950	I	362999	364045	-
Clostridium botulinum B Eklund 17B (NRP)	cbk	CLL_A0721	bioB	biotin synthase	md:cbk_M00950	I	722782	723738	+
Clostridium botulinum B Eklund 17B (NRP)	cbk	CLL_A0722	bioD	dethiobiotin synthase	md:cbk_M00950	I	723741	724424	+
