Chlamydia trachomatis L2b/Ams4	ctls	L2BAMS4_00207	NA	diphosphate--fructose-6-phosphate 1-phosphotransferase	md:ctls_M00001	I	226876	228537	+
Chlamydia trachomatis L2b/Ams4	ctls	L2BAMS4_00219	NA	fructose-bisphosphate aldolase	md:ctls_M00001	I	240271	241317	+
Chlamydia trachomatis L2b/Ams4	ctls	L2BAMS4_00338	NA	triosephosphate isomerase	md:ctls_M00001	I	366262	367086	+
Chlamydia trachomatis L2b/Ams4	ctls	L2BAMS4_00343	NA	pyruvate kinase	md:ctls_M00001	I	371147	372604	+
Chlamydia trachomatis L2b/Ams4	ctls	L2BAMS4_00392	NA	glucose-6-phosphate isomerase	md:ctls_M00001	I	427546	429123	-
Chlamydia trachomatis L2b/Ams4	ctls	L2BAMS4_00532	NA	glyceraldehyde-3-phosphate dehydrogenase A	md:ctls_M00001	I	580009	581013	-
Chlamydia trachomatis L2b/Ams4	ctls	L2BAMS4_00615	NA	enolase	md:ctls_M00001	I	658756	660030	+
Chlamydia trachomatis L2b/Ams4	ctls	L2BAMS4_00732	NA	bifunctional phosphoglycerate kinase/triosephosphate isomerase	md:ctls_M00001	I	791892	793103	+
Chlamydia trachomatis L2b/Ams4	ctls	L2BAMS4_00762	NA	phosphoglyceromutase	md:ctls_M00001	I	830852	831532	-
Chlamydia trachomatis L2b/Ams4	ctls	L2BAMS4_00338	NA	triosephosphate isomerase	md:ctls_M00002	I	366262	367086	+
Chlamydia trachomatis L2b/Ams4	ctls	L2BAMS4_00343	NA	pyruvate kinase	md:ctls_M00002	I	371147	372604	+
Chlamydia trachomatis L2b/Ams4	ctls	L2BAMS4_00532	NA	glyceraldehyde-3-phosphate dehydrogenase A	md:ctls_M00002	I	580009	581013	-
Chlamydia trachomatis L2b/Ams4	ctls	L2BAMS4_00615	NA	enolase	md:ctls_M00002	I	658756	660030	+
Chlamydia trachomatis L2b/Ams4	ctls	L2BAMS4_00732	NA	bifunctional phosphoglycerate kinase/triosephosphate isomerase	md:ctls_M00002	I	791892	793103	+
Chlamydia trachomatis L2b/Ams4	ctls	L2BAMS4_00762	NA	phosphoglyceromutase	md:ctls_M00002	I	830852	831532	-
Chlamydia trachomatis L2b/Ams4	ctls	L2BAMS4_00219	NA	fructose-bisphosphate aldolase	md:ctls_M00003	I	240271	241317	+
Chlamydia trachomatis L2b/Ams4	ctls	L2BAMS4_00338	NA	triosephosphate isomerase	md:ctls_M00003	I	366262	367086	+
Chlamydia trachomatis L2b/Ams4	ctls	L2BAMS4_00532	NA	glyceraldehyde-3-phosphate dehydrogenase A	md:ctls_M00003	I	580009	581013	-
Chlamydia trachomatis L2b/Ams4	ctls	L2BAMS4_00615	NA	enolase	md:ctls_M00003	I	658756	660030	+
Chlamydia trachomatis L2b/Ams4	ctls	L2BAMS4_00732	NA	bifunctional phosphoglycerate kinase/triosephosphate isomerase	md:ctls_M00003	I	791892	793103	+
Chlamydia trachomatis L2b/Ams4	ctls	L2BAMS4_00750	NA	phosphoenolpyruvate carboxykinase	md:ctls_M00003	I	816406	818205	+
Chlamydia trachomatis L2b/Ams4	ctls	L2BAMS4_00762	NA	phosphoglyceromutase	md:ctls_M00003	I	830852	831532	-
Chlamydia trachomatis L2b/Ams4	ctls	L2BAMS4_00066	NA	6-phosphogluconate dehydrogenase	md:ctls_M00004	I	73854	75296	+
Chlamydia trachomatis L2b/Ams4	ctls	L2BAMS4_00123	NA	ribulose-phosphate 3-epimerase	md:ctls_M00004	I	138939	139625	+
Chlamydia trachomatis L2b/Ams4	ctls	L2BAMS4_00187	NA	glucose-6-phosphate 1-dehydrogenase	md:ctls_M00004	I	203391	204914	+
Chlamydia trachomatis L2b/Ams4	ctls	L2BAMS4_00188	NA	glucosamine-6-phosphate deaminase	md:ctls_M00004	I	204939	205709	+
Chlamydia trachomatis L2b/Ams4	ctls	L2BAMS4_00217	NA	ribose-5-phosphate isomerase A	md:ctls_M00004	I	237501	238229	-
Chlamydia trachomatis L2b/Ams4	ctls	L2BAMS4_00319	NA	transaldolase B	md:ctls_M00004	I	346216	347199	-
Chlamydia trachomatis L2b/Ams4	ctls	L2BAMS4_00392	NA	glucose-6-phosphate isomerase	md:ctls_M00004	I	427546	429123	-
Chlamydia trachomatis L2b/Ams4	ctls	L2BAMS4_00797	NA	transketolase	md:ctls_M00004	I	878454	880454	+
Chlamydia trachomatis L2b/Ams4	ctls	L2BAMS4_00066	NA	6-phosphogluconate dehydrogenase	md:ctls_M00006	I	73854	75296	+
Chlamydia trachomatis L2b/Ams4	ctls	L2BAMS4_00187	NA	glucose-6-phosphate 1-dehydrogenase	md:ctls_M00006	I	203391	204914	+
Chlamydia trachomatis L2b/Ams4	ctls	L2BAMS4_00188	NA	glucosamine-6-phosphate deaminase	md:ctls_M00006	I	204939	205709	+
Chlamydia trachomatis L2b/Ams4	ctls	L2BAMS4_00123	NA	ribulose-phosphate 3-epimerase	md:ctls_M00007	I	138939	139625	+
Chlamydia trachomatis L2b/Ams4	ctls	L2BAMS4_00217	NA	ribose-5-phosphate isomerase A	md:ctls_M00007	I	237501	238229	-
Chlamydia trachomatis L2b/Ams4	ctls	L2BAMS4_00319	NA	transaldolase B	md:ctls_M00007	I	346216	347199	-
Chlamydia trachomatis L2b/Ams4	ctls	L2BAMS4_00797	NA	transketolase	md:ctls_M00007	I	878454	880454	+
Chlamydia trachomatis L2b/Ams4	ctls	L2BAMS4_00187	NA	glucose-6-phosphate 1-dehydrogenase	md:ctls_M00008	I	203391	204914	+
Chlamydia trachomatis L2b/Ams4	ctls	L2BAMS4_00188	NA	glucosamine-6-phosphate deaminase	md:ctls_M00008	I	204939	205709	+
Chlamydia trachomatis L2b/Ams4	ctls	L2BAMS4_00056	NA	2-oxoglutarate dehydrogenase E1 component	md:ctls_M00009	I	61592	64303	+
Chlamydia trachomatis L2b/Ams4	ctls	L2BAMS4_00057	NA	dihydrolipoamide succinyltransferase	md:ctls_M00009	I	64307	65404	+
Chlamydia trachomatis L2b/Ams4	ctls	L2BAMS4_00390	NA	malate dehydrogenase	md:ctls_M00009	I	426121	427101	-
Chlamydia trachomatis L2b/Ams4	ctls	L2BAMS4_00415	NA	branched-chain alpha-keto acid dehydrogenase subunit E2	md:ctls_M00009	I	455372	456538	-
Chlamydia trachomatis L2b/Ams4	ctls	L2BAMS4_00585	NA	dihydrolipoamide dehydrogenase	md:ctls_M00009	I	625959	627356	+
Chlamydia trachomatis L2b/Ams4	ctls	L2BAMS4_00619	NA	succinate dehydrogenase iron-sulfur subunit	md:ctls_M00009	I	667018	667677	-
Chlamydia trachomatis L2b/Ams4	ctls	L2BAMS4_00620	NA	succinate dehydrogenase flavoprotein subunit	md:ctls_M00009	I	667795	669675	-
Chlamydia trachomatis L2b/Ams4	ctls	L2BAMS4_00621	NA	Succinate dehydrogenase/fumarate reductase, cytochrome b subunit	md:ctls_M00009	I	669672	670241	-
Chlamydia trachomatis L2b/Ams4	ctls	L2BAMS4_00874	NA	succinyl-CoA synthetase subunit beta	md:ctls_M00009	I	961811	962971	+
Chlamydia trachomatis L2b/Ams4	ctls	L2BAMS4_00875	NA	succinyl-CoA synthetase subunit alpha	md:ctls_M00009	I	962986	963861	+
Chlamydia trachomatis L2b/Ams4	ctls	L2BAMS4_00912	NA	fumarate hydratase	md:ctls_M00009	I	1002132	1002911	+
Chlamydia trachomatis L2b/Ams4	ctls	L2BAMS4_00056	NA	2-oxoglutarate dehydrogenase E1 component	md:ctls_M00011	I	61592	64303	+
Chlamydia trachomatis L2b/Ams4	ctls	L2BAMS4_00057	NA	dihydrolipoamide succinyltransferase	md:ctls_M00011	I	64307	65404	+
Chlamydia trachomatis L2b/Ams4	ctls	L2BAMS4_00390	NA	malate dehydrogenase	md:ctls_M00011	I	426121	427101	-
Chlamydia trachomatis L2b/Ams4	ctls	L2BAMS4_00415	NA	branched-chain alpha-keto acid dehydrogenase subunit E2	md:ctls_M00011	I	455372	456538	-
Chlamydia trachomatis L2b/Ams4	ctls	L2BAMS4_00585	NA	dihydrolipoamide dehydrogenase	md:ctls_M00011	I	625959	627356	+
Chlamydia trachomatis L2b/Ams4	ctls	L2BAMS4_00619	NA	succinate dehydrogenase iron-sulfur subunit	md:ctls_M00011	I	667018	667677	-
Chlamydia trachomatis L2b/Ams4	ctls	L2BAMS4_00620	NA	succinate dehydrogenase flavoprotein subunit	md:ctls_M00011	I	667795	669675	-
Chlamydia trachomatis L2b/Ams4	ctls	L2BAMS4_00621	NA	Succinate dehydrogenase/fumarate reductase, cytochrome b subunit	md:ctls_M00011	I	669672	670241	-
Chlamydia trachomatis L2b/Ams4	ctls	L2BAMS4_00874	NA	succinyl-CoA synthetase subunit beta	md:ctls_M00011	I	961811	962971	+
Chlamydia trachomatis L2b/Ams4	ctls	L2BAMS4_00875	NA	succinyl-CoA synthetase subunit alpha	md:ctls_M00011	I	962986	963861	+
Chlamydia trachomatis L2b/Ams4	ctls	L2BAMS4_00912	NA	fumarate hydratase	md:ctls_M00011	I	1002132	1002911	+
Chlamydia trachomatis L2b/Ams4	ctls	L2BAMS4_00390	NA	malate dehydrogenase	md:ctls_M00012	I	426121	427101	-
Chlamydia trachomatis L2b/Ams4	ctls	L2BAMS4_00375	NA	dihydrodipicolinate synthase	md:ctls_M00016	I	408998	409858	-
Chlamydia trachomatis L2b/Ams4	ctls	L2BAMS4_00376	NA	aspartate kinase	md:ctls_M00016	I	409868	411163	-
Chlamydia trachomatis L2b/Ams4	ctls	L2BAMS4_00377	NA	aspartate-semialdehyde dehydrogenase	md:ctls_M00016	I	411156	412160	-
Chlamydia trachomatis L2b/Ams4	ctls	L2BAMS4_00378	NA	dihydrodipicolinate reductase	md:ctls_M00016	I	412170	412931	-
Chlamydia trachomatis L2b/Ams4	ctls	L2BAMS4_00449	NA	diaminopimelate epimerase	md:ctls_M00016	I	496509	497336	-
Chlamydia trachomatis L2b/Ams4	ctls	L2BAMS4_00376	NA	aspartate kinase	md:ctls_M00017	I	409868	411163	-
Chlamydia trachomatis L2b/Ams4	ctls	L2BAMS4_00377	NA	aspartate-semialdehyde dehydrogenase	md:ctls_M00017	I	411156	412160	-
Chlamydia trachomatis L2b/Ams4	ctls	L2BAMS4_00376	NA	aspartate kinase	md:ctls_M00018	I	409868	411163	-
Chlamydia trachomatis L2b/Ams4	ctls	L2BAMS4_00377	NA	aspartate-semialdehyde dehydrogenase	md:ctls_M00018	I	411156	412160	-
Chlamydia trachomatis L2b/Ams4	ctls	L2BAMS4_00380	NA	3-phosphoshikimate 1-carboxyvinyltransferase	md:ctls_M00022	I	415005	416327	+
Chlamydia trachomatis L2b/Ams4	ctls	L2BAMS4_00381	NA	shikimate kinase	md:ctls_M00022	I	416269	416823	+
Chlamydia trachomatis L2b/Ams4	ctls	L2BAMS4_00382	NA	chorismate synthase	md:ctls_M00022	I	416816	417889	+
Chlamydia trachomatis L2b/Ams4	ctls	L2BAMS4_00383	NA	3-dehydroquinate synthase	md:ctls_M00022	I	417886	419007	+
Chlamydia trachomatis L2b/Ams4	ctls	L2BAMS4_00384	NA	bifunctional 3-dehydroquinate dehydratase/shikimate dehydrogenase protein	md:ctls_M00022	I	418988	420430	+
Chlamydia trachomatis L2b/Ams4	ctls	L2BAMS4_00396	NA	3-deoxy-7-phosphoheptulonate synthase	md:ctls_M00022	I	432263	433099	-
Chlamydia trachomatis L2b/Ams4	ctls	L2BAMS4_00171	NA	bifunctional phosphoribosylanthranilate isomerase/tryptophan synthase subunit beta	md:ctls_M00023	I	190398	191576	+
Chlamydia trachomatis L2b/Ams4	ctls	L2BAMS4_00172	NA	tryptophan synthase subunit alpha	md:ctls_M00023	I	191569	192330	+
Chlamydia trachomatis L2b/Ams4	ctls	L2BAMS4_00057	NA	dihydrolipoamide succinyltransferase	md:ctls_M00032	I	64307	65404	+
Chlamydia trachomatis L2b/Ams4	ctls	L2BAMS4_00415	NA	branched-chain alpha-keto acid dehydrogenase subunit E2	md:ctls_M00032	I	455372	456538	-
Chlamydia trachomatis L2b/Ams4	ctls	L2BAMS4_00585	NA	dihydrolipoamide dehydrogenase	md:ctls_M00032	I	625959	627356	+
Chlamydia trachomatis L2b/Ams4	ctls	L2BAMS4_00376	NA	aspartate kinase	md:ctls_M00033	I	409868	411163	-
Chlamydia trachomatis L2b/Ams4	ctls	L2BAMS4_00377	NA	aspartate-semialdehyde dehydrogenase	md:ctls_M00033	I	411156	412160	-
Chlamydia trachomatis L2b/Ams4	ctls	L2BAMS4_00058	NA	hypothetical protein	md:ctls_M00034	I	65433	66164	-
Chlamydia trachomatis L2b/Ams4	ctls	L2BAMS4_00352	NA	pyruvate dehydrogenase subunit beta	md:ctls_M00036	I	384426	386462	-
Chlamydia trachomatis L2b/Ams4	ctls	L2BAMS4_00585	NA	dihydrolipoamide dehydrogenase	md:ctls_M00036	I	625959	627356	+
Chlamydia trachomatis L2b/Ams4	ctls	L2BAMS4_00130	NA	adenylate kinase	md:ctls_M00049	I	144138	144875	-
Chlamydia trachomatis L2b/Ams4	ctls	L2BAMS4_00526	NA	mulitfunctional nucleoside diphosphate kinase/apyrimidinic endonuclease/3'-	md:ctls_M00049	I	576464	576889	-
Chlamydia trachomatis L2b/Ams4	ctls	L2BAMS4_00032	NA	guanylate kinase	md:ctls_M00050	I	34398	35015	+
Chlamydia trachomatis L2b/Ams4	ctls	L2BAMS4_00526	NA	mulitfunctional nucleoside diphosphate kinase/apyrimidinic endonuclease/3'-	md:ctls_M00050	I	576464	576889	-
Chlamydia trachomatis L2b/Ams4	ctls	L2BAMS4_00185	NA	CTP synthetase	md:ctls_M00052	I	201222	202841	+
Chlamydia trachomatis L2b/Ams4	ctls	L2BAMS4_00526	NA	mulitfunctional nucleoside diphosphate kinase/apyrimidinic endonuclease/3'-	md:ctls_M00052	I	576464	576889	-
Chlamydia trachomatis L2b/Ams4	ctls	L2BAMS4_00716	NA	uridylate kinase	md:ctls_M00052	I	773001	773735	-
Chlamydia trachomatis L2b/Ams4	ctls	L2BAMS4_00526	NA	mulitfunctional nucleoside diphosphate kinase/apyrimidinic endonuclease/3'-	md:ctls_M00053	I	576464	576889	-
Chlamydia trachomatis L2b/Ams4	ctls	L2BAMS4_00880	NA	ribonucleotide-diphosphate reductase subunit alpha	md:ctls_M00053	I	971346	974489	+
Chlamydia trachomatis L2b/Ams4	ctls	L2BAMS4_00881	NA	ribonucleotide-diphosphate reductase subunit beta	md:ctls_M00053	I	974527	975567	+
Chlamydia trachomatis L2b/Ams4	ctls	L2BAMS4_00011	NA	lipid A biosynthesis lauroyl acyltransferase	md:ctls_M00060	I	10391	11758	-
Chlamydia trachomatis L2b/Ams4	ctls	L2BAMS4_00212	NA	3-deoxy-D-manno-octulosonic-acid transferase	md:ctls_M00060	I	231268	232563	-
Chlamydia trachomatis L2b/Ams4	ctls	L2BAMS4_00249	NA	UDP-3-O-[3-hydroxymyristoyl] glucosamine N-acyltransferase	md:ctls_M00060	I	267893	268957	+
Chlamydia trachomatis L2b/Ams4	ctls	L2BAMS4_00417	NA	tetraacyldisaccharide 4'-kinase	md:ctls_M00060	I	458019	459128	-
Chlamydia trachomatis L2b/Ams4	ctls	L2BAMS4_00426	NA	lipid-A-disaccharide synthase	md:ctls_M00060	I	466285	468108	+
Chlamydia trachomatis L2b/Ams4	ctls	L2BAMS4_00558	NA	UDP-N-acetylglucosamine acyltransferase	md:ctls_M00060	I	595723	596565	-
Chlamydia trachomatis L2b/Ams4	ctls	L2BAMS4_00560	NA	UDP-3-O-[3-hydroxymyristoyl] N-acetylglucosamine deacetylase	md:ctls_M00060	I	597035	597895	-
Chlamydia trachomatis L2b/Ams4	ctls	L2BAMS4_00184	NA	3-deoxy-manno-octulosonate cytidylyltransferase	md:ctls_M00063	I	200482	201246	+
Chlamydia trachomatis L2b/Ams4	ctls	L2BAMS4_00414	NA	D-arabinose 5-phosphate isomerase	md:ctls_M00063	I	454354	455340	-
Chlamydia trachomatis L2b/Ams4	ctls	L2BAMS4_00689	NA	2-dehydro-3-deoxyphosphooctonate aldolase	md:ctls_M00063	I	748480	749289	-
Chlamydia trachomatis L2b/Ams4	ctls	L2BAMS4_00125	NA	acetyl-CoA carboxylase biotin carboxyl carrier protein subunit	md:ctls_M00082	I	140182	140676	+
Chlamydia trachomatis L2b/Ams4	ctls	L2BAMS4_00126	NA	acetyl-CoA carboxylase biotin carboxylase subunit	md:ctls_M00082	I	140680	142053	+
Chlamydia trachomatis L2b/Ams4	ctls	L2BAMS4_00244	NA	(acyl-carrier-protein) S-malonyltransferase	md:ctls_M00082	I	261859	262785	-
Chlamydia trachomatis L2b/Ams4	ctls	L2BAMS4_00245	NA	3-oxoacyl-(acyl carrier protein) synthase III	md:ctls_M00082	I	262802	263797	-
Chlamydia trachomatis L2b/Ams4	ctls	L2BAMS4_00271	NA	acetyl-CoA carboxylase carboxyltransferase subunit alpha	md:ctls_M00082	I	293210	294184	-
Chlamydia trachomatis L2b/Ams4	ctls	L2BAMS4_00299	NA	acetyl-CoA carboxylase subunit beta	md:ctls_M00082	I	323254	324180	-
Chlamydia trachomatis L2b/Ams4	ctls	L2BAMS4_00105	NA	enoyl-(acyl carrier protein) reductase	md:ctls_M00083	I	120026	120922	-
Chlamydia trachomatis L2b/Ams4	ctls	L2BAMS4_00243	NA	3-ketoacyl-(acyl-carrier-protein) reductase	md:ctls_M00083	I	261116	261862	-
Chlamydia trachomatis L2b/Ams4	ctls	L2BAMS4_00559	NA	(3R)-hydroxymyristoyl-ACP dehydratase	md:ctls_M00083	I	596577	597038	-
Chlamydia trachomatis L2b/Ams4	ctls	L2BAMS4_00818	NA	3-oxoacyl-(acyl carrier protein) synthase II	md:ctls_M00083	I	900980	902236	+
Chlamydia trachomatis L2b/Ams4	ctls	L2BAMS4_00473	NA	2-acyl-glycerophospho-ethanolamine acyltransferase	md:ctls_M00089	I	523909	524559	+
Chlamydia trachomatis L2b/Ams4	ctls	L2BAMS4_00823	NA	2-acyl-glycerophospho-ethanolamine acyltransferase	md:ctls_M00089	I	905975	906736	+
Chlamydia trachomatis L2b/Ams4	ctls	L2BAMS4_00857	NA	Acyltransferase	md:ctls_M00089	I	942479	943480	-
Chlamydia trachomatis L2b/Ams4	ctls	L2BAMS4_00471	NA	CDP-diglyceride synthase	md:ctls_M00093	I	522348	523265	+
Chlamydia trachomatis L2b/Ams4	ctls	L2BAMS4_00738	NA	phosphatidylserine decarboxylase	md:ctls_M00093	I	799083	799988	+
Chlamydia trachomatis L2b/Ams4	ctls	L2BAMS4_00879	NA	CDP-diacylglycerol-serine O-phosphatidyltransferase	md:ctls_M00093	I	969920	970711	-
Chlamydia trachomatis L2b/Ams4	ctls	L2BAMS4_00059	NA	4-hydroxy-3-methylbut-2-en-1-yl diphosphate synthase	md:ctls_M00096	I	66173	67981	-
Chlamydia trachomatis L2b/Ams4	ctls	L2BAMS4_00074	NA	1-deoxy-D-xylulose 5-phosphate reductoisomerase	md:ctls_M00096	I	84506	85645	+
Chlamydia trachomatis L2b/Ams4	ctls	L2BAMS4_00342	NA	1-deoxy-D-xylulose-5-phosphate synthase	md:ctls_M00096	I	369128	371050	+
Chlamydia trachomatis L2b/Ams4	ctls	L2BAMS4_00453	NA	2-C-methyl-D-erythritol 2,4-cyclodiphosphate synthase	md:ctls_M00096	I	500526	501062	+
Chlamydia trachomatis L2b/Ams4	ctls	L2BAMS4_00482	NA	2-C-methyl-D-erythritol 4-phosphate cytidylyltransferase	md:ctls_M00096	I	535032	535691	+
Chlamydia trachomatis L2b/Ams4	ctls	L2BAMS4_00853	NA	4-diphosphocytidyl-2-C-methyl-D-erythritol kinase	md:ctls_M00096	I	936857	937723	+
Chlamydia trachomatis L2b/Ams4	ctls	L2BAMS4_00916	NA	4-hydroxy-3-methylbut-2-enyl diphosphate reductase	md:ctls_M00096	I	1008726	1009649	+
Chlamydia trachomatis L2b/Ams4	ctls	L2BAMS4_00447	NA	ubiquinone/menaquinone biosynthesis methyltransferase	md:ctls_M00116	I	494780	495433	+
Chlamydia trachomatis L2b/Ams4	ctls	L2BAMS4_00223	NA	prenyltransferase	md:ctls_M00117	I	244683	245591	+
Chlamydia trachomatis L2b/Ams4	ctls	L2BAMS4_00224	NA	aromatic acid decarboxylase	md:ctls_M00117	I	245588	246166	+
Chlamydia trachomatis L2b/Ams4	ctls	L2BAMS4_00447	NA	ubiquinone/menaquinone biosynthesis methyltransferase	md:ctls_M00117	I	494780	495433	+
Chlamydia trachomatis L2b/Ams4	ctls	L2BAMS4_00517	NA	dephospho-CoA kinase	md:ctls_M00120	I	564963	565571	-
Chlamydia trachomatis L2b/Ams4	ctls	L2BAMS4_00054	NA	coproporphyrinogen III oxidase	md:ctls_M00121	I	59694	60824	-
Chlamydia trachomatis L2b/Ams4	ctls	L2BAMS4_00214	NA	glutamate-1-semialdehyde aminotransferase	md:ctls_M00121	I	235216	236484	+
Chlamydia trachomatis L2b/Ams4	ctls	L2BAMS4_00305	NA	porphobilinogen deaminase	md:ctls_M00121	I	329533	330258	+
Chlamydia trachomatis L2b/Ams4	ctls	L2BAMS4_00452	NA	uroporphyrinogen-III synthase	md:ctls_M00121	I	499752	500423	+
Chlamydia trachomatis L2b/Ams4	ctls	L2BAMS4_00465	NA	glutamyl-tRNA synthetase	md:ctls_M00121	I	511547	513067	-
Chlamydia trachomatis L2b/Ams4	ctls	L2BAMS4_00510	NA	ferrochelatase	md:ctls_M00121	I	558605	559549	-
Chlamydia trachomatis L2b/Ams4	ctls	L2BAMS4_00665	NA	delta-aminolevulinic acid dehydratase	md:ctls_M00121	I	717187	718203	+
Chlamydia trachomatis L2b/Ams4	ctls	L2BAMS4_00697	NA	glutamyl-tRNA reductase	md:ctls_M00121	I	755597	756640	+
Chlamydia trachomatis L2b/Ams4	ctls	L2BAMS4_00789	NA	protoporphyrinogen oxidase	md:ctls_M00121	I	863147	864421	-
Chlamydia trachomatis L2b/Ams4	ctls	L2BAMS4_00790	NA	coproporphyrinogen III oxidase	md:ctls_M00121	I	864418	865791	-
Chlamydia trachomatis L2b/Ams4	ctls	L2BAMS4_00791	NA	uroporphyrinogen decarboxylase	md:ctls_M00121	I	865764	866768	-
Chlamydia trachomatis L2b/Ams4	ctls	L2BAMS4_00825	NA	8-amino-7-oxononanoate synthase	md:ctls_M00123	I	908400	909533	+
Chlamydia trachomatis L2b/Ams4	ctls	L2BAMS4_00094	NA	bifunctional riboflavin kinase/FMN adenylyltransferase	md:ctls_M00125	I	108600	109523	-
Chlamydia trachomatis L2b/Ams4	ctls	L2BAMS4_00420	NA	riboflavin synthase subunit alpha	md:ctls_M00125	I	460915	461514	-
Chlamydia trachomatis L2b/Ams4	ctls	L2BAMS4_00770	NA	bifunctional diaminohydroxyphosphoribosylaminopyrimidine deaminase/5-amino-6-(5-phosphoribosylamino)uracil reductase	md:ctls_M00125	I	839128	840255	+
Chlamydia trachomatis L2b/Ams4	ctls	L2BAMS4_00771	NA	bifunctional 3,4-dihydroxy-2-butanone 4-phosphate synthase/GTP cyclohydrolase II protein	md:ctls_M00125	I	840365	841639	+
Chlamydia trachomatis L2b/Ams4	ctls	L2BAMS4_00772	NA	6,7-dimethyl-8-ribityllumazine synthase	md:ctls_M00125	I	841608	842081	+
Chlamydia trachomatis L2b/Ams4	ctls	L2BAMS4_00643	NA	dihydrofolate reductase	md:ctls_M00126	I	688725	689204	-
Chlamydia trachomatis L2b/Ams4	ctls	L2BAMS4_00644	NA	dihydropteroate synthase	md:ctls_M00126	I	689201	690553	-
Chlamydia trachomatis L2b/Ams4	ctls	L2BAMS4_00645	NA	D-erythro-7,8-dihydroneopterin triphosphate 2'-epimerase	md:ctls_M00126	I	690550	690918	-
Chlamydia trachomatis L2b/Ams4	ctls	L2BAMS4_00387	NA	pyruvoyl-dependent arginine decarboxylase	md:ctls_M00133	I	422795	423178	+
Chlamydia trachomatis L2b/Ams4	ctls	L2BAMS4_00081	NA	bifunctional 5,10-methylene-tetrahydrofolate dehydrogenase/5,10-methylene-tetrahydrofolate cyclohydrolase	md:ctls_M00140	I	92612	93475	-
Chlamydia trachomatis L2b/Ams4	ctls	L2BAMS4_00451	NA	serine hydroxymethyltransferase	md:ctls_M00140	I	497895	499388	-
Chlamydia trachomatis L2b/Ams4	ctls	L2BAMS4_00619	NA	succinate dehydrogenase iron-sulfur subunit	md:ctls_M00149	I	667018	667677	-
Chlamydia trachomatis L2b/Ams4	ctls	L2BAMS4_00620	NA	succinate dehydrogenase flavoprotein subunit	md:ctls_M00149	I	667795	669675	-
Chlamydia trachomatis L2b/Ams4	ctls	L2BAMS4_00621	NA	Succinate dehydrogenase/fumarate reductase, cytochrome b subunit	md:ctls_M00149	I	669672	670241	-
Chlamydia trachomatis L2b/Ams4	ctls	L2BAMS4_00014	NA	cytochrome bd-II oxidase subunit 1	md:ctls_M00153	I	14212	15552	+
Chlamydia trachomatis L2b/Ams4	ctls	L2BAMS4_00015	NA	cytochrome bd-II oxidase subunit 2	md:ctls_M00153	I	15564	16625	+
Chlamydia trachomatis L2b/Ams4	ctls	L2BAMS4_00310	NA	V-type ATP synthase subunit K	md:ctls_M00159	I	337254	337679	-
Chlamydia trachomatis L2b/Ams4	ctls	L2BAMS4_00311	NA	V-type ATP synthase subunit I	md:ctls_M00159	I	337741	339690	-
Chlamydia trachomatis L2b/Ams4	ctls	L2BAMS4_00312	NA	V-type ATP synthase subunit D	md:ctls_M00159	I	339696	340307	-
Chlamydia trachomatis L2b/Ams4	ctls	L2BAMS4_00313	NA	V-type ATP synthase subunit B	md:ctls_M00159	I	340292	341608	-
Chlamydia trachomatis L2b/Ams4	ctls	L2BAMS4_00314	NA	V-type ATP synthase subunit A	md:ctls_M00159	I	341611	343386	-
Chlamydia trachomatis L2b/Ams4	ctls	L2BAMS4_00316	NA	V-type ATP synthase subunit E	md:ctls_M00159	I	344347	344973	-
Chlamydia trachomatis L2b/Ams4	ctls	L2BAMS4_00217	NA	ribose-5-phosphate isomerase A	md:ctls_M00165	I	237501	238229	-
Chlamydia trachomatis L2b/Ams4	ctls	L2BAMS4_00532	NA	glyceraldehyde-3-phosphate dehydrogenase A	md:ctls_M00165	I	580009	581013	-
Chlamydia trachomatis L2b/Ams4	ctls	L2BAMS4_00732	NA	bifunctional phosphoglycerate kinase/triosephosphate isomerase	md:ctls_M00165	I	791892	793103	+
Chlamydia trachomatis L2b/Ams4	ctls	L2BAMS4_00797	NA	transketolase	md:ctls_M00165	I	878454	880454	+
Chlamydia trachomatis L2b/Ams4	ctls	L2BAMS4_00532	NA	glyceraldehyde-3-phosphate dehydrogenase A	md:ctls_M00166	I	580009	581013	-
Chlamydia trachomatis L2b/Ams4	ctls	L2BAMS4_00732	NA	bifunctional phosphoglycerate kinase/triosephosphate isomerase	md:ctls_M00166	I	791892	793103	+
Chlamydia trachomatis L2b/Ams4	ctls	L2BAMS4_00217	NA	ribose-5-phosphate isomerase A	md:ctls_M00167	I	237501	238229	-
Chlamydia trachomatis L2b/Ams4	ctls	L2BAMS4_00797	NA	transketolase	md:ctls_M00167	I	878454	880454	+
Chlamydia trachomatis L2b/Ams4	ctls	L2BAMS4_00390	NA	malate dehydrogenase	md:ctls_M00168	I	426121	427101	-
Chlamydia trachomatis L2b/Ams4	ctls	L2BAMS4_00390	NA	malate dehydrogenase	md:ctls_M00173	I	426121	427101	-
Chlamydia trachomatis L2b/Ams4	ctls	L2BAMS4_00619	NA	succinate dehydrogenase iron-sulfur subunit	md:ctls_M00173	I	667018	667677	-
Chlamydia trachomatis L2b/Ams4	ctls	L2BAMS4_00620	NA	succinate dehydrogenase flavoprotein subunit	md:ctls_M00173	I	667795	669675	-
Chlamydia trachomatis L2b/Ams4	ctls	L2BAMS4_00621	NA	Succinate dehydrogenase/fumarate reductase, cytochrome b subunit	md:ctls_M00173	I	669672	670241	-
Chlamydia trachomatis L2b/Ams4	ctls	L2BAMS4_00874	NA	succinyl-CoA synthetase subunit beta	md:ctls_M00173	I	961811	962971	+
Chlamydia trachomatis L2b/Ams4	ctls	L2BAMS4_00875	NA	succinyl-CoA synthetase subunit alpha	md:ctls_M00173	I	962986	963861	+
Chlamydia trachomatis L2b/Ams4	ctls	L2BAMS4_00912	NA	fumarate hydratase	md:ctls_M00173	I	1002132	1002911	+
Chlamydia trachomatis L2b/Ams4	ctls	L2BAMS4_00454	NA	sulfite reductase	md:ctls_M00176	I	501059	502111	-
Chlamydia trachomatis L2b/Ams4	ctls	L2BAMS4_00251	NA	hypothetical protein	md:ctls_M00307	I	270372	271394	+
Chlamydia trachomatis L2b/Ams4	ctls	L2BAMS4_00252	NA	pyruvate dehydrogenase subunit beta	md:ctls_M00307	I	271387	272373	+
Chlamydia trachomatis L2b/Ams4	ctls	L2BAMS4_00253	NA	branched-chain alpha-keto acid dehydrogenase subunit E2	md:ctls_M00307	I	272378	273667	+
Chlamydia trachomatis L2b/Ams4	ctls	L2BAMS4_00585	NA	dihydrolipoamide dehydrogenase	md:ctls_M00307	I	625959	627356	+
Chlamydia trachomatis L2b/Ams4	ctls	L2BAMS4_00532	NA	glyceraldehyde-3-phosphate dehydrogenase A	md:ctls_M00308	I	580009	581013	-
Chlamydia trachomatis L2b/Ams4	ctls	L2BAMS4_00732	NA	bifunctional phosphoglycerate kinase/triosephosphate isomerase	md:ctls_M00308	I	791892	793103	+
Chlamydia trachomatis L2b/Ams4	ctls	L2BAMS4_00207	NA	diphosphate--fructose-6-phosphate 1-phosphotransferase	md:ctls_M00345	I	226876	228537	+
Chlamydia trachomatis L2b/Ams4	ctls	L2BAMS4_00390	NA	malate dehydrogenase	md:ctls_M00346	I	426121	427101	-
Chlamydia trachomatis L2b/Ams4	ctls	L2BAMS4_00451	NA	serine hydroxymethyltransferase	md:ctls_M00346	I	497895	499388	-
Chlamydia trachomatis L2b/Ams4	ctls	L2BAMS4_00615	NA	enolase	md:ctls_M00346	I	658756	660030	+
Chlamydia trachomatis L2b/Ams4	ctls	L2BAMS4_00659	NA	geranyltranstransferase	md:ctls_M00364	I	712401	713276	-
Chlamydia trachomatis L2b/Ams4	ctls	L2BAMS4_00390	NA	malate dehydrogenase	md:ctls_M00374	I	426121	427101	-
Chlamydia trachomatis L2b/Ams4	ctls	L2BAMS4_00619	NA	succinate dehydrogenase iron-sulfur subunit	md:ctls_M00374	I	667018	667677	-
Chlamydia trachomatis L2b/Ams4	ctls	L2BAMS4_00620	NA	succinate dehydrogenase flavoprotein subunit	md:ctls_M00374	I	667795	669675	-
Chlamydia trachomatis L2b/Ams4	ctls	L2BAMS4_00621	NA	Succinate dehydrogenase/fumarate reductase, cytochrome b subunit	md:ctls_M00374	I	669672	670241	-
Chlamydia trachomatis L2b/Ams4	ctls	L2BAMS4_00874	NA	succinyl-CoA synthetase subunit beta	md:ctls_M00374	I	961811	962971	+
Chlamydia trachomatis L2b/Ams4	ctls	L2BAMS4_00875	NA	succinyl-CoA synthetase subunit alpha	md:ctls_M00374	I	962986	963861	+
Chlamydia trachomatis L2b/Ams4	ctls	L2BAMS4_00125	NA	acetyl-CoA carboxylase biotin carboxyl carrier protein subunit	md:ctls_M00376	I	140182	140676	+
Chlamydia trachomatis L2b/Ams4	ctls	L2BAMS4_00126	NA	acetyl-CoA carboxylase biotin carboxylase subunit	md:ctls_M00376	I	140680	142053	+
Chlamydia trachomatis L2b/Ams4	ctls	L2BAMS4_00271	NA	acetyl-CoA carboxylase carboxyltransferase subunit alpha	md:ctls_M00376	I	293210	294184	-
Chlamydia trachomatis L2b/Ams4	ctls	L2BAMS4_00299	NA	acetyl-CoA carboxylase subunit beta	md:ctls_M00376	I	323254	324180	-
Chlamydia trachomatis L2b/Ams4	ctls	L2BAMS4_00619	NA	succinate dehydrogenase iron-sulfur subunit	md:ctls_M00376	I	667018	667677	-
Chlamydia trachomatis L2b/Ams4	ctls	L2BAMS4_00620	NA	succinate dehydrogenase flavoprotein subunit	md:ctls_M00376	I	667795	669675	-
Chlamydia trachomatis L2b/Ams4	ctls	L2BAMS4_00621	NA	Succinate dehydrogenase/fumarate reductase, cytochrome b subunit	md:ctls_M00376	I	669672	670241	-
Chlamydia trachomatis L2b/Ams4	ctls	L2BAMS4_00912	NA	fumarate hydratase	md:ctls_M00376	I	1002132	1002911	+
Chlamydia trachomatis L2b/Ams4	ctls	L2BAMS4_00081	NA	bifunctional 5,10-methylene-tetrahydrofolate dehydrogenase/5,10-methylene-tetrahydrofolate cyclohydrolase	md:ctls_M00377	I	92612	93475	-
Chlamydia trachomatis L2b/Ams4	ctls	L2BAMS4_00375	NA	dihydrodipicolinate synthase	md:ctls_M00525	I	408998	409858	-
Chlamydia trachomatis L2b/Ams4	ctls	L2BAMS4_00376	NA	aspartate kinase	md:ctls_M00525	I	409868	411163	-
Chlamydia trachomatis L2b/Ams4	ctls	L2BAMS4_00377	NA	aspartate-semialdehyde dehydrogenase	md:ctls_M00525	I	411156	412160	-
Chlamydia trachomatis L2b/Ams4	ctls	L2BAMS4_00378	NA	dihydrodipicolinate reductase	md:ctls_M00525	I	412170	412931	-
Chlamydia trachomatis L2b/Ams4	ctls	L2BAMS4_00449	NA	diaminopimelate epimerase	md:ctls_M00525	I	496509	497336	-
Chlamydia trachomatis L2b/Ams4	ctls	L2BAMS4_00375	NA	dihydrodipicolinate synthase	md:ctls_M00526	I	408998	409858	-
Chlamydia trachomatis L2b/Ams4	ctls	L2BAMS4_00376	NA	aspartate kinase	md:ctls_M00526	I	409868	411163	-
Chlamydia trachomatis L2b/Ams4	ctls	L2BAMS4_00377	NA	aspartate-semialdehyde dehydrogenase	md:ctls_M00526	I	411156	412160	-
Chlamydia trachomatis L2b/Ams4	ctls	L2BAMS4_00378	NA	dihydrodipicolinate reductase	md:ctls_M00526	I	412170	412931	-
Chlamydia trachomatis L2b/Ams4	ctls	L2BAMS4_00375	NA	dihydrodipicolinate synthase	md:ctls_M00527	I	408998	409858	-
Chlamydia trachomatis L2b/Ams4	ctls	L2BAMS4_00376	NA	aspartate kinase	md:ctls_M00527	I	409868	411163	-
Chlamydia trachomatis L2b/Ams4	ctls	L2BAMS4_00377	NA	aspartate-semialdehyde dehydrogenase	md:ctls_M00527	I	411156	412160	-
Chlamydia trachomatis L2b/Ams4	ctls	L2BAMS4_00378	NA	dihydrodipicolinate reductase	md:ctls_M00527	I	412170	412931	-
Chlamydia trachomatis L2b/Ams4	ctls	L2BAMS4_00405	NA	L,L-diaminopimelate aminotransferase	md:ctls_M00527	I	441426	442610	+
Chlamydia trachomatis L2b/Ams4	ctls	L2BAMS4_00449	NA	diaminopimelate epimerase	md:ctls_M00527	I	496509	497336	-
Chlamydia trachomatis L2b/Ams4	ctls	L2BAMS4_00288	NA	glycine cleavage system protein H	md:ctls_M00532	I	309733	310086	-
Chlamydia trachomatis L2b/Ams4	ctls	L2BAMS4_00451	NA	serine hydroxymethyltransferase	md:ctls_M00532	I	497895	499388	-
Chlamydia trachomatis L2b/Ams4	ctls	L2BAMS4_00585	NA	dihydrolipoamide dehydrogenase	md:ctls_M00532	I	625959	627356	+
Chlamydia trachomatis L2b/Ams4	ctls	L2BAMS4_00091	NA	type III secretion system protein InvA	md:ctls_M00542	I	104026	106152	-
Chlamydia trachomatis L2b/Ams4	ctls	L2BAMS4_00092	NA	type III secretion system protein	md:ctls_M00542	I	106152	107234	-
Chlamydia trachomatis L2b/Ams4	ctls	L2BAMS4_00587	NA	flagellar MS-ring protein	md:ctls_M00542	I	628392	629369	+
Chlamydia trachomatis L2b/Ams4	ctls	L2BAMS4_00590	NA	type III secretion system protein	md:ctls_M00542	I	631166	632086	+
Chlamydia trachomatis L2b/Ams4	ctls	L2BAMS4_00591	NA	flagellar biosynthesis protein FliQ	md:ctls_M00542	I	632098	632382	+
Chlamydia trachomatis L2b/Ams4	ctls	L2BAMS4_00592	NA	flagellar biosynthesis protein FliR	md:ctls_M00542	I	632389	633258	+
Chlamydia trachomatis L2b/Ams4	ctls	L2BAMS4_00704	NA	type III secretion system ATPase	md:ctls_M00542	I	761987	763315	+
Chlamydia trachomatis L2b/Ams4	ctls	L2BAMS4_00709	NA	putative outer membrane porin HofQ	md:ctls_M00542	I	767434	770199	+
Chlamydia trachomatis L2b/Ams4	ctls	L2BAMS4_00532	NA	glyceraldehyde-3-phosphate dehydrogenase A	md:ctls_M00552	I	580009	581013	-
Chlamydia trachomatis L2b/Ams4	ctls	L2BAMS4_00732	NA	bifunctional phosphoglycerate kinase/triosephosphate isomerase	md:ctls_M00552	I	791892	793103	+
Chlamydia trachomatis L2b/Ams4	ctls	L2BAMS4_00044	NA	glycogen debranching enzyme	md:ctls_M00565	I	46492	48492	-
Chlamydia trachomatis L2b/Ams4	ctls	L2BAMS4_00514	NA	glucose-1-phosphate adenylyltransferase	md:ctls_M00565	I	561794	563119	-
Chlamydia trachomatis L2b/Ams4	ctls	L2BAMS4_00846	NA	glycogen synthase	md:ctls_M00565	I	932426	933850	-
Chlamydia trachomatis L2b/Ams4	ctls	L2BAMS4_00925	NA	glycogen branching enzyme	md:ctls_M00565	I	1017723	1019939	+
Chlamydia trachomatis L2b/Ams4	ctls	L2BAMS4_00105	NA	enoyl-(acyl carrier protein) reductase	md:ctls_M00572	I	120026	120922	-
Chlamydia trachomatis L2b/Ams4	ctls	L2BAMS4_00243	NA	3-ketoacyl-(acyl-carrier-protein) reductase	md:ctls_M00572	I	261116	261862	-
Chlamydia trachomatis L2b/Ams4	ctls	L2BAMS4_00559	NA	(3R)-hydroxymyristoyl-ACP dehydratase	md:ctls_M00572	I	596577	597038	-
Chlamydia trachomatis L2b/Ams4	ctls	L2BAMS4_00818	NA	3-oxoacyl-(acyl carrier protein) synthase II	md:ctls_M00572	I	900980	902236	+
Chlamydia trachomatis L2b/Ams4	ctls	L2BAMS4_00825	NA	8-amino-7-oxononanoate synthase	md:ctls_M00573	I	908400	909533	+
Chlamydia trachomatis L2b/Ams4	ctls	L2BAMS4_00825	NA	8-amino-7-oxononanoate synthase	md:ctls_M00577	I	908400	909533	+
Chlamydia trachomatis L2b/Ams4	ctls	L2BAMS4_00217	NA	ribose-5-phosphate isomerase A	md:ctls_M00580	I	237501	238229	-
Chlamydia trachomatis L2b/Ams4	ctls	L2BAMS4_00390	NA	malate dehydrogenase	md:ctls_M00620	I	426121	427101	-
Chlamydia trachomatis L2b/Ams4	ctls	L2BAMS4_00874	NA	succinyl-CoA synthetase subunit beta	md:ctls_M00620	I	961811	962971	+
Chlamydia trachomatis L2b/Ams4	ctls	L2BAMS4_00875	NA	succinyl-CoA synthetase subunit alpha	md:ctls_M00620	I	962986	963861	+
Chlamydia trachomatis L2b/Ams4	ctls	L2BAMS4_00091	NA	type III secretion system protein InvA	md:ctls_M00660	I	104026	106152	-
Chlamydia trachomatis L2b/Ams4	ctls	L2BAMS4_00092	NA	type III secretion system protein	md:ctls_M00660	I	106152	107234	-
Chlamydia trachomatis L2b/Ams4	ctls	L2BAMS4_00587	NA	flagellar MS-ring protein	md:ctls_M00660	I	628392	629369	+
Chlamydia trachomatis L2b/Ams4	ctls	L2BAMS4_00589	NA	type III secretion system protein	md:ctls_M00660	I	630482	631153	+
Chlamydia trachomatis L2b/Ams4	ctls	L2BAMS4_00590	NA	type III secretion system protein	md:ctls_M00660	I	631166	632086	+
Chlamydia trachomatis L2b/Ams4	ctls	L2BAMS4_00591	NA	flagellar biosynthesis protein FliQ	md:ctls_M00660	I	632098	632382	+
Chlamydia trachomatis L2b/Ams4	ctls	L2BAMS4_00592	NA	flagellar biosynthesis protein FliR	md:ctls_M00660	I	632389	633258	+
Chlamydia trachomatis L2b/Ams4	ctls	L2BAMS4_00704	NA	type III secretion system ATPase	md:ctls_M00660	I	761987	763315	+
Chlamydia trachomatis L2b/Ams4	ctls	L2BAMS4_00390	NA	malate dehydrogenase	md:ctls_M00740	I	426121	427101	-
Chlamydia trachomatis L2b/Ams4	ctls	L2BAMS4_00337	NA	N-(5'-phosphoribosyl)anthranilate isomerase	md:ctls_M00840	I	365440	366066	-
Chlamydia trachomatis L2b/Ams4	ctls	L2BAMS4_00642	NA	F420-0--gamma-glutamyl ligase	md:ctls_M00840	I	688022	688753	-
Chlamydia trachomatis L2b/Ams4	ctls	L2BAMS4_00643	NA	dihydrofolate reductase	md:ctls_M00840	I	688725	689204	-
Chlamydia trachomatis L2b/Ams4	ctls	L2BAMS4_00644	NA	dihydropteroate synthase	md:ctls_M00840	I	689201	690553	-
Chlamydia trachomatis L2b/Ams4	ctls	L2BAMS4_00645	NA	D-erythro-7,8-dihydroneopterin triphosphate 2'-epimerase	md:ctls_M00840	I	690550	690918	-
Chlamydia trachomatis L2b/Ams4	ctls	L2BAMS4_00771	NA	bifunctional 3,4-dihydroxy-2-butanone 4-phosphate synthase/GTP cyclohydrolase II protein	md:ctls_M00840	I	840365	841639	+
Chlamydia trachomatis L2b/Ams4	ctls	L2BAMS4_00644	NA	dihydropteroate synthase	md:ctls_M00841	I	689201	690553	-
Chlamydia trachomatis L2b/Ams4	ctls	L2BAMS4_00214	NA	glutamate-1-semialdehyde aminotransferase	md:ctls_M00846	I	235216	236484	+
Chlamydia trachomatis L2b/Ams4	ctls	L2BAMS4_00305	NA	porphobilinogen deaminase	md:ctls_M00846	I	329533	330258	+
Chlamydia trachomatis L2b/Ams4	ctls	L2BAMS4_00452	NA	uroporphyrinogen-III synthase	md:ctls_M00846	I	499752	500423	+
Chlamydia trachomatis L2b/Ams4	ctls	L2BAMS4_00665	NA	delta-aminolevulinic acid dehydratase	md:ctls_M00846	I	717187	718203	+
Chlamydia trachomatis L2b/Ams4	ctls	L2BAMS4_00697	NA	glutamyl-tRNA reductase	md:ctls_M00846	I	755597	756640	+
Chlamydia trachomatis L2b/Ams4	ctls	L2BAMS4_00224	NA	aromatic acid decarboxylase	md:ctls_M00849	I	245588	246166	+
Chlamydia trachomatis L2b/Ams4	ctls	L2BAMS4_00514	NA	glucose-1-phosphate adenylyltransferase	md:ctls_M00854	I	561794	563119	-
Chlamydia trachomatis L2b/Ams4	ctls	L2BAMS4_00846	NA	glycogen synthase	md:ctls_M00854	I	932426	933850	-
Chlamydia trachomatis L2b/Ams4	ctls	L2BAMS4_00925	NA	glycogen branching enzyme	md:ctls_M00854	I	1017723	1019939	+
Chlamydia trachomatis L2b/Ams4	ctls	L2BAMS4_00088	NA	4-alpha-glucanotransferase	md:ctls_M00855	I	100678	102261	-
Chlamydia trachomatis L2b/Ams4	ctls	L2BAMS4_00254	NA	glycogen phosphorylase	md:ctls_M00855	I	273694	276138	-
Chlamydia trachomatis L2b/Ams4	ctls	L2BAMS4_00011	NA	lipid A biosynthesis lauroyl acyltransferase	md:ctls_M00866	I	10391	11758	-
Chlamydia trachomatis L2b/Ams4	ctls	L2BAMS4_00212	NA	3-deoxy-D-manno-octulosonic-acid transferase	md:ctls_M00866	I	231268	232563	-
Chlamydia trachomatis L2b/Ams4	ctls	L2BAMS4_00249	NA	UDP-3-O-[3-hydroxymyristoyl] glucosamine N-acyltransferase	md:ctls_M00866	I	267893	268957	+
Chlamydia trachomatis L2b/Ams4	ctls	L2BAMS4_00417	NA	tetraacyldisaccharide 4'-kinase	md:ctls_M00866	I	458019	459128	-
Chlamydia trachomatis L2b/Ams4	ctls	L2BAMS4_00426	NA	lipid-A-disaccharide synthase	md:ctls_M00866	I	466285	468108	+
Chlamydia trachomatis L2b/Ams4	ctls	L2BAMS4_00558	NA	UDP-N-acetylglucosamine acyltransferase	md:ctls_M00866	I	595723	596565	-
Chlamydia trachomatis L2b/Ams4	ctls	L2BAMS4_00560	NA	UDP-3-O-[3-hydroxymyristoyl] N-acetylglucosamine deacetylase	md:ctls_M00866	I	597035	597895	-
Chlamydia trachomatis L2b/Ams4	ctls	L2BAMS4_00305	NA	porphobilinogen deaminase	md:ctls_M00868	I	329533	330258	+
Chlamydia trachomatis L2b/Ams4	ctls	L2BAMS4_00452	NA	uroporphyrinogen-III synthase	md:ctls_M00868	I	499752	500423	+
Chlamydia trachomatis L2b/Ams4	ctls	L2BAMS4_00510	NA	ferrochelatase	md:ctls_M00868	I	558605	559549	-
Chlamydia trachomatis L2b/Ams4	ctls	L2BAMS4_00665	NA	delta-aminolevulinic acid dehydratase	md:ctls_M00868	I	717187	718203	+
Chlamydia trachomatis L2b/Ams4	ctls	L2BAMS4_00789	NA	protoporphyrinogen oxidase	md:ctls_M00868	I	863147	864421	-
Chlamydia trachomatis L2b/Ams4	ctls	L2BAMS4_00791	NA	uroporphyrinogen decarboxylase	md:ctls_M00868	I	865764	866768	-
Chlamydia trachomatis L2b/Ams4	ctls	L2BAMS4_00244	NA	(acyl-carrier-protein) S-malonyltransferase	md:ctls_M00873	I	261859	262785	-
Chlamydia trachomatis L2b/Ams4	ctls	L2BAMS4_00818	NA	3-oxoacyl-(acyl carrier protein) synthase II	md:ctls_M00873	I	900980	902236	+
Chlamydia trachomatis L2b/Ams4	ctls	L2BAMS4_00243	NA	3-ketoacyl-(acyl-carrier-protein) reductase	md:ctls_M00874	I	261116	261862	-
Chlamydia trachomatis L2b/Ams4	ctls	L2BAMS4_00244	NA	(acyl-carrier-protein) S-malonyltransferase	md:ctls_M00874	I	261859	262785	-
Chlamydia trachomatis L2b/Ams4	ctls	L2BAMS4_00818	NA	3-oxoacyl-(acyl carrier protein) synthase II	md:ctls_M00874	I	900980	902236	+
Chlamydia trachomatis L2b/Ams4	ctls	L2BAMS4_00586	NA	lipoyl synthase	md:ctls_M00881	I	627353	628288	+
Chlamydia trachomatis L2b/Ams4	ctls	L2BAMS4_00586	NA	lipoyl synthase	md:ctls_M00882	I	627353	628288	+
Chlamydia trachomatis L2b/Ams4	ctls	L2BAMS4_00586	NA	lipoyl synthase	md:ctls_M00883	I	627353	628288	+
Chlamydia trachomatis L2b/Ams4	ctls	L2BAMS4_00586	NA	lipoyl synthase	md:ctls_M00884	I	627353	628288	+
Chlamydia trachomatis L2b/Ams4	ctls	L2BAMS4_00392	NA	glucose-6-phosphate isomerase	md:ctls_M00909	I	427546	429123	-
Chlamydia trachomatis L2b/Ams4	ctls	L2BAMS4_00867	NA	phosphoglucosamine mutase	md:ctls_M00909	I	954149	955525	+
Chlamydia trachomatis L2b/Ams4	ctls	L2BAMS4_00868	NA	glucosamine--fructose-6-phosphate aminotransferase	md:ctls_M00909	I	955536	957356	+
Chlamydia trachomatis L2b/Ams4	ctls	L2BAMS4_00420	NA	riboflavin synthase subunit alpha	md:ctls_M00911	I	460915	461514	-
Chlamydia trachomatis L2b/Ams4	ctls	L2BAMS4_00772	NA	6,7-dimethyl-8-ribityllumazine synthase	md:ctls_M00911	I	841608	842081	+
Chlamydia trachomatis L2b/Ams4	ctls	L2BAMS4_00214	NA	glutamate-1-semialdehyde aminotransferase	md:ctls_M00926	I	235216	236484	+
Chlamydia trachomatis L2b/Ams4	ctls	L2BAMS4_00305	NA	porphobilinogen deaminase	md:ctls_M00926	I	329533	330258	+
Chlamydia trachomatis L2b/Ams4	ctls	L2BAMS4_00452	NA	uroporphyrinogen-III synthase	md:ctls_M00926	I	499752	500423	+
Chlamydia trachomatis L2b/Ams4	ctls	L2BAMS4_00510	NA	ferrochelatase	md:ctls_M00926	I	558605	559549	-
Chlamydia trachomatis L2b/Ams4	ctls	L2BAMS4_00665	NA	delta-aminolevulinic acid dehydratase	md:ctls_M00926	I	717187	718203	+
Chlamydia trachomatis L2b/Ams4	ctls	L2BAMS4_00697	NA	glutamyl-tRNA reductase	md:ctls_M00926	I	755597	756640	+
Chlamydia trachomatis L2b/Ams4	ctls	L2BAMS4_00789	NA	protoporphyrinogen oxidase	md:ctls_M00926	I	863147	864421	-
Chlamydia trachomatis L2b/Ams4	ctls	L2BAMS4_00791	NA	uroporphyrinogen decarboxylase	md:ctls_M00926	I	865764	866768	-
Chlamydia trachomatis L2b/Ams4	ctls	L2BAMS4_00445	NA	hypothetical protein	md:ctls_M00930	I	492905	494014	+
Chlamydia trachomatis L2b/Ams4	ctls	L2BAMS4_00815	NA	hypothetical protein	md:ctls_M00930	I	897332	898384	-
Chlamydia trachomatis L2b/Ams4	ctls	L2BAMS4_00445	NA	hypothetical protein	md:ctls_M00931	I	492905	494014	+
Chlamydia trachomatis L2b/Ams4	ctls	L2BAMS4_00815	NA	hypothetical protein	md:ctls_M00931	I	897332	898384	-
Chlamydia trachomatis L2b/Ams4	ctls	L2BAMS4_00190	NA	thymidylate kinase	md:ctls_M00938	I	206592	207203	-
Chlamydia trachomatis L2b/Ams4	ctls	L2BAMS4_00298	NA	deoxyuridine 5'-triphosphate nucleotidohydrolase	md:ctls_M00938	I	322780	323217	-
Chlamydia trachomatis L2b/Ams4	ctls	L2BAMS4_00526	NA	mulitfunctional nucleoside diphosphate kinase/apyrimidinic endonuclease/3'-	md:ctls_M00938	I	576464	576889	-
Chlamydia trachomatis L2b/Ams4	ctls	L2BAMS4_00880	NA	ribonucleotide-diphosphate reductase subunit alpha	md:ctls_M00938	I	971346	974489	+
Chlamydia trachomatis L2b/Ams4	ctls	L2BAMS4_00881	NA	ribonucleotide-diphosphate reductase subunit beta	md:ctls_M00938	I	974527	975567	+
Chlamydia trachomatis L2b/Ams4	ctls	L2BAMS4_00825	NA	8-amino-7-oxononanoate synthase	md:ctls_M00950	I	908400	909533	+
