Bacillus velezensis FZB42	bay	RBAM_023170	NA	ROK family glucokinase	md:bay_M00001	I	2441502	2442464	-
Bacillus velezensis FZB42	bay	RBAM_026060	NA	glyceraldehyde-3-phosphate dehydrogenase	md:bay_M00001	I	2729688	2730710	-
Bacillus velezensis FZB42	bay	RBAM_026230	pyk	pyruvate kinase	md:bay_M00001	I	2748725	2750482	-
Bacillus velezensis FZB42	bay	RBAM_026240	NA	ATP-dependent 6-phosphofructokinase	md:bay_M00001	I	2750522	2751481	-
Bacillus velezensis FZB42	bay	RBAM_028430	NA	glucose-6-phosphate isomerase	md:bay_M00001	I	2962220	2963572	-
Bacillus velezensis FZB42	bay	RBAM_031260	eno	phosphopyruvate hydratase	md:bay_M00001	I	3238429	3239721	-
Bacillus velezensis FZB42	bay	RBAM_031270	gpmI	2,3-bisphosphoglycerate-independent phosphoglycerate mutase	md:bay_M00001	I	3239749	3241284	-
Bacillus velezensis FZB42	bay	RBAM_031280	NA	triose-phosphate isomerase	md:bay_M00001	I	3241277	3242038	-
Bacillus velezensis FZB42	bay	RBAM_031290	NA	phosphoglycerate kinase	md:bay_M00001	I	3242064	3243248	-
Bacillus velezensis FZB42	bay	RBAM_031300	gap	type I glyceraldehyde-3-phosphate dehydrogenase	md:bay_M00001	I	3243570	3244577	-
Bacillus velezensis FZB42	bay	RBAM_034280	NA	fructose-bisphosphate aldolase	md:bay_M00001	I	3536761	3537618	-
Bacillus velezensis FZB42	bay	RBAM_026060	NA	glyceraldehyde-3-phosphate dehydrogenase	md:bay_M00002	I	2729688	2730710	-
Bacillus velezensis FZB42	bay	RBAM_026230	pyk	pyruvate kinase	md:bay_M00002	I	2748725	2750482	-
Bacillus velezensis FZB42	bay	RBAM_031260	eno	phosphopyruvate hydratase	md:bay_M00002	I	3238429	3239721	-
Bacillus velezensis FZB42	bay	RBAM_031270	gpmI	2,3-bisphosphoglycerate-independent phosphoglycerate mutase	md:bay_M00002	I	3239749	3241284	-
Bacillus velezensis FZB42	bay	RBAM_031280	NA	triose-phosphate isomerase	md:bay_M00002	I	3241277	3242038	-
Bacillus velezensis FZB42	bay	RBAM_031290	NA	phosphoglycerate kinase	md:bay_M00002	I	3242064	3243248	-
Bacillus velezensis FZB42	bay	RBAM_031300	gap	type I glyceraldehyde-3-phosphate dehydrogenase	md:bay_M00002	I	3243570	3244577	-
Bacillus velezensis FZB42	bay	RBAM_026060	NA	glyceraldehyde-3-phosphate dehydrogenase	md:bay_M00003	I	2729688	2730710	-
Bacillus velezensis FZB42	bay	RBAM_027580	pckA	phosphoenolpyruvate carboxykinase (ATP)	md:bay_M00003	I	2898725	2900308	+
Bacillus velezensis FZB42	bay	RBAM_031260	eno	phosphopyruvate hydratase	md:bay_M00003	I	3238429	3239721	-
Bacillus velezensis FZB42	bay	RBAM_031270	gpmI	2,3-bisphosphoglycerate-independent phosphoglycerate mutase	md:bay_M00003	I	3239749	3241284	-
Bacillus velezensis FZB42	bay	RBAM_031280	NA	triose-phosphate isomerase	md:bay_M00003	I	3241277	3242038	-
Bacillus velezensis FZB42	bay	RBAM_031290	NA	phosphoglycerate kinase	md:bay_M00003	I	3242064	3243248	-
Bacillus velezensis FZB42	bay	RBAM_031300	gap	type I glyceraldehyde-3-phosphate dehydrogenase	md:bay_M00003	I	3243570	3244577	-
Bacillus velezensis FZB42	bay	RBAM_034250	glpX	class II fructose-bisphosphatase	md:bay_M00003	I	3533406	3534371	-
Bacillus velezensis FZB42	bay	RBAM_034280	NA	fructose-bisphosphate aldolase	md:bay_M00003	I	3536761	3537618	-
Bacillus velezensis FZB42	bay	RBAM_037000	NA	fructose-1,6-bisphosphatase	md:bay_M00003	I	3809408	3811333	+
Bacillus velezensis FZB42	bay	RBAM_012860	NA	lactonase family protein	md:bay_M00004	I	1250153	1251202	-
Bacillus velezensis FZB42	bay	RBAM_015620	NA	ribulose-phosphate 3-epimerase	md:bay_M00004	I	1569084	1569734	+
Bacillus velezensis FZB42	bay	RBAM_017690	tkt	transketolase	md:bay_M00004	I	1830052	1832055	+
Bacillus velezensis FZB42	bay	RBAM_022160	NA	glucose-6-phosphate dehydrogenase	md:bay_M00004	I	2352673	2354142	+
Bacillus velezensis FZB42	bay	RBAM_022170	gndA	NADP-dependent phosphogluconate dehydrogenase	md:bay_M00004	I	2354232	2355641	-
Bacillus velezensis FZB42	bay	RBAM_028430	NA	glucose-6-phosphate isomerase	md:bay_M00004	I	2962220	2963572	-
Bacillus velezensis FZB42	bay	RBAM_034080	rpiB	ribose 5-phosphate isomerase B	md:bay_M00004	I	3519564	3520013	-
Bacillus velezensis FZB42	bay	RBAM_034270	fsa	fructose-6-phosphate aldolase	md:bay_M00004	I	3536004	3536642	-
Bacillus velezensis FZB42	bay	RBAM_000600	NA	ribose-phosphate diphosphokinase	md:bay_M00005	I	58495	59448	+
Bacillus velezensis FZB42	bay	RBAM_012860	NA	lactonase family protein	md:bay_M00006	I	1250153	1251202	-
Bacillus velezensis FZB42	bay	RBAM_022160	NA	glucose-6-phosphate dehydrogenase	md:bay_M00006	I	2352673	2354142	+
Bacillus velezensis FZB42	bay	RBAM_022170	gndA	NADP-dependent phosphogluconate dehydrogenase	md:bay_M00006	I	2354232	2355641	-
Bacillus velezensis FZB42	bay	RBAM_015620	NA	ribulose-phosphate 3-epimerase	md:bay_M00007	I	1569084	1569734	+
Bacillus velezensis FZB42	bay	RBAM_017690	tkt	transketolase	md:bay_M00007	I	1830052	1832055	+
Bacillus velezensis FZB42	bay	RBAM_034080	rpiB	ribose 5-phosphate isomerase B	md:bay_M00007	I	3519564	3520013	-
Bacillus velezensis FZB42	bay	RBAM_034270	fsa	fructose-6-phosphate aldolase	md:bay_M00007	I	3536004	3536642	-
Bacillus velezensis FZB42	bay	RBAM_012860	NA	lactonase family protein	md:bay_M00008	I	1250153	1251202	-
Bacillus velezensis FZB42	bay	RBAM_017970	eda	bifunctional 4-hydroxy-2-oxoglutarate aldolase/2-dehydro-3-deoxy-phosphogluconate aldolase	md:bay_M00008	I	1852577	1853212	+
Bacillus velezensis FZB42	bay	RBAM_022160	NA	glucose-6-phosphate dehydrogenase	md:bay_M00008	I	2352673	2354142	+
Bacillus velezensis FZB42	bay	RBAM_008330	lpdA	dihydrolipoyl dehydrogenase	md:bay_M00009	I	823246	824625	+
Bacillus velezensis FZB42	bay	RBAM_009700	NA	citrate synthase/methylcitrate synthase	md:bay_M00009	I	949504	950607	+
Bacillus velezensis FZB42	bay	RBAM_014450	lpdA	dihydrolipoyl dehydrogenase	md:bay_M00009	I	1449121	1450533	+
Bacillus velezensis FZB42	bay	RBAM_015920	sucC	ADP-forming succinate--CoA ligase subunit beta	md:bay_M00009	I	1595716	1596873	+
Bacillus velezensis FZB42	bay	RBAM_015930	sucD	succinate--CoA ligase subunit alpha	md:bay_M00009	I	1596902	1597804	+
Bacillus velezensis FZB42	bay	RBAM_017800	acnA	aconitate hydratase AcnA	md:bay_M00009	I	1836841	1839567	+
Bacillus velezensis FZB42	bay	RBAM_019120	odhB	2-oxoglutarate dehydrogenase complex dihydrolipoyllysine-residue succinyltransferase	md:bay_M00009	I	2030352	2031599	-
Bacillus velezensis FZB42	bay	RBAM_019130	sucA	2-oxoglutarate dehydrogenase E1 component	md:bay_M00009	I	2031615	2034449	-
Bacillus velezensis FZB42	bay	RBAM_022340	lpdA	dihydrolipoyl dehydrogenase	md:bay_M00009	I	2370538	2371959	-
Bacillus velezensis FZB42	bay	RBAM_022420	mmgD	citrate synthase	md:bay_M00009	I	2380077	2381174	-
Bacillus velezensis FZB42	bay	RBAM_025500	sdhB	succinate dehydrogenase iron-sulfur subunit	md:bay_M00009	I	2668991	2669749	-
Bacillus velezensis FZB42	bay	RBAM_025510	sdhA	succinate dehydrogenase flavoprotein subunit	md:bay_M00009	I	2669752	2671512	-
Bacillus velezensis FZB42	bay	RBAM_025520	sdhC	succinate dehydrogenase cytochrome B558	md:bay_M00009	I	2671546	2672154	-
Bacillus velezensis FZB42	bay	RBAM_026160	mdh	malate dehydrogenase	md:bay_M00009	I	2741414	2742352	-
Bacillus velezensis FZB42	bay	RBAM_026170	NA	NADP-dependent isocitrate dehydrogenase	md:bay_M00009	I	2742398	2743669	-
Bacillus velezensis FZB42	bay	RBAM_026180	citZ	citrate synthase	md:bay_M00009	I	2743830	2744948	-
Bacillus velezensis FZB42	bay	RBAM_030160	fumC	class II fumarate hydratase	md:bay_M00009	I	3131045	3132433	-
Bacillus velezensis FZB42	bay	RBAM_009700	NA	citrate synthase/methylcitrate synthase	md:bay_M00010	I	949504	950607	+
Bacillus velezensis FZB42	bay	RBAM_017800	acnA	aconitate hydratase AcnA	md:bay_M00010	I	1836841	1839567	+
Bacillus velezensis FZB42	bay	RBAM_022420	mmgD	citrate synthase	md:bay_M00010	I	2380077	2381174	-
Bacillus velezensis FZB42	bay	RBAM_026170	NA	NADP-dependent isocitrate dehydrogenase	md:bay_M00010	I	2742398	2743669	-
Bacillus velezensis FZB42	bay	RBAM_026180	citZ	citrate synthase	md:bay_M00010	I	2743830	2744948	-
Bacillus velezensis FZB42	bay	RBAM_008330	lpdA	dihydrolipoyl dehydrogenase	md:bay_M00011	I	823246	824625	+
Bacillus velezensis FZB42	bay	RBAM_014450	lpdA	dihydrolipoyl dehydrogenase	md:bay_M00011	I	1449121	1450533	+
Bacillus velezensis FZB42	bay	RBAM_015920	sucC	ADP-forming succinate--CoA ligase subunit beta	md:bay_M00011	I	1595716	1596873	+
Bacillus velezensis FZB42	bay	RBAM_015930	sucD	succinate--CoA ligase subunit alpha	md:bay_M00011	I	1596902	1597804	+
Bacillus velezensis FZB42	bay	RBAM_019120	odhB	2-oxoglutarate dehydrogenase complex dihydrolipoyllysine-residue succinyltransferase	md:bay_M00011	I	2030352	2031599	-
Bacillus velezensis FZB42	bay	RBAM_019130	sucA	2-oxoglutarate dehydrogenase E1 component	md:bay_M00011	I	2031615	2034449	-
Bacillus velezensis FZB42	bay	RBAM_022340	lpdA	dihydrolipoyl dehydrogenase	md:bay_M00011	I	2370538	2371959	-
Bacillus velezensis FZB42	bay	RBAM_025500	sdhB	succinate dehydrogenase iron-sulfur subunit	md:bay_M00011	I	2668991	2669749	-
Bacillus velezensis FZB42	bay	RBAM_025510	sdhA	succinate dehydrogenase flavoprotein subunit	md:bay_M00011	I	2669752	2671512	-
Bacillus velezensis FZB42	bay	RBAM_025520	sdhC	succinate dehydrogenase cytochrome B558	md:bay_M00011	I	2671546	2672154	-
Bacillus velezensis FZB42	bay	RBAM_026160	mdh	malate dehydrogenase	md:bay_M00011	I	2741414	2742352	-
Bacillus velezensis FZB42	bay	RBAM_030160	fumC	class II fumarate hydratase	md:bay_M00011	I	3131045	3132433	-
Bacillus velezensis FZB42	bay	RBAM_009700	NA	citrate synthase/methylcitrate synthase	md:bay_M00012	I	949504	950607	+
Bacillus velezensis FZB42	bay	RBAM_017800	acnA	aconitate hydratase AcnA	md:bay_M00012	I	1836841	1839567	+
Bacillus velezensis FZB42	bay	RBAM_022420	mmgD	citrate synthase	md:bay_M00012	I	2380077	2381174	-
Bacillus velezensis FZB42	bay	RBAM_026160	mdh	malate dehydrogenase	md:bay_M00012	I	2741414	2742352	-
Bacillus velezensis FZB42	bay	RBAM_026180	citZ	citrate synthase	md:bay_M00012	I	2743830	2744948	-
Bacillus velezensis FZB42	bay	RBAM_036780	NA	CoA-acylating methylmalonate-semialdehyde dehydrogenase	md:bay_M00013	I	3784649	3786112	-
Bacillus velezensis FZB42	bay	RBAM_006540	NA	NAD(P)-dependent alcohol dehydrogenase	md:bay_M00014	I	628688	629749	+
Bacillus velezensis FZB42	bay	RBAM_017360	xylB	xylulokinase	md:bay_M00014	I	1802923	1804422	+
Bacillus velezensis FZB42	bay	RBAM_032730	NA	UDP-glucose/GDP-mannose dehydrogenase family protein	md:bay_M00014	I	3389379	3390719	-
Bacillus velezensis FZB42	bay	RBAM_033450	NA	UDP-glucose/GDP-mannose dehydrogenase family protein	md:bay_M00014	I	3462145	3463470	-
Bacillus velezensis FZB42	bay	RBAM_012930	NA	glutamate 5-kinase	md:bay_M00015	I	1255673	1256785	+
Bacillus velezensis FZB42	bay	RBAM_012940	proA	glutamate-5-semialdehyde dehydrogenase	md:bay_M00015	I	1256782	1258029	+
Bacillus velezensis FZB42	bay	RBAM_018640	proB	glutamate 5-kinase	md:bay_M00015	I	1989042	1990160	-
Bacillus velezensis FZB42	bay	RBAM_018650	proC	pyrroline-5-carboxylate reductase	md:bay_M00015	I	1990185	1991033	-
Bacillus velezensis FZB42	bay	RBAM_021930	proC	pyrroline-5-carboxylate reductase	md:bay_M00015	I	2275871	2276710	+
Bacillus velezensis FZB42	bay	RBAM_004040	NA	aspartate kinase	md:bay_M00016	I	401813	403177	-
Bacillus velezensis FZB42	bay	RBAM_005640	NA	dihydrodipicolinate synthase family protein	md:bay_M00016	I	542506	543300	+
Bacillus velezensis FZB42	bay	RBAM_011220	NA	acetylornithine transaminase	md:bay_M00016	I	1099000	1100157	+
Bacillus velezensis FZB42	bay	RBAM_016590	asd	aspartate-semialdehyde dehydrogenase	md:bay_M00016	I	1660953	1661993	+
Bacillus velezensis FZB42	bay	RBAM_016600	dapG	aspartate kinase	md:bay_M00016	I	1662081	1663295	+
Bacillus velezensis FZB42	bay	RBAM_016610	dapA	4-hydroxy-tetrahydrodipicolinate synthase	md:bay_M00016	I	1663326	1664195	+
Bacillus velezensis FZB42	bay	RBAM_020640	NA	4-hydroxy-tetrahydrodipicolinate reductase	md:bay_M00016	I	2164696	2165499	-
Bacillus velezensis FZB42	bay	RBAM_021480	lysA	diaminopimelate decarboxylase	md:bay_M00016	I	2240002	2241321	-
Bacillus velezensis FZB42	bay	RBAM_025540	NA	aspartate kinase	md:bay_M00016	I	2672944	2674173	-
Bacillus velezensis FZB42	bay	RBAM_027080	pepV	dipeptidase PepV	md:bay_M00016	I	2832486	2833877	-
Bacillus velezensis FZB42	bay	RBAM_029280	NA	diaminopimelate epimerase	md:bay_M00016	I	3051201	3052055	-
Bacillus velezensis FZB42	bay	RBAM_004040	NA	aspartate kinase	md:bay_M00017	I	401813	403177	-
Bacillus velezensis FZB42	bay	RBAM_011020	NA	bifunctional homocysteine S-methyltransferase/methylenetetrahydrofolate reductase	md:bay_M00017	I	1080049	1081890	-
Bacillus velezensis FZB42	bay	RBAM_011930	NA	methionine biosynthesis PLP-dependent protein	md:bay_M00017	I	1161707	1162828	+
Bacillus velezensis FZB42	bay	RBAM_011940	metC	cystathionine beta-lyase	md:bay_M00017	I	1162821	1163996	+
Bacillus velezensis FZB42	bay	RBAM_013040	metE	5-methyltetrahydropteroyltriglutamate--homocysteine S-methyltransferase	md:bay_M00017	I	1265303	1267591	-
Bacillus velezensis FZB42	bay	RBAM_016590	asd	aspartate-semialdehyde dehydrogenase	md:bay_M00017	I	1660953	1661993	+
Bacillus velezensis FZB42	bay	RBAM_016600	dapG	aspartate kinase	md:bay_M00017	I	1662081	1663295	+
Bacillus velezensis FZB42	bay	RBAM_020050	metA	homoserine O-succinyltransferase	md:bay_M00017	I	2111047	2111952	+
Bacillus velezensis FZB42	bay	RBAM_025540	NA	aspartate kinase	md:bay_M00017	I	2672944	2674173	-
Bacillus velezensis FZB42	bay	RBAM_028540	NA	pyridoxal phosphate-dependent aminotransferase	md:bay_M00017	I	2972144	2973307	+
Bacillus velezensis FZB42	bay	RBAM_029370	NA	homoserine dehydrogenase	md:bay_M00017	I	3059984	3061285	-
Bacillus velezensis FZB42	bay	RBAM_036120	NA	5-methyltetrahydropteroyltriglutamate--homocysteine S-methyltransferase	md:bay_M00017	I	3717188	3718324	+
Bacillus velezensis FZB42	bay	RBAM_004040	NA	aspartate kinase	md:bay_M00018	I	401813	403177	-
Bacillus velezensis FZB42	bay	RBAM_016590	asd	aspartate-semialdehyde dehydrogenase	md:bay_M00018	I	1660953	1661993	+
Bacillus velezensis FZB42	bay	RBAM_016600	dapG	aspartate kinase	md:bay_M00018	I	1662081	1663295	+
Bacillus velezensis FZB42	bay	RBAM_025540	NA	aspartate kinase	md:bay_M00018	I	2672944	2674173	-
Bacillus velezensis FZB42	bay	RBAM_029350	NA	homoserine kinase	md:bay_M00018	I	3058000	3058929	-
Bacillus velezensis FZB42	bay	RBAM_029360	NA	threonine synthase	md:bay_M00018	I	3058926	3059984	-
Bacillus velezensis FZB42	bay	RBAM_029370	NA	homoserine dehydrogenase	md:bay_M00018	I	3059984	3061285	-
Bacillus velezensis FZB42	bay	RBAM_002760	NA	branched-chain amino acid aminotransferase	md:bay_M00019	I	248604	249671	+
Bacillus velezensis FZB42	bay	RBAM_020010	ilvD	dihydroxy-acid dehydratase	md:bay_M00019	I	2106531	2108207	-
Bacillus velezensis FZB42	bay	RBAM_025350	ilvC	ketol-acid reductoisomerase	md:bay_M00019	I	2658230	2659258	-
Bacillus velezensis FZB42	bay	RBAM_025360	ilvN	acetolactate synthase small subunit	md:bay_M00019	I	2659281	2659799	-
Bacillus velezensis FZB42	bay	RBAM_025370	ilvB	acetolactate synthase large subunit	md:bay_M00019	I	2659796	2661520	-
Bacillus velezensis FZB42	bay	RBAM_033170	alsS	acetolactate synthase AlsS	md:bay_M00019	I	3440023	3441735	-
Bacillus velezensis FZB42	bay	RBAM_035750	NA	branched-chain amino acid aminotransferase	md:bay_M00019	I	3676045	3677136	+
Bacillus velezensis FZB42	bay	RBAM_010260	serC	3-phosphoserine/phosphohydroxythreonine transaminase	md:bay_M00020	I	1002798	1003877	-
Bacillus velezensis FZB42	bay	RBAM_018760	NA	hydroxyacid dehydrogenase	md:bay_M00020	I	2000574	2001590	-
Bacillus velezensis FZB42	bay	RBAM_021220	NA	phosphoglycerate dehydrogenase	md:bay_M00020	I	2216550	2218127	+
Bacillus velezensis FZB42	bay	RBAM_025980	NA	HAD family hydrolase	md:bay_M00020	I	2721122	2721916	+
Bacillus velezensis FZB42	bay	RBAM_000840	cysK	cysteine synthase A	md:bay_M00021	I	82397	83323	+
Bacillus velezensis FZB42	bay	RBAM_001180	cysE	serine O-acetyltransferase	md:bay_M00021	I	113535	114188	+
Bacillus velezensis FZB42	bay	RBAM_027070	cysK	cysteine synthase A	md:bay_M00021	I	2831477	2832448	+
Bacillus velezensis FZB42	bay	RBAM_003410	NA	shikimate kinase	md:bay_M00022	I	314414	314974	+
Bacillus velezensis FZB42	bay	RBAM_008080	NA	type I 3-dehydroquinate dehydratase	md:bay_M00022	I	799999	800760	-
Bacillus velezensis FZB42	bay	RBAM_020760	aroA	3-phosphoshikimate 1-carboxyvinyltransferase	md:bay_M00022	I	2174455	2175741	-
Bacillus velezensis FZB42	bay	RBAM_020860	NA	3-dehydroquinate synthase	md:bay_M00022	I	2184529	2185617	-
Bacillus velezensis FZB42	bay	RBAM_020870	aroC	chorismate synthase	md:bay_M00022	I	2185617	2186789	-
Bacillus velezensis FZB42	bay	RBAM_023960	NA	shikimate dehydrogenase	md:bay_M00022	I	2514108	2514950	-
Bacillus velezensis FZB42	bay	RBAM_026870	aroF	3-deoxy-7-phosphoheptulonate synthase	md:bay_M00022	I	2812979	2814055	-
Bacillus velezensis FZB42	bay	RBAM_020790	NA	tryptophan synthase subunit alpha	md:bay_M00023	I	2178014	2178811	-
Bacillus velezensis FZB42	bay	RBAM_020800	trpB	tryptophan synthase subunit beta	md:bay_M00023	I	2178804	2180006	-
Bacillus velezensis FZB42	bay	RBAM_020810	NA	phosphoribosylanthranilate isomerase	md:bay_M00023	I	2179987	2180640	-
Bacillus velezensis FZB42	bay	RBAM_020820	trpC	indole-3-glycerol phosphate synthase TrpC	md:bay_M00023	I	2180645	2181397	-
Bacillus velezensis FZB42	bay	RBAM_020830	trpD	anthranilate phosphoribosyltransferase	md:bay_M00023	I	2181390	2182406	-
Bacillus velezensis FZB42	bay	RBAM_020840	NA	anthranilate synthase component I	md:bay_M00023	I	2182378	2183925	-
Bacillus velezensis FZB42	bay	RBAM_020850	aroH	chorismate mutase	md:bay_M00024	I	2184149	2184532	-
Bacillus velezensis FZB42	bay	RBAM_024950	pheA	prephenate dehydratase	md:bay_M00024	I	2615796	2616653	-
Bacillus velezensis FZB42	bay	RBAM_024960	NA	ACT domain-containing protein	md:bay_M00024	I	2616667	2617110	-
Bacillus velezensis FZB42	bay	RBAM_020770	NA	prephenate dehydrogenase	md:bay_M00025	I	2175753	2176868	-
Bacillus velezensis FZB42	bay	RBAM_020850	aroH	chorismate mutase	md:bay_M00025	I	2184149	2184532	-
Bacillus velezensis FZB42	bay	RBAM_024960	NA	ACT domain-containing protein	md:bay_M00025	I	2616667	2617110	-
Bacillus velezensis FZB42	bay	RBAM_020780	NA	histidinol-phosphate transaminase	md:bay_M00026	I	2176920	2178002	-
Bacillus velezensis FZB42	bay	RBAM_026550	hisJ	histidinol-phosphatase HisJ	md:bay_M00026	I	2784339	2785151	+
Bacillus velezensis FZB42	bay	RBAM_032070	NA	bifunctional phosphoribosyl-AMP cyclohydrolase/phosphoribosyl-ATP diphosphatase HisIE	md:bay_M00026	I	3323626	3324246	-
Bacillus velezensis FZB42	bay	RBAM_032080	hisF	imidazole glycerol phosphate synthase subunit HisF	md:bay_M00026	I	3324243	3325001	-
Bacillus velezensis FZB42	bay	RBAM_032090	NA	1-(5-phosphoribosyl)-5-((5-phosphoribosylamino)methylideneamino)imidazole-4-carboxamide isomerase	md:bay_M00026	I	3324998	3325735	-
Bacillus velezensis FZB42	bay	RBAM_032100	hisH	imidazole glycerol phosphate synthase subunit HisH	md:bay_M00026	I	3325732	3326370	-
Bacillus velezensis FZB42	bay	RBAM_032110	hisB	imidazoleglycerol-phosphate dehydratase HisB	md:bay_M00026	I	3326371	3326955	-
Bacillus velezensis FZB42	bay	RBAM_032120	hisD	histidinol dehydrogenase	md:bay_M00026	I	3326921	3328234	-
Bacillus velezensis FZB42	bay	RBAM_032130	NA	ATP phosphoribosyltransferase	md:bay_M00026	I	3328231	3328872	-
Bacillus velezensis FZB42	bay	RBAM_032140	NA	ATP phosphoribosyltransferase regulatory subunit	md:bay_M00026	I	3328865	3330037	-
Bacillus velezensis FZB42	bay	RBAM_004150	gabT	4-aminobutyrate--2-oxoglutarate transaminase	md:bay_M00027	I	412770	414077	+
Bacillus velezensis FZB42	bay	RBAM_004160	NA	NAD-dependent succinate-semialdehyde dehydrogenase	md:bay_M00027	I	414183	415571	+
Bacillus velezensis FZB42	bay	RBAM_011190	NA	N-acetyl-gamma-glutamyl-phosphate reductase	md:bay_M00028	I	1095935	1096972	+
Bacillus velezensis FZB42	bay	RBAM_011200	argJ	bifunctional ornithine acetyltransferase/N-acetylglutamate synthase	md:bay_M00028	I	1096995	1098212	+
Bacillus velezensis FZB42	bay	RBAM_011210	argB	acetylglutamate kinase	md:bay_M00028	I	1098227	1099003	+
Bacillus velezensis FZB42	bay	RBAM_011220	NA	acetylornithine transaminase	md:bay_M00028	I	1099000	1100157	+
Bacillus velezensis FZB42	bay	RBAM_019540	NA	peptidase	md:bay_M00028	I	2067443	2068750	-
Bacillus velezensis FZB42	bay	RBAM_011250	argF	ornithine carbamoyltransferase	md:bay_M00029	I	1104361	1105332	+
Bacillus velezensis FZB42	bay	RBAM_026370	argH	argininosuccinate lyase	md:bay_M00029	I	2764543	2765919	-
Bacillus velezensis FZB42	bay	RBAM_026380	NA	argininosuccinate synthase	md:bay_M00029	I	2765916	2767127	-
Bacillus velezensis FZB42	bay	RBAM_037230	rocF	arginase	md:bay_M00029	I	3831485	3832375	-
Bacillus velezensis FZB42	bay	RBAM_008330	lpdA	dihydrolipoyl dehydrogenase	md:bay_M00032	I	823246	824625	+
Bacillus velezensis FZB42	bay	RBAM_014450	lpdA	dihydrolipoyl dehydrogenase	md:bay_M00032	I	1449121	1450533	+
Bacillus velezensis FZB42	bay	RBAM_019120	odhB	2-oxoglutarate dehydrogenase complex dihydrolipoyllysine-residue succinyltransferase	md:bay_M00032	I	2030352	2031599	-
Bacillus velezensis FZB42	bay	RBAM_022340	lpdA	dihydrolipoyl dehydrogenase	md:bay_M00032	I	2370538	2371959	-
Bacillus velezensis FZB42	bay	RBAM_004040	NA	aspartate kinase	md:bay_M00033	I	401813	403177	-
Bacillus velezensis FZB42	bay	RBAM_016590	asd	aspartate-semialdehyde dehydrogenase	md:bay_M00033	I	1660953	1661993	+
Bacillus velezensis FZB42	bay	RBAM_016600	dapG	aspartate kinase	md:bay_M00033	I	1662081	1663295	+
Bacillus velezensis FZB42	bay	RBAM_025540	NA	aspartate kinase	md:bay_M00033	I	2672944	2674173	-
Bacillus velezensis FZB42	bay	RBAM_013330	mtnA	S-methyl-5-thioribose-1-phosphate isomerase	md:bay_M00034	I	1295065	1296126	-
Bacillus velezensis FZB42	bay	RBAM_013340	NA	S-methyl-5-thioribose kinase	md:bay_M00034	I	1296133	1297317	-
Bacillus velezensis FZB42	bay	RBAM_013360	NA	pyridoxal phosphate-dependent aminotransferase	md:bay_M00034	I	1298545	1299741	+
Bacillus velezensis FZB42	bay	RBAM_013370	mtnW	2,3-diketo-5-methylthiopentyl-1-phosphate enolase	md:bay_M00034	I	1299959	1301173	+
Bacillus velezensis FZB42	bay	RBAM_013380	mtnX	2-hydroxy-3-keto-5-methylthiopentenyl-1-phosphate phosphatase	md:bay_M00034	I	1301170	1301874	+
Bacillus velezensis FZB42	bay	RBAM_013390	NA	methylthioribulose 1-phosphate dehydratase	md:bay_M00034	I	1301832	1302461	+
Bacillus velezensis FZB42	bay	RBAM_013400	NA	cupin domain-containing protein	md:bay_M00034	I	1302477	1303013	+
Bacillus velezensis FZB42	bay	RBAM_015200	pgeF	peptidoglycan editing factor PgeF	md:bay_M00034	I	1524126	1524917	+
Bacillus velezensis FZB42	bay	RBAM_024370	mtnN	5'-methylthioadenosine/S-adenosylhomocysteine nucleosidase	md:bay_M00034	I	2557728	2558423	-
Bacillus velezensis FZB42	bay	RBAM_026050	NA	S-adenosylmethionine decarboxylase proenzyme	md:bay_M00034	I	2729069	2729449	-
Bacillus velezensis FZB42	bay	RBAM_027570	metK	methionine adenosyltransferase	md:bay_M00034	I	2897016	2898218	-
Bacillus velezensis FZB42	bay	RBAM_034620	speE	spermidine synthase	md:bay_M00034	I	3571372	3572202	-
Bacillus velezensis FZB42	bay	RBAM_027570	metK	methionine adenosyltransferase	md:bay_M00035	I	2897016	2898218	-
Bacillus velezensis FZB42	bay	RBAM_002760	NA	branched-chain amino acid aminotransferase	md:bay_M00036	I	248604	249671	+
Bacillus velezensis FZB42	bay	RBAM_008330	lpdA	dihydrolipoyl dehydrogenase	md:bay_M00036	I	823246	824625	+
Bacillus velezensis FZB42	bay	RBAM_014450	lpdA	dihydrolipoyl dehydrogenase	md:bay_M00036	I	1449121	1450533	+
Bacillus velezensis FZB42	bay	RBAM_018350	NA	hydroxymethylglutaryl-CoA lyase	md:bay_M00036	I	1923759	1924658	-
Bacillus velezensis FZB42	bay	RBAM_022310	NA	2-oxo acid dehydrogenase subunit E2	md:bay_M00036	I	2367243	2368505	-
Bacillus velezensis FZB42	bay	RBAM_022320	NA	alpha-ketoacid dehydrogenase subunit beta	md:bay_M00036	I	2368527	2369510	-
Bacillus velezensis FZB42	bay	RBAM_022330	NA	thiamine pyrophosphate-dependent dehydrogenase E1 component subunit alpha	md:bay_M00036	I	2369523	2370515	-
Bacillus velezensis FZB42	bay	RBAM_022340	lpdA	dihydrolipoyl dehydrogenase	md:bay_M00036	I	2370538	2371959	-
Bacillus velezensis FZB42	bay	RBAM_035750	NA	branched-chain amino acid aminotransferase	md:bay_M00036	I	3676045	3677136	+
Bacillus velezensis FZB42	bay	RBAM_036410	hutH	histidine ammonia-lyase	md:bay_M00045	I	3747787	3749325	+
Bacillus velezensis FZB42	bay	RBAM_036420	hutU	urocanate hydratase	md:bay_M00045	I	3749322	3750986	+
Bacillus velezensis FZB42	bay	RBAM_036430	NA	imidazolonepropionase	md:bay_M00045	I	3750988	3752253	+
Bacillus velezensis FZB42	bay	RBAM_036440	NA	formimidoylglutamase	md:bay_M00045	I	3752246	3753196	+
Bacillus velezensis FZB42	bay	RBAM_002690	purT	phosphoribosylglycinamide formyltransferase 2	md:bay_M00048	I	242105	243259	+
Bacillus velezensis FZB42	bay	RBAM_006840	purE	5-(carboxyamino)imidazole ribonucleotide mutase	md:bay_M00048	I	660575	661063	+
Bacillus velezensis FZB42	bay	RBAM_006850	purK	5-(carboxyamino)imidazole ribonucleotide synthase	md:bay_M00048	I	661017	662198	+
Bacillus velezensis FZB42	bay	RBAM_006860	purB	adenylosuccinate lyase	md:bay_M00048	I	662198	663490	+
Bacillus velezensis FZB42	bay	RBAM_006870	NA	phosphoribosylaminoimidazolesuccinocarboxamide synthase	md:bay_M00048	I	663566	664285	+
Bacillus velezensis FZB42	bay	RBAM_006880	purS	phosphoribosylformylglycinamidine synthase subunit PurS	md:bay_M00048	I	664285	664539	+
Bacillus velezensis FZB42	bay	RBAM_006890	purQ	phosphoribosylformylglycinamidine synthase subunit PurQ	md:bay_M00048	I	664536	665219	+
Bacillus velezensis FZB42	bay	RBAM_006900	purL	phosphoribosylformylglycinamidine synthase subunit PurL	md:bay_M00048	I	665203	667431	+
Bacillus velezensis FZB42	bay	RBAM_006910	NA	amidophosphoribosyltransferase	md:bay_M00048	I	667407	668837	+
Bacillus velezensis FZB42	bay	RBAM_006920	NA	phosphoribosylformylglycinamidine cyclo-ligase	md:bay_M00048	I	668928	669968	+
Bacillus velezensis FZB42	bay	RBAM_006930	purN	phosphoribosylglycinamide formyltransferase	md:bay_M00048	I	669965	670552	+
Bacillus velezensis FZB42	bay	RBAM_006940	purH	bifunctional phosphoribosylaminoimidazolecarboxamide formyltransferase/IMP cyclohydrolase	md:bay_M00048	I	670549	672087	+
Bacillus velezensis FZB42	bay	RBAM_006950	purD	phosphoribosylamine--glycine ligase	md:bay_M00048	I	672103	673371	+
Bacillus velezensis FZB42	bay	RBAM_001620	NA	adenylate kinase	md:bay_M00049	I	146608	147261	+
Bacillus velezensis FZB42	bay	RBAM_006860	purB	adenylosuccinate lyase	md:bay_M00049	I	662198	663490	+
Bacillus velezensis FZB42	bay	RBAM_020890	NA	nucleoside-diphosphate kinase	md:bay_M00049	I	2187821	2188267	-
Bacillus velezensis FZB42	bay	RBAM_037450	purA	adenylosuccinate synthase	md:bay_M00049	I	3853013	3854305	-
Bacillus velezensis FZB42	bay	RBAM_000120	guaB	IMP dehydrogenase	md:bay_M00050	I	15697	17163	+
Bacillus velezensis FZB42	bay	RBAM_006760	guaA	glutamine-hydrolyzing GMP synthase	md:bay_M00050	I	652824	654365	+
Bacillus velezensis FZB42	bay	RBAM_015510	NA	guanylate kinase	md:bay_M00050	I	1557043	1557657	+
Bacillus velezensis FZB42	bay	RBAM_020890	NA	nucleoside-diphosphate kinase	md:bay_M00050	I	2187821	2188267	-
Bacillus velezensis FZB42	bay	RBAM_011230	NA	carbamoyl phosphate synthase small subunit	md:bay_M00051	I	1100227	1101285	+
Bacillus velezensis FZB42	bay	RBAM_011240	NA	carbamoyl phosphate synthase large subunit	md:bay_M00051	I	1101278	1104373	+
Bacillus velezensis FZB42	bay	RBAM_015320	NA	aspartate carbamoyltransferase	md:bay_M00051	I	1535224	1536138	+
Bacillus velezensis FZB42	bay	RBAM_015330	NA	dihydroorotase	md:bay_M00051	I	1536122	1537408	+
Bacillus velezensis FZB42	bay	RBAM_015340	carA	glutamine-hydrolyzing carbamoyl-phosphate synthase small subunit	md:bay_M00051	I	1537405	1538499	+
Bacillus velezensis FZB42	bay	RBAM_015350	carB	carbamoyl-phosphate synthase (glutamine-hydrolyzing) large subunit	md:bay_M00051	I	1538484	1541699	+
Bacillus velezensis FZB42	bay	RBAM_015370	NA	dihydroorotate dehydrogenase	md:bay_M00051	I	1542466	1543401	+
Bacillus velezensis FZB42	bay	RBAM_015380	pyrF	orotidine-5'-phosphate decarboxylase	md:bay_M00051	I	1543370	1544089	+
Bacillus velezensis FZB42	bay	RBAM_015390	NA	orotate phosphoribosyltransferase	md:bay_M00051	I	1544068	1544718	+
Bacillus velezensis FZB42	bay	RBAM_016350	NA	UMP kinase	md:bay_M00052	I	1634882	1635604	+
Bacillus velezensis FZB42	bay	RBAM_020890	NA	nucleoside-diphosphate kinase	md:bay_M00052	I	2187821	2188267	-
Bacillus velezensis FZB42	bay	RBAM_034310	pyrG	CTP synthase (glutamine hydrolyzing)	md:bay_M00052	I	3538902	3540509	-
Bacillus velezensis FZB42	bay	RBAM_017180	nrdE	class 1b ribonucleoside-diphosphate reductase subunit alpha	md:bay_M00053	I	1782373	1784475	+
Bacillus velezensis FZB42	bay	RBAM_017190	nrdF	class 1b ribonucleoside-diphosphate reductase subunit beta	md:bay_M00053	I	1784493	1785482	+
Bacillus velezensis FZB42	bay	RBAM_020890	NA	nucleoside-diphosphate kinase	md:bay_M00053	I	2187821	2188267	-
Bacillus velezensis FZB42	bay	RBAM_012380	uxaC	glucuronate isomerase	md:bay_M00061	I	1207397	1208794	+
Bacillus velezensis FZB42	bay	RBAM_017950	NA	sugar kinase	md:bay_M00061	I	1850558	1851514	+
Bacillus velezensis FZB42	bay	RBAM_017970	eda	bifunctional 4-hydroxy-2-oxoglutarate aldolase/2-dehydro-3-deoxy-phosphogluconate aldolase	md:bay_M00061	I	1852577	1853212	+
Bacillus velezensis FZB42	bay	RBAM_017980	uxuA	mannonate dehydratase	md:bay_M00061	I	1853214	1854290	+
Bacillus velezensis FZB42	bay	RBAM_010400	NA	ketoacyl-ACP synthase III	md:bay_M00082	I	1020045	1021022	-
Bacillus velezensis FZB42	bay	RBAM_011330	NA	ketoacyl-ACP synthase III	md:bay_M00082	I	1109114	1110052	+
Bacillus velezensis FZB42	bay	RBAM_015730	fabD	ACP S-malonyltransferase	md:bay_M00082	I	1578642	1579595	+
Bacillus velezensis FZB42	bay	RBAM_018190	fabD	ACP S-malonyltransferase	md:bay_M00082	I	1907227	1908429	-
Bacillus velezensis FZB42	bay	RBAM_018360	NA	acetyl-CoA carboxylase biotin carboxyl carrier protein subunit	md:bay_M00082	I	1924674	1924886	-
Bacillus velezensis FZB42	bay	RBAM_018370	NA	acetyl-CoA carboxylase biotin carboxylase subunit	md:bay_M00082	I	1924883	1926232	-
Bacillus velezensis FZB42	bay	RBAM_022670	accC	acetyl-CoA carboxylase biotin carboxylase subunit	md:bay_M00082	I	2404152	2405504	-
Bacillus velezensis FZB42	bay	RBAM_022680	accB	acetyl-CoA carboxylase biotin carboxyl carrier protein	md:bay_M00082	I	2405519	2405998	-
Bacillus velezensis FZB42	bay	RBAM_026250	accA	acetyl-CoA carboxylase carboxyl transferase subunit alpha	md:bay_M00082	I	2751673	2752650	-
Bacillus velezensis FZB42	bay	RBAM_026260	accD	acetyl-CoA carboxylase, carboxyltransferase subunit beta	md:bay_M00082	I	2752635	2753507	-
Bacillus velezensis FZB42	bay	RBAM_006010	fabF	beta-ketoacyl-ACP synthase II	md:bay_M00083	I	578776	580011	-
Bacillus velezensis FZB42	bay	RBAM_008740	fabL	enoyl-[acyl-carrier-protein] reductase FabL	md:bay_M00083	I	866732	867484	+
Bacillus velezensis FZB42	bay	RBAM_011340	fabF	beta-ketoacyl-ACP synthase II	md:bay_M00083	I	1110075	1111313	+
Bacillus velezensis FZB42	bay	RBAM_011730	fabI	enoyl-ACP reductase FabI	md:bay_M00083	I	1148430	1149206	+
Bacillus velezensis FZB42	bay	RBAM_015740	fabG	3-oxoacyl-[acyl-carrier-protein] reductase	md:bay_M00083	I	1579588	1580328	+
Bacillus velezensis FZB42	bay	RBAM_016720	NA	SDR family oxidoreductase	md:bay_M00083	I	1678241	1678969	+
Bacillus velezensis FZB42	bay	RBAM_018710	NA	3-ketoacyl-ACP reductase	md:bay_M00083	I	1995810	1996526	-
Bacillus velezensis FZB42	bay	RBAM_022040	NA	SDR family oxidoreductase	md:bay_M00083	I	2340581	2341318	-
Bacillus velezensis FZB42	bay	RBAM_026350	NA	SDR family oxidoreductase	md:bay_M00083	I	2763436	2764203	-
Bacillus velezensis FZB42	bay	RBAM_030000	NA	SDR family NAD(P)-dependent oxidoreductase	md:bay_M00083	I	3115690	3116430	-
Bacillus velezensis FZB42	bay	RBAM_030870	NA	SDR family oxidoreductase	md:bay_M00083	I	3202703	3203497	-
Bacillus velezensis FZB42	bay	RBAM_033570	fabZ	3-hydroxyacyl-ACP dehydratase FabZ	md:bay_M00083	I	3474668	3475093	-
Bacillus velezensis FZB42	bay	RBAM_004400	NA	acyl--CoA ligase	md:bay_M00086	I	438293	439807	+
Bacillus velezensis FZB42	bay	RBAM_010470	NA	fatty acid--CoA ligase family protein	md:bay_M00086	I	1027001	1028542	+
Bacillus velezensis FZB42	bay	RBAM_010540	NA	AMP-binding protein	md:bay_M00086	I	1034673	1036109	-
Bacillus velezensis FZB42	bay	RBAM_025620	NA	long-chain fatty acid--CoA ligase	md:bay_M00086	I	2681889	2683577	-
Bacillus velezensis FZB42	bay	RBAM_025600	NA	enoyl-CoA hydratase	md:bay_M00087	I	2680423	2681202	-
Bacillus velezensis FZB42	bay	RBAM_029910	NA	acetyl-CoA C-acetyltransferase	md:bay_M00087	I	3107525	3108700	-
Bacillus velezensis FZB42	bay	RBAM_029920	NA	3-hydroxyacyl-CoA dehydrogenase	md:bay_M00087	I	3108711	3111080	-
Bacillus velezensis FZB42	bay	RBAM_010530	NA	acetyl-CoA C-acyltransferase	md:bay_M00088	I	1033594	1034685	-
Bacillus velezensis FZB42	bay	RBAM_018200	NA	3-hydroxybutyrate dehydrogenase	md:bay_M00088	I	1908989	1909774	-
Bacillus velezensis FZB42	bay	RBAM_018350	NA	hydroxymethylglutaryl-CoA lyase	md:bay_M00088	I	1923759	1924658	-
Bacillus velezensis FZB42	bay	RBAM_022450	NA	acetyl-CoA C-acetyltransferase	md:bay_M00088	I	2383232	2384413	-
Bacillus velezensis FZB42	bay	RBAM_030030	NA	acetoacetate decarboxylase	md:bay_M00088	I	3118942	3119688	+
Bacillus velezensis FZB42	bay	RBAM_037840	NA	3-hydroxybutyrate dehydrogenase	md:bay_M00088	I	3887742	3888527	+
Bacillus velezensis FZB42	bay	RBAM_009770	NA	1-acylglycerol-3-phosphate O-acyltransferase	md:bay_M00089	I	956876	957475	+
Bacillus velezensis FZB42	bay	RBAM_019950	NA	1-acyl-sn-glycerol-3-phosphate acyltransferase	md:bay_M00089	I	2102314	2102937	-
Bacillus velezensis FZB42	bay	RBAM_002700	pssA	CDP-diacylglycerol--serine O-phosphatidyltransferase	md:bay_M00093	I	243737	244270	+
Bacillus velezensis FZB42	bay	RBAM_002720	NA	phosphatidylserine decarboxylase	md:bay_M00093	I	244742	245557	+
Bacillus velezensis FZB42	bay	RBAM_016380	NA	phosphatidate cytidylyltransferase	md:bay_M00093	I	1637076	1637873	+
Bacillus velezensis FZB42	bay	RBAM_010530	NA	acetyl-CoA C-acyltransferase	md:bay_M00095	I	1033594	1034685	-
Bacillus velezensis FZB42	bay	RBAM_021020	NA	type 2 isopentenyl-diphosphate Delta-isomerase	md:bay_M00095	I	2199004	2200053	-
Bacillus velezensis FZB42	bay	RBAM_022450	NA	acetyl-CoA C-acetyltransferase	md:bay_M00095	I	2383232	2384413	-
Bacillus velezensis FZB42	bay	RBAM_000550	NA	4-(cytidine 5'-diphospho)-2-C-methyl-D-erythritol kinase	md:bay_M00096	I	54263	55132	+
Bacillus velezensis FZB42	bay	RBAM_001150	NA	2-C-methyl-D-erythritol 4-phosphate cytidylyltransferase	md:bay_M00096	I	110514	111212	+
Bacillus velezensis FZB42	bay	RBAM_001160	NA	2-C-methyl-D-erythritol 2,4-cyclodiphosphate synthase	md:bay_M00096	I	111205	111681	+
Bacillus velezensis FZB42	bay	RBAM_016390	NA	1-deoxy-D-xylulose-5-phosphate reductoisomerase	md:bay_M00096	I	1637929	1639080	+
Bacillus velezensis FZB42	bay	RBAM_021020	NA	type 2 isopentenyl-diphosphate Delta-isomerase	md:bay_M00096	I	2199004	2200053	-
Bacillus velezensis FZB42	bay	RBAM_022600	NA	1-deoxy-D-xylulose-5-phosphate synthase	md:bay_M00096	I	2397557	2399458	-
Bacillus velezensis FZB42	bay	RBAM_023380	ispG	flavodoxin-dependent (E)-4-hydroxy-3-methylbut-2-enyl-diphosphate synthase	md:bay_M00096	I	2458812	2459939	+
Bacillus velezensis FZB42	bay	RBAM_023470	NA	4-hydroxy-3-methylbut-2-enyl diphosphate reductase	md:bay_M00096	I	2466122	2467066	+
Bacillus velezensis FZB42	bay	RBAM_010960	NA	phytoene synthase	md:bay_M00097	I	1074783	1075523	+
Bacillus velezensis FZB42	bay	RBAM_003010	NA	triacylglycerol lipase	md:bay_M00098	I	271864	272508	+
Bacillus velezensis FZB42	bay	RBAM_024190	manA	mannose-6-phosphate isomerase, class I	md:bay_M00114	I	2535397	2536344	-
Bacillus velezensis FZB42	bay	RBAM_032910	manA	mannose-6-phosphate isomerase, class I	md:bay_M00114	I	3413721	3414671	-
Bacillus velezensis FZB42	bay	RBAM_035920	manA	mannose-6-phosphate isomerase, class I	md:bay_M00114	I	3692908	3693852	+
Bacillus velezensis FZB42	bay	RBAM_003360	nadE	ammonia-dependent NAD(+) synthetase	md:bay_M00115	I	309990	310808	+
Bacillus velezensis FZB42	bay	RBAM_023940	NA	nicotinate-nucleotide adenylyltransferase	md:bay_M00115	I	2513244	2513813	-
Bacillus velezensis FZB42	bay	RBAM_024900	nadA	quinolinate synthase NadA	md:bay_M00115	I	2610473	2611576	-
Bacillus velezensis FZB42	bay	RBAM_024910	nadC	carboxylating nicotinate-nucleotide diphosphorylase	md:bay_M00115	I	2611578	2612426	-
Bacillus velezensis FZB42	bay	RBAM_024920	nadB	L-aspartate oxidase	md:bay_M00115	I	2612408	2613973	-
Bacillus velezensis FZB42	bay	RBAM_020910	menG	demethylmenaquinone methyltransferase	md:bay_M00116	I	2189380	2190081	-
Bacillus velezensis FZB42	bay	RBAM_027760	menC	o-succinylbenzoate synthase	md:bay_M00116	I	2911567	2912682	-
Bacillus velezensis FZB42	bay	RBAM_027770	menE	o-succinylbenzoate--CoA ligase	md:bay_M00116	I	2912679	2914142	-
Bacillus velezensis FZB42	bay	RBAM_027780	menB	1,4-dihydroxy-2-naphthoyl-CoA synthase	md:bay_M00116	I	2914230	2915048	-
Bacillus velezensis FZB42	bay	RBAM_027790	menH	2-succinyl-6-hydroxy-2,4-cyclohexadiene-1-carboxylate synthase	md:bay_M00116	I	2915107	2915931	-
Bacillus velezensis FZB42	bay	RBAM_027800	menD	2-succinyl-5-enolpyruvyl-6-hydroxy-3-cyclohexene-1-carboxylic-acid synthase	md:bay_M00116	I	2915919	2917655	-
Bacillus velezensis FZB42	bay	RBAM_027810	NA	isochorismate synthase	md:bay_M00116	I	2917652	2919067	-
Bacillus velezensis FZB42	bay	RBAM_028750	NA	hotdog fold thioesterase	md:bay_M00116	I	2994095	2994478	-
Bacillus velezensis FZB42	bay	RBAM_035690	NA	1,4-dihydroxy-2-naphthoate polyprenyltransferase	md:bay_M00116	I	3670196	3671131	-
Bacillus velezensis FZB42	bay	RBAM_003800	NA	UbiX family flavin prenyltransferase	md:bay_M00117	I	378004	378618	+
Bacillus velezensis FZB42	bay	RBAM_020910	menG	demethylmenaquinone methyltransferase	md:bay_M00117	I	2189380	2190081	-
Bacillus velezensis FZB42	bay	RBAM_002760	NA	branched-chain amino acid aminotransferase	md:bay_M00119	I	248604	249671	+
Bacillus velezensis FZB42	bay	RBAM_014180	NA	ketopantoate reductase family protein	md:bay_M00119	I	1377635	1378543	+
Bacillus velezensis FZB42	bay	RBAM_014970	NA	2-dehydropantoate 2-reductase	md:bay_M00119	I	1493667	1494587	+
Bacillus velezensis FZB42	bay	RBAM_020560	panD	aspartate 1-decarboxylase	md:bay_M00119	I	2157939	2158322	-
Bacillus velezensis FZB42	bay	RBAM_020570	NA	pantoate--beta-alanine ligase	md:bay_M00119	I	2158324	2159184	-
Bacillus velezensis FZB42	bay	RBAM_020580	panB	3-methyl-2-oxobutanoate hydroxymethyltransferase	md:bay_M00119	I	2159188	2160021	-
Bacillus velezensis FZB42	bay	RBAM_030040	NA	2-dehydropantoate 2-reductase	md:bay_M00119	I	3119702	3120742	+
Bacillus velezensis FZB42	bay	RBAM_035750	NA	branched-chain amino acid aminotransferase	md:bay_M00119	I	3676045	3677136	+
Bacillus velezensis FZB42	bay	RBAM_000810	NA	type III pantothenate kinase	md:bay_M00120	I	79723	80499	+
Bacillus velezensis FZB42	bay	RBAM_014880	coaD	pantetheine-phosphate adenylyltransferase	md:bay_M00120	I	1486379	1486861	+
Bacillus velezensis FZB42	bay	RBAM_015530	coaBC	bifunctional phosphopantothenoylcysteine decarboxylase/phosphopantothenate--cysteine ligase CoaBC	md:bay_M00120	I	1557955	1559175	+
Bacillus velezensis FZB42	bay	RBAM_021890	coaA	type I pantothenate kinase	md:bay_M00120	I	2271335	2272294	-
Bacillus velezensis FZB42	bay	RBAM_026100	NA	dephospho-CoA kinase	md:bay_M00120	I	2733628	2734221	-
Bacillus velezensis FZB42	bay	RBAM_003490	cobA	uroporphyrinogen-III C-methyltransferase	md:bay_M00121	I	323789	325228	-
Bacillus velezensis FZB42	bay	RBAM_008800	NA	glutamate-1-semialdehyde 2,1-aminomutase	md:bay_M00121	I	871992	873281	-
Bacillus velezensis FZB42	bay	RBAM_010070	NA	coproporphyrinogen III oxidase	md:bay_M00121	I	983875	985377	+
Bacillus velezensis FZB42	bay	RBAM_010350	hemE	uroporphyrinogen decarboxylase	md:bay_M00121	I	1013321	1014382	+
Bacillus velezensis FZB42	bay	RBAM_010360	hemH	ferrochelatase	md:bay_M00121	I	1014458	1015393	+
Bacillus velezensis FZB42	bay	RBAM_010370	hemY	protoporphyrinogen oxidase	md:bay_M00121	I	1015421	1016854	+
Bacillus velezensis FZB42	bay	RBAM_012310	NA	uroporphyrinogen-III synthase	md:bay_M00121	I	1201208	1202026	+
Bacillus velezensis FZB42	bay	RBAM_025180	NA	glutamate-1-semialdehyde 2,1-aminomutase	md:bay_M00121	I	2637456	2638745	-
Bacillus velezensis FZB42	bay	RBAM_025190	hemB	porphobilinogen synthase	md:bay_M00121	I	2638774	2639748	-
Bacillus velezensis FZB42	bay	RBAM_025200	NA	uroporphyrinogen-III synthase	md:bay_M00121	I	2639754	2640533	-
Bacillus velezensis FZB42	bay	RBAM_025210	hemC	hydroxymethylbilane synthase	md:bay_M00121	I	2640523	2641464	-
Bacillus velezensis FZB42	bay	RBAM_025230	NA	glutamyl-tRNA reductase	md:bay_M00121	I	2642337	2643704	-
Bacillus velezensis FZB42	bay	RBAM_030280	NA	cob(I)yrinic acid a,c-diamide adenosyltransferase	md:bay_M00122	I	3142564	3143133	-
Bacillus velezensis FZB42	bay	RBAM_018250	NA	biotin synthase	md:bay_M00123	I	1914132	1915151	-
Bacillus velezensis FZB42	bay	RBAM_018260	bioD	ATP-dependent dethiobiotin synthetase BioD	md:bay_M00123	I	1915154	1915855	-
Bacillus velezensis FZB42	bay	RBAM_018270	bioF	8-amino-7-oxononanoate synthase	md:bay_M00123	I	1915852	1917012	-
Bacillus velezensis FZB42	bay	RBAM_018280	bioA	adenosylmethionine--8-amino-7-oxononanoate transaminase	md:bay_M00123	I	1917002	1918348	-
Bacillus velezensis FZB42	bay	RBAM_010260	serC	3-phosphoserine/phosphohydroxythreonine transaminase	md:bay_M00124	I	1002798	1003877	-
Bacillus velezensis FZB42	bay	RBAM_004270	NA	HAD family phosphatase	md:bay_M00125	I	424810	425559	+
Bacillus velezensis FZB42	bay	RBAM_011130	NA	Cof-type HAD-IIB family hydrolase	md:bay_M00125	I	1090850	1091662	-
Bacillus velezensis FZB42	bay	RBAM_016510	ribF	bifunctional riboflavin kinase/FAD synthetase	md:bay_M00125	I	1652819	1653760	+
Bacillus velezensis FZB42	bay	RBAM_021390	NA	6,7-dimethyl-8-ribityllumazine synthase	md:bay_M00125	I	2232601	2233065	-
Bacillus velezensis FZB42	bay	RBAM_021400	NA	bifunctional 3,4-dihydroxy-2-butanone-4-phosphate synthase/GTP cyclohydrolase II	md:bay_M00125	I	2233098	2234294	-
Bacillus velezensis FZB42	bay	RBAM_021410	ribE	riboflavin synthase	md:bay_M00125	I	2234309	2234956	-
Bacillus velezensis FZB42	bay	RBAM_021420	ribD	bifunctional diaminohydroxyphosphoribosylaminopyrimidine deaminase/5-amino-6-(5-phosphoribosylamino)uracil reductase RibD	md:bay_M00125	I	2234937	2236052	-
Bacillus velezensis FZB42	bay	RBAM_032980	NA	Cof-type HAD-IIB family hydrolase	md:bay_M00125	I	3422911	3423768	+
Bacillus velezensis FZB42	bay	RBAM_000880	folP	dihydropteroate synthase	md:bay_M00126	I	86368	87225	+
Bacillus velezensis FZB42	bay	RBAM_000890	folB	dihydroneopterin aldolase	md:bay_M00126	I	87218	87580	+
Bacillus velezensis FZB42	bay	RBAM_000900	folK	2-amino-4-hydroxy-6-hydroxymethyldihydropteridine diphosphokinase	md:bay_M00126	I	87577	88080	+
Bacillus velezensis FZB42	bay	RBAM_002930	NA	alkaline phosphatase	md:bay_M00126	I	263705	265456	+
Bacillus velezensis FZB42	bay	RBAM_009670	NA	alkaline phosphatase	md:bay_M00126	I	945787	947166	-
Bacillus velezensis FZB42	bay	RBAM_019960	NA	dihydrofolate reductase	md:bay_M00126	I	2102959	2103444	-
Bacillus velezensis FZB42	bay	RBAM_020940	folE	GTP cyclohydrolase I FolE	md:bay_M00126	I	2191247	2191819	-
Bacillus velezensis FZB42	bay	RBAM_025130	NA	bifunctional folylpolyglutamate synthase/dihydrofolate synthase	md:bay_M00126	I	2629774	2631066	-
Bacillus velezensis FZB42	bay	RBAM_005710	thiD	bifunctional hydroxymethylpyrimidine kinase/phosphomethylpyrimidine kinase	md:bay_M00127	I	547848	548666	+
Bacillus velezensis FZB42	bay	RBAM_006350	NA	thiamine-phosphate kinase	md:bay_M00127	I	610243	611220	+
Bacillus velezensis FZB42	bay	RBAM_009060	thiC	phosphomethylpyrimidine synthase ThiC	md:bay_M00127	I	885531	887303	+
Bacillus velezensis FZB42	bay	RBAM_011690	thiS	sulfur carrier protein ThiS	md:bay_M00127	I	1145487	1145690	+
Bacillus velezensis FZB42	bay	RBAM_011700	thiG	thiazole synthase	md:bay_M00127	I	1145687	1146457	+
Bacillus velezensis FZB42	bay	RBAM_011710	NA	thiazole biosynthesis adenylyltransferase ThiF	md:bay_M00127	I	1146454	1147464	+
Bacillus velezensis FZB42	bay	RBAM_011720	thiD	bifunctional hydroxymethylpyrimidine kinase/phosphomethylpyrimidine kinase	md:bay_M00127	I	1147487	1148299	+
Bacillus velezensis FZB42	bay	RBAM_026510	thiI	tRNA 4-thiouridine(8) synthase ThiI	md:bay_M00127	I	2778450	2779655	-
Bacillus velezensis FZB42	bay	RBAM_035550	NA	thiamine phosphate synthase	md:bay_M00127	I	3657554	3658228	-
Bacillus velezensis FZB42	bay	RBAM_018310	galU	UTP--glucose-1-phosphate uridylyltransferase GalU	md:bay_M00129	I	1919806	1920699	+
Bacillus velezensis FZB42	bay	RBAM_032730	NA	UDP-glucose/GDP-mannose dehydrogenase family protein	md:bay_M00129	I	3389379	3390719	-
Bacillus velezensis FZB42	bay	RBAM_032820	galU	UTP--glucose-1-phosphate uridylyltransferase GalU	md:bay_M00129	I	3400758	3401642	+
Bacillus velezensis FZB42	bay	RBAM_033450	NA	UDP-glucose/GDP-mannose dehydrogenase family protein	md:bay_M00129	I	3462145	3463470	-
Bacillus velezensis FZB42	bay	RBAM_002050	NA	hypothetical protein	md:bay_M00131	I	179606	180556	+
Bacillus velezensis FZB42	bay	RBAM_014530	NA	inositol monophosphatase family protein	md:bay_M00131	I	1455429	1456226	+
Bacillus velezensis FZB42	bay	RBAM_014490	NA	aminotransferase class I/II-fold pyridoxal phosphate-dependent enzyme	md:bay_M00133	I	1452285	1453757	-
Bacillus velezensis FZB42	bay	RBAM_026050	NA	S-adenosylmethionine decarboxylase proenzyme	md:bay_M00133	I	2729069	2729449	-
Bacillus velezensis FZB42	bay	RBAM_034610	speB	agmatinase	md:bay_M00133	I	3570441	3571313	-
Bacillus velezensis FZB42	bay	RBAM_034620	speE	spermidine synthase	md:bay_M00133	I	3571372	3572202	-
Bacillus velezensis FZB42	bay	RBAM_037230	rocF	arginase	md:bay_M00134	I	3831485	3832375	-
Bacillus velezensis FZB42	bay	RBAM_006040	NA	GNAT family N-acetyltransferase	md:bay_M00135	I	581900	582358	-
Bacillus velezensis FZB42	bay	RBAM_019060	NA	aldehyde dehydrogenase family protein	md:bay_M00135	I	2022635	2024122	+
Bacillus velezensis FZB42	bay	RBAM_026600	NA	aldehyde dehydrogenase	md:bay_M00135	I	2789304	2790674	+
Bacillus velezensis FZB42	bay	RBAM_036890	NA	aldehyde dehydrogenase family protein	md:bay_M00135	I	3797623	3798960	+
Bacillus velezensis FZB42	bay	RBAM_022640	folD	bifunctional methylenetetrahydrofolate dehydrogenase/methenyltetrahydrofolate cyclohydrolase FolD	md:bay_M00140	I	2402203	2403054	-
Bacillus velezensis FZB42	bay	RBAM_034060	glyA	serine hydroxymethyltransferase	md:bay_M00140	I	3517613	3518860	-
Bacillus velezensis FZB42	bay	RBAM_025500	sdhB	succinate dehydrogenase iron-sulfur subunit	md:bay_M00149	I	2668991	2669749	-
Bacillus velezensis FZB42	bay	RBAM_025510	sdhA	succinate dehydrogenase flavoprotein subunit	md:bay_M00149	I	2669752	2671512	-
Bacillus velezensis FZB42	bay	RBAM_025520	sdhC	succinate dehydrogenase cytochrome B558	md:bay_M00149	I	2671546	2672154	-
Bacillus velezensis FZB42	bay	RBAM_020700	NA	cytochrome C oxidase Cbb3	md:bay_M00151	I	2169638	2170405	-
Bacillus velezensis FZB42	bay	RBAM_020710	NA	cytochrome b6	md:bay_M00151	I	2170437	2171111	-
Bacillus velezensis FZB42	bay	RBAM_020720	NA	ubiquinol-cytochrome c reductase iron-sulfur subunit	md:bay_M00151	I	2171113	2171616	-
Bacillus velezensis FZB42	bay	RBAM_027720	NA	cytochrome ubiquinol oxidase subunit I	md:bay_M00153	I	2908573	2909904	+
Bacillus velezensis FZB42	bay	RBAM_027730	NA	cytochrome d ubiquinol oxidase subunit II	md:bay_M00153	I	2909927	2910967	+
Bacillus velezensis FZB42	bay	RBAM_036000	cydB	cytochrome d ubiquinol oxidase subunit II	md:bay_M00153	I	3703711	3704727	-
Bacillus velezensis FZB42	bay	RBAM_036010	NA	cytochrome ubiquinol oxidase subunit I	md:bay_M00153	I	3704711	3706117	-
Bacillus velezensis FZB42	bay	RBAM_008440	cyoE	protoheme IX farnesyltransferase	md:bay_M00154	I	838895	839842	+
Bacillus velezensis FZB42	bay	RBAM_014730	ctaA	heme A synthase CtaA	md:bay_M00154	I	1474483	1475409	-
Bacillus velezensis FZB42	bay	RBAM_014740	NA	protoheme IX farnesyltransferase	md:bay_M00154	I	1475753	1476670	+
Bacillus velezensis FZB42	bay	RBAM_014750	coxB	cytochrome c oxidase subunit II	md:bay_M00155	I	1476888	1477958	+
Bacillus velezensis FZB42	bay	RBAM_014760	ctaD	cytochrome c oxidase subunit I	md:bay_M00155	I	1477990	1479858	+
Bacillus velezensis FZB42	bay	RBAM_014770	NA	cytochrome (ubi)quinol oxidase subunit III	md:bay_M00155	I	1479858	1480481	+
Bacillus velezensis FZB42	bay	RBAM_014780	ctaF	cytochrome c oxidase subunit IVB	md:bay_M00155	I	1480484	1480816	+
Bacillus velezensis FZB42	bay	RBAM_033960	NA	F0F1 ATP synthase subunit epsilon	md:bay_M00157	I	3509517	3509915	-
Bacillus velezensis FZB42	bay	RBAM_033970	atpD	F0F1 ATP synthase subunit beta	md:bay_M00157	I	3509939	3511360	-
Bacillus velezensis FZB42	bay	RBAM_033980	NA	F0F1 ATP synthase subunit gamma	md:bay_M00157	I	3511386	3512249	-
Bacillus velezensis FZB42	bay	RBAM_033990	atpA	F0F1 ATP synthase subunit alpha	md:bay_M00157	I	3512325	3513833	-
Bacillus velezensis FZB42	bay	RBAM_034000	NA	F0F1 ATP synthase subunit delta	md:bay_M00157	I	3513850	3514395	-
Bacillus velezensis FZB42	bay	RBAM_034010	atpF	F0F1 ATP synthase subunit B	md:bay_M00157	I	3514392	3514904	-
Bacillus velezensis FZB42	bay	RBAM_034020	atpE	F0F1 ATP synthase subunit C	md:bay_M00157	I	3515047	3515259	-
Bacillus velezensis FZB42	bay	RBAM_034030	atpB	F0F1 ATP synthase subunit A	md:bay_M00157	I	3515305	3516039	-
Bacillus velezensis FZB42	bay	RBAM_017690	tkt	transketolase	md:bay_M00165	I	1830052	1832055	+
Bacillus velezensis FZB42	bay	RBAM_026060	NA	glyceraldehyde-3-phosphate dehydrogenase	md:bay_M00165	I	2729688	2730710	-
Bacillus velezensis FZB42	bay	RBAM_031290	NA	phosphoglycerate kinase	md:bay_M00165	I	3242064	3243248	-
Bacillus velezensis FZB42	bay	RBAM_031300	gap	type I glyceraldehyde-3-phosphate dehydrogenase	md:bay_M00165	I	3243570	3244577	-
Bacillus velezensis FZB42	bay	RBAM_034080	rpiB	ribose 5-phosphate isomerase B	md:bay_M00165	I	3519564	3520013	-
Bacillus velezensis FZB42	bay	RBAM_034250	glpX	class II fructose-bisphosphatase	md:bay_M00165	I	3533406	3534371	-
Bacillus velezensis FZB42	bay	RBAM_034280	NA	fructose-bisphosphate aldolase	md:bay_M00165	I	3536761	3537618	-
Bacillus velezensis FZB42	bay	RBAM_026060	NA	glyceraldehyde-3-phosphate dehydrogenase	md:bay_M00166	I	2729688	2730710	-
Bacillus velezensis FZB42	bay	RBAM_031290	NA	phosphoglycerate kinase	md:bay_M00166	I	3242064	3243248	-
Bacillus velezensis FZB42	bay	RBAM_031300	gap	type I glyceraldehyde-3-phosphate dehydrogenase	md:bay_M00166	I	3243570	3244577	-
Bacillus velezensis FZB42	bay	RBAM_017690	tkt	transketolase	md:bay_M00167	I	1830052	1832055	+
Bacillus velezensis FZB42	bay	RBAM_034080	rpiB	ribose 5-phosphate isomerase B	md:bay_M00167	I	3519564	3520013	-
Bacillus velezensis FZB42	bay	RBAM_034250	glpX	class II fructose-bisphosphatase	md:bay_M00167	I	3533406	3534371	-
Bacillus velezensis FZB42	bay	RBAM_034280	NA	fructose-bisphosphate aldolase	md:bay_M00167	I	3536761	3537618	-
Bacillus velezensis FZB42	bay	RBAM_026160	mdh	malate dehydrogenase	md:bay_M00168	I	2741414	2742352	-
Bacillus velezensis FZB42	bay	RBAM_027580	pckA	phosphoenolpyruvate carboxykinase (ATP)	md:bay_M00170	I	2898725	2900308	+
Bacillus velezensis FZB42	bay	RBAM_014720	pyc	pyruvate carboxylase	md:bay_M00173	I	1470939	1474385	+
Bacillus velezensis FZB42	bay	RBAM_015920	sucC	ADP-forming succinate--CoA ligase subunit beta	md:bay_M00173	I	1595716	1596873	+
Bacillus velezensis FZB42	bay	RBAM_015930	sucD	succinate--CoA ligase subunit alpha	md:bay_M00173	I	1596902	1597804	+
Bacillus velezensis FZB42	bay	RBAM_017800	acnA	aconitate hydratase AcnA	md:bay_M00173	I	1836841	1839567	+
Bacillus velezensis FZB42	bay	RBAM_025500	sdhB	succinate dehydrogenase iron-sulfur subunit	md:bay_M00173	I	2668991	2669749	-
Bacillus velezensis FZB42	bay	RBAM_025510	sdhA	succinate dehydrogenase flavoprotein subunit	md:bay_M00173	I	2669752	2671512	-
Bacillus velezensis FZB42	bay	RBAM_025520	sdhC	succinate dehydrogenase cytochrome B558	md:bay_M00173	I	2671546	2672154	-
Bacillus velezensis FZB42	bay	RBAM_026160	mdh	malate dehydrogenase	md:bay_M00173	I	2741414	2742352	-
Bacillus velezensis FZB42	bay	RBAM_026170	NA	NADP-dependent isocitrate dehydrogenase	md:bay_M00173	I	2742398	2743669	-
Bacillus velezensis FZB42	bay	RBAM_030160	fumC	class II fumarate hydratase	md:bay_M00173	I	3131045	3132433	-
Bacillus velezensis FZB42	bay	RBAM_015400	NA	phosphoadenylyl-sulfate reductase	md:bay_M00176	I	1545051	1545752	+
Bacillus velezensis FZB42	bay	RBAM_015420	sat	sulfate adenylyltransferase	md:bay_M00176	I	1546878	1548026	+
Bacillus velezensis FZB42	bay	RBAM_015430	cysC	adenylyl-sulfate kinase	md:bay_M00176	I	1548040	1548633	+
Bacillus velezensis FZB42	bay	RBAM_030600	cysI	assimilatory sulfite reductase (NADPH) hemoprotein subunit	md:bay_M00176	I	3174310	3176025	-
Bacillus velezensis FZB42	bay	RBAM_030610	NA	assimilatory sulfite reductase (NADPH) flavoprotein subunit	md:bay_M00176	I	3176053	3177861	-
Bacillus velezensis FZB42	bay	RBAM_008320	NA	2-oxo acid dehydrogenase subunit E2	md:bay_M00307	I	822038	823231	+
Bacillus velezensis FZB42	bay	RBAM_008330	lpdA	dihydrolipoyl dehydrogenase	md:bay_M00307	I	823246	824625	+
Bacillus velezensis FZB42	bay	RBAM_014420	pdhA	pyruvate dehydrogenase (acetyl-transferring) E1 component subunit alpha	md:bay_M00307	I	1445568	1446683	+
Bacillus velezensis FZB42	bay	RBAM_014430	NA	alpha-ketoacid dehydrogenase subunit beta	md:bay_M00307	I	1446687	1447664	+
Bacillus velezensis FZB42	bay	RBAM_014440	pdhC	pyruvate dehydrogenase complex dihydrolipoyllysine-residue acetyltransferase	md:bay_M00307	I	1447788	1449116	+
Bacillus velezensis FZB42	bay	RBAM_014450	lpdA	dihydrolipoyl dehydrogenase	md:bay_M00307	I	1449121	1450533	+
Bacillus velezensis FZB42	bay	RBAM_022340	lpdA	dihydrolipoyl dehydrogenase	md:bay_M00307	I	2370538	2371959	-
Bacillus velezensis FZB42	bay	RBAM_017950	NA	sugar kinase	md:bay_M00308	I	1850558	1851514	+
Bacillus velezensis FZB42	bay	RBAM_017970	eda	bifunctional 4-hydroxy-2-oxoglutarate aldolase/2-dehydro-3-deoxy-phosphogluconate aldolase	md:bay_M00308	I	1852577	1853212	+
Bacillus velezensis FZB42	bay	RBAM_026060	NA	glyceraldehyde-3-phosphate dehydrogenase	md:bay_M00308	I	2729688	2730710	-
Bacillus velezensis FZB42	bay	RBAM_031290	NA	phosphoglycerate kinase	md:bay_M00308	I	3242064	3243248	-
Bacillus velezensis FZB42	bay	RBAM_031300	gap	type I glyceraldehyde-3-phosphate dehydrogenase	md:bay_M00308	I	3243570	3244577	-
Bacillus velezensis FZB42	bay	RBAM_034280	NA	fructose-bisphosphate aldolase	md:bay_M00344	I	3536761	3537618	-
Bacillus velezensis FZB42	bay	RBAM_003620	hxlB	6-phospho-3-hexuloisomerase	md:bay_M00345	I	340244	340801	-
Bacillus velezensis FZB42	bay	RBAM_003630	hxlA	3-hexulose-6-phosphate synthase	md:bay_M00345	I	340798	341433	-
Bacillus velezensis FZB42	bay	RBAM_026240	NA	ATP-dependent 6-phosphofructokinase	md:bay_M00345	I	2750522	2751481	-
Bacillus velezensis FZB42	bay	RBAM_034280	NA	fructose-bisphosphate aldolase	md:bay_M00345	I	3536761	3537618	-
Bacillus velezensis FZB42	bay	RBAM_026160	mdh	malate dehydrogenase	md:bay_M00346	I	2741414	2742352	-
Bacillus velezensis FZB42	bay	RBAM_031260	eno	phosphopyruvate hydratase	md:bay_M00346	I	3238429	3239721	-
Bacillus velezensis FZB42	bay	RBAM_034060	glyA	serine hydroxymethyltransferase	md:bay_M00346	I	3517613	3518860	-
Bacillus velezensis FZB42	bay	RBAM_026400	NA	acetate kinase	md:bay_M00357	I	2767892	2769079	-
Bacillus velezensis FZB42	bay	RBAM_026490	NA	AMP-binding protein	md:bay_M00357	I	2776413	2777999	-
Bacillus velezensis FZB42	bay	RBAM_026800	acsA	acetate--CoA ligase	md:bay_M00357	I	2805782	2807500	-
Bacillus velezensis FZB42	bay	RBAM_034850	pta	phosphate acetyltransferase	md:bay_M00357	I	3590969	3591940	-
Bacillus velezensis FZB42	bay	RBAM_021020	NA	type 2 isopentenyl-diphosphate Delta-isomerase	md:bay_M00364	I	2199004	2200053	-
Bacillus velezensis FZB42	bay	RBAM_022610	NA	polyprenyl synthetase family protein	md:bay_M00364	I	2399602	2400492	-
Bacillus velezensis FZB42	bay	RBAM_027570	metK	methionine adenosyltransferase	md:bay_M00368	I	2897016	2898218	-
Bacillus velezensis FZB42	bay	RBAM_010530	NA	acetyl-CoA C-acyltransferase	md:bay_M00373	I	1033594	1034685	-
Bacillus velezensis FZB42	bay	RBAM_022220	NA	acyl-CoA carboxylase subunit beta	md:bay_M00373	I	2359466	2360983	-
Bacillus velezensis FZB42	bay	RBAM_022230	mce	methylmalonyl-CoA epimerase	md:bay_M00373	I	2360976	2361404	-
Bacillus velezensis FZB42	bay	RBAM_022450	NA	acetyl-CoA C-acetyltransferase	md:bay_M00373	I	2383232	2384413	-
Bacillus velezensis FZB42	bay	RBAM_010530	NA	acetyl-CoA C-acyltransferase	md:bay_M00374	I	1033594	1034685	-
Bacillus velezensis FZB42	bay	RBAM_015920	sucC	ADP-forming succinate--CoA ligase subunit beta	md:bay_M00374	I	1595716	1596873	+
Bacillus velezensis FZB42	bay	RBAM_015930	sucD	succinate--CoA ligase subunit alpha	md:bay_M00374	I	1596902	1597804	+
Bacillus velezensis FZB42	bay	RBAM_022450	NA	acetyl-CoA C-acetyltransferase	md:bay_M00374	I	2383232	2384413	-
Bacillus velezensis FZB42	bay	RBAM_025500	sdhB	succinate dehydrogenase iron-sulfur subunit	md:bay_M00374	I	2668991	2669749	-
Bacillus velezensis FZB42	bay	RBAM_025510	sdhA	succinate dehydrogenase flavoprotein subunit	md:bay_M00374	I	2669752	2671512	-
Bacillus velezensis FZB42	bay	RBAM_025520	sdhC	succinate dehydrogenase cytochrome B558	md:bay_M00374	I	2671546	2672154	-
Bacillus velezensis FZB42	bay	RBAM_026160	mdh	malate dehydrogenase	md:bay_M00374	I	2741414	2742352	-
Bacillus velezensis FZB42	bay	RBAM_010530	NA	acetyl-CoA C-acyltransferase	md:bay_M00375	I	1033594	1034685	-
Bacillus velezensis FZB42	bay	RBAM_022230	mce	methylmalonyl-CoA epimerase	md:bay_M00375	I	2360976	2361404	-
Bacillus velezensis FZB42	bay	RBAM_022450	NA	acetyl-CoA C-acetyltransferase	md:bay_M00375	I	2383232	2384413	-
Bacillus velezensis FZB42	bay	RBAM_018360	NA	acetyl-CoA carboxylase biotin carboxyl carrier protein subunit	md:bay_M00376	I	1924674	1924886	-
Bacillus velezensis FZB42	bay	RBAM_018370	NA	acetyl-CoA carboxylase biotin carboxylase subunit	md:bay_M00376	I	1924883	1926232	-
Bacillus velezensis FZB42	bay	RBAM_022230	mce	methylmalonyl-CoA epimerase	md:bay_M00376	I	2360976	2361404	-
Bacillus velezensis FZB42	bay	RBAM_022670	accC	acetyl-CoA carboxylase biotin carboxylase subunit	md:bay_M00376	I	2404152	2405504	-
Bacillus velezensis FZB42	bay	RBAM_022680	accB	acetyl-CoA carboxylase biotin carboxyl carrier protein	md:bay_M00376	I	2405519	2405998	-
Bacillus velezensis FZB42	bay	RBAM_025500	sdhB	succinate dehydrogenase iron-sulfur subunit	md:bay_M00376	I	2668991	2669749	-
Bacillus velezensis FZB42	bay	RBAM_025510	sdhA	succinate dehydrogenase flavoprotein subunit	md:bay_M00376	I	2669752	2671512	-
Bacillus velezensis FZB42	bay	RBAM_025520	sdhC	succinate dehydrogenase cytochrome B558	md:bay_M00376	I	2671546	2672154	-
Bacillus velezensis FZB42	bay	RBAM_026250	accA	acetyl-CoA carboxylase carboxyl transferase subunit alpha	md:bay_M00376	I	2751673	2752650	-
Bacillus velezensis FZB42	bay	RBAM_026260	accD	acetyl-CoA carboxylase, carboxyltransferase subunit beta	md:bay_M00376	I	2752635	2753507	-
Bacillus velezensis FZB42	bay	RBAM_030160	fumC	class II fumarate hydratase	md:bay_M00376	I	3131045	3132433	-
Bacillus velezensis FZB42	bay	RBAM_022640	folD	bifunctional methylenetetrahydrofolate dehydrogenase/methenyltetrahydrofolate cyclohydrolase FolD	md:bay_M00377	I	2402203	2403054	-
Bacillus velezensis FZB42	bay	RBAM_035400	qoxD	cytochrome aa3 quinol oxidase subunit IV	md:bay_M00416	I	3644545	3644913	-
Bacillus velezensis FZB42	bay	RBAM_035410	qoxC	cytochrome aa3 quinol oxidase subunit III	md:bay_M00416	I	3644915	3645529	-
Bacillus velezensis FZB42	bay	RBAM_035420	qoxB	cytochrome aa3 quinol oxidase subunit I	md:bay_M00416	I	3645544	3647493	-
Bacillus velezensis FZB42	bay	RBAM_035430	qoxA	cytochrome aa3 quinol oxidase subunit II	md:bay_M00416	I	3647521	3648486	-
Bacillus velezensis FZB42	bay	RBAM_025310	leuD	3-isopropylmalate dehydratase small subunit	md:bay_M00432	I	2653486	2654085	-
Bacillus velezensis FZB42	bay	RBAM_025320	leuC	3-isopropylmalate dehydratase large subunit	md:bay_M00432	I	2654101	2655519	-
Bacillus velezensis FZB42	bay	RBAM_025330	leuB	3-isopropylmalate dehydrogenase	md:bay_M00432	I	2655569	2656666	-
Bacillus velezensis FZB42	bay	RBAM_025340	NA	2-isopropylmalate synthase	md:bay_M00432	I	2656687	2658243	-
Bacillus velezensis FZB42	bay	RBAM_004040	NA	aspartate kinase	md:bay_M00525	I	401813	403177	-
Bacillus velezensis FZB42	bay	RBAM_005640	NA	dihydrodipicolinate synthase family protein	md:bay_M00525	I	542506	543300	+
Bacillus velezensis FZB42	bay	RBAM_013780	NA	aminotransferase A	md:bay_M00525	I	1342403	1343572	-
Bacillus velezensis FZB42	bay	RBAM_013950	dapD	2,3,4,5-tetrahydropyridine-2,6-dicarboxylate N-acetyltransferase	md:bay_M00525	I	1356648	1357358	+
Bacillus velezensis FZB42	bay	RBAM_013960	NA	N-acetyldiaminopimelate deacetylase	md:bay_M00525	I	1357429	1358553	+
Bacillus velezensis FZB42	bay	RBAM_016590	asd	aspartate-semialdehyde dehydrogenase	md:bay_M00525	I	1660953	1661993	+
Bacillus velezensis FZB42	bay	RBAM_016600	dapG	aspartate kinase	md:bay_M00525	I	1662081	1663295	+
Bacillus velezensis FZB42	bay	RBAM_016610	dapA	4-hydroxy-tetrahydrodipicolinate synthase	md:bay_M00525	I	1663326	1664195	+
Bacillus velezensis FZB42	bay	RBAM_020640	NA	4-hydroxy-tetrahydrodipicolinate reductase	md:bay_M00525	I	2164696	2165499	-
Bacillus velezensis FZB42	bay	RBAM_021480	lysA	diaminopimelate decarboxylase	md:bay_M00525	I	2240002	2241321	-
Bacillus velezensis FZB42	bay	RBAM_025540	NA	aspartate kinase	md:bay_M00525	I	2672944	2674173	-
Bacillus velezensis FZB42	bay	RBAM_029280	NA	diaminopimelate epimerase	md:bay_M00525	I	3051201	3052055	-
Bacillus velezensis FZB42	bay	RBAM_004040	NA	aspartate kinase	md:bay_M00526	I	401813	403177	-
Bacillus velezensis FZB42	bay	RBAM_005640	NA	dihydrodipicolinate synthase family protein	md:bay_M00526	I	542506	543300	+
Bacillus velezensis FZB42	bay	RBAM_016590	asd	aspartate-semialdehyde dehydrogenase	md:bay_M00526	I	1660953	1661993	+
Bacillus velezensis FZB42	bay	RBAM_016600	dapG	aspartate kinase	md:bay_M00526	I	1662081	1663295	+
Bacillus velezensis FZB42	bay	RBAM_016610	dapA	4-hydroxy-tetrahydrodipicolinate synthase	md:bay_M00526	I	1663326	1664195	+
Bacillus velezensis FZB42	bay	RBAM_020640	NA	4-hydroxy-tetrahydrodipicolinate reductase	md:bay_M00526	I	2164696	2165499	-
Bacillus velezensis FZB42	bay	RBAM_021480	lysA	diaminopimelate decarboxylase	md:bay_M00526	I	2240002	2241321	-
Bacillus velezensis FZB42	bay	RBAM_025540	NA	aspartate kinase	md:bay_M00526	I	2672944	2674173	-
Bacillus velezensis FZB42	bay	RBAM_004040	NA	aspartate kinase	md:bay_M00527	I	401813	403177	-
Bacillus velezensis FZB42	bay	RBAM_005640	NA	dihydrodipicolinate synthase family protein	md:bay_M00527	I	542506	543300	+
Bacillus velezensis FZB42	bay	RBAM_016590	asd	aspartate-semialdehyde dehydrogenase	md:bay_M00527	I	1660953	1661993	+
Bacillus velezensis FZB42	bay	RBAM_016600	dapG	aspartate kinase	md:bay_M00527	I	1662081	1663295	+
Bacillus velezensis FZB42	bay	RBAM_016610	dapA	4-hydroxy-tetrahydrodipicolinate synthase	md:bay_M00527	I	1663326	1664195	+
Bacillus velezensis FZB42	bay	RBAM_020640	NA	4-hydroxy-tetrahydrodipicolinate reductase	md:bay_M00527	I	2164696	2165499	-
Bacillus velezensis FZB42	bay	RBAM_021480	lysA	diaminopimelate decarboxylase	md:bay_M00527	I	2240002	2241321	-
Bacillus velezensis FZB42	bay	RBAM_025540	NA	aspartate kinase	md:bay_M00527	I	2672944	2674173	-
Bacillus velezensis FZB42	bay	RBAM_029280	NA	diaminopimelate epimerase	md:bay_M00527	I	3051201	3052055	-
Bacillus velezensis FZB42	bay	RBAM_034400	narI	respiratory nitrate reductase subunit gamma	md:bay_M00529	I	3550510	3551181	-
Bacillus velezensis FZB42	bay	RBAM_034420	narH	nitrate reductase subunit beta	md:bay_M00529	I	3551761	3553224	-
Bacillus velezensis FZB42	bay	RBAM_034430	NA	nitrate reductase subunit alpha	md:bay_M00529	I	3553214	3556900	-
Bacillus velezensis FZB42	bay	RBAM_003500	nirD	nitrite reductase small subunit NirD	md:bay_M00530	I	325295	325615	-
Bacillus velezensis FZB42	bay	RBAM_003510	NA	nitrite reductase large subunit	md:bay_M00530	I	325636	328053	-
Bacillus velezensis FZB42	bay	RBAM_003530	NA	NAD(P)/FAD-dependent oxidoreductase	md:bay_M00530	I	330298	332625	-
Bacillus velezensis FZB42	bay	RBAM_034400	narI	respiratory nitrate reductase subunit gamma	md:bay_M00530	I	3550510	3551181	-
Bacillus velezensis FZB42	bay	RBAM_034420	narH	nitrate reductase subunit beta	md:bay_M00530	I	3551761	3553224	-
Bacillus velezensis FZB42	bay	RBAM_034430	NA	nitrate reductase subunit alpha	md:bay_M00530	I	3553214	3556900	-
Bacillus velezensis FZB42	bay	RBAM_003520	NA	nitrite reductase	md:bay_M00531	I	328173	330305	-
Bacillus velezensis FZB42	bay	RBAM_008330	lpdA	dihydrolipoyl dehydrogenase	md:bay_M00532	I	823246	824625	+
Bacillus velezensis FZB42	bay	RBAM_009090	NA	catalase	md:bay_M00532	I	889390	890835	-
Bacillus velezensis FZB42	bay	RBAM_014450	lpdA	dihydrolipoyl dehydrogenase	md:bay_M00532	I	1449121	1450533	+
Bacillus velezensis FZB42	bay	RBAM_022340	lpdA	dihydrolipoyl dehydrogenase	md:bay_M00532	I	2370538	2371959	-
Bacillus velezensis FZB42	bay	RBAM_022890	gcvT	glycine cleavage system aminomethyltransferase GcvT	md:bay_M00532	I	2421655	2422755	-
Bacillus velezensis FZB42	bay	RBAM_029880	gcvH	glycine cleavage system protein GcvH	md:bay_M00532	I	3104809	3105192	-
Bacillus velezensis FZB42	bay	RBAM_034060	glyA	serine hydroxymethyltransferase	md:bay_M00532	I	3517613	3518860	-
Bacillus velezensis FZB42	bay	RBAM_035940	NA	catalase	md:bay_M00532	I	3695032	3696645	+
Bacillus velezensis FZB42	bay	RBAM_036170	NA	catalase	md:bay_M00532	I	3722466	3724517	-
Bacillus velezensis FZB42	bay	RBAM_025310	leuD	3-isopropylmalate dehydratase small subunit	md:bay_M00535	I	2653486	2654085	-
Bacillus velezensis FZB42	bay	RBAM_025320	leuC	3-isopropylmalate dehydratase large subunit	md:bay_M00535	I	2654101	2655519	-
Bacillus velezensis FZB42	bay	RBAM_025330	leuB	3-isopropylmalate dehydrogenase	md:bay_M00535	I	2655569	2656666	-
Bacillus velezensis FZB42	bay	RBAM_029500	NA	allantoinase	md:bay_M00546	I	3071500	3072864	-
Bacillus velezensis FZB42	bay	RBAM_009570	NA	phospho-sugar mutase	md:bay_M00549	I	935444	937186	+
Bacillus velezensis FZB42	bay	RBAM_018310	galU	UTP--glucose-1-phosphate uridylyltransferase GalU	md:bay_M00549	I	1919806	1920699	+
Bacillus velezensis FZB42	bay	RBAM_023170	NA	ROK family glucokinase	md:bay_M00549	I	2441502	2442464	-
Bacillus velezensis FZB42	bay	RBAM_032820	galU	UTP--glucose-1-phosphate uridylyltransferase GalU	md:bay_M00549	I	3400758	3401642	+
Bacillus velezensis FZB42	bay	RBAM_025840	araD	L-ribulose-5-phosphate 4-epimerase	md:bay_M00550	I	2708530	2709219	-
Bacillus velezensis FZB42	bay	RBAM_026060	NA	glyceraldehyde-3-phosphate dehydrogenase	md:bay_M00552	I	2729688	2730710	-
Bacillus velezensis FZB42	bay	RBAM_031290	NA	phosphoglycerate kinase	md:bay_M00552	I	3242064	3243248	-
Bacillus velezensis FZB42	bay	RBAM_031300	gap	type I glyceraldehyde-3-phosphate dehydrogenase	md:bay_M00552	I	3243570	3244577	-
Bacillus velezensis FZB42	bay	RBAM_012130	galT	UDP-glucose--hexose-1-phosphate uridylyltransferase	md:bay_M00554	I	1181257	1182756	-
Bacillus velezensis FZB42	bay	RBAM_012150	NA	galactokinase	md:bay_M00554	I	1183754	1184923	-
Bacillus velezensis FZB42	bay	RBAM_035450	galT	UDP-glucose--hexose-1-phosphate uridylyltransferase	md:bay_M00554	I	3649251	3650792	-
Bacillus velezensis FZB42	bay	RBAM_035460	NA	galactokinase	md:bay_M00554	I	3650782	3651966	-
Bacillus velezensis FZB42	bay	RBAM_028150	NA	iron-containing alcohol dehydrogenase	md:bay_M00555	I	2932195	2933403	-
Bacillus velezensis FZB42	bay	RBAM_028160	betB	betaine-aldehyde dehydrogenase	md:bay_M00555	I	2933421	2934893	-
Bacillus velezensis FZB42	bay	RBAM_008430	NA	VOC family protein	md:bay_M00569	I	837672	838529	+
Bacillus velezensis FZB42	bay	RBAM_034670	NA	4-oxalocrotonate tautomerase	md:bay_M00569	I	3576370	3576558	+
Bacillus velezensis FZB42	bay	RBAM_002760	NA	branched-chain amino acid aminotransferase	md:bay_M00570	I	248604	249671	+
Bacillus velezensis FZB42	bay	RBAM_019920	ilvA	threonine ammonia-lyase IlvA	md:bay_M00570	I	2099173	2100441	-
Bacillus velezensis FZB42	bay	RBAM_020010	ilvD	dihydroxy-acid dehydratase	md:bay_M00570	I	2106531	2108207	-
Bacillus velezensis FZB42	bay	RBAM_025350	ilvC	ketol-acid reductoisomerase	md:bay_M00570	I	2658230	2659258	-
Bacillus velezensis FZB42	bay	RBAM_025360	ilvN	acetolactate synthase small subunit	md:bay_M00570	I	2659281	2659799	-
Bacillus velezensis FZB42	bay	RBAM_025370	ilvB	acetolactate synthase large subunit	md:bay_M00570	I	2659796	2661520	-
Bacillus velezensis FZB42	bay	RBAM_033170	alsS	acetolactate synthase AlsS	md:bay_M00570	I	3440023	3441735	-
Bacillus velezensis FZB42	bay	RBAM_035750	NA	branched-chain amino acid aminotransferase	md:bay_M00570	I	3676045	3677136	+
Bacillus velezensis FZB42	bay	RBAM_006010	fabF	beta-ketoacyl-ACP synthase II	md:bay_M00572	I	578776	580011	-
Bacillus velezensis FZB42	bay	RBAM_011340	fabF	beta-ketoacyl-ACP synthase II	md:bay_M00572	I	1110075	1111313	+
Bacillus velezensis FZB42	bay	RBAM_011730	fabI	enoyl-ACP reductase FabI	md:bay_M00572	I	1148430	1149206	+
Bacillus velezensis FZB42	bay	RBAM_015740	fabG	3-oxoacyl-[acyl-carrier-protein] reductase	md:bay_M00572	I	1579588	1580328	+
Bacillus velezensis FZB42	bay	RBAM_016720	NA	SDR family oxidoreductase	md:bay_M00572	I	1678241	1678969	+
Bacillus velezensis FZB42	bay	RBAM_018710	NA	3-ketoacyl-ACP reductase	md:bay_M00572	I	1995810	1996526	-
Bacillus velezensis FZB42	bay	RBAM_022040	NA	SDR family oxidoreductase	md:bay_M00572	I	2340581	2341318	-
Bacillus velezensis FZB42	bay	RBAM_026350	NA	SDR family oxidoreductase	md:bay_M00572	I	2763436	2764203	-
Bacillus velezensis FZB42	bay	RBAM_030000	NA	SDR family NAD(P)-dependent oxidoreductase	md:bay_M00572	I	3115690	3116430	-
Bacillus velezensis FZB42	bay	RBAM_030870	NA	SDR family oxidoreductase	md:bay_M00572	I	3202703	3203497	-
Bacillus velezensis FZB42	bay	RBAM_033570	fabZ	3-hydroxyacyl-ACP dehydratase FabZ	md:bay_M00572	I	3474668	3475093	-
Bacillus velezensis FZB42	bay	RBAM_018240	NA	cytochrome P450	md:bay_M00573	I	1912934	1914130	-
Bacillus velezensis FZB42	bay	RBAM_018250	NA	biotin synthase	md:bay_M00573	I	1914132	1915151	-
Bacillus velezensis FZB42	bay	RBAM_018260	bioD	ATP-dependent dethiobiotin synthetase BioD	md:bay_M00573	I	1915154	1915855	-
Bacillus velezensis FZB42	bay	RBAM_018270	bioF	8-amino-7-oxononanoate synthase	md:bay_M00573	I	1915852	1917012	-
Bacillus velezensis FZB42	bay	RBAM_018280	bioA	adenosylmethionine--8-amino-7-oxononanoate transaminase	md:bay_M00573	I	1917002	1918348	-
Bacillus velezensis FZB42	bay	RBAM_018250	NA	biotin synthase	md:bay_M00577	I	1914132	1915151	-
Bacillus velezensis FZB42	bay	RBAM_018260	bioD	ATP-dependent dethiobiotin synthetase BioD	md:bay_M00577	I	1915154	1915855	-
Bacillus velezensis FZB42	bay	RBAM_018270	bioF	8-amino-7-oxononanoate synthase	md:bay_M00577	I	1915852	1917012	-
Bacillus velezensis FZB42	bay	RBAM_018280	bioA	adenosylmethionine--8-amino-7-oxononanoate transaminase	md:bay_M00577	I	1917002	1918348	-
Bacillus velezensis FZB42	bay	RBAM_018290	NA	6-carboxyhexanoate--CoA ligase	md:bay_M00577	I	1918345	1919115	-
Bacillus velezensis FZB42	bay	RBAM_026400	NA	acetate kinase	md:bay_M00579	I	2767892	2769079	-
Bacillus velezensis FZB42	bay	RBAM_034850	pta	phosphate acetyltransferase	md:bay_M00579	I	3590969	3591940	-
Bacillus velezensis FZB42	bay	RBAM_003620	hxlB	6-phospho-3-hexuloisomerase	md:bay_M00580	I	340244	340801	-
Bacillus velezensis FZB42	bay	RBAM_003630	hxlA	3-hexulose-6-phosphate synthase	md:bay_M00580	I	340798	341433	-
Bacillus velezensis FZB42	bay	RBAM_015420	sat	sulfate adenylyltransferase	md:bay_M00596	I	1546878	1548026	+
Bacillus velezensis FZB42	bay	RBAM_024350	NA	bifunctional cystathionine gamma-lyase/homocysteine desulfhydrase	md:bay_M00609	I	2555613	2556755	-
Bacillus velezensis FZB42	bay	RBAM_024360	NA	cysteine synthase family protein	md:bay_M00609	I	2556757	2557680	-
Bacillus velezensis FZB42	bay	RBAM_024370	mtnN	5'-methylthioadenosine/S-adenosylhomocysteine nucleosidase	md:bay_M00609	I	2557728	2558423	-
Bacillus velezensis FZB42	bay	RBAM_024380	NA	class I SAM-dependent methyltransferase	md:bay_M00609	I	2558444	2559085	-
Bacillus velezensis FZB42	bay	RBAM_027570	metK	methionine adenosyltransferase	md:bay_M00609	I	2897016	2898218	-
Bacillus velezensis FZB42	bay	RBAM_027680	NA	S-ribosylhomocysteine lyase	md:bay_M00609	I	2906617	2907090	-
Bacillus velezensis FZB42	bay	RBAM_003540	NA	NarK/NasA family nitrate transporter	md:bay_M00615	I	332806	334011	+
Bacillus velezensis FZB42	bay	RBAM_034470	narK	nitrate transporter NarK	md:bay_M00615	I	3559262	3560452	-
Bacillus velezensis FZB42	bay	RBAM_015920	sucC	ADP-forming succinate--CoA ligase subunit beta	md:bay_M00620	I	1595716	1596873	+
Bacillus velezensis FZB42	bay	RBAM_015930	sucD	succinate--CoA ligase subunit alpha	md:bay_M00620	I	1596902	1597804	+
Bacillus velezensis FZB42	bay	RBAM_026160	mdh	malate dehydrogenase	md:bay_M00620	I	2741414	2742352	-
Bacillus velezensis FZB42	bay	RBAM_012080	bla	class A beta-lactamase	md:bay_M00627	I	1176356	1177276	+
Bacillus velezensis FZB42	bay	RBAM_012380	uxaC	glucuronate isomerase	md:bay_M00631	I	1207397	1208794	+
Bacillus velezensis FZB42	bay	RBAM_012410	NA	tagaturonate reductase	md:bay_M00631	I	1211355	1212800	+
Bacillus velezensis FZB42	bay	RBAM_012420	NA	altronate dehydratase	md:bay_M00631	I	1212797	1214290	+
Bacillus velezensis FZB42	bay	RBAM_017950	NA	sugar kinase	md:bay_M00631	I	1850558	1851514	+
Bacillus velezensis FZB42	bay	RBAM_017970	eda	bifunctional 4-hydroxy-2-oxoglutarate aldolase/2-dehydro-3-deoxy-phosphogluconate aldolase	md:bay_M00631	I	1852577	1853212	+
Bacillus velezensis FZB42	bay	RBAM_012130	galT	UDP-glucose--hexose-1-phosphate uridylyltransferase	md:bay_M00632	I	1181257	1182756	-
Bacillus velezensis FZB42	bay	RBAM_012140	galE	UDP-glucose 4-epimerase GalE	md:bay_M00632	I	1182758	1183750	-
Bacillus velezensis FZB42	bay	RBAM_012150	NA	galactokinase	md:bay_M00632	I	1183754	1184923	-
Bacillus velezensis FZB42	bay	RBAM_018480	NA	aldose 1-epimerase	md:bay_M00632	I	1970979	1971947	-
Bacillus velezensis FZB42	bay	RBAM_035450	galT	UDP-glucose--hexose-1-phosphate uridylyltransferase	md:bay_M00632	I	3649251	3650792	-
Bacillus velezensis FZB42	bay	RBAM_035460	NA	galactokinase	md:bay_M00632	I	3650782	3651966	-
Bacillus velezensis FZB42	bay	RBAM_036080	galE	UDP-glucose 4-epimerase GalE	md:bay_M00632	I	3713154	3714170	-
Bacillus velezensis FZB42	bay	RBAM_019410	NA	M15 family metallopeptidase	md:bay_M00651	I	2059754	2060572	-
Bacillus velezensis FZB42	bay	RBAM_032060	NA	ABC transporter ATP-binding protein	md:bay_M00700	I	3321645	3323414	-
Bacillus velezensis FZB42	bay	RBAM_035710	dltA	D-alanine--poly(phosphoribitol) ligase subunit DltA	md:bay_M00725	I	3671740	3673251	+
Bacillus velezensis FZB42	bay	RBAM_035720	dltB	D-alanyl-lipoteichoic acid biosynthesis protein DltB	md:bay_M00725	I	3673248	3674429	+
Bacillus velezensis FZB42	bay	RBAM_035730	dltC	D-alanine--poly(phosphoribitol) ligase subunit 2	md:bay_M00725	I	3674446	3674682	+
Bacillus velezensis FZB42	bay	RBAM_035740	dltD	D-alanyl-lipoteichoic acid biosynthesis protein DltD	md:bay_M00725	I	3674683	3675861	+
Bacillus velezensis FZB42	bay	RBAM_008530	mprF	bifunctional lysylphosphatidylglycerol flippase/synthetase MprF	md:bay_M00726	I	848253	850823	+
Bacillus velezensis FZB42	bay	RBAM_029000	NA	MbtH family NRPS accessory protein	md:bay_M00736	I	3021021	3021236	-
Bacillus velezensis FZB42	bay	RBAM_009700	NA	citrate synthase/methylcitrate synthase	md:bay_M00740	I	949504	950607	+
Bacillus velezensis FZB42	bay	RBAM_017800	acnA	aconitate hydratase AcnA	md:bay_M00740	I	1836841	1839567	+
Bacillus velezensis FZB42	bay	RBAM_022420	mmgD	citrate synthase	md:bay_M00740	I	2380077	2381174	-
Bacillus velezensis FZB42	bay	RBAM_026160	mdh	malate dehydrogenase	md:bay_M00740	I	2741414	2742352	-
Bacillus velezensis FZB42	bay	RBAM_026170	NA	NADP-dependent isocitrate dehydrogenase	md:bay_M00740	I	2742398	2743669	-
Bacillus velezensis FZB42	bay	RBAM_026180	citZ	citrate synthase	md:bay_M00740	I	2743830	2744948	-
Bacillus velezensis FZB42	bay	RBAM_022220	NA	acyl-CoA carboxylase subunit beta	md:bay_M00741	I	2359466	2360983	-
Bacillus velezensis FZB42	bay	RBAM_022230	mce	methylmalonyl-CoA epimerase	md:bay_M00741	I	2360976	2361404	-
Bacillus velezensis FZB42	bay	RBAM_034870	NA	SDR family oxidoreductase	md:bay_M00787	I	3593086	3593865	+
Bacillus velezensis FZB42	bay	RBAM_034880	NA	pyridoxal phosphate-dependent aminotransferase	md:bay_M00787	I	3593882	3595081	-
Bacillus velezensis FZB42	bay	RBAM_034900	NA	ATP-grasp domain-containing protein	md:bay_M00787	I	3596272	3597690	-
Bacillus velezensis FZB42	bay	RBAM_034910	bacC	dihydroanticapsin 7-dehydrogenase	md:bay_M00787	I	3597708	3598469	-
Bacillus velezensis FZB42	bay	RBAM_034920	NA	cupin domain-containing protein	md:bay_M00787	I	3598466	3599176	-
Bacillus velezensis FZB42	bay	RBAM_034930	NA	bacilysin biosynthesis protein BacA	md:bay_M00787	I	3599166	3599780	-
Bacillus velezensis FZB42	bay	RBAM_035060	NA	spore coat protein	md:bay_M00793	I	3613865	3614320	-
Bacillus velezensis FZB42	bay	RBAM_035070	rfbD	dTDP-4-dehydrorhamnose reductase	md:bay_M00793	I	3614317	3615165	-
Bacillus velezensis FZB42	bay	RBAM_035080	rfbB	dTDP-glucose 4,6-dehydratase	md:bay_M00793	I	3615186	3616133	-
Bacillus velezensis FZB42	bay	RBAM_035090	NA	glucose-1-phosphate thymidylyltransferase	md:bay_M00793	I	3616136	3616873	-
Bacillus velezensis FZB42	bay	RBAM_034420	narH	nitrate reductase subunit beta	md:bay_M00804	I	3551761	3553224	-
Bacillus velezensis FZB42	bay	RBAM_034430	NA	nitrate reductase subunit alpha	md:bay_M00804	I	3553214	3556900	-
Bacillus velezensis FZB42	bay	RBAM_000890	folB	dihydroneopterin aldolase	md:bay_M00840	I	87218	87580	+
Bacillus velezensis FZB42	bay	RBAM_019960	NA	dihydrofolate reductase	md:bay_M00840	I	2102959	2103444	-
Bacillus velezensis FZB42	bay	RBAM_021400	NA	bifunctional 3,4-dihydroxy-2-butanone-4-phosphate synthase/GTP cyclohydrolase II	md:bay_M00840	I	2233098	2234294	-
Bacillus velezensis FZB42	bay	RBAM_020940	folE	GTP cyclohydrolase I FolE	md:bay_M00841	I	2191247	2191819	-
Bacillus velezensis FZB42	bay	RBAM_025130	NA	bifunctional folylpolyglutamate synthase/dihydrofolate synthase	md:bay_M00841	I	2629774	2631066	-
Bacillus velezensis FZB42	bay	RBAM_013500	queD	6-carboxytetrahydropterin synthase QueD	md:bay_M00842	I	1313369	1313812	+
Bacillus velezensis FZB42	bay	RBAM_020940	folE	GTP cyclohydrolase I FolE	md:bay_M00842	I	2191247	2191819	-
Bacillus velezensis FZB42	bay	RBAM_013500	queD	6-carboxytetrahydropterin synthase QueD	md:bay_M00843	I	1313369	1313812	+
Bacillus velezensis FZB42	bay	RBAM_020940	folE	GTP cyclohydrolase I FolE	md:bay_M00843	I	2191247	2191819	-
Bacillus velezensis FZB42	bay	RBAM_011250	argF	ornithine carbamoyltransferase	md:bay_M00844	I	1104361	1105332	+
Bacillus velezensis FZB42	bay	RBAM_026370	argH	argininosuccinate lyase	md:bay_M00844	I	2764543	2765919	-
Bacillus velezensis FZB42	bay	RBAM_026380	NA	argininosuccinate synthase	md:bay_M00844	I	2765916	2767127	-
Bacillus velezensis FZB42	bay	RBAM_011190	NA	N-acetyl-gamma-glutamyl-phosphate reductase	md:bay_M00845	I	1095935	1096972	+
Bacillus velezensis FZB42	bay	RBAM_011220	NA	acetylornithine transaminase	md:bay_M00845	I	1099000	1100157	+
Bacillus velezensis FZB42	bay	RBAM_019540	NA	peptidase	md:bay_M00845	I	2067443	2068750	-
Bacillus velezensis FZB42	bay	RBAM_026370	argH	argininosuccinate lyase	md:bay_M00845	I	2764543	2765919	-
Bacillus velezensis FZB42	bay	RBAM_026380	NA	argininosuccinate synthase	md:bay_M00845	I	2765916	2767127	-
Bacillus velezensis FZB42	bay	RBAM_003490	cobA	uroporphyrinogen-III C-methyltransferase	md:bay_M00846	I	323789	325228	-
Bacillus velezensis FZB42	bay	RBAM_008800	NA	glutamate-1-semialdehyde 2,1-aminomutase	md:bay_M00846	I	871992	873281	-
Bacillus velezensis FZB42	bay	RBAM_012310	NA	uroporphyrinogen-III synthase	md:bay_M00846	I	1201208	1202026	+
Bacillus velezensis FZB42	bay	RBAM_015440	cobA	uroporphyrinogen-III C-methyltransferase	md:bay_M00846	I	1548758	1549531	+
Bacillus velezensis FZB42	bay	RBAM_015450	NA	sirohydrochlorin chelatase	md:bay_M00846	I	1549532	1550317	+
Bacillus velezensis FZB42	bay	RBAM_015460	NA	precorrin-2 dehydrogenase	md:bay_M00846	I	1550298	1550786	+
Bacillus velezensis FZB42	bay	RBAM_025180	NA	glutamate-1-semialdehyde 2,1-aminomutase	md:bay_M00846	I	2637456	2638745	-
Bacillus velezensis FZB42	bay	RBAM_025190	hemB	porphobilinogen synthase	md:bay_M00846	I	2638774	2639748	-
Bacillus velezensis FZB42	bay	RBAM_025200	NA	uroporphyrinogen-III synthase	md:bay_M00846	I	2639754	2640533	-
Bacillus velezensis FZB42	bay	RBAM_025210	hemC	hydroxymethylbilane synthase	md:bay_M00846	I	2640523	2641464	-
Bacillus velezensis FZB42	bay	RBAM_025230	NA	glutamyl-tRNA reductase	md:bay_M00846	I	2642337	2643704	-
Bacillus velezensis FZB42	bay	RBAM_003800	NA	UbiX family flavin prenyltransferase	md:bay_M00849	I	378004	378618	+
Bacillus velezensis FZB42	bay	RBAM_010530	NA	acetyl-CoA C-acyltransferase	md:bay_M00849	I	1033594	1034685	-
Bacillus velezensis FZB42	bay	RBAM_021020	NA	type 2 isopentenyl-diphosphate Delta-isomerase	md:bay_M00849	I	2199004	2200053	-
Bacillus velezensis FZB42	bay	RBAM_022450	NA	acetyl-CoA C-acetyltransferase	md:bay_M00849	I	2383232	2384413	-
Bacillus velezensis FZB42	bay	RBAM_018310	galU	UTP--glucose-1-phosphate uridylyltransferase GalU	md:bay_M00854	I	1919806	1920699	+
Bacillus velezensis FZB42	bay	RBAM_032820	galU	UTP--glucose-1-phosphate uridylyltransferase GalU	md:bay_M00854	I	3400758	3401642	+
Bacillus velezensis FZB42	bay	RBAM_009570	NA	phospho-sugar mutase	md:bay_M00855	I	935444	937186	+
Bacillus velezensis FZB42	bay	RBAM_033020	NA	CapA family protein	md:bay_M00860	I	3426199	3427347	-
Bacillus velezensis FZB42	bay	RBAM_033030	pgsC	poly-gamma-glutamate biosynthesis protein PgsC	md:bay_M00860	I	3427366	3427815	-
Bacillus velezensis FZB42	bay	RBAM_033040	pgsB	poly-gamma-glutamate synthase PgsB	md:bay_M00860	I	3427830	3429011	-
Bacillus velezensis FZB42	bay	RBAM_010350	hemE	uroporphyrinogen decarboxylase	md:bay_M00868	I	1013321	1014382	+
Bacillus velezensis FZB42	bay	RBAM_010360	hemH	ferrochelatase	md:bay_M00868	I	1014458	1015393	+
Bacillus velezensis FZB42	bay	RBAM_010370	hemY	protoporphyrinogen oxidase	md:bay_M00868	I	1015421	1016854	+
Bacillus velezensis FZB42	bay	RBAM_012310	NA	uroporphyrinogen-III synthase	md:bay_M00868	I	1201208	1202026	+
Bacillus velezensis FZB42	bay	RBAM_025190	hemB	porphobilinogen synthase	md:bay_M00868	I	2638774	2639748	-
Bacillus velezensis FZB42	bay	RBAM_025200	NA	uroporphyrinogen-III synthase	md:bay_M00868	I	2639754	2640533	-
Bacillus velezensis FZB42	bay	RBAM_025210	hemC	hydroxymethylbilane synthase	md:bay_M00868	I	2640523	2641464	-
Bacillus velezensis FZB42	bay	RBAM_006010	fabF	beta-ketoacyl-ACP synthase II	md:bay_M00873	I	578776	580011	-
Bacillus velezensis FZB42	bay	RBAM_011340	fabF	beta-ketoacyl-ACP synthase II	md:bay_M00873	I	1110075	1111313	+
Bacillus velezensis FZB42	bay	RBAM_015730	fabD	ACP S-malonyltransferase	md:bay_M00873	I	1578642	1579595	+
Bacillus velezensis FZB42	bay	RBAM_018190	fabD	ACP S-malonyltransferase	md:bay_M00873	I	1907227	1908429	-
Bacillus velezensis FZB42	bay	RBAM_006010	fabF	beta-ketoacyl-ACP synthase II	md:bay_M00874	I	578776	580011	-
Bacillus velezensis FZB42	bay	RBAM_011340	fabF	beta-ketoacyl-ACP synthase II	md:bay_M00874	I	1110075	1111313	+
Bacillus velezensis FZB42	bay	RBAM_015730	fabD	ACP S-malonyltransferase	md:bay_M00874	I	1578642	1579595	+
Bacillus velezensis FZB42	bay	RBAM_015740	fabG	3-oxoacyl-[acyl-carrier-protein] reductase	md:bay_M00874	I	1579588	1580328	+
Bacillus velezensis FZB42	bay	RBAM_016720	NA	SDR family oxidoreductase	md:bay_M00874	I	1678241	1678969	+
Bacillus velezensis FZB42	bay	RBAM_018190	fabD	ACP S-malonyltransferase	md:bay_M00874	I	1907227	1908429	-
Bacillus velezensis FZB42	bay	RBAM_018710	NA	3-ketoacyl-ACP reductase	md:bay_M00874	I	1995810	1996526	-
Bacillus velezensis FZB42	bay	RBAM_022040	NA	SDR family oxidoreductase	md:bay_M00874	I	2340581	2341318	-
Bacillus velezensis FZB42	bay	RBAM_026350	NA	SDR family oxidoreductase	md:bay_M00874	I	2763436	2764203	-
Bacillus velezensis FZB42	bay	RBAM_030000	NA	SDR family NAD(P)-dependent oxidoreductase	md:bay_M00874	I	3115690	3116430	-
Bacillus velezensis FZB42	bay	RBAM_030870	NA	SDR family oxidoreductase	md:bay_M00874	I	3202703	3203497	-
Bacillus velezensis FZB42	bay	RBAM_022440	NA	3-hydroxybutyryl-CoA dehydrogenase	md:bay_M00878	I	2382361	2383212	-
Bacillus velezensis FZB42	bay	RBAM_006410	moaC	cyclic pyranopterin monophosphate synthase MoaC	md:bay_M00880	I	616173	616685	+
Bacillus velezensis FZB42	bay	RBAM_014040	NA	molybdopterin molybdotransferase MoeA	md:bay_M00880	I	1364345	1365637	+
Bacillus velezensis FZB42	bay	RBAM_014060	NA	molybdenum cofactor biosynthesis protein MoaE	md:bay_M00880	I	1366120	1366590	+
Bacillus velezensis FZB42	bay	RBAM_026390	NA	molybdenum cofactor biosynthesis protein MoaB	md:bay_M00880	I	2767280	2767792	-
Bacillus velezensis FZB42	bay	RBAM_033870	moaA	GTP 3',8-cyclase MoaA	md:bay_M00880	I	3501025	3502050	-
Bacillus velezensis FZB42	bay	RBAM_029430	lipA	lipoyl synthase	md:bay_M00881	I	3064943	3065839	-
Bacillus velezensis FZB42	bay	RBAM_029430	lipA	lipoyl synthase	md:bay_M00882	I	3064943	3065839	-
Bacillus velezensis FZB42	bay	RBAM_022850	NA	lipoate--protein ligase family protein	md:bay_M00883	I	2417365	2418201	-
Bacillus velezensis FZB42	bay	RBAM_029430	lipA	lipoyl synthase	md:bay_M00883	I	3064943	3065839	-
Bacillus velezensis FZB42	bay	RBAM_034820	NA	lipoate--protein ligase family protein	md:bay_M00883	I	3588030	3588893	-
Bacillus velezensis FZB42	bay	RBAM_029430	lipA	lipoyl synthase	md:bay_M00884	I	3064943	3065839	-
Bacillus velezensis FZB42	bay	RBAM_005710	thiD	bifunctional hydroxymethylpyrimidine kinase/phosphomethylpyrimidine kinase	md:bay_M00895	I	547848	548666	+
Bacillus velezensis FZB42	bay	RBAM_006350	NA	thiamine-phosphate kinase	md:bay_M00895	I	610243	611220	+
Bacillus velezensis FZB42	bay	RBAM_009060	thiC	phosphomethylpyrimidine synthase ThiC	md:bay_M00895	I	885531	887303	+
Bacillus velezensis FZB42	bay	RBAM_011670	tenI	thiazole tautomerase TenI	md:bay_M00895	I	1143780	1144397	+
Bacillus velezensis FZB42	bay	RBAM_011680	thiO	glycine oxidase ThiO	md:bay_M00895	I	1144381	1145490	+
Bacillus velezensis FZB42	bay	RBAM_011690	thiS	sulfur carrier protein ThiS	md:bay_M00895	I	1145487	1145690	+
Bacillus velezensis FZB42	bay	RBAM_011700	thiG	thiazole synthase	md:bay_M00895	I	1145687	1146457	+
Bacillus velezensis FZB42	bay	RBAM_011710	NA	thiazole biosynthesis adenylyltransferase ThiF	md:bay_M00895	I	1146454	1147464	+
Bacillus velezensis FZB42	bay	RBAM_011720	thiD	bifunctional hydroxymethylpyrimidine kinase/phosphomethylpyrimidine kinase	md:bay_M00895	I	1147487	1148299	+
Bacillus velezensis FZB42	bay	RBAM_026510	thiI	tRNA 4-thiouridine(8) synthase ThiI	md:bay_M00895	I	2778450	2779655	-
Bacillus velezensis FZB42	bay	RBAM_035550	NA	thiamine phosphate synthase	md:bay_M00895	I	3657554	3658228	-
Bacillus velezensis FZB42	bay	RBAM_005710	thiD	bifunctional hydroxymethylpyrimidine kinase/phosphomethylpyrimidine kinase	md:bay_M00896	I	547848	548666	+
Bacillus velezensis FZB42	bay	RBAM_006350	NA	thiamine-phosphate kinase	md:bay_M00896	I	610243	611220	+
Bacillus velezensis FZB42	bay	RBAM_009060	thiC	phosphomethylpyrimidine synthase ThiC	md:bay_M00896	I	885531	887303	+
Bacillus velezensis FZB42	bay	RBAM_011720	thiD	bifunctional hydroxymethylpyrimidine kinase/phosphomethylpyrimidine kinase	md:bay_M00896	I	1147487	1148299	+
Bacillus velezensis FZB42	bay	RBAM_035550	NA	thiamine phosphate synthase	md:bay_M00896	I	3657554	3658228	-
Bacillus velezensis FZB42	bay	RBAM_009060	thiC	phosphomethylpyrimidine synthase ThiC	md:bay_M00897	I	885531	887303	+
Bacillus velezensis FZB42	bay	RBAM_015630	NA	thiamine diphosphokinase	md:bay_M00897	I	1569803	1570447	+
Bacillus velezensis FZB42	bay	RBAM_015630	NA	thiamine diphosphokinase	md:bay_M00898	I	1569803	1570447	+
Bacillus velezensis FZB42	bay	RBAM_005710	thiD	bifunctional hydroxymethylpyrimidine kinase/phosphomethylpyrimidine kinase	md:bay_M00899	I	547848	548666	+
Bacillus velezensis FZB42	bay	RBAM_011720	thiD	bifunctional hydroxymethylpyrimidine kinase/phosphomethylpyrimidine kinase	md:bay_M00899	I	1147487	1148299	+
Bacillus velezensis FZB42	bay	RBAM_035550	NA	thiamine phosphate synthase	md:bay_M00899	I	3657554	3658228	-
Bacillus velezensis FZB42	bay	RBAM_035560	thiM	hydroxyethylthiazole kinase	md:bay_M00899	I	3658225	3659043	-
Bacillus velezensis FZB42	bay	RBAM_000590	glmU	bifunctional UDP-N-acetylglucosamine diphosphorylase/glucosamine-1-phosphate N-acetyltransferase GlmU	md:bay_M00909	I	57103	58473	+
Bacillus velezensis FZB42	bay	RBAM_002300	NA	phosphoglucosamine mutase	md:bay_M00909	I	202342	203688	+
Bacillus velezensis FZB42	bay	RBAM_002320	glmS	glutamine--fructose-6-phosphate transaminase (isomerizing)	md:bay_M00909	I	204120	205922	+
Bacillus velezensis FZB42	bay	RBAM_023170	NA	ROK family glucokinase	md:bay_M00909	I	2441502	2442464	-
Bacillus velezensis FZB42	bay	RBAM_028430	NA	glucose-6-phosphate isomerase	md:bay_M00909	I	2962220	2963572	-
Bacillus velezensis FZB42	bay	RBAM_021390	NA	6,7-dimethyl-8-ribityllumazine synthase	md:bay_M00911	I	2232601	2233065	-
Bacillus velezensis FZB42	bay	RBAM_021410	ribE	riboflavin synthase	md:bay_M00911	I	2234309	2234956	-
Bacillus velezensis FZB42	bay	RBAM_003360	nadE	ammonia-dependent NAD(+) synthetase	md:bay_M00912	I	309990	310808	+
Bacillus velezensis FZB42	bay	RBAM_023940	NA	nicotinate-nucleotide adenylyltransferase	md:bay_M00912	I	2513244	2513813	-
Bacillus velezensis FZB42	bay	RBAM_024910	nadC	carboxylating nicotinate-nucleotide diphosphorylase	md:bay_M00912	I	2611578	2612426	-
Bacillus velezensis FZB42	bay	RBAM_014180	NA	ketopantoate reductase family protein	md:bay_M00913	I	1377635	1378543	+
Bacillus velezensis FZB42	bay	RBAM_014970	NA	2-dehydropantoate 2-reductase	md:bay_M00913	I	1493667	1494587	+
Bacillus velezensis FZB42	bay	RBAM_019060	NA	aldehyde dehydrogenase family protein	md:bay_M00913	I	2022635	2024122	+
Bacillus velezensis FZB42	bay	RBAM_020570	NA	pantoate--beta-alanine ligase	md:bay_M00913	I	2158324	2159184	-
Bacillus velezensis FZB42	bay	RBAM_020580	panB	3-methyl-2-oxobutanoate hydroxymethyltransferase	md:bay_M00913	I	2159188	2160021	-
Bacillus velezensis FZB42	bay	RBAM_026600	NA	aldehyde dehydrogenase	md:bay_M00913	I	2789304	2790674	+
Bacillus velezensis FZB42	bay	RBAM_030040	NA	2-dehydropantoate 2-reductase	md:bay_M00913	I	3119702	3120742	+
Bacillus velezensis FZB42	bay	RBAM_036890	NA	aldehyde dehydrogenase family protein	md:bay_M00913	I	3797623	3798960	+
Bacillus velezensis FZB42	bay	RBAM_014180	NA	ketopantoate reductase family protein	md:bay_M00914	I	1377635	1378543	+
Bacillus velezensis FZB42	bay	RBAM_014970	NA	2-dehydropantoate 2-reductase	md:bay_M00914	I	1493667	1494587	+
Bacillus velezensis FZB42	bay	RBAM_015530	coaBC	bifunctional phosphopantothenoylcysteine decarboxylase/phosphopantothenate--cysteine ligase CoaBC	md:bay_M00914	I	1557955	1559175	+
Bacillus velezensis FZB42	bay	RBAM_020580	panB	3-methyl-2-oxobutanoate hydroxymethyltransferase	md:bay_M00914	I	2159188	2160021	-
Bacillus velezensis FZB42	bay	RBAM_030040	NA	2-dehydropantoate 2-reductase	md:bay_M00914	I	3119702	3120742	+
Bacillus velezensis FZB42	bay	RBAM_000140	pdxS	pyridoxal 5'-phosphate synthase lyase subunit PdxS	md:bay_M00916	I	18845	19729	+
Bacillus velezensis FZB42	bay	RBAM_000150	pdxT	pyridoxal 5'-phosphate synthase glutaminase subunit PdxT	md:bay_M00916	I	19751	20341	+
Bacillus velezensis FZB42	bay	RBAM_010080	NA	ornithine monooxygenase	md:bay_M00918	I	985479	986768	+
Bacillus velezensis FZB42	bay	RBAM_003490	cobA	uroporphyrinogen-III C-methyltransferase	md:bay_M00924	I	323789	325228	-
Bacillus velezensis FZB42	bay	RBAM_015440	cobA	uroporphyrinogen-III C-methyltransferase	md:bay_M00924	I	1548758	1549531	+
Bacillus velezensis FZB42	bay	RBAM_015460	NA	precorrin-2 dehydrogenase	md:bay_M00924	I	1550298	1550786	+
Bacillus velezensis FZB42	bay	RBAM_003490	cobA	uroporphyrinogen-III C-methyltransferase	md:bay_M00925	I	323789	325228	-
Bacillus velezensis FZB42	bay	RBAM_015440	cobA	uroporphyrinogen-III C-methyltransferase	md:bay_M00925	I	1548758	1549531	+
Bacillus velezensis FZB42	bay	RBAM_003490	cobA	uroporphyrinogen-III C-methyltransferase	md:bay_M00926	I	323789	325228	-
Bacillus velezensis FZB42	bay	RBAM_008800	NA	glutamate-1-semialdehyde 2,1-aminomutase	md:bay_M00926	I	871992	873281	-
Bacillus velezensis FZB42	bay	RBAM_010350	hemE	uroporphyrinogen decarboxylase	md:bay_M00926	I	1013321	1014382	+
Bacillus velezensis FZB42	bay	RBAM_010360	hemH	ferrochelatase	md:bay_M00926	I	1014458	1015393	+
Bacillus velezensis FZB42	bay	RBAM_010370	hemY	protoporphyrinogen oxidase	md:bay_M00926	I	1015421	1016854	+
Bacillus velezensis FZB42	bay	RBAM_012310	NA	uroporphyrinogen-III synthase	md:bay_M00926	I	1201208	1202026	+
Bacillus velezensis FZB42	bay	RBAM_025180	NA	glutamate-1-semialdehyde 2,1-aminomutase	md:bay_M00926	I	2637456	2638745	-
Bacillus velezensis FZB42	bay	RBAM_025190	hemB	porphobilinogen synthase	md:bay_M00926	I	2638774	2639748	-
Bacillus velezensis FZB42	bay	RBAM_025200	NA	uroporphyrinogen-III synthase	md:bay_M00926	I	2639754	2640533	-
Bacillus velezensis FZB42	bay	RBAM_025210	hemC	hydroxymethylbilane synthase	md:bay_M00926	I	2640523	2641464	-
Bacillus velezensis FZB42	bay	RBAM_025230	NA	glutamyl-tRNA reductase	md:bay_M00926	I	2642337	2643704	-
Bacillus velezensis FZB42	bay	RBAM_034860	NA	heme-dependent peroxidase	md:bay_M00926	I	3592202	3592966	+
Bacillus velezensis FZB42	bay	RBAM_027760	menC	o-succinylbenzoate synthase	md:bay_M00932	I	2911567	2912682	-
Bacillus velezensis FZB42	bay	RBAM_027770	menE	o-succinylbenzoate--CoA ligase	md:bay_M00932	I	2912679	2914142	-
Bacillus velezensis FZB42	bay	RBAM_027780	menB	1,4-dihydroxy-2-naphthoyl-CoA synthase	md:bay_M00932	I	2914230	2915048	-
Bacillus velezensis FZB42	bay	RBAM_027790	menH	2-succinyl-6-hydroxy-2,4-cyclohexadiene-1-carboxylate synthase	md:bay_M00932	I	2915107	2915931	-
Bacillus velezensis FZB42	bay	RBAM_027800	menD	2-succinyl-5-enolpyruvyl-6-hydroxy-3-cyclohexene-1-carboxylic-acid synthase	md:bay_M00932	I	2915919	2917655	-
Bacillus velezensis FZB42	bay	RBAM_027810	NA	isochorismate synthase	md:bay_M00932	I	2917652	2919067	-
Bacillus velezensis FZB42	bay	RBAM_028750	NA	hotdog fold thioesterase	md:bay_M00932	I	2994095	2994478	-
Bacillus velezensis FZB42	bay	RBAM_000370	NA	dTMP kinase	md:bay_M00938	I	39919	40557	+
Bacillus velezensis FZB42	bay	RBAM_005690	NA	thymidylate synthase	md:bay_M00938	I	546068	547078	+
Bacillus velezensis FZB42	bay	RBAM_017180	nrdE	class 1b ribonucleoside-diphosphate reductase subunit alpha	md:bay_M00938	I	1782373	1784475	+
Bacillus velezensis FZB42	bay	RBAM_017190	nrdF	class 1b ribonucleoside-diphosphate reductase subunit beta	md:bay_M00938	I	1784493	1785482	+
Bacillus velezensis FZB42	bay	RBAM_017600	NA	dUTP diphosphatase	md:bay_M00938	I	1823692	1824126	+
Bacillus velezensis FZB42	bay	RBAM_019970	NA	thymidylate synthase	md:bay_M00938	I	2103441	2104235	-
Bacillus velezensis FZB42	bay	RBAM_020890	NA	nucleoside-diphosphate kinase	md:bay_M00938	I	2187821	2188267	-
Bacillus velezensis FZB42	bay	RBAM_018250	NA	biotin synthase	md:bay_M00950	I	1914132	1915151	-
Bacillus velezensis FZB42	bay	RBAM_018260	bioD	ATP-dependent dethiobiotin synthetase BioD	md:bay_M00950	I	1915154	1915855	-
Bacillus velezensis FZB42	bay	RBAM_018270	bioF	8-amino-7-oxononanoate synthase	md:bay_M00950	I	1915852	1917012	-
