Corynebacterium diphtheriae INCA 402	cdh	CDB402_0303	gpmA	phosphoglycerate mutase	md:cdh_M00001	I	323340	324086	+
Corynebacterium diphtheriae INCA 402	cdh	CDB402_0429	NA	putative regulatory protein sugar kinase	md:cdh_M00001	I	451771	452655	+
Corynebacterium diphtheriae INCA 402	cdh	CDB402_0719	pgi	glucose-6-phosphate isomerase	md:cdh_M00001	I	753858	755501	-
Corynebacterium diphtheriae INCA 402	cdh	CDB402_0773	gapB	glyceraldehyde-3-phosphate dehydrogenase	md:cdh_M00001	I	806885	808315	-
Corynebacterium diphtheriae INCA 402	cdh	CDB402_0796	eno	phosphopyruvate hydratase	md:cdh_M00001	I	835464	836741	+
Corynebacterium diphtheriae INCA 402	cdh	CDB402_0965	pfkA	6-phosphofructokinase	md:cdh_M00001	I	1014408	1015436	+
Corynebacterium diphtheriae INCA 402	cdh	CDB402_1212	tpi	triosephosphate isomerase	md:cdh_M00001	I	1316858	1317640	-
Corynebacterium diphtheriae INCA 402	cdh	CDB402_1213	pgk	phosphoglycerate kinase	md:cdh_M00001	I	1317752	1318969	-
Corynebacterium diphtheriae INCA 402	cdh	CDB402_1214	gapA	glyceraldehyde-3-phosphate dehydrogenase	md:cdh_M00001	I	1319100	1320104	-
Corynebacterium diphtheriae INCA 402	cdh	CDB402_1315	ppgK	polyphosphate glucokinase	md:cdh_M00001	I	1430799	1431560	+
Corynebacterium diphtheriae INCA 402	cdh	CDB402_1458	pyk	pyruvate kinase	md:cdh_M00001	I	1589741	1591162	-
Corynebacterium diphtheriae INCA 402	cdh	CDB402_1523	glk	glucose kinase	md:cdh_M00001	I	1660303	1661256	-
Corynebacterium diphtheriae INCA 402	cdh	CDB402_1948	fda	fructose-bisphosphate aldolase	md:cdh_M00001	I	2103106	2104140	-
Corynebacterium diphtheriae INCA 402	cdh	CDB402_0303	gpmA	phosphoglycerate mutase	md:cdh_M00002	I	323340	324086	+
Corynebacterium diphtheriae INCA 402	cdh	CDB402_0773	gapB	glyceraldehyde-3-phosphate dehydrogenase	md:cdh_M00002	I	806885	808315	-
Corynebacterium diphtheriae INCA 402	cdh	CDB402_0796	eno	phosphopyruvate hydratase	md:cdh_M00002	I	835464	836741	+
Corynebacterium diphtheriae INCA 402	cdh	CDB402_1212	tpi	triosephosphate isomerase	md:cdh_M00002	I	1316858	1317640	-
Corynebacterium diphtheriae INCA 402	cdh	CDB402_1213	pgk	phosphoglycerate kinase	md:cdh_M00002	I	1317752	1318969	-
Corynebacterium diphtheriae INCA 402	cdh	CDB402_1214	gapA	glyceraldehyde-3-phosphate dehydrogenase	md:cdh_M00002	I	1319100	1320104	-
Corynebacterium diphtheriae INCA 402	cdh	CDB402_1458	pyk	pyruvate kinase	md:cdh_M00002	I	1589741	1591162	-
Corynebacterium diphtheriae INCA 402	cdh	CDB402_0303	gpmA	phosphoglycerate mutase	md:cdh_M00003	I	323340	324086	+
Corynebacterium diphtheriae INCA 402	cdh	CDB402_0773	gapB	glyceraldehyde-3-phosphate dehydrogenase	md:cdh_M00003	I	806885	808315	-
Corynebacterium diphtheriae INCA 402	cdh	CDB402_0796	eno	phosphopyruvate hydratase	md:cdh_M00003	I	835464	836741	+
Corynebacterium diphtheriae INCA 402	cdh	CDB402_0817	fbp	fructose 1,6-bisphosphatase II	md:cdh_M00003	I	854597	855613	-
Corynebacterium diphtheriae INCA 402	cdh	CDB402_1212	tpi	triosephosphate isomerase	md:cdh_M00003	I	1316858	1317640	-
Corynebacterium diphtheriae INCA 402	cdh	CDB402_1213	pgk	phosphoglycerate kinase	md:cdh_M00003	I	1317752	1318969	-
Corynebacterium diphtheriae INCA 402	cdh	CDB402_1214	gapA	glyceraldehyde-3-phosphate dehydrogenase	md:cdh_M00003	I	1319100	1320104	-
Corynebacterium diphtheriae INCA 402	cdh	CDB402_1948	fda	fructose-bisphosphate aldolase	md:cdh_M00003	I	2103106	2104140	-
Corynebacterium diphtheriae INCA 402	cdh	CDB402_2040	pck	phosphoenolpyruvate carboxykinase	md:cdh_M00003	I	2212341	2214179	-
Corynebacterium diphtheriae INCA 402	cdh	CDB402_0719	pgi	glucose-6-phosphate isomerase	md:cdh_M00004	I	753858	755501	-
Corynebacterium diphtheriae INCA 402	cdh	CDB402_1122	gnd	6-phosphogluconate dehydrogenase	md:cdh_M00004	I	1212877	1214331	-
Corynebacterium diphtheriae INCA 402	cdh	CDB402_1206	tkt	transketolase	md:cdh_M00004	I	1309638	1311740	+
Corynebacterium diphtheriae INCA 402	cdh	CDB402_1207	tal	transaldolase	md:cdh_M00004	I	1311864	1312946	+
Corynebacterium diphtheriae INCA 402	cdh	CDB402_1208	zwf	glucose-6-phosphate 1-dehydrogenase	md:cdh_M00004	I	1313008	1314657	+
Corynebacterium diphtheriae INCA 402	cdh	CDB402_1210	pgl	6-phosphogluconolactonase	md:cdh_M00004	I	1315667	1316383	+
Corynebacterium diphtheriae INCA 402	cdh	CDB402_1224	rpe	ribulose-phosphate 3-epimerase	md:cdh_M00004	I	1329810	1330484	-
Corynebacterium diphtheriae INCA 402	cdh	CDB402_1684	rpi	ribose-5-phosphate isomerase	md:cdh_M00004	I	1836674	1837147	-
Corynebacterium diphtheriae INCA 402	cdh	CDB402_0782	prsA	ribose-phosphate pyrophosphokinase	md:cdh_M00005	I	817512	818492	-
Corynebacterium diphtheriae INCA 402	cdh	CDB402_1122	gnd	6-phosphogluconate dehydrogenase	md:cdh_M00006	I	1212877	1214331	-
Corynebacterium diphtheriae INCA 402	cdh	CDB402_1208	zwf	glucose-6-phosphate 1-dehydrogenase	md:cdh_M00006	I	1313008	1314657	+
Corynebacterium diphtheriae INCA 402	cdh	CDB402_1210	pgl	6-phosphogluconolactonase	md:cdh_M00006	I	1315667	1316383	+
Corynebacterium diphtheriae INCA 402	cdh	CDB402_1206	tkt	transketolase	md:cdh_M00007	I	1309638	1311740	+
Corynebacterium diphtheriae INCA 402	cdh	CDB402_1207	tal	transaldolase	md:cdh_M00007	I	1311864	1312946	+
Corynebacterium diphtheriae INCA 402	cdh	CDB402_1224	rpe	ribulose-phosphate 3-epimerase	md:cdh_M00007	I	1329810	1330484	-
Corynebacterium diphtheriae INCA 402	cdh	CDB402_1684	rpi	ribose-5-phosphate isomerase	md:cdh_M00007	I	1836674	1837147	-
Corynebacterium diphtheriae INCA 402	cdh	CDB402_1208	zwf	glucose-6-phosphate 1-dehydrogenase	md:cdh_M00008	I	1313008	1314657	+
Corynebacterium diphtheriae INCA 402	cdh	CDB402_1210	pgl	6-phosphogluconolactonase	md:cdh_M00008	I	1315667	1316383	+
Corynebacterium diphtheriae INCA 402	cdh	CDB402_0284	lpd	dihydrolipoamide dehydrogenase	md:cdh_M00009	I	301762	303171	+
Corynebacterium diphtheriae INCA 402	cdh	CDB402_0286	sdhB	succinate dehydrogenase iron-sulfur protein	md:cdh_M00009	I	305254	306012	+
Corynebacterium diphtheriae INCA 402	cdh	CDB402_0287	sdhA	succinate dehydrogenase flavoprotein subunit	md:cdh_M00009	I	306031	308046	+
Corynebacterium diphtheriae INCA 402	cdh	CDB402_0288	sdhC	succinate dehydrogenase reductase iron-sulfur subunit	md:cdh_M00009	I	308046	308795	+
Corynebacterium diphtheriae INCA 402	cdh	CDB402_0543	icd	isocitrate dehydrogenase	md:cdh_M00009	I	562778	564991	-
Corynebacterium diphtheriae INCA 402	cdh	CDB402_0695	gltA	type II citrate synthase	md:cdh_M00009	I	728441	729733	+
Corynebacterium diphtheriae INCA 402	cdh	CDB402_0816	fum	fumarate hydratase	md:cdh_M00009	I	852936	854339	-
Corynebacterium diphtheriae INCA 402	cdh	CDB402_0878	sucA	2-oxoglutarate dehydrogenase, E1 subunit	md:cdh_M00009	I	914397	918110	-
Corynebacterium diphtheriae INCA 402	cdh	CDB402_1188	acn	aconitate hydratase	md:cdh_M00009	I	1288745	1291549	+
Corynebacterium diphtheriae INCA 402	cdh	CDB402_1401	mqo	malate:quinone oxidoreductase	md:cdh_M00009	I	1521997	1523496	-
Corynebacterium diphtheriae INCA 402	cdh	CDB402_1675	mdh	malate dehydrogenase	md:cdh_M00009	I	1825562	1826542	-
Corynebacterium diphtheriae INCA 402	cdh	CDB402_1772	cat1	succinyl-CoA:coenzyme A transferase	md:cdh_M00009	I	1935943	1937457	-
Corynebacterium diphtheriae INCA 402	cdh	CDB402_0543	icd	isocitrate dehydrogenase	md:cdh_M00010	I	562778	564991	-
Corynebacterium diphtheriae INCA 402	cdh	CDB402_0695	gltA	type II citrate synthase	md:cdh_M00010	I	728441	729733	+
Corynebacterium diphtheriae INCA 402	cdh	CDB402_1188	acn	aconitate hydratase	md:cdh_M00010	I	1288745	1291549	+
Corynebacterium diphtheriae INCA 402	cdh	CDB402_0284	lpd	dihydrolipoamide dehydrogenase	md:cdh_M00011	I	301762	303171	+
Corynebacterium diphtheriae INCA 402	cdh	CDB402_0286	sdhB	succinate dehydrogenase iron-sulfur protein	md:cdh_M00011	I	305254	306012	+
Corynebacterium diphtheriae INCA 402	cdh	CDB402_0287	sdhA	succinate dehydrogenase flavoprotein subunit	md:cdh_M00011	I	306031	308046	+
Corynebacterium diphtheriae INCA 402	cdh	CDB402_0288	sdhC	succinate dehydrogenase reductase iron-sulfur subunit	md:cdh_M00011	I	308046	308795	+
Corynebacterium diphtheriae INCA 402	cdh	CDB402_0816	fum	fumarate hydratase	md:cdh_M00011	I	852936	854339	-
Corynebacterium diphtheriae INCA 402	cdh	CDB402_0878	sucA	2-oxoglutarate dehydrogenase, E1 subunit	md:cdh_M00011	I	914397	918110	-
Corynebacterium diphtheriae INCA 402	cdh	CDB402_1401	mqo	malate:quinone oxidoreductase	md:cdh_M00011	I	1521997	1523496	-
Corynebacterium diphtheriae INCA 402	cdh	CDB402_1675	mdh	malate dehydrogenase	md:cdh_M00011	I	1825562	1826542	-
Corynebacterium diphtheriae INCA 402	cdh	CDB402_1772	cat1	succinyl-CoA:coenzyme A transferase	md:cdh_M00011	I	1935943	1937457	-
Corynebacterium diphtheriae INCA 402	cdh	CDB402_0695	gltA	type II citrate synthase	md:cdh_M00012	I	728441	729733	+
Corynebacterium diphtheriae INCA 402	cdh	CDB402_1188	acn	aconitate hydratase	md:cdh_M00012	I	1288745	1291549	+
Corynebacterium diphtheriae INCA 402	cdh	CDB402_1675	mdh	malate dehydrogenase	md:cdh_M00012	I	1825562	1826542	-
Corynebacterium diphtheriae INCA 402	cdh	CDB402_1635	NA	putative xylulose kinase	md:cdh_M00014	I	1783086	1784474	+
Corynebacterium diphtheriae INCA 402	cdh	CDB402_2004	udgA	UDP-glucose 6-dehydrogenase	md:cdh_M00014	I	2174339	2175544	-
Corynebacterium diphtheriae INCA 402	cdh	CDB402_0309	proC	pyrroline-5-carboxylate reductase	md:cdh_M00015	I	328416	329228	+
Corynebacterium diphtheriae INCA 402	cdh	CDB402_1664	proA	gamma-glutamyl phosphate reductase	md:cdh_M00015	I	1811876	1813168	-
Corynebacterium diphtheriae INCA 402	cdh	CDB402_1665	proB	gamma-glutamyl kinase	md:cdh_M00015	I	1813186	1814316	-
Corynebacterium diphtheriae INCA 402	cdh	CDB402_0193	lysC	aspartate kinase	md:cdh_M00016	I	203153	204418	+
Corynebacterium diphtheriae INCA 402	cdh	CDB402_0195	NA	aspartate-semialdehyde dehydrogenase	md:cdh_M00016	I	208259	209290	+
Corynebacterium diphtheriae INCA 402	cdh	CDB402_0423	NA	putative lysine biosynthesis protein	md:cdh_M00016	I	444068	444988	-
Corynebacterium diphtheriae INCA 402	cdh	CDB402_0855	dapD	2,3,4,5-tetrahydropyridine-2-carboxylate N-succinyltransferase	md:cdh_M00016	I	894394	895368	-
Corynebacterium diphtheriae INCA 402	cdh	CDB402_0857	NA	putative succinyltransferase	md:cdh_M00016	I	896813	897724	-
Corynebacterium diphtheriae INCA 402	cdh	CDB402_0858	dapE	succinyl-diaminopimelate desuccinylase	md:cdh_M00016	I	897804	898901	+
Corynebacterium diphtheriae INCA 402	cdh	CDB402_0911	lysA	diaminopimelate decarboxylase	md:cdh_M00016	I	959512	960840	+
Corynebacterium diphtheriae INCA 402	cdh	CDB402_1057	argD	acetylornithine aminotransferase	md:cdh_M00016	I	1124827	1126068	+
Corynebacterium diphtheriae INCA 402	cdh	CDB402_1352	dapF	Diaminopimelate epimerase	md:cdh_M00016	I	1470369	1471262	-
Corynebacterium diphtheriae INCA 402	cdh	CDB402_1374	dapA1	dihydrodipicolinate synthase	md:cdh_M00016	I	1492539	1493444	-
Corynebacterium diphtheriae INCA 402	cdh	CDB402_1376	dapB	dihydrodipicolinate reductase	md:cdh_M00016	I	1494284	1495030	-
Corynebacterium diphtheriae INCA 402	cdh	CDB402_0193	lysC	aspartate kinase	md:cdh_M00017	I	203153	204418	+
Corynebacterium diphtheriae INCA 402	cdh	CDB402_0195	NA	aspartate-semialdehyde dehydrogenase	md:cdh_M00017	I	208259	209290	+
Corynebacterium diphtheriae INCA 402	cdh	CDB402_0533	metX	homoserine O-acetyltransferase	md:cdh_M00017	I	553518	554621	-
Corynebacterium diphtheriae INCA 402	cdh	CDB402_0912	hom	Homoserine dehydrogenase	md:cdh_M00017	I	961006	962394	+
Corynebacterium diphtheriae INCA 402	cdh	CDB402_1168	metH	5-methyltetrahydrofolate-homocysteinemethyltransferase	md:cdh_M00017	I	1263118	1266720	-
Corynebacterium diphtheriae INCA 402	cdh	CDB402_1626	aecD	cystathionine beta-lyase	md:cdh_M00017	I	1770884	1772014	+
Corynebacterium diphtheriae INCA 402	cdh	CDB402_0193	lysC	aspartate kinase	md:cdh_M00018	I	203153	204418	+
Corynebacterium diphtheriae INCA 402	cdh	CDB402_0195	NA	aspartate-semialdehyde dehydrogenase	md:cdh_M00018	I	208259	209290	+
Corynebacterium diphtheriae INCA 402	cdh	CDB402_0912	hom	Homoserine dehydrogenase	md:cdh_M00018	I	961006	962394	+
Corynebacterium diphtheriae INCA 402	cdh	CDB402_0913	thrB	homoserine kinase	md:cdh_M00018	I	962399	963325	+
Corynebacterium diphtheriae INCA 402	cdh	CDB402_1555	thrC	threonine synthase	md:cdh_M00018	I	1693642	1695090	-
Corynebacterium diphtheriae INCA 402	cdh	CDB402_0973	ilvD	dihydroxy-acid dehydratase	md:cdh_M00019	I	1023121	1024962	-
Corynebacterium diphtheriae INCA 402	cdh	CDB402_0975	ilvB	acetolactate synthase 1 catalytic subunit	md:cdh_M00019	I	1026123	1028081	+
Corynebacterium diphtheriae INCA 402	cdh	CDB402_0976	ilvN	acetolactate synthase small subunit	md:cdh_M00019	I	1028097	1028621	+
Corynebacterium diphtheriae INCA 402	cdh	CDB402_0977	ilvC	ketol-acid reductoisomerase	md:cdh_M00019	I	1028741	1029754	+
Corynebacterium diphtheriae INCA 402	cdh	CDB402_1539	ilvE	branched-chain amino acid aminotransferase	md:cdh_M00019	I	1677885	1679027	-
Corynebacterium diphtheriae INCA 402	cdh	CDB402_0694	serC	phosphoserine aminotransferase	md:cdh_M00020	I	726623	727753	-
Corynebacterium diphtheriae INCA 402	cdh	CDB402_0981	serA	D-3-phosphoglycerate dehydrogenase	md:cdh_M00020	I	1034388	1035983	+
Corynebacterium diphtheriae INCA 402	cdh	CDB402_1729	serB	Phosphoserine phosphatase	md:cdh_M00020	I	1885237	1886520	-
Corynebacterium diphtheriae INCA 402	cdh	CDB402_1757	cysK	cysteine synthase	md:cdh_M00021	I	1919890	1920825	+
Corynebacterium diphtheriae INCA 402	cdh	CDB402_1758	NA	serine acetyltransferase	md:cdh_M00021	I	1920932	1921498	+
Corynebacterium diphtheriae INCA 402	cdh	CDB402_0620	aroA	3-phosphoshikimate 1-carboxyvinyltransferase	md:cdh_M00022	I	644657	645952	-
Corynebacterium diphtheriae INCA 402	cdh	CDB402_0882	NA	shikimate 5-dehydrogenase	md:cdh_M00022	I	923572	924384	-
Corynebacterium diphtheriae INCA 402	cdh	CDB402_1244	aroD	3-dehydroquinate dehydratase	md:cdh_M00022	I	1353263	1353703	-
Corynebacterium diphtheriae INCA 402	cdh	CDB402_1245	aroB	3-dehydroquinate synthase	md:cdh_M00022	I	1353704	1354783	-
Corynebacterium diphtheriae INCA 402	cdh	CDB402_1246	aroK	shikimate kinase	md:cdh_M00022	I	1354830	1355378	-
Corynebacterium diphtheriae INCA 402	cdh	CDB402_1247	aroC	chorismate synthase	md:cdh_M00022	I	1355386	1356597	-
Corynebacterium diphtheriae INCA 402	cdh	CDB402_1248	aroE2	shikimate 5-dehydrogenase	md:cdh_M00022	I	1357188	1358030	-
Corynebacterium diphtheriae INCA 402	cdh	CDB402_1520	aroG	phospho-2-dehydro-3-deoxyheptonate aldolase	md:cdh_M00022	I	1657448	1658836	-
Corynebacterium diphtheriae INCA 402	cdh	CDB402_1460	trpC2	indole-3-glycerol phosphate synthase	md:cdh_M00023	I	1592295	1593101	-
Corynebacterium diphtheriae INCA 402	cdh	CDB402_1465	hisA	1-5-phosphoribosyl-5-5-phosphoribosylamino methylideneamino imidazole-4-carboxamide isomerase	md:cdh_M00023	I	1595917	1596645	-
Corynebacterium diphtheriae INCA 402	cdh	CDB402_2209	trpB1	tryptophan synthase subunit beta	md:cdh_M00023	I	2417183	2418514	+
Corynebacterium diphtheriae INCA 402	cdh	CDB402_2210	trpE	anthranilate synthase component I	md:cdh_M00023	I	2418517	2420073	+
Corynebacterium diphtheriae INCA 402	cdh	CDB402_2211	trpG	anthranilate synthase component II	md:cdh_M00023	I	2420070	2420714	+
Corynebacterium diphtheriae INCA 402	cdh	CDB402_2212	trpD	anthranilate phosphoribosyltransferase	md:cdh_M00023	I	2420729	2421754	+
Corynebacterium diphtheriae INCA 402	cdh	CDB402_2213	trpC1	indole-3-glycerol phosphate synthase	md:cdh_M00023	I	2421744	2423201	+
Corynebacterium diphtheriae INCA 402	cdh	CDB402_2217	trpB2	tryptophan synthase subunit beta	md:cdh_M00023	I	2425622	2426848	+
Corynebacterium diphtheriae INCA 402	cdh	CDB402_2218	trpA	tryptophan synthase subunit alpha	md:cdh_M00023	I	2426853	2427689	+
Corynebacterium diphtheriae INCA 402	cdh	CDB402_0721	NA	putative chorismate mutase	md:cdh_M00024	I	757185	757517	-
Corynebacterium diphtheriae INCA 402	cdh	CDB402_2093	pheA	prephenate dehydratase	md:cdh_M00024	I	2281496	2282398	-
Corynebacterium diphtheriae INCA 402	cdh	CDB402_0162	tyrA	Prephenate dehydrogenase	md:cdh_M00025	I	168040	169152	-
Corynebacterium diphtheriae INCA 402	cdh	CDB402_0721	NA	putative chorismate mutase	md:cdh_M00025	I	757185	757517	-
Corynebacterium diphtheriae INCA 402	cdh	CDB402_0145	NA	putative aminotransferase	md:cdh_M00026	I	147009	148043	-
Corynebacterium diphtheriae INCA 402	cdh	CDB402_0656	hisN	histidinolphosphate phosphatase	md:cdh_M00026	I	689407	690195	-
Corynebacterium diphtheriae INCA 402	cdh	CDB402_1165	hisG	ATP phosphoribosyltransferase	md:cdh_M00026	I	1261170	1262015	-
Corynebacterium diphtheriae INCA 402	cdh	CDB402_1166	hisE	phosphoribosyl-ATP pyrophosphatase	md:cdh_M00026	I	1262097	1262360	-
Corynebacterium diphtheriae INCA 402	cdh	CDB402_1462	hisI	phosphoribosyl-AMP cyclohydrolase	md:cdh_M00026	I	1593896	1594246	-
Corynebacterium diphtheriae INCA 402	cdh	CDB402_1463	hisF	imidazole glycerol phosphate synthase subunit HisF	md:cdh_M00026	I	1594268	1595044	-
Corynebacterium diphtheriae INCA 402	cdh	CDB402_1465	hisA	1-5-phosphoribosyl-5-5-phosphoribosylamino methylideneamino imidazole-4-carboxamide isomerase	md:cdh_M00026	I	1595917	1596645	-
Corynebacterium diphtheriae INCA 402	cdh	CDB402_1466	hisH	imidazole glycerol phosphate synthase subunit HisH	md:cdh_M00026	I	1596743	1597375	-
Corynebacterium diphtheriae INCA 402	cdh	CDB402_1469	hisB	imidazoleglycerol-phosphate dehydratase	md:cdh_M00026	I	1599234	1599842	-
Corynebacterium diphtheriae INCA 402	cdh	CDB402_1470	hisC	histidinol-phosphate aminotransferase	md:cdh_M00026	I	1599924	1601024	-
Corynebacterium diphtheriae INCA 402	cdh	CDB402_1471	hisD	histidinol dehydrogenase	md:cdh_M00026	I	1601063	1602394	-
Corynebacterium diphtheriae INCA 402	cdh	CDB402_1572	NA	hypothetical protein	md:cdh_M00026	I	1710974	1712008	-
Corynebacterium diphtheriae INCA 402	cdh	CDB402_0720	NA	putative succinate-semialdehyde dehydrogenase	md:cdh_M00027	I	755704	757188	+
Corynebacterium diphtheriae INCA 402	cdh	CDB402_2191	NA	putative aldehyde dehydrogenase	md:cdh_M00027	I	2397379	2398770	+
Corynebacterium diphtheriae INCA 402	cdh	CDB402_1054	NA	N-acetyl-gamma-glutamyl-phosphate reductase	md:cdh_M00028	I	1121587	1122630	+
Corynebacterium diphtheriae INCA 402	cdh	CDB402_1055	argJ	bifunctional ornithine acetyltransferase/N-acetylglutamate synthase protein	md:cdh_M00028	I	1122705	1123865	+
Corynebacterium diphtheriae INCA 402	cdh	CDB402_1056	argB	acetylglutamate kinase	md:cdh_M00028	I	1123902	1124834	+
Corynebacterium diphtheriae INCA 402	cdh	CDB402_1057	argD	acetylornithine aminotransferase	md:cdh_M00028	I	1124827	1126068	+
Corynebacterium diphtheriae INCA 402	cdh	CDB402_1058	argF	ornithine carbamoyltransferase	md:cdh_M00029	I	1126097	1127056	+
Corynebacterium diphtheriae INCA 402	cdh	CDB402_1060	argG	argininosuccinate synthase	md:cdh_M00029	I	1127812	1129011	+
Corynebacterium diphtheriae INCA 402	cdh	CDB402_1061	argH	argininosuccinate lyase	md:cdh_M00029	I	1129011	1130444	+
Corynebacterium diphtheriae INCA 402	cdh	CDB402_0284	lpd	dihydrolipoamide dehydrogenase	md:cdh_M00032	I	301762	303171	+
Corynebacterium diphtheriae INCA 402	cdh	CDB402_0193	lysC	aspartate kinase	md:cdh_M00033	I	203153	204418	+
Corynebacterium diphtheriae INCA 402	cdh	CDB402_0195	NA	aspartate-semialdehyde dehydrogenase	md:cdh_M00033	I	208259	209290	+
Corynebacterium diphtheriae INCA 402	cdh	CDB402_1229	metK	S-adenosylmethionine synthetase	md:cdh_M00034	I	1335599	1336831	-
Corynebacterium diphtheriae INCA 402	cdh	CDB402_1497	NA	hypothetical protein	md:cdh_M00034	I	1631268	1632008	-
Corynebacterium diphtheriae INCA 402	cdh	CDB402_1994	NA	nucleosidase	md:cdh_M00034	I	2161559	2161900	-
Corynebacterium diphtheriae INCA 402	cdh	CDB402_0605	sahH	S-adenosyl-L-homocysteine hydrolase	md:cdh_M00035	I	629197	630633	+
Corynebacterium diphtheriae INCA 402	cdh	CDB402_1229	metK	S-adenosylmethionine synthetase	md:cdh_M00035	I	1335599	1336831	-
Corynebacterium diphtheriae INCA 402	cdh	CDB402_0284	lpd	dihydrolipoamide dehydrogenase	md:cdh_M00036	I	301762	303171	+
Corynebacterium diphtheriae INCA 402	cdh	CDB402_1539	ilvE	branched-chain amino acid aminotransferase	md:cdh_M00036	I	1677885	1679027	-
Corynebacterium diphtheriae INCA 402	cdh	CDB402_0577	purK	phosphoribosylaminoimidazole carboxylase ATPase subunit	md:cdh_M00048	I	602750	603955	+
Corynebacterium diphtheriae INCA 402	cdh	CDB402_0578	purE	phosphoribosylaminoimidazole carboxylase catalytic subunit	md:cdh_M00048	I	603955	604455	+
Corynebacterium diphtheriae INCA 402	cdh	CDB402_0725	purN	phosphoribosylglycinamide formyltransferase	md:cdh_M00048	I	762764	763384	+
Corynebacterium diphtheriae INCA 402	cdh	CDB402_0726	purH	bifunctionalphosphoribosylaminoimidazolecarboxam ide formyltransferase/IMP cyclohydrolase	md:cdh_M00048	I	763377	764954	+
Corynebacterium diphtheriae INCA 402	cdh	CDB402_1784	purM	phosphoribosylaminoimidazole synthetase	md:cdh_M00048	I	1946851	1947915	-
Corynebacterium diphtheriae INCA 402	cdh	CDB402_1785	purF	amidophosphoribosyltransferase	md:cdh_M00048	I	1947975	1949543	-
Corynebacterium diphtheriae INCA 402	cdh	CDB402_1794	purC	phosphoribosylaminoimidazole-succinocarboxamidesynthase	md:cdh_M00048	I	1956563	1957489	-
Corynebacterium diphtheriae INCA 402	cdh	CDB402_1795	purB	adenylosuccinate lyase	md:cdh_M00048	I	1957542	1958981	-
Corynebacterium diphtheriae INCA 402	cdh	CDB402_1799	purD	phosphoribosylamine-glycine ligase	md:cdh_M00048	I	1962195	1963481	-
Corynebacterium diphtheriae INCA 402	cdh	CDB402_1912	purT	phosphoribosylglycinamide formyltransferase	md:cdh_M00048	I	2076045	2076941	-
Corynebacterium diphtheriae INCA 402	cdh	CDB402_1985	purL	phosphoribosylformylglycinamidine synthase	md:cdh_M00048	I	2149840	2153556	+
Corynebacterium diphtheriae INCA 402	cdh	CDB402_0450	adk	adenylate kinase	md:cdh_M00049	I	472634	473179	+
Corynebacterium diphtheriae INCA 402	cdh	CDB402_1671	ndk	nucleoside diphosphate kinase	md:cdh_M00049	I	1820235	1820645	-
Corynebacterium diphtheriae INCA 402	cdh	CDB402_1795	purB	adenylosuccinate lyase	md:cdh_M00049	I	1957542	1958981	-
Corynebacterium diphtheriae INCA 402	cdh	CDB402_1917	purA	adenylosuccinate synthetase	md:cdh_M00049	I	2080202	2081491	-
Corynebacterium diphtheriae INCA 402	cdh	CDB402_0489	guaB	inosine 5-monophosphate dehydrogenase	md:cdh_M00050	I	509102	510622	+
Corynebacterium diphtheriae INCA 402	cdh	CDB402_0490	NA	inosine 5-monophosphate dehydrogenase	md:cdh_M00050	I	510650	511795	+
Corynebacterium diphtheriae INCA 402	cdh	CDB402_0503	guaA	GMP synthase	md:cdh_M00050	I	524286	525902	+
Corynebacterium diphtheriae INCA 402	cdh	CDB402_1190	NA	glutamine amidotransferase	md:cdh_M00050	I	1292266	1292985	+
Corynebacterium diphtheriae INCA 402	cdh	CDB402_1232	gmk	guanylate kinase	md:cdh_M00050	I	1338670	1339245	-
Corynebacterium diphtheriae INCA 402	cdh	CDB402_1671	ndk	nucleoside diphosphate kinase	md:cdh_M00050	I	1820235	1820645	-
Corynebacterium diphtheriae INCA 402	cdh	CDB402_1173	pyrD	dihydroorotate dehydrogenase 2	md:cdh_M00051	I	1270552	1271667	+
Corynebacterium diphtheriae INCA 402	cdh	CDB402_1234	pyrF	orotidine 5'-phosphate decarboxylase	md:cdh_M00051	I	1339921	1340769	-
Corynebacterium diphtheriae INCA 402	cdh	CDB402_1235	carB	carbamoyl phosphate synthase large subunit	md:cdh_M00051	I	1340766	1344122	-
Corynebacterium diphtheriae INCA 402	cdh	CDB402_1236	carA	carbamoyl phosphate synthase small subunit	md:cdh_M00051	I	1344143	1345282	-
Corynebacterium diphtheriae INCA 402	cdh	CDB402_1237	pyrC	dihydroorotase	md:cdh_M00051	I	1345438	1346784	-
Corynebacterium diphtheriae INCA 402	cdh	CDB402_1238	pyrB	aspartate carbamoyltransferase catalytic subunit	md:cdh_M00051	I	1346811	1347752	-
Corynebacterium diphtheriae INCA 402	cdh	CDB402_1951	pyrE	orotate phosphoribosyltransferase	md:cdh_M00051	I	2106059	2106592	-
Corynebacterium diphtheriae INCA 402	cdh	CDB402_1415	pyrH	uridylate kinase	md:cdh_M00052	I	1538725	1539456	-
Corynebacterium diphtheriae INCA 402	cdh	CDB402_1671	ndk	nucleoside diphosphate kinase	md:cdh_M00052	I	1820235	1820645	-
Corynebacterium diphtheriae INCA 402	cdh	CDB402_1671	ndk	nucleoside diphosphate kinase	md:cdh_M00053	I	1820235	1820645	-
Corynebacterium diphtheriae INCA 402	cdh	CDB402_1731	nrdF1	ribonucleotide-diphosphate reductase subunit beta	md:cdh_M00053	I	1888683	1889669	-
Corynebacterium diphtheriae INCA 402	cdh	CDB402_1733	nrdE	ribonucleotide-diphosphate reductase subunit alpha	md:cdh_M00053	I	1890518	1892665	-
Corynebacterium diphtheriae INCA 402	cdh	CDB402_1790	nrdF2	ribonucleotide-diphosphate reductase subunit beta	md:cdh_M00053	I	1951672	1952697	+
Corynebacterium diphtheriae INCA 402	cdh	CDB402_0564	accBC	acyl-CoA carboxylase, alpha subunit	md:cdh_M00082	I	586201	587985	-
Corynebacterium diphtheriae INCA 402	cdh	CDB402_1711	fas	putative fatty acid synthase	md:cdh_M00082	I	1862097	1871030	-
Corynebacterium diphtheriae INCA 402	cdh	CDB402_1711	fas	putative fatty acid synthase	md:cdh_M00083	I	1862097	1871030	-
Corynebacterium diphtheriae INCA 402	cdh	CDB402_0300	fadD6	acyl-CoA synthetase	md:cdh_M00086	I	318446	320152	-
Corynebacterium diphtheriae INCA 402	cdh	CDB402_0301	fadD7	acyl-CoA synthetase	md:cdh_M00086	I	320214	321914	-
Corynebacterium diphtheriae INCA 402	cdh	CDB402_1615	fadD2	acyl-CoA synthetase	md:cdh_M00086	I	1756393	1758222	-
Corynebacterium diphtheriae INCA 402	cdh	CDB402_0699	echA2	enoyl-CoA hydratase	md:cdh_M00087	I	732818	733594	+
Corynebacterium diphtheriae INCA 402	cdh	CDB402_0770	echA5	enoyl-CoA hydratase	md:cdh_M00087	I	802940	803992	+
Corynebacterium diphtheriae INCA 402	cdh	CDB402_1986	fadA	acetyl-CoA thiolase	md:cdh_M00088	I	2153606	2154514	-
Corynebacterium diphtheriae INCA 402	cdh	CDB402_1522	plsC	1-acyl-sn-glycerol-3-phosphate acyltransferase	md:cdh_M00089	I	1659526	1660251	-
Corynebacterium diphtheriae INCA 402	cdh	CDB402_1413	cdsA	phosphatidate cytidylyltransferase	md:cdh_M00093	I	1537094	1537972	-
Corynebacterium diphtheriae INCA 402	cdh	CDB402_1621	idi	isopentenyl-diphosphate delta-isomerase	md:cdh_M00095	I	1764028	1764579	-
Corynebacterium diphtheriae INCA 402	cdh	CDB402_1986	fadA	acetyl-CoA thiolase	md:cdh_M00095	I	2153606	2154514	-
Corynebacterium diphtheriae INCA 402	cdh	CDB402_0761	ispE	4-diphosphocytidyl-2-C-methyl-D-erythritolkinase	md:cdh_M00096	I	794965	795900	+
Corynebacterium diphtheriae INCA 402	cdh	CDB402_0821	ispH	4-hydroxy-3-methylbut-2-enyl diphosphate reductase	md:cdh_M00096	I	858145	859140	+
Corynebacterium diphtheriae INCA 402	cdh	CDB402_1308	dxs	1-deoxy-D-xylulose-5-phosphate synthase	md:cdh_M00096	I	1423651	1425582	-
Corynebacterium diphtheriae INCA 402	cdh	CDB402_1407	ispG	4-hydroxy-3-methylbut-2-en-1-yl diphosphate synthase	md:cdh_M00096	I	1530839	1532014	-
Corynebacterium diphtheriae INCA 402	cdh	CDB402_1409	ispC	1-deoxy-D-xylulose 5-phosphate reductoisomerase	md:cdh_M00096	I	1533379	1534542	-
Corynebacterium diphtheriae INCA 402	cdh	CDB402_1621	idi	isopentenyl-diphosphate delta-isomerase	md:cdh_M00096	I	1764028	1764579	-
Corynebacterium diphtheriae INCA 402	cdh	CDB402_1818	ispF	2-C-methyl-D-erythritol 2,4-cyclodiphosphate synthase	md:cdh_M00096	I	1985105	1985587	-
Corynebacterium diphtheriae INCA 402	cdh	CDB402_1819	ispD	2-C-methyl-D-erythritol 4-phosphate cytidylyltransferase	md:cdh_M00096	I	1985580	1986314	-
Corynebacterium diphtheriae INCA 402	cdh	CDB402_0080	NA	putative lipase	md:cdh_M00098	I	81726	82508	-
Corynebacterium diphtheriae INCA 402	cdh	CDB402_0595	NA	putative mannose-1-phosphate guanyltransferase	md:cdh_M00114	I	620910	621998	+
Corynebacterium diphtheriae INCA 402	cdh	CDB402_0601	manA	putative mannose-phosphate isomerase	md:cdh_M00114	I	626367	627536	+
Corynebacterium diphtheriae INCA 402	cdh	CDB402_1663	NA	nicotinic acid mononucleotide adenylyltransferase	md:cdh_M00115	I	1811166	1811852	-
Corynebacterium diphtheriae INCA 402	cdh	CDB402_1739	nadE	NAD synthetase	md:cdh_M00115	I	1896517	1897350	+
Corynebacterium diphtheriae INCA 402	cdh	CDB402_2104	nadA	quinolinate synthetase	md:cdh_M00115	I	2295572	2296489	+
Corynebacterium diphtheriae INCA 402	cdh	CDB402_2105	nadB	putative aspartate oxidase	md:cdh_M00115	I	2296675	2297691	+
Corynebacterium diphtheriae INCA 402	cdh	CDB402_2106	nadC	nicotinate-nucleotide pyrophosphorylase carboxylating	md:cdh_M00115	I	2297702	2298529	+
Corynebacterium diphtheriae INCA 402	cdh	CDB402_0332	menA	1,4-dihydroxy-2-naphthoateoctaprenyltransferase	md:cdh_M00116	I	350453	351316	-
Corynebacterium diphtheriae INCA 402	cdh	CDB402_0334	menE	O-succinylbenzoic acid-CoA ligase	md:cdh_M00116	I	352527	353636	-
Corynebacterium diphtheriae INCA 402	cdh	CDB402_0335	menB	naphthoate synthase	md:cdh_M00116	I	353647	354513	-
Corynebacterium diphtheriae INCA 402	cdh	CDB402_0336	menC	O-succinylbenzoate synthase	md:cdh_M00116	I	354518	355480	+
Corynebacterium diphtheriae INCA 402	cdh	CDB402_0337	menD	2-succinyl-5-enolpyruvyl-6-hydroxy-3-cyclohexene-1-carboxylate synthase	md:cdh_M00116	I	355464	356993	+
Corynebacterium diphtheriae INCA 402	cdh	CDB402_0340	ubiE	ubiquinone/menaquinone biosynthesis methyltransferase	md:cdh_M00116	I	358418	359050	+
Corynebacterium diphtheriae INCA 402	cdh	CDB402_1123	NA	hypothetical protein	md:cdh_M00116	I	1214404	1214898	+
Corynebacterium diphtheriae INCA 402	cdh	CDB402_0340	ubiE	ubiquinone/menaquinone biosynthesis methyltransferase	md:cdh_M00117	I	358418	359050	+
Corynebacterium diphtheriae INCA 402	cdh	CDB402_0828	NA	2-dehydropantoate 2-reductase	md:cdh_M00119	I	865900	866793	+
Corynebacterium diphtheriae INCA 402	cdh	CDB402_1539	ilvE	branched-chain amino acid aminotransferase	md:cdh_M00119	I	1677885	1679027	-
Corynebacterium diphtheriae INCA 402	cdh	CDB402_1852	panC1	pantoate-beta-alanine ligase	md:cdh_M00119	I	2021872	2022651	-
Corynebacterium diphtheriae INCA 402	cdh	CDB402_2215	panC2	pantoate-beta-alanine ligase	md:cdh_M00119	I	2423636	2424496	+
Corynebacterium diphtheriae INCA 402	cdh	CDB402_2216	panB	3-methyl-2-oxobutanoatehydroxymethyltransferase	md:cdh_M00119	I	2424493	2425284	-
Corynebacterium diphtheriae INCA 402	cdh	CDB402_0810	coaA	pantothenate kinase	md:cdh_M00120	I	846338	847264	-
Corynebacterium diphtheriae INCA 402	cdh	CDB402_1014	coaD	phosphopantetheine adenylyltransferase	md:cdh_M00120	I	1068859	1069338	+
Corynebacterium diphtheriae INCA 402	cdh	CDB402_1039	coaE	dephospho-CoA kinase	md:cdh_M00120	I	1102389	1102991	+
Corynebacterium diphtheriae INCA 402	cdh	CDB402_1230	dfp	bifunctional phosphopantothenoylcysteine decarboxylase/phosphopantothenate synthase	md:cdh_M00120	I	1336972	1338216	-
Corynebacterium diphtheriae INCA 402	cdh	CDB402_0168	gltX	glutamyl-Q tRNA(Asp) synthetase	md:cdh_M00121	I	175806	176699	+
Corynebacterium diphtheriae INCA 402	cdh	CDB402_0314	hemA	glutamyl-tRNA reductase	md:cdh_M00121	I	332347	333663	+
Corynebacterium diphtheriae INCA 402	cdh	CDB402_0315	hemC	porphobilinogen deaminase	md:cdh_M00121	I	333660	334544	+
Corynebacterium diphtheriae INCA 402	cdh	CDB402_0316	hemD	uroporphyrin-III C-methyltransferase / uroporphyrinogen-III synthase	md:cdh_M00121	I	334605	336275	+
Corynebacterium diphtheriae INCA 402	cdh	CDB402_0317	hemB	delta-aminolevulinic acid dehydratase	md:cdh_M00121	I	336272	337264	+
Corynebacterium diphtheriae INCA 402	cdh	CDB402_0321	hemE	uroporphyrinogen decarboxylase	md:cdh_M00121	I	341428	342465	+
Corynebacterium diphtheriae INCA 402	cdh	CDB402_0322	hemG	protoporphyrinogen oxidase	md:cdh_M00121	I	342481	343833	+
Corynebacterium diphtheriae INCA 402	cdh	CDB402_0323	hemL	glutamate-1-semialdehyde aminotransferase	md:cdh_M00121	I	343889	345181	+
Corynebacterium diphtheriae INCA 402	cdh	CDB402_0992	gltS	glutamyl-tRNA synthetase	md:cdh_M00121	I	1042036	1043520	+
Corynebacterium diphtheriae INCA 402	cdh	CDB402_1186	hemH	ferrochelatase	md:cdh_M00121	I	1285040	1286173	-
Corynebacterium diphtheriae INCA 402	cdh	CDB402_1398	NA	cobIyrinic acid a,c-diamide adenosyltransferase	md:cdh_M00122	I	1519204	1519824	-
Corynebacterium diphtheriae INCA 402	cdh	CDB402_1404	cobQ	cobyric acid synthase	md:cdh_M00122	I	1526433	1527872	-
Corynebacterium diphtheriae INCA 402	cdh	CDB402_1536	cobU	putative cobinamide kinase	md:cdh_M00122	I	1675308	1675856	+
Corynebacterium diphtheriae INCA 402	cdh	CDB402_1537	cobT	nicotinate-nucleotide-dimethylbenzimidazolephosphoribosyltransferase	md:cdh_M00122	I	1675906	1676976	+
Corynebacterium diphtheriae INCA 402	cdh	CDB402_1538	cobS	cobalamin synthase	md:cdh_M00122	I	1676984	1677808	+
Corynebacterium diphtheriae INCA 402	cdh	CDB402_1569	NA	2,3-bisphosphoglycerate-dependent phosphoglycerate mutase	md:cdh_M00122	I	1707906	1709039	-
Corynebacterium diphtheriae INCA 402	cdh	CDB402_1576	NA	putative cobalamin biosynthesis protein	md:cdh_M00122	I	1714023	1714925	-
Corynebacterium diphtheriae INCA 402	cdh	CDB402_1755	NA	hypothetical protein	md:cdh_M00122	I	1917734	1918309	+
Corynebacterium diphtheriae INCA 402	cdh	CDB402_0069	bioB	biotin synthase	md:cdh_M00123	I	71131	72126	+
Corynebacterium diphtheriae INCA 402	cdh	CDB402_0999	NA	biotin synthase family transferase	md:cdh_M00123	I	1053641	1054633	-
Corynebacterium diphtheriae INCA 402	cdh	CDB402_1099	bioD1	dithiobiotin synthetase	md:cdh_M00123	I	1185475	1186125	+
Corynebacterium diphtheriae INCA 402	cdh	CDB402_1101	bioA	adenosylmethionine-8-amino-7-oxononanoatetransaminase	md:cdh_M00123	I	1187682	1188995	+
Corynebacterium diphtheriae INCA 402	cdh	CDB402_1102	bioD	dithiobiotin synthetase	md:cdh_M00123	I	1189008	1189676	+
Corynebacterium diphtheriae INCA 402	cdh	CDB402_1293	NA	putative aminotransferase biotin synthesis related protein	md:cdh_M00123	I	1408604	1409803	+
Corynebacterium diphtheriae INCA 402	cdh	CDB402_0694	serC	phosphoserine aminotransferase	md:cdh_M00124	I	726623	727753	-
Corynebacterium diphtheriae INCA 402	cdh	CDB402_1220	ribH	6,7-dimethyl-8-ribityllumazine synthase	md:cdh_M00125	I	1326224	1326691	-
Corynebacterium diphtheriae INCA 402	cdh	CDB402_1221	ribA	bifunctional 3,4-dihydroxy-2-butanone 4-phosphate synthase/GTP cyclohydrolase II protein	md:cdh_M00125	I	1326692	1328008	-
Corynebacterium diphtheriae INCA 402	cdh	CDB402_1222	ribE	riboflavin synthase subunit alpha	md:cdh_M00125	I	1328045	1328653	-
Corynebacterium diphtheriae INCA 402	cdh	CDB402_1223	NA	diaminohydroxyphosphoribosylaminopyrimidine deaminase / 5-amino-6-(5-phosphoribosylamino)uracil reductase	md:cdh_M00125	I	1328711	1329715	-
Corynebacterium diphtheriae INCA 402	cdh	CDB402_1380	NA	bifunctional riboflavin kinase/FMN adenylyltransferase	md:cdh_M00125	I	1499107	1500078	-
Corynebacterium diphtheriae INCA 402	cdh	CDB402_0711	NA	putative folate reductase	md:cdh_M00126	I	743133	743636	-
Corynebacterium diphtheriae INCA 402	cdh	CDB402_0860	folP	dihydropteroate synthase	md:cdh_M00126	I	899666	900523	+
Corynebacterium diphtheriae INCA 402	cdh	CDB402_1673	folC	dihydrofolate synthase / folylpolyglutamate synthase	md:cdh_M00126	I	1821266	1822762	-
Corynebacterium diphtheriae INCA 402	cdh	CDB402_1856	folK	putative 7,8-dihydro-6-hydroxymethylpterin-pyrophosphokinase	md:cdh_M00126	I	2024667	2025146	-
Corynebacterium diphtheriae INCA 402	cdh	CDB402_1857	folX	Dihydroneopterin aldolase	md:cdh_M00126	I	2025156	2025521	-
Corynebacterium diphtheriae INCA 402	cdh	CDB402_1858	NA	putative dihydropteroate synthase	md:cdh_M00126	I	2025527	2026363	-
Corynebacterium diphtheriae INCA 402	cdh	CDB402_1860	folE	GTP cyclohydrolase I	md:cdh_M00126	I	2026804	2027376	-
Corynebacterium diphtheriae INCA 402	cdh	CDB402_0027	thiC	thiamine biosynthesis protein ThiC	md:cdh_M00127	I	28840	30639	+
Corynebacterium diphtheriae INCA 402	cdh	CDB402_0028	thiE	thiamine-phosphate pyrophosphorylase	md:cdh_M00127	I	30623	31291	+
Corynebacterium diphtheriae INCA 402	cdh	CDB402_0030	thiS	thiamine biosynthesis protein	md:cdh_M00127	I	32360	32560	+
Corynebacterium diphtheriae INCA 402	cdh	CDB402_0031	thiG	thiazole synthase	md:cdh_M00127	I	32562	33347	+
Corynebacterium diphtheriae INCA 402	cdh	CDB402_0033	thiD	multifunctional thiamine-phosphate pyrophosphorylase	md:cdh_M00127	I	34354	35169	+
Corynebacterium diphtheriae INCA 402	cdh	CDB402_1008	thiL	thiamine monophosphate kinase	md:cdh_M00127	I	1062577	1063566	+
Corynebacterium diphtheriae INCA 402	cdh	CDB402_0747	galU	UTP-glucose-1-phosphate uridylyltransferase	md:cdh_M00129	I	778122	779042	+
Corynebacterium diphtheriae INCA 402	cdh	CDB402_2004	udgA	UDP-glucose 6-dehydrogenase	md:cdh_M00129	I	2174339	2175544	-
Corynebacterium diphtheriae INCA 402	cdh	CDB402_1314	suhB	myo-inositol-1 or 4-monophosphatase	md:cdh_M00131	I	1429763	1430482	-
Corynebacterium diphtheriae INCA 402	cdh	CDB402_1464	impA	inositol monophosphate phosphatase	md:cdh_M00131	I	1595135	1595920	-
Corynebacterium diphtheriae INCA 402	cdh	CDB402_0530	folD	methylenetetrahydrofolate dehydrogenase	md:cdh_M00140	I	550897	551742	+
Corynebacterium diphtheriae INCA 402	cdh	CDB402_0811	glyA	serine hydroxymethyltransferase	md:cdh_M00140	I	847475	848764	+
Corynebacterium diphtheriae INCA 402	cdh	CDB402_1162	fhs	formate-tetrahydrofolate ligase	md:cdh_M00140	I	1255864	1257516	-
Corynebacterium diphtheriae INCA 402	cdh	CDB402_0286	sdhB	succinate dehydrogenase iron-sulfur protein	md:cdh_M00149	I	305254	306012	+
Corynebacterium diphtheriae INCA 402	cdh	CDB402_0287	sdhA	succinate dehydrogenase flavoprotein subunit	md:cdh_M00149	I	306031	308046	+
Corynebacterium diphtheriae INCA 402	cdh	CDB402_0288	sdhC	succinate dehydrogenase reductase iron-sulfur subunit	md:cdh_M00149	I	308046	308795	+
Corynebacterium diphtheriae INCA 402	cdh	CDB402_1527	qcrB	ubiquinol-cytochrome C reductase cytochrome B subunit	md:cdh_M00151	I	1665117	1666739	-
Corynebacterium diphtheriae INCA 402	cdh	CDB402_1528	qcrA	ubiquinol-cytochrome C reductase iron-sulfur protein	md:cdh_M00151	I	1666736	1667956	-
Corynebacterium diphtheriae INCA 402	cdh	CDB402_1529	qcrC	ubiquinol-cytochrome C reductase cytochrome C subunit	md:cdh_M00151	I	1667953	1668846	-
Corynebacterium diphtheriae INCA 402	cdh	CDB402_1768	NA	putative cytochrome ubiquinol oxidase subunit	md:cdh_M00153	I	1930235	1931770	+
Corynebacterium diphtheriae INCA 402	cdh	CDB402_1769	NA	putative cytochrome ubiquinol oxidase subunit	md:cdh_M00153	I	1931778	1932752	+
Corynebacterium diphtheriae INCA 402	cdh	CDB402_1204	ctaA	cytochrome aa3 controlling protein	md:cdh_M00154	I	1307272	1308210	+
Corynebacterium diphtheriae INCA 402	cdh	CDB402_1205	ctaB	protoheme IX farnesyltransferase	md:cdh_M00154	I	1308328	1309275	-
Corynebacterium diphtheriae INCA 402	cdh	CDB402_1530	ctaE	cytochrome C oxidase subunit III	md:cdh_M00155	I	1668932	1669522	-
Corynebacterium diphtheriae INCA 402	cdh	CDB402_1532	ctaC	cytochrome C oxidase subunit II	md:cdh_M00155	I	1670542	1671630	-
Corynebacterium diphtheriae INCA 402	cdh	CDB402_1730	ctaD	cytochrome C oxidase subunit I	md:cdh_M00155	I	1886627	1888321	-
Corynebacterium diphtheriae INCA 402	cdh	CDB402_0921	atpB	F0F1 ATP synthase subunit A	md:cdh_M00157	I	972328	973113	+
Corynebacterium diphtheriae INCA 402	cdh	CDB402_0922	atpE	F0F1 ATP synthase subunit C	md:cdh_M00157	I	973199	973438	+
Corynebacterium diphtheriae INCA 402	cdh	CDB402_0923	atpF	F0F1 ATP synthase subunit B	md:cdh_M00157	I	973466	974032	+
Corynebacterium diphtheriae INCA 402	cdh	CDB402_0924	atpH	F0F1 ATP synthase subunit delta	md:cdh_M00157	I	974038	974859	+
Corynebacterium diphtheriae INCA 402	cdh	CDB402_0925	atpA	F0F1 ATP synthase subunit alpha	md:cdh_M00157	I	974920	976548	+
Corynebacterium diphtheriae INCA 402	cdh	CDB402_0926	atpG	F0F1 ATP synthase subunit gamma	md:cdh_M00157	I	976602	977579	+
Corynebacterium diphtheriae INCA 402	cdh	CDB402_0927	atpD	F0F1 ATP synthase subunit beta	md:cdh_M00157	I	977583	979028	+
Corynebacterium diphtheriae INCA 402	cdh	CDB402_0928	atpC	F0F1 ATP synthase subunit epsilon	md:cdh_M00157	I	979042	979413	+
Corynebacterium diphtheriae INCA 402	cdh	CDB402_0773	gapB	glyceraldehyde-3-phosphate dehydrogenase	md:cdh_M00165	I	806885	808315	-
Corynebacterium diphtheriae INCA 402	cdh	CDB402_0817	fbp	fructose 1,6-bisphosphatase II	md:cdh_M00165	I	854597	855613	-
Corynebacterium diphtheriae INCA 402	cdh	CDB402_1206	tkt	transketolase	md:cdh_M00165	I	1309638	1311740	+
Corynebacterium diphtheriae INCA 402	cdh	CDB402_1213	pgk	phosphoglycerate kinase	md:cdh_M00165	I	1317752	1318969	-
Corynebacterium diphtheriae INCA 402	cdh	CDB402_1214	gapA	glyceraldehyde-3-phosphate dehydrogenase	md:cdh_M00165	I	1319100	1320104	-
Corynebacterium diphtheriae INCA 402	cdh	CDB402_1684	rpi	ribose-5-phosphate isomerase	md:cdh_M00165	I	1836674	1837147	-
Corynebacterium diphtheriae INCA 402	cdh	CDB402_1948	fda	fructose-bisphosphate aldolase	md:cdh_M00165	I	2103106	2104140	-
Corynebacterium diphtheriae INCA 402	cdh	CDB402_0773	gapB	glyceraldehyde-3-phosphate dehydrogenase	md:cdh_M00166	I	806885	808315	-
Corynebacterium diphtheriae INCA 402	cdh	CDB402_1213	pgk	phosphoglycerate kinase	md:cdh_M00166	I	1317752	1318969	-
Corynebacterium diphtheriae INCA 402	cdh	CDB402_1214	gapA	glyceraldehyde-3-phosphate dehydrogenase	md:cdh_M00166	I	1319100	1320104	-
Corynebacterium diphtheriae INCA 402	cdh	CDB402_0817	fbp	fructose 1,6-bisphosphatase II	md:cdh_M00167	I	854597	855613	-
Corynebacterium diphtheriae INCA 402	cdh	CDB402_1206	tkt	transketolase	md:cdh_M00167	I	1309638	1311740	+
Corynebacterium diphtheriae INCA 402	cdh	CDB402_1684	rpi	ribose-5-phosphate isomerase	md:cdh_M00167	I	1836674	1837147	-
Corynebacterium diphtheriae INCA 402	cdh	CDB402_1948	fda	fructose-bisphosphate aldolase	md:cdh_M00167	I	2103106	2104140	-
Corynebacterium diphtheriae INCA 402	cdh	CDB402_0997	ppc	Phosphoenolpyruvate carboxylase	md:cdh_M00168	I	1050445	1053198	+
Corynebacterium diphtheriae INCA 402	cdh	CDB402_1675	mdh	malate dehydrogenase	md:cdh_M00168	I	1825562	1826542	-
Corynebacterium diphtheriae INCA 402	cdh	CDB402_0997	ppc	Phosphoenolpyruvate carboxylase	md:cdh_M00170	I	1050445	1053198	+
Corynebacterium diphtheriae INCA 402	cdh	CDB402_0997	ppc	Phosphoenolpyruvate carboxylase	md:cdh_M00171	I	1050445	1053198	+
Corynebacterium diphtheriae INCA 402	cdh	CDB402_0997	ppc	Phosphoenolpyruvate carboxylase	md:cdh_M00172	I	1050445	1053198	+
Corynebacterium diphtheriae INCA 402	cdh	CDB402_0286	sdhB	succinate dehydrogenase iron-sulfur protein	md:cdh_M00173	I	305254	306012	+
Corynebacterium diphtheriae INCA 402	cdh	CDB402_0287	sdhA	succinate dehydrogenase flavoprotein subunit	md:cdh_M00173	I	306031	308046	+
Corynebacterium diphtheriae INCA 402	cdh	CDB402_0288	sdhC	succinate dehydrogenase reductase iron-sulfur subunit	md:cdh_M00173	I	308046	308795	+
Corynebacterium diphtheriae INCA 402	cdh	CDB402_0543	icd	isocitrate dehydrogenase	md:cdh_M00173	I	562778	564991	-
Corynebacterium diphtheriae INCA 402	cdh	CDB402_0561	pyc	pyruvate carboxylase	md:cdh_M00173	I	581339	584764	+
Corynebacterium diphtheriae INCA 402	cdh	CDB402_0816	fum	fumarate hydratase	md:cdh_M00173	I	852936	854339	-
Corynebacterium diphtheriae INCA 402	cdh	CDB402_0997	ppc	Phosphoenolpyruvate carboxylase	md:cdh_M00173	I	1050445	1053198	+
Corynebacterium diphtheriae INCA 402	cdh	CDB402_1188	acn	aconitate hydratase	md:cdh_M00173	I	1288745	1291549	+
Corynebacterium diphtheriae INCA 402	cdh	CDB402_1675	mdh	malate dehydrogenase	md:cdh_M00173	I	1825562	1826542	-
Corynebacterium diphtheriae INCA 402	cdh	CDB402_0284	lpd	dihydrolipoamide dehydrogenase	md:cdh_M00307	I	301762	303171	+
Corynebacterium diphtheriae INCA 402	cdh	CDB402_1542	sucB	dihydrolipoamide acetyltransferase	md:cdh_M00307	I	1681188	1682786	+
Corynebacterium diphtheriae INCA 402	cdh	CDB402_1578	aceE	pyruvate dehydrogenase subunit E1	md:cdh_M00307	I	1715813	1718548	+
Corynebacterium diphtheriae INCA 402	cdh	CDB402_0773	gapB	glyceraldehyde-3-phosphate dehydrogenase	md:cdh_M00308	I	806885	808315	-
Corynebacterium diphtheriae INCA 402	cdh	CDB402_1213	pgk	phosphoglycerate kinase	md:cdh_M00308	I	1317752	1318969	-
Corynebacterium diphtheriae INCA 402	cdh	CDB402_1214	gapA	glyceraldehyde-3-phosphate dehydrogenase	md:cdh_M00308	I	1319100	1320104	-
Corynebacterium diphtheriae INCA 402	cdh	CDB402_1948	fda	fructose-bisphosphate aldolase	md:cdh_M00344	I	2103106	2104140	-
Corynebacterium diphtheriae INCA 402	cdh	CDB402_1948	fda	fructose-bisphosphate aldolase	md:cdh_M00345	I	2103106	2104140	-
Corynebacterium diphtheriae INCA 402	cdh	CDB402_0796	eno	phosphopyruvate hydratase	md:cdh_M00346	I	835464	836741	+
Corynebacterium diphtheriae INCA 402	cdh	CDB402_0811	glyA	serine hydroxymethyltransferase	md:cdh_M00346	I	847475	848764	+
Corynebacterium diphtheriae INCA 402	cdh	CDB402_0997	ppc	Phosphoenolpyruvate carboxylase	md:cdh_M00346	I	1050445	1053198	+
Corynebacterium diphtheriae INCA 402	cdh	CDB402_1675	mdh	malate dehydrogenase	md:cdh_M00346	I	1825562	1826542	-
Corynebacterium diphtheriae INCA 402	cdh	CDB402_1909	ackA	acetate kinase	md:cdh_M00357	I	2071845	2073044	-
Corynebacterium diphtheriae INCA 402	cdh	CDB402_1516	crtE	putative polyprenyl synthase	md:cdh_M00364	I	1652032	1653207	+
Corynebacterium diphtheriae INCA 402	cdh	CDB402_1621	idi	isopentenyl-diphosphate delta-isomerase	md:cdh_M00364	I	1764028	1764579	-
Corynebacterium diphtheriae INCA 402	cdh	CDB402_1229	metK	S-adenosylmethionine synthetase	md:cdh_M00368	I	1335599	1336831	-
Corynebacterium diphtheriae INCA 402	cdh	CDB402_0573	accD1	acyl-CoA carboxylase, beta subunit	md:cdh_M00373	I	597456	599168	-
Corynebacterium diphtheriae INCA 402	cdh	CDB402_0574	pccB1	propionyl-CoA carboxylase complex B subunit	md:cdh_M00373	I	599648	601279	-
Corynebacterium diphtheriae INCA 402	cdh	CDB402_0932	NA	putative methylmalonyl-CoA epimerase	md:cdh_M00373	I	981212	981670	-
Corynebacterium diphtheriae INCA 402	cdh	CDB402_1179	sbm	methylmalonyl-CoA mutase	md:cdh_M00373	I	1276095	1278302	-
Corynebacterium diphtheriae INCA 402	cdh	CDB402_1180	NA	putative methylmalonyl-CoA mutase small subunit	md:cdh_M00373	I	1278305	1280116	-
Corynebacterium diphtheriae INCA 402	cdh	CDB402_1986	fadA	acetyl-CoA thiolase	md:cdh_M00373	I	2153606	2154514	-
Corynebacterium diphtheriae INCA 402	cdh	CDB402_2049	pccB2	propionyl-CoA carboxylase complex B subunit	md:cdh_M00373	I	2225122	2226672	-
Corynebacterium diphtheriae INCA 402	cdh	CDB402_0286	sdhB	succinate dehydrogenase iron-sulfur protein	md:cdh_M00374	I	305254	306012	+
Corynebacterium diphtheriae INCA 402	cdh	CDB402_0287	sdhA	succinate dehydrogenase flavoprotein subunit	md:cdh_M00374	I	306031	308046	+
Corynebacterium diphtheriae INCA 402	cdh	CDB402_0288	sdhC	succinate dehydrogenase reductase iron-sulfur subunit	md:cdh_M00374	I	308046	308795	+
Corynebacterium diphtheriae INCA 402	cdh	CDB402_0997	ppc	Phosphoenolpyruvate carboxylase	md:cdh_M00374	I	1050445	1053198	+
Corynebacterium diphtheriae INCA 402	cdh	CDB402_1675	mdh	malate dehydrogenase	md:cdh_M00374	I	1825562	1826542	-
Corynebacterium diphtheriae INCA 402	cdh	CDB402_1986	fadA	acetyl-CoA thiolase	md:cdh_M00374	I	2153606	2154514	-
Corynebacterium diphtheriae INCA 402	cdh	CDB402_0932	NA	putative methylmalonyl-CoA epimerase	md:cdh_M00375	I	981212	981670	-
Corynebacterium diphtheriae INCA 402	cdh	CDB402_1986	fadA	acetyl-CoA thiolase	md:cdh_M00375	I	2153606	2154514	-
Corynebacterium diphtheriae INCA 402	cdh	CDB402_0286	sdhB	succinate dehydrogenase iron-sulfur protein	md:cdh_M00376	I	305254	306012	+
Corynebacterium diphtheriae INCA 402	cdh	CDB402_0287	sdhA	succinate dehydrogenase flavoprotein subunit	md:cdh_M00376	I	306031	308046	+
Corynebacterium diphtheriae INCA 402	cdh	CDB402_0288	sdhC	succinate dehydrogenase reductase iron-sulfur subunit	md:cdh_M00376	I	308046	308795	+
Corynebacterium diphtheriae INCA 402	cdh	CDB402_0816	fum	fumarate hydratase	md:cdh_M00376	I	852936	854339	-
Corynebacterium diphtheriae INCA 402	cdh	CDB402_0932	NA	putative methylmalonyl-CoA epimerase	md:cdh_M00376	I	981212	981670	-
Corynebacterium diphtheriae INCA 402	cdh	CDB402_1179	sbm	methylmalonyl-CoA mutase	md:cdh_M00376	I	1276095	1278302	-
Corynebacterium diphtheriae INCA 402	cdh	CDB402_1180	NA	putative methylmalonyl-CoA mutase small subunit	md:cdh_M00376	I	1278305	1280116	-
Corynebacterium diphtheriae INCA 402	cdh	CDB402_0530	folD	methylenetetrahydrofolate dehydrogenase	md:cdh_M00377	I	550897	551742	+
Corynebacterium diphtheriae INCA 402	cdh	CDB402_1162	fhs	formate-tetrahydrofolate ligase	md:cdh_M00377	I	1255864	1257516	-
Corynebacterium diphtheriae INCA 402	cdh	CDB402_0184	leuA	2-isopropylmalate synthase	md:cdh_M00432	I	192107	193924	-
Corynebacterium diphtheriae INCA 402	cdh	CDB402_0982	leuB	3-isopropylmalate dehydrogenase	md:cdh_M00432	I	1036125	1037144	+
Corynebacterium diphtheriae INCA 402	cdh	CDB402_1002	leuC	isopropylmalate isomerase large subunit	md:cdh_M00432	I	1056097	1057539	+
Corynebacterium diphtheriae INCA 402	cdh	CDB402_1003	leuD	isopropylmalate isomerase small subunit	md:cdh_M00432	I	1057551	1058141	+
Corynebacterium diphtheriae INCA 402	cdh	CDB402_0193	lysC	aspartate kinase	md:cdh_M00525	I	203153	204418	+
Corynebacterium diphtheriae INCA 402	cdh	CDB402_0195	NA	aspartate-semialdehyde dehydrogenase	md:cdh_M00525	I	208259	209290	+
Corynebacterium diphtheriae INCA 402	cdh	CDB402_0423	NA	putative lysine biosynthesis protein	md:cdh_M00525	I	444068	444988	-
Corynebacterium diphtheriae INCA 402	cdh	CDB402_0911	lysA	diaminopimelate decarboxylase	md:cdh_M00525	I	959512	960840	+
Corynebacterium diphtheriae INCA 402	cdh	CDB402_1352	dapF	Diaminopimelate epimerase	md:cdh_M00525	I	1470369	1471262	-
Corynebacterium diphtheriae INCA 402	cdh	CDB402_1374	dapA1	dihydrodipicolinate synthase	md:cdh_M00525	I	1492539	1493444	-
Corynebacterium diphtheriae INCA 402	cdh	CDB402_1376	dapB	dihydrodipicolinate reductase	md:cdh_M00525	I	1494284	1495030	-
Corynebacterium diphtheriae INCA 402	cdh	CDB402_0193	lysC	aspartate kinase	md:cdh_M00526	I	203153	204418	+
Corynebacterium diphtheriae INCA 402	cdh	CDB402_0195	NA	aspartate-semialdehyde dehydrogenase	md:cdh_M00526	I	208259	209290	+
Corynebacterium diphtheriae INCA 402	cdh	CDB402_0423	NA	putative lysine biosynthesis protein	md:cdh_M00526	I	444068	444988	-
Corynebacterium diphtheriae INCA 402	cdh	CDB402_0911	lysA	diaminopimelate decarboxylase	md:cdh_M00526	I	959512	960840	+
Corynebacterium diphtheriae INCA 402	cdh	CDB402_1374	dapA1	dihydrodipicolinate synthase	md:cdh_M00526	I	1492539	1493444	-
Corynebacterium diphtheriae INCA 402	cdh	CDB402_1376	dapB	dihydrodipicolinate reductase	md:cdh_M00526	I	1494284	1495030	-
Corynebacterium diphtheriae INCA 402	cdh	CDB402_0193	lysC	aspartate kinase	md:cdh_M00527	I	203153	204418	+
Corynebacterium diphtheriae INCA 402	cdh	CDB402_0195	NA	aspartate-semialdehyde dehydrogenase	md:cdh_M00527	I	208259	209290	+
Corynebacterium diphtheriae INCA 402	cdh	CDB402_0423	NA	putative lysine biosynthesis protein	md:cdh_M00527	I	444068	444988	-
Corynebacterium diphtheriae INCA 402	cdh	CDB402_0911	lysA	diaminopimelate decarboxylase	md:cdh_M00527	I	959512	960840	+
Corynebacterium diphtheriae INCA 402	cdh	CDB402_1352	dapF	Diaminopimelate epimerase	md:cdh_M00527	I	1470369	1471262	-
Corynebacterium diphtheriae INCA 402	cdh	CDB402_1374	dapA1	dihydrodipicolinate synthase	md:cdh_M00527	I	1492539	1493444	-
Corynebacterium diphtheriae INCA 402	cdh	CDB402_1376	dapB	dihydrodipicolinate reductase	md:cdh_M00527	I	1494284	1495030	-
Corynebacterium diphtheriae INCA 402	cdh	CDB402_0409	narI	Nitrate reductase gamma subunit	md:cdh_M00529	I	426088	426867	-
Corynebacterium diphtheriae INCA 402	cdh	CDB402_0411	narH	nitrate reductase beta subunit	md:cdh_M00529	I	427561	429162	-
Corynebacterium diphtheriae INCA 402	cdh	CDB402_0412	narG	nitrate reductase alpha subunit	md:cdh_M00529	I	429162	432884	-
Corynebacterium diphtheriae INCA 402	cdh	CDB402_1742	NA	putative multicopper oxidase	md:cdh_M00529	I	1898143	1899531	-
Corynebacterium diphtheriae INCA 402	cdh	CDB402_2096	NA	putative nitric-oxide reductase	md:cdh_M00529	I	2284267	2286558	-
Corynebacterium diphtheriae INCA 402	cdh	CDB402_0409	narI	Nitrate reductase gamma subunit	md:cdh_M00530	I	426088	426867	-
Corynebacterium diphtheriae INCA 402	cdh	CDB402_0411	narH	nitrate reductase beta subunit	md:cdh_M00530	I	427561	429162	-
Corynebacterium diphtheriae INCA 402	cdh	CDB402_0412	narG	nitrate reductase alpha subunit	md:cdh_M00530	I	429162	432884	-
Corynebacterium diphtheriae INCA 402	cdh	CDB402_0204	katA	catalase	md:cdh_M00532	I	219377	220915	+
Corynebacterium diphtheriae INCA 402	cdh	CDB402_0284	lpd	dihydrolipoamide dehydrogenase	md:cdh_M00532	I	301762	303171	+
Corynebacterium diphtheriae INCA 402	cdh	CDB402_0811	glyA	serine hydroxymethyltransferase	md:cdh_M00532	I	847475	848764	+
Corynebacterium diphtheriae INCA 402	cdh	CDB402_0982	leuB	3-isopropylmalate dehydrogenase	md:cdh_M00535	I	1036125	1037144	+
Corynebacterium diphtheriae INCA 402	cdh	CDB402_1002	leuC	isopropylmalate isomerase large subunit	md:cdh_M00535	I	1056097	1057539	+
Corynebacterium diphtheriae INCA 402	cdh	CDB402_1003	leuD	isopropylmalate isomerase small subunit	md:cdh_M00535	I	1057551	1058141	+
Corynebacterium diphtheriae INCA 402	cdh	CDB402_0429	NA	putative regulatory protein sugar kinase	md:cdh_M00549	I	451771	452655	+
Corynebacterium diphtheriae INCA 402	cdh	CDB402_0747	galU	UTP-glucose-1-phosphate uridylyltransferase	md:cdh_M00549	I	778122	779042	+
Corynebacterium diphtheriae INCA 402	cdh	CDB402_1315	ppgK	polyphosphate glucokinase	md:cdh_M00549	I	1430799	1431560	+
Corynebacterium diphtheriae INCA 402	cdh	CDB402_1523	glk	glucose kinase	md:cdh_M00549	I	1660303	1661256	-
Corynebacterium diphtheriae INCA 402	cdh	CDB402_1748	pgm	phosphoglucomutase	md:cdh_M00549	I	1904160	1905797	-
Corynebacterium diphtheriae INCA 402	cdh	CDB402_0109	NA	hypothetical protein	md:cdh_M00550	I	113507	113893	+
Corynebacterium diphtheriae INCA 402	cdh	CDB402_2192	NA	putative phosphotransferase system protein	md:cdh_M00550	I	2398938	2399732	+
Corynebacterium diphtheriae INCA 402	cdh	CDB402_2193	ulaA	ascorbate-specific PTS system enzyme IIC	md:cdh_M00550	I	2399758	2401314	+
Corynebacterium diphtheriae INCA 402	cdh	CDB402_0773	gapB	glyceraldehyde-3-phosphate dehydrogenase	md:cdh_M00552	I	806885	808315	-
Corynebacterium diphtheriae INCA 402	cdh	CDB402_1213	pgk	phosphoglycerate kinase	md:cdh_M00552	I	1317752	1318969	-
Corynebacterium diphtheriae INCA 402	cdh	CDB402_1214	gapA	glyceraldehyde-3-phosphate dehydrogenase	md:cdh_M00552	I	1319100	1320104	-
Corynebacterium diphtheriae INCA 402	cdh	CDB402_0890	galT	galactose-1-phosphate uridylyltransferase	md:cdh_M00554	I	931439	932569	+
Corynebacterium diphtheriae INCA 402	cdh	CDB402_0891	galK	galactokinase	md:cdh_M00554	I	932553	933782	+
Corynebacterium diphtheriae INCA 402	cdh	CDB402_1563	NA	hypothetical protein	md:cdh_M00554	I	1703816	1705048	+
Corynebacterium diphtheriae INCA 402	cdh	CDB402_2064	gbsA	betaine aldehyde dehydrogenase	md:cdh_M00555	I	2246657	2248234	-
Corynebacterium diphtheriae INCA 402	cdh	CDB402_2066	betA	choline dehydrogenase	md:cdh_M00555	I	2250798	2252591	+
Corynebacterium diphtheriae INCA 402	cdh	CDB402_0868	NA	glucose-1-phosphate adenylyltransferase	md:cdh_M00565	I	906242	907468	+
Corynebacterium diphtheriae INCA 402	cdh	CDB402_0941	glgB	1,4-alpha-glucan branching enzyme	md:cdh_M00565	I	987886	990084	-
Corynebacterium diphtheriae INCA 402	cdh	CDB402_1476	glgX	glycogen operon protein	md:cdh_M00565	I	1605985	1608192	+
Corynebacterium diphtheriae INCA 402	cdh	CDB402_0973	ilvD	dihydroxy-acid dehydratase	md:cdh_M00570	I	1023121	1024962	-
Corynebacterium diphtheriae INCA 402	cdh	CDB402_0975	ilvB	acetolactate synthase 1 catalytic subunit	md:cdh_M00570	I	1026123	1028081	+
Corynebacterium diphtheriae INCA 402	cdh	CDB402_0976	ilvN	acetolactate synthase small subunit	md:cdh_M00570	I	1028097	1028621	+
Corynebacterium diphtheriae INCA 402	cdh	CDB402_0977	ilvC	ketol-acid reductoisomerase	md:cdh_M00570	I	1028741	1029754	+
Corynebacterium diphtheriae INCA 402	cdh	CDB402_1483	ilvA	threonine dehydratase	md:cdh_M00570	I	1613095	1614393	-
Corynebacterium diphtheriae INCA 402	cdh	CDB402_1539	ilvE	branched-chain amino acid aminotransferase	md:cdh_M00570	I	1677885	1679027	-
Corynebacterium diphtheriae INCA 402	cdh	CDB402_0069	bioB	biotin synthase	md:cdh_M00573	I	71131	72126	+
Corynebacterium diphtheriae INCA 402	cdh	CDB402_0999	NA	biotin synthase family transferase	md:cdh_M00573	I	1053641	1054633	-
Corynebacterium diphtheriae INCA 402	cdh	CDB402_1099	bioD1	dithiobiotin synthetase	md:cdh_M00573	I	1185475	1186125	+
Corynebacterium diphtheriae INCA 402	cdh	CDB402_1102	bioD	dithiobiotin synthetase	md:cdh_M00573	I	1189008	1189676	+
Corynebacterium diphtheriae INCA 402	cdh	CDB402_1293	NA	putative aminotransferase biotin synthesis related protein	md:cdh_M00573	I	1408604	1409803	+
Corynebacterium diphtheriae INCA 402	cdh	CDB402_0069	bioB	biotin synthase	md:cdh_M00577	I	71131	72126	+
Corynebacterium diphtheriae INCA 402	cdh	CDB402_0999	NA	biotin synthase family transferase	md:cdh_M00577	I	1053641	1054633	-
Corynebacterium diphtheriae INCA 402	cdh	CDB402_1099	bioD1	dithiobiotin synthetase	md:cdh_M00577	I	1185475	1186125	+
Corynebacterium diphtheriae INCA 402	cdh	CDB402_1101	bioA	adenosylmethionine-8-amino-7-oxononanoatetransaminase	md:cdh_M00577	I	1187682	1188995	+
Corynebacterium diphtheriae INCA 402	cdh	CDB402_1102	bioD	dithiobiotin synthetase	md:cdh_M00577	I	1189008	1189676	+
Corynebacterium diphtheriae INCA 402	cdh	CDB402_1292	NA	6-carboxyhexanoate-CoA ligase	md:cdh_M00577	I	1407879	1408604	+
Corynebacterium diphtheriae INCA 402	cdh	CDB402_1293	NA	putative aminotransferase biotin synthesis related protein	md:cdh_M00577	I	1408604	1409803	+
Corynebacterium diphtheriae INCA 402	cdh	CDB402_1909	ackA	acetate kinase	md:cdh_M00579	I	2071845	2073044	-
Corynebacterium diphtheriae INCA 402	cdh	CDB402_1910	pta	phospho acetyltransferase	md:cdh_M00579	I	2073045	2074412	-
Corynebacterium diphtheriae INCA 402	cdh	CDB402_1229	metK	S-adenosylmethionine synthetase	md:cdh_M00609	I	1335599	1336831	-
Corynebacterium diphtheriae INCA 402	cdh	CDB402_1994	NA	nucleosidase	md:cdh_M00609	I	2161559	2161900	-
Corynebacterium diphtheriae INCA 402	cdh	CDB402_0413	narK	putative nitrate transporter	md:cdh_M00615	I	432924	434255	-
Corynebacterium diphtheriae INCA 402	cdh	CDB402_0414	narT	putative nitrate transporter	md:cdh_M00615	I	435154	436449	-
Corynebacterium diphtheriae INCA 402	cdh	CDB402_1675	mdh	malate dehydrogenase	md:cdh_M00620	I	1825562	1826542	-
Corynebacterium diphtheriae INCA 402	cdh	CDB402_0887	NA	putative aldose 1-epimerase	md:cdh_M00632	I	928533	929450	+
Corynebacterium diphtheriae INCA 402	cdh	CDB402_0890	galT	galactose-1-phosphate uridylyltransferase	md:cdh_M00632	I	931439	932569	+
Corynebacterium diphtheriae INCA 402	cdh	CDB402_0891	galK	galactokinase	md:cdh_M00632	I	932553	933782	+
Corynebacterium diphtheriae INCA 402	cdh	CDB402_1326	galE	UDP-glucose 4-epimerase	md:cdh_M00632	I	1440972	1441958	+
Corynebacterium diphtheriae INCA 402	cdh	CDB402_1563	NA	hypothetical protein	md:cdh_M00632	I	1703816	1705048	+
Corynebacterium diphtheriae INCA 402	cdh	CDB402_0188	NA	putative antibiotic resistance protein membrane protein	md:cdh_M00704	I	197304	198668	+
Corynebacterium diphtheriae INCA 402	cdh	CDB402_1805	NA	putative membrane protein	md:cdh_M00714	I	1968645	1970144	+
Corynebacterium diphtheriae INCA 402	cdh	CDB402_0543	icd	isocitrate dehydrogenase	md:cdh_M00740	I	562778	564991	-
Corynebacterium diphtheriae INCA 402	cdh	CDB402_0695	gltA	type II citrate synthase	md:cdh_M00740	I	728441	729733	+
Corynebacterium diphtheriae INCA 402	cdh	CDB402_1188	acn	aconitate hydratase	md:cdh_M00740	I	1288745	1291549	+
Corynebacterium diphtheriae INCA 402	cdh	CDB402_1675	mdh	malate dehydrogenase	md:cdh_M00740	I	1825562	1826542	-
Corynebacterium diphtheriae INCA 402	cdh	CDB402_0564	accBC	acyl-CoA carboxylase, alpha subunit	md:cdh_M00741	I	586201	587985	-
Corynebacterium diphtheriae INCA 402	cdh	CDB402_0573	accD1	acyl-CoA carboxylase, beta subunit	md:cdh_M00741	I	597456	599168	-
Corynebacterium diphtheriae INCA 402	cdh	CDB402_0574	pccB1	propionyl-CoA carboxylase complex B subunit	md:cdh_M00741	I	599648	601279	-
Corynebacterium diphtheriae INCA 402	cdh	CDB402_0932	NA	putative methylmalonyl-CoA epimerase	md:cdh_M00741	I	981212	981670	-
Corynebacterium diphtheriae INCA 402	cdh	CDB402_1179	sbm	methylmalonyl-CoA mutase	md:cdh_M00741	I	1276095	1278302	-
Corynebacterium diphtheriae INCA 402	cdh	CDB402_1180	NA	putative methylmalonyl-CoA mutase small subunit	md:cdh_M00741	I	1278305	1280116	-
Corynebacterium diphtheriae INCA 402	cdh	CDB402_2049	pccB2	propionyl-CoA carboxylase complex B subunit	md:cdh_M00741	I	2225122	2226672	-
Corynebacterium diphtheriae INCA 402	cdh	CDB402_0278	rmlA	glucose-1-phosphate thymidylyltransferase	md:cdh_M00793	I	293515	294387	-
Corynebacterium diphtheriae INCA 402	cdh	CDB402_0279	rmlD	dTDP-4-dehydrorhamnose reductase	md:cdh_M00793	I	294399	295745	-
Corynebacterium diphtheriae INCA 402	cdh	CDB402_0280	rmlB	dTDP-glucose or rhamnose-4,6-dehydratase	md:cdh_M00793	I	295784	296776	-
Corynebacterium diphtheriae INCA 402	cdh	CDB402_0411	narH	nitrate reductase beta subunit	md:cdh_M00804	I	427561	429162	-
Corynebacterium diphtheriae INCA 402	cdh	CDB402_0412	narG	nitrate reductase alpha subunit	md:cdh_M00804	I	429162	432884	-
Corynebacterium diphtheriae INCA 402	cdh	CDB402_0711	NA	putative folate reductase	md:cdh_M00840	I	743133	743636	-
Corynebacterium diphtheriae INCA 402	cdh	CDB402_1221	ribA	bifunctional 3,4-dihydroxy-2-butanone 4-phosphate synthase/GTP cyclohydrolase II protein	md:cdh_M00840	I	1326692	1328008	-
Corynebacterium diphtheriae INCA 402	cdh	CDB402_1857	folX	Dihydroneopterin aldolase	md:cdh_M00840	I	2025156	2025521	-
Corynebacterium diphtheriae INCA 402	cdh	CDB402_1673	folC	dihydrofolate synthase / folylpolyglutamate synthase	md:cdh_M00841	I	1821266	1822762	-
Corynebacterium diphtheriae INCA 402	cdh	CDB402_1860	folE	GTP cyclohydrolase I	md:cdh_M00841	I	2026804	2027376	-
Corynebacterium diphtheriae INCA 402	cdh	CDB402_1860	folE	GTP cyclohydrolase I	md:cdh_M00842	I	2026804	2027376	-
Corynebacterium diphtheriae INCA 402	cdh	CDB402_1860	folE	GTP cyclohydrolase I	md:cdh_M00843	I	2026804	2027376	-
Corynebacterium diphtheriae INCA 402	cdh	CDB402_1058	argF	ornithine carbamoyltransferase	md:cdh_M00844	I	1126097	1127056	+
Corynebacterium diphtheriae INCA 402	cdh	CDB402_1060	argG	argininosuccinate synthase	md:cdh_M00844	I	1127812	1129011	+
Corynebacterium diphtheriae INCA 402	cdh	CDB402_1061	argH	argininosuccinate lyase	md:cdh_M00844	I	1129011	1130444	+
Corynebacterium diphtheriae INCA 402	cdh	CDB402_1054	NA	N-acetyl-gamma-glutamyl-phosphate reductase	md:cdh_M00845	I	1121587	1122630	+
Corynebacterium diphtheriae INCA 402	cdh	CDB402_1057	argD	acetylornithine aminotransferase	md:cdh_M00845	I	1124827	1126068	+
Corynebacterium diphtheriae INCA 402	cdh	CDB402_1060	argG	argininosuccinate synthase	md:cdh_M00845	I	1127812	1129011	+
Corynebacterium diphtheriae INCA 402	cdh	CDB402_1061	argH	argininosuccinate lyase	md:cdh_M00845	I	1129011	1130444	+
Corynebacterium diphtheriae INCA 402	cdh	CDB402_0314	hemA	glutamyl-tRNA reductase	md:cdh_M00846	I	332347	333663	+
Corynebacterium diphtheriae INCA 402	cdh	CDB402_0315	hemC	porphobilinogen deaminase	md:cdh_M00846	I	333660	334544	+
Corynebacterium diphtheriae INCA 402	cdh	CDB402_0316	hemD	uroporphyrin-III C-methyltransferase / uroporphyrinogen-III synthase	md:cdh_M00846	I	334605	336275	+
Corynebacterium diphtheriae INCA 402	cdh	CDB402_0317	hemB	delta-aminolevulinic acid dehydratase	md:cdh_M00846	I	336272	337264	+
Corynebacterium diphtheriae INCA 402	cdh	CDB402_0323	hemL	glutamate-1-semialdehyde aminotransferase	md:cdh_M00846	I	343889	345181	+
Corynebacterium diphtheriae INCA 402	cdh	CDB402_1394	NA	putative uroporphyrinogen III methyltransferase	md:cdh_M00846	I	1514015	1514839	-
Corynebacterium diphtheriae INCA 402	cdh	CDB402_1040	NA	coenzyme PQQ synthesis protein E	md:cdh_M00847	I	1103177	1104409	+
Corynebacterium diphtheriae INCA 402	cdh	CDB402_1621	idi	isopentenyl-diphosphate delta-isomerase	md:cdh_M00849	I	1764028	1764579	-
Corynebacterium diphtheriae INCA 402	cdh	CDB402_1986	fadA	acetyl-CoA thiolase	md:cdh_M00849	I	2153606	2154514	-
Corynebacterium diphtheriae INCA 402	cdh	CDB402_0747	galU	UTP-glucose-1-phosphate uridylyltransferase	md:cdh_M00854	I	778122	779042	+
Corynebacterium diphtheriae INCA 402	cdh	CDB402_0868	NA	glucose-1-phosphate adenylyltransferase	md:cdh_M00854	I	906242	907468	+
Corynebacterium diphtheriae INCA 402	cdh	CDB402_0941	glgB	1,4-alpha-glucan branching enzyme	md:cdh_M00854	I	987886	990084	-
Corynebacterium diphtheriae INCA 402	cdh	CDB402_0781	NA	putative hydrolase	md:cdh_M00855	I	815573	817387	-
Corynebacterium diphtheriae INCA 402	cdh	CDB402_1457	glgP	glycogen phosphorylase	md:cdh_M00855	I	1587246	1589675	+
Corynebacterium diphtheriae INCA 402	cdh	CDB402_1616	malQ	4-alpha-glucanotransferase	md:cdh_M00855	I	1758319	1760487	+
Corynebacterium diphtheriae INCA 402	cdh	CDB402_1748	pgm	phosphoglucomutase	md:cdh_M00855	I	1904160	1905797	-
Corynebacterium diphtheriae INCA 402	cdh	CDB402_0315	hemC	porphobilinogen deaminase	md:cdh_M00868	I	333660	334544	+
Corynebacterium diphtheriae INCA 402	cdh	CDB402_0317	hemB	delta-aminolevulinic acid dehydratase	md:cdh_M00868	I	336272	337264	+
Corynebacterium diphtheriae INCA 402	cdh	CDB402_0321	hemE	uroporphyrinogen decarboxylase	md:cdh_M00868	I	341428	342465	+
Corynebacterium diphtheriae INCA 402	cdh	CDB402_0322	hemG	protoporphyrinogen oxidase	md:cdh_M00868	I	342481	343833	+
Corynebacterium diphtheriae INCA 402	cdh	CDB402_1186	hemH	ferrochelatase	md:cdh_M00868	I	1285040	1286173	-
Corynebacterium diphtheriae INCA 402	cdh	CDB402_0753	NA	putative membrane protein	md:cdh_M00872	I	783479	785188	-
Corynebacterium diphtheriae INCA 402	cdh	CDB402_0699	echA2	enoyl-CoA hydratase	md:cdh_M00878	I	732818	733594	+
Corynebacterium diphtheriae INCA 402	cdh	CDB402_0770	echA5	enoyl-CoA hydratase	md:cdh_M00878	I	802940	803992	+
Corynebacterium diphtheriae INCA 402	cdh	CDB402_0417	moaC	molybdenum cofactor biosynthesis protein C	md:cdh_M00880	I	437742	438209	-
Corynebacterium diphtheriae INCA 402	cdh	CDB402_0418	moeA2	putative molybdenum cofactor biosynthesis protein	md:cdh_M00880	I	438218	439462	-
Corynebacterium diphtheriae INCA 402	cdh	CDB402_0419	moaA	molybdenum cofactor biosynthesis protein A	md:cdh_M00880	I	439487	440554	-
Corynebacterium diphtheriae INCA 402	cdh	CDB402_0748	moeA1	putative molybdopterin biosynthesis protein	md:cdh_M00880	I	779139	780404	+
Corynebacterium diphtheriae INCA 402	cdh	CDB402_1543	lipB	lipoyltransferase	md:cdh_M00881	I	1682903	1683655	+
Corynebacterium diphtheriae INCA 402	cdh	CDB402_1544	NA	lipoyl synthase	md:cdh_M00881	I	1683708	1684796	+
Corynebacterium diphtheriae INCA 402	cdh	CDB402_1544	NA	lipoyl synthase	md:cdh_M00882	I	1683708	1684796	+
Corynebacterium diphtheriae INCA 402	cdh	CDB402_1544	NA	lipoyl synthase	md:cdh_M00883	I	1683708	1684796	+
Corynebacterium diphtheriae INCA 402	cdh	CDB402_1544	NA	lipoyl synthase	md:cdh_M00884	I	1683708	1684796	+
Corynebacterium diphtheriae INCA 402	cdh	CDB402_0027	thiC	thiamine biosynthesis protein ThiC	md:cdh_M00895	I	28840	30639	+
Corynebacterium diphtheriae INCA 402	cdh	CDB402_0028	thiE	thiamine-phosphate pyrophosphorylase	md:cdh_M00895	I	30623	31291	+
Corynebacterium diphtheriae INCA 402	cdh	CDB402_0029	thiO	putative thiamine biosynthesis oxidoreductase	md:cdh_M00895	I	31288	32376	+
Corynebacterium diphtheriae INCA 402	cdh	CDB402_0030	thiS	thiamine biosynthesis protein	md:cdh_M00895	I	32360	32560	+
Corynebacterium diphtheriae INCA 402	cdh	CDB402_0031	thiG	thiazole synthase	md:cdh_M00895	I	32562	33347	+
Corynebacterium diphtheriae INCA 402	cdh	CDB402_0033	thiD	multifunctional thiamine-phosphate pyrophosphorylase	md:cdh_M00895	I	34354	35169	+
Corynebacterium diphtheriae INCA 402	cdh	CDB402_1008	thiL	thiamine monophosphate kinase	md:cdh_M00895	I	1062577	1063566	+
Corynebacterium diphtheriae INCA 402	cdh	CDB402_0027	thiC	thiamine biosynthesis protein ThiC	md:cdh_M00896	I	28840	30639	+
Corynebacterium diphtheriae INCA 402	cdh	CDB402_0028	thiE	thiamine-phosphate pyrophosphorylase	md:cdh_M00896	I	30623	31291	+
Corynebacterium diphtheriae INCA 402	cdh	CDB402_0033	thiD	multifunctional thiamine-phosphate pyrophosphorylase	md:cdh_M00896	I	34354	35169	+
Corynebacterium diphtheriae INCA 402	cdh	CDB402_1008	thiL	thiamine monophosphate kinase	md:cdh_M00896	I	1062577	1063566	+
Corynebacterium diphtheriae INCA 402	cdh	CDB402_0027	thiC	thiamine biosynthesis protein ThiC	md:cdh_M00897	I	28840	30639	+
Corynebacterium diphtheriae INCA 402	cdh	CDB402_0028	thiE	thiamine-phosphate pyrophosphorylase	md:cdh_M00899	I	30623	31291	+
Corynebacterium diphtheriae INCA 402	cdh	CDB402_0033	thiD	multifunctional thiamine-phosphate pyrophosphorylase	md:cdh_M00899	I	34354	35169	+
Corynebacterium diphtheriae INCA 402	cdh	CDB402_0429	NA	putative regulatory protein sugar kinase	md:cdh_M00909	I	451771	452655	+
Corynebacterium diphtheriae INCA 402	cdh	CDB402_0472	pmmC	phosphomannomutase	md:cdh_M00909	I	493943	495295	+
Corynebacterium diphtheriae INCA 402	cdh	CDB402_0719	pgi	glucose-6-phosphate isomerase	md:cdh_M00909	I	753858	755501	-
Corynebacterium diphtheriae INCA 402	cdh	CDB402_0783	glmU	putative UDP-N-acetylglucosamine pyrophosphorylase	md:cdh_M00909	I	818501	819955	-
Corynebacterium diphtheriae INCA 402	cdh	CDB402_1523	glk	glucose kinase	md:cdh_M00909	I	1660303	1661256	-
Corynebacterium diphtheriae INCA 402	cdh	CDB402_1591	glmS	glucosamine-fructose-6-phosphateaminotransferase	md:cdh_M00909	I	1730530	1732407	-
Corynebacterium diphtheriae INCA 402	cdh	CDB402_1220	ribH	6,7-dimethyl-8-ribityllumazine synthase	md:cdh_M00911	I	1326224	1326691	-
Corynebacterium diphtheriae INCA 402	cdh	CDB402_1222	ribE	riboflavin synthase subunit alpha	md:cdh_M00911	I	1328045	1328653	-
Corynebacterium diphtheriae INCA 402	cdh	CDB402_1663	NA	nicotinic acid mononucleotide adenylyltransferase	md:cdh_M00912	I	1811166	1811852	-
Corynebacterium diphtheriae INCA 402	cdh	CDB402_1739	nadE	NAD synthetase	md:cdh_M00912	I	1896517	1897350	+
Corynebacterium diphtheriae INCA 402	cdh	CDB402_2106	nadC	nicotinate-nucleotide pyrophosphorylase carboxylating	md:cdh_M00912	I	2297702	2298529	+
Corynebacterium diphtheriae INCA 402	cdh	CDB402_0828	NA	2-dehydropantoate 2-reductase	md:cdh_M00913	I	865900	866793	+
Corynebacterium diphtheriae INCA 402	cdh	CDB402_1852	panC1	pantoate-beta-alanine ligase	md:cdh_M00913	I	2021872	2022651	-
Corynebacterium diphtheriae INCA 402	cdh	CDB402_2215	panC2	pantoate-beta-alanine ligase	md:cdh_M00913	I	2423636	2424496	+
Corynebacterium diphtheriae INCA 402	cdh	CDB402_2216	panB	3-methyl-2-oxobutanoatehydroxymethyltransferase	md:cdh_M00913	I	2424493	2425284	-
Corynebacterium diphtheriae INCA 402	cdh	CDB402_0828	NA	2-dehydropantoate 2-reductase	md:cdh_M00914	I	865900	866793	+
Corynebacterium diphtheriae INCA 402	cdh	CDB402_1230	dfp	bifunctional phosphopantothenoylcysteine decarboxylase/phosphopantothenate synthase	md:cdh_M00914	I	1336972	1338216	-
Corynebacterium diphtheriae INCA 402	cdh	CDB402_2216	panB	3-methyl-2-oxobutanoatehydroxymethyltransferase	md:cdh_M00914	I	2424493	2425284	-
Corynebacterium diphtheriae INCA 402	cdh	CDB402_0149	pdxS	pyridoxine biosynthesis protein	md:cdh_M00916	I	153842	154735	+
Corynebacterium diphtheriae INCA 402	cdh	CDB402_0150	pdxT	glutamine amidotransferase involved in pyrodoxine biosynthesis	md:cdh_M00916	I	154729	155286	+
Corynebacterium diphtheriae INCA 402	cdh	CDB402_0316	hemD	uroporphyrin-III C-methyltransferase / uroporphyrinogen-III synthase	md:cdh_M00924	I	334605	336275	+
Corynebacterium diphtheriae INCA 402	cdh	CDB402_1141	cobH	precorrin-8X methylmutase	md:cdh_M00924	I	1233472	1234122	+
Corynebacterium diphtheriae INCA 402	cdh	CDB402_1143	cobK	cobalt-precorrin-6x reductase	md:cdh_M00924	I	1235697	1236428	-
Corynebacterium diphtheriae INCA 402	cdh	CDB402_1144	cobM	precorrin-4 C11-methyltransferase	md:cdh_M00924	I	1236416	1237189	-
Corynebacterium diphtheriae INCA 402	cdh	CDB402_1145	cobL	precorrin-6Y C5,15-methyltransferase	md:cdh_M00924	I	1237217	1238497	-
Corynebacterium diphtheriae INCA 402	cdh	CDB402_1394	NA	putative uroporphyrinogen III methyltransferase	md:cdh_M00924	I	1514015	1514839	-
Corynebacterium diphtheriae INCA 402	cdh	CDB402_1397	NA	cobyrinic acid a,c-diamide synthase	md:cdh_M00924	I	1517831	1519210	-
Corynebacterium diphtheriae INCA 402	cdh	CDB402_0316	hemD	uroporphyrin-III C-methyltransferase / uroporphyrinogen-III synthase	md:cdh_M00925	I	334605	336275	+
Corynebacterium diphtheriae INCA 402	cdh	CDB402_0709	NA	precorrin 6A synthase	md:cdh_M00925	I	742084	742836	+
Corynebacterium diphtheriae INCA 402	cdh	CDB402_1139	cobN	cobaltochelatase subunit CobN	md:cdh_M00925	I	1228290	1231916	-
Corynebacterium diphtheriae INCA 402	cdh	CDB402_1140	NA	hypothetical protein	md:cdh_M00925	I	1232291	1233475	+
Corynebacterium diphtheriae INCA 402	cdh	CDB402_1141	cobH	precorrin-8X methylmutase	md:cdh_M00925	I	1233472	1234122	+
Corynebacterium diphtheriae INCA 402	cdh	CDB402_1142	cobIJ	putative bifunctional cobalamin biosynthesis protein	md:cdh_M00925	I	1234119	1235615	+
Corynebacterium diphtheriae INCA 402	cdh	CDB402_1143	cobK	cobalt-precorrin-6x reductase	md:cdh_M00925	I	1235697	1236428	-
Corynebacterium diphtheriae INCA 402	cdh	CDB402_1144	cobM	precorrin-4 C11-methyltransferase	md:cdh_M00925	I	1236416	1237189	-
Corynebacterium diphtheriae INCA 402	cdh	CDB402_1145	cobL	precorrin-6Y C5,15-methyltransferase	md:cdh_M00925	I	1237217	1238497	-
Corynebacterium diphtheriae INCA 402	cdh	CDB402_1394	NA	putative uroporphyrinogen III methyltransferase	md:cdh_M00925	I	1514015	1514839	-
Corynebacterium diphtheriae INCA 402	cdh	CDB402_1397	NA	cobyrinic acid a,c-diamide synthase	md:cdh_M00925	I	1517831	1519210	-
Corynebacterium diphtheriae INCA 402	cdh	CDB402_0314	hemA	glutamyl-tRNA reductase	md:cdh_M00926	I	332347	333663	+
Corynebacterium diphtheriae INCA 402	cdh	CDB402_0315	hemC	porphobilinogen deaminase	md:cdh_M00926	I	333660	334544	+
Corynebacterium diphtheriae INCA 402	cdh	CDB402_0316	hemD	uroporphyrin-III C-methyltransferase / uroporphyrinogen-III synthase	md:cdh_M00926	I	334605	336275	+
Corynebacterium diphtheriae INCA 402	cdh	CDB402_0317	hemB	delta-aminolevulinic acid dehydratase	md:cdh_M00926	I	336272	337264	+
Corynebacterium diphtheriae INCA 402	cdh	CDB402_0321	hemE	uroporphyrinogen decarboxylase	md:cdh_M00926	I	341428	342465	+
Corynebacterium diphtheriae INCA 402	cdh	CDB402_0322	hemG	protoporphyrinogen oxidase	md:cdh_M00926	I	342481	343833	+
Corynebacterium diphtheriae INCA 402	cdh	CDB402_0323	hemL	glutamate-1-semialdehyde aminotransferase	md:cdh_M00926	I	343889	345181	+
Corynebacterium diphtheriae INCA 402	cdh	CDB402_1186	hemH	ferrochelatase	md:cdh_M00926	I	1285040	1286173	-
Corynebacterium diphtheriae INCA 402	cdh	CDB402_1305	NA	hypothetical protein	md:cdh_M00926	I	1420838	1421542	-
Corynebacterium diphtheriae INCA 402	cdh	CDB402_0334	menE	O-succinylbenzoic acid-CoA ligase	md:cdh_M00932	I	352527	353636	-
Corynebacterium diphtheriae INCA 402	cdh	CDB402_0335	menB	naphthoate synthase	md:cdh_M00932	I	353647	354513	-
Corynebacterium diphtheriae INCA 402	cdh	CDB402_0336	menC	O-succinylbenzoate synthase	md:cdh_M00932	I	354518	355480	+
Corynebacterium diphtheriae INCA 402	cdh	CDB402_0337	menD	2-succinyl-5-enolpyruvyl-6-hydroxy-3-cyclohexene-1-carboxylate synthase	md:cdh_M00932	I	355464	356993	+
Corynebacterium diphtheriae INCA 402	cdh	CDB402_1123	NA	hypothetical protein	md:cdh_M00932	I	1214404	1214898	+
Corynebacterium diphtheriae INCA 402	cdh	CDB402_0606	tmk	thymidylate kinase	md:cdh_M00938	I	630633	631250	+
Corynebacterium diphtheriae INCA 402	cdh	CDB402_0712	thyA	thymidylate synthase	md:cdh_M00938	I	743636	744448	-
Corynebacterium diphtheriae INCA 402	cdh	CDB402_1311	dut2	deoxyuridine 5'-triphosphate nucleotidohydrolase	md:cdh_M00938	I	1428128	1428586	-
Corynebacterium diphtheriae INCA 402	cdh	CDB402_1375	NA	FAD-dependent thymidylate synthase	md:cdh_M00938	I	1493526	1494284	-
Corynebacterium diphtheriae INCA 402	cdh	CDB402_1671	ndk	nucleoside diphosphate kinase	md:cdh_M00938	I	1820235	1820645	-
Corynebacterium diphtheriae INCA 402	cdh	CDB402_1731	nrdF1	ribonucleotide-diphosphate reductase subunit beta	md:cdh_M00938	I	1888683	1889669	-
Corynebacterium diphtheriae INCA 402	cdh	CDB402_1733	nrdE	ribonucleotide-diphosphate reductase subunit alpha	md:cdh_M00938	I	1890518	1892665	-
Corynebacterium diphtheriae INCA 402	cdh	CDB402_1790	nrdF2	ribonucleotide-diphosphate reductase subunit beta	md:cdh_M00938	I	1951672	1952697	+
Corynebacterium diphtheriae INCA 402	cdh	CDB402_0069	bioB	biotin synthase	md:cdh_M00950	I	71131	72126	+
Corynebacterium diphtheriae INCA 402	cdh	CDB402_0999	NA	biotin synthase family transferase	md:cdh_M00950	I	1053641	1054633	-
Corynebacterium diphtheriae INCA 402	cdh	CDB402_1099	bioD1	dithiobiotin synthetase	md:cdh_M00950	I	1185475	1186125	+
Corynebacterium diphtheriae INCA 402	cdh	CDB402_1102	bioD	dithiobiotin synthetase	md:cdh_M00950	I	1189008	1189676	+
Corynebacterium diphtheriae INCA 402	cdh	CDB402_1293	NA	putative aminotransferase biotin synthesis related protein	md:cdh_M00950	I	1408604	1409803	+
