Campylobacter lari subsp. concheus LMG 11760	cll	CONCH_0148	eno	enolase	md:cll_M00001	I	124003	125247	-
Campylobacter lari subsp. concheus LMG 11760	cll	CONCH_0252	pgi	phosphoglucose isomerase	md:cll_M00001	I	217199	218422	-
Campylobacter lari subsp. concheus LMG 11760	cll	CONCH_0270	pgm	phosphoglycerate mutase	md:cll_M00001	I	234684	236162	+
Campylobacter lari subsp. concheus LMG 11760	cll	CONCH_0418	tpiA	triosephosphate isomerase	md:cll_M00001	I	383360	384040	-
Campylobacter lari subsp. concheus LMG 11760	cll	CONCH_0419	pgk	phosphoglycerate kinase	md:cll_M00001	I	384037	385239	-
Campylobacter lari subsp. concheus LMG 11760	cll	CONCH_0420	gapA	glyceraldehyde 3-phosphate dehydrogenase A	md:cll_M00001	I	385241	386236	-
Campylobacter lari subsp. concheus LMG 11760	cll	CONCH_0485	pykF	pyruvate kinase I	md:cll_M00001	I	452848	454299	-
Campylobacter lari subsp. concheus LMG 11760	cll	CONCH_0863	fbaA	fructose-bisphosphate aldolase, class IIA	md:cll_M00001	I	827981	829045	-
Campylobacter lari subsp. concheus LMG 11760	cll	CONCH_0148	eno	enolase	md:cll_M00002	I	124003	125247	-
Campylobacter lari subsp. concheus LMG 11760	cll	CONCH_0270	pgm	phosphoglycerate mutase	md:cll_M00002	I	234684	236162	+
Campylobacter lari subsp. concheus LMG 11760	cll	CONCH_0418	tpiA	triosephosphate isomerase	md:cll_M00002	I	383360	384040	-
Campylobacter lari subsp. concheus LMG 11760	cll	CONCH_0419	pgk	phosphoglycerate kinase	md:cll_M00002	I	384037	385239	-
Campylobacter lari subsp. concheus LMG 11760	cll	CONCH_0420	gapA	glyceraldehyde 3-phosphate dehydrogenase A	md:cll_M00002	I	385241	386236	-
Campylobacter lari subsp. concheus LMG 11760	cll	CONCH_0485	pykF	pyruvate kinase I	md:cll_M00002	I	452848	454299	-
Campylobacter lari subsp. concheus LMG 11760	cll	CONCH_0148	eno	enolase	md:cll_M00003	I	124003	125247	-
Campylobacter lari subsp. concheus LMG 11760	cll	CONCH_0270	pgm	phosphoglycerate mutase	md:cll_M00003	I	234684	236162	+
Campylobacter lari subsp. concheus LMG 11760	cll	CONCH_0418	tpiA	triosephosphate isomerase	md:cll_M00003	I	383360	384040	-
Campylobacter lari subsp. concheus LMG 11760	cll	CONCH_0419	pgk	phosphoglycerate kinase	md:cll_M00003	I	384037	385239	-
Campylobacter lari subsp. concheus LMG 11760	cll	CONCH_0420	gapA	glyceraldehyde 3-phosphate dehydrogenase A	md:cll_M00003	I	385241	386236	-
Campylobacter lari subsp. concheus LMG 11760	cll	CONCH_0734	fbp	fructose-1,6-bisphosphatase I	md:cll_M00003	I	702988	703836	+
Campylobacter lari subsp. concheus LMG 11760	cll	CONCH_0863	fbaA	fructose-bisphosphate aldolase, class IIA	md:cll_M00003	I	827981	829045	-
Campylobacter lari subsp. concheus LMG 11760	cll	CONCH_1156	pckA	phosphoenolpyruvate carboxykinase (ATP)	md:cll_M00003	I	1123695	1125269	-
Campylobacter lari subsp. concheus LMG 11760	cll	CONCH_0112	tkt	transketolase	md:cll_M00004	I	94608	96512	+
Campylobacter lari subsp. concheus LMG 11760	cll	CONCH_0252	pgi	phosphoglucose isomerase	md:cll_M00004	I	217199	218422	-
Campylobacter lari subsp. concheus LMG 11760	cll	CONCH_0694	rpiB	allose-6-phosphate isomerase / ribose-5-phosphate isomerase B	md:cll_M00004	I	663940	664377	-
Campylobacter lari subsp. concheus LMG 11760	cll	CONCH_0982	rpe	ribulose phosphate 3-epimerase	md:cll_M00004	I	943607	944254	-
Campylobacter lari subsp. concheus LMG 11760	cll	CONCH_1316	tal	transaldolase	md:cll_M00004	I	1285726	1286697	-
Campylobacter lari subsp. concheus LMG 11760	cll	CONCH_1221	prs	ribose-phosphate diphosphokinase	md:cll_M00005	I	1192720	1193649	+
Campylobacter lari subsp. concheus LMG 11760	cll	CONCH_0112	tkt	transketolase	md:cll_M00007	I	94608	96512	+
Campylobacter lari subsp. concheus LMG 11760	cll	CONCH_0694	rpiB	allose-6-phosphate isomerase / ribose-5-phosphate isomerase B	md:cll_M00007	I	663940	664377	-
Campylobacter lari subsp. concheus LMG 11760	cll	CONCH_0982	rpe	ribulose phosphate 3-epimerase	md:cll_M00007	I	943607	944254	-
Campylobacter lari subsp. concheus LMG 11760	cll	CONCH_1316	tal	transaldolase	md:cll_M00007	I	1285726	1286697	-
Campylobacter lari subsp. concheus LMG 11760	cll	CONCH_0341	frdC	fumarate reductase, cytochrome b subunit	md:cll_M00009	I	307036	307815	+
Campylobacter lari subsp. concheus LMG 11760	cll	CONCH_0342	frdA	fumarate reductase, flavoprotein subunit	md:cll_M00009	I	307799	309790	+
Campylobacter lari subsp. concheus LMG 11760	cll	CONCH_0343	frdB	fumarate reductase, iron-sulfur subunit	md:cll_M00009	I	309783	310508	+
Campylobacter lari subsp. concheus LMG 11760	cll	CONCH_0427	fumC	fumarate hydratase, class II	md:cll_M00009	I	391985	393376	-
Campylobacter lari subsp. concheus LMG 11760	cll	CONCH_0486	mqo	malate:quinone-oxidoreductase	md:cll_M00009	I	454312	455658	-
Campylobacter lari subsp. concheus LMG 11760	cll	CONCH_0830	oorC	2-oxoglutarate:acceptor oxidoreductase, gamma subunit	md:cll_M00009	I	791041	791598	-
Campylobacter lari subsp. concheus LMG 11760	cll	CONCH_0831	oorB	2-oxoglutarate:acceptor oxidoreductase, beta subunit	md:cll_M00009	I	791595	792440	-
Campylobacter lari subsp. concheus LMG 11760	cll	CONCH_0832	oorA	2-oxoglutarate:acceptor oxidoreductase, alpha subunit	md:cll_M00009	I	792442	793566	-
Campylobacter lari subsp. concheus LMG 11760	cll	CONCH_0833	oorD	2-oxoglutarate:acceptor oxidoreductase, delta subunit	md:cll_M00009	I	793575	793883	-
Campylobacter lari subsp. concheus LMG 11760	cll	CONCH_0834	mdh	malate dehydrogenase, NAD-dependent	md:cll_M00009	I	794062	794958	-
Campylobacter lari subsp. concheus LMG 11760	cll	CONCH_0341	frdC	fumarate reductase, cytochrome b subunit	md:cll_M00011	I	307036	307815	+
Campylobacter lari subsp. concheus LMG 11760	cll	CONCH_0342	frdA	fumarate reductase, flavoprotein subunit	md:cll_M00011	I	307799	309790	+
Campylobacter lari subsp. concheus LMG 11760	cll	CONCH_0343	frdB	fumarate reductase, iron-sulfur subunit	md:cll_M00011	I	309783	310508	+
Campylobacter lari subsp. concheus LMG 11760	cll	CONCH_0427	fumC	fumarate hydratase, class II	md:cll_M00011	I	391985	393376	-
Campylobacter lari subsp. concheus LMG 11760	cll	CONCH_0486	mqo	malate:quinone-oxidoreductase	md:cll_M00011	I	454312	455658	-
Campylobacter lari subsp. concheus LMG 11760	cll	CONCH_0830	oorC	2-oxoglutarate:acceptor oxidoreductase, gamma subunit	md:cll_M00011	I	791041	791598	-
Campylobacter lari subsp. concheus LMG 11760	cll	CONCH_0831	oorB	2-oxoglutarate:acceptor oxidoreductase, beta subunit	md:cll_M00011	I	791595	792440	-
Campylobacter lari subsp. concheus LMG 11760	cll	CONCH_0832	oorA	2-oxoglutarate:acceptor oxidoreductase, alpha subunit	md:cll_M00011	I	792442	793566	-
Campylobacter lari subsp. concheus LMG 11760	cll	CONCH_0833	oorD	2-oxoglutarate:acceptor oxidoreductase, delta subunit	md:cll_M00011	I	793575	793883	-
Campylobacter lari subsp. concheus LMG 11760	cll	CONCH_0834	mdh	malate dehydrogenase, NAD-dependent	md:cll_M00011	I	794062	794958	-
Campylobacter lari subsp. concheus LMG 11760	cll	CONCH_0834	mdh	malate dehydrogenase, NAD-dependent	md:cll_M00012	I	794062	794958	-
Campylobacter lari subsp. concheus LMG 11760	cll	CONCH_0318	NA	nucleotide sugar dehydrogenase	md:cll_M00014	I	282227	283489	+
Campylobacter lari subsp. concheus LMG 11760	cll	CONCH_1190	NA	UDP-glucose 6-dehydrogenase	md:cll_M00014	I	1159464	1160630	+
Campylobacter lari subsp. concheus LMG 11760	cll	CONCH_0910	proC	pyrroline-5-carboxylate reductase	md:cll_M00015	I	874113	874808	-
Campylobacter lari subsp. concheus LMG 11760	cll	CONCH_0053	dapF	diaminopimelate epimerase	md:cll_M00016	I	51245	51994	+
Campylobacter lari subsp. concheus LMG 11760	cll	CONCH_0249	dapD	tetrahydrodipicolinate succinylase	md:cll_M00016	I	214556	215719	+
Campylobacter lari subsp. concheus LMG 11760	cll	CONCH_0532	asd	aspartate-semialdehyde dehydrogenase	md:cll_M00016	I	498060	499076	+
Campylobacter lari subsp. concheus LMG 11760	cll	CONCH_0635	dapA	4-hydroxy-tetrahydrodipicolinate synthase	md:cll_M00016	I	600467	601363	-
Campylobacter lari subsp. concheus LMG 11760	cll	CONCH_0678	lysC	aspartokinase, alpha and beta subunits	md:cll_M00016	I	644037	645239	+
Campylobacter lari subsp. concheus LMG 11760	cll	CONCH_1105	dapE	N-succinyl-diaminopimelate deacylase	md:cll_M00016	I	1062207	1063307	-
Campylobacter lari subsp. concheus LMG 11760	cll	CONCH_1312	lysA	diaminopimelate decarboxylase	md:cll_M00016	I	1282314	1283519	-
Campylobacter lari subsp. concheus LMG 11760	cll	CONCH_1355	dapB	4-hydroxy-tetrahydrodipicolinate reductase	md:cll_M00016	I	1320681	1321409	-
Campylobacter lari subsp. concheus LMG 11760	cll	CONCH_0282	metC	cystathionine-beta-lyase	md:cll_M00017	I	246187	247356	+
Campylobacter lari subsp. concheus LMG 11760	cll	CONCH_0532	asd	aspartate-semialdehyde dehydrogenase	md:cll_M00017	I	498060	499076	+
Campylobacter lari subsp. concheus LMG 11760	cll	CONCH_0678	lysC	aspartokinase, alpha and beta subunits	md:cll_M00017	I	644037	645239	+
Campylobacter lari subsp. concheus LMG 11760	cll	CONCH_1360	hom	homoserine dehydrogenase	md:cll_M00017	I	1323606	1324859	-
Campylobacter lari subsp. concheus LMG 11760	cll	CONCH_0217	thrB	homoserine kinase	md:cll_M00018	I	187236	188114	+
Campylobacter lari subsp. concheus LMG 11760	cll	CONCH_0532	asd	aspartate-semialdehyde dehydrogenase	md:cll_M00018	I	498060	499076	+
Campylobacter lari subsp. concheus LMG 11760	cll	CONCH_0678	lysC	aspartokinase, alpha and beta subunits	md:cll_M00018	I	644037	645239	+
Campylobacter lari subsp. concheus LMG 11760	cll	CONCH_0852	thrC	threonine synthase	md:cll_M00018	I	815964	817373	+
Campylobacter lari subsp. concheus LMG 11760	cll	CONCH_1360	hom	homoserine dehydrogenase	md:cll_M00018	I	1323606	1324859	-
Campylobacter lari subsp. concheus LMG 11760	cll	CONCH_0828	ilvH	acetolactate synthase III, valine-sensitive, regulatory (small) subunit	md:cll_M00019	I	788782	789249	-
Campylobacter lari subsp. concheus LMG 11760	cll	CONCH_0829	ilvI	acetolactate synthase III, valine-sensitive, catalytic (large) subunit	md:cll_M00019	I	789246	790955	-
Campylobacter lari subsp. concheus LMG 11760	cll	CONCH_0900	ilvC	acetohydroxy acid isomeroreductase	md:cll_M00019	I	866719	867741	-
Campylobacter lari subsp. concheus LMG 11760	cll	CONCH_1350	ilvE	branched-chain amino-acid aminotransferase	md:cll_M00019	I	1316255	1317169	+
Campylobacter lari subsp. concheus LMG 11760	cll	CONCH_1486	ilvD	dihydroxyacid dehydratase	md:cll_M00019	I	1457892	1459568	+
Campylobacter lari subsp. concheus LMG 11760	cll	CONCH_1148	serA	alpha-ketoglutarate reductase / D-3-phosphoglycerate dehydrogenase	md:cll_M00020	I	1114013	1115593	-
Campylobacter lari subsp. concheus LMG 11760	cll	CONCH_1300	serC	phosphohydroxythreonine aminotransferase / 3-phosphoserine aminotransferase	md:cll_M00020	I	1269388	1270464	-
Campylobacter lari subsp. concheus LMG 11760	cll	CONCH_1317	serB	phosphoserine phosphatase	md:cll_M00020	I	1286694	1287320	-
Campylobacter lari subsp. concheus LMG 11760	cll	CONCH_0312	NA	hypothetical protein, putative serine acetyltransferase	md:cll_M00021	I	275817	276488	+
Campylobacter lari subsp. concheus LMG 11760	cll	CONCH_0761	cysE	serine O-acetyltransferase	md:cll_M00021	I	724136	724741	+
Campylobacter lari subsp. concheus LMG 11760	cll	CONCH_1185	cysK	cysteine synthase	md:cll_M00021	I	1155547	1156449	-
Campylobacter lari subsp. concheus LMG 11760	cll	CONCH_0228	aroD	3-dehydroquinate dehydratase	md:cll_M00022	I	198712	199194	+
Campylobacter lari subsp. concheus LMG 11760	cll	CONCH_0498	aroE	shikimate dehydrogenase	md:cll_M00022	I	463839	464624	+
Campylobacter lari subsp. concheus LMG 11760	cll	CONCH_0540	aroK	shikimate kinase	md:cll_M00022	I	506379	506876	-
Campylobacter lari subsp. concheus LMG 11760	cll	CONCH_0708	aroB	3-dehydroquinate synthase	md:cll_M00022	I	677520	678578	+
Campylobacter lari subsp. concheus LMG 11760	cll	CONCH_0943	aroG	2-dehydro-3-deoxyphosphoheptonate aldolase (DAHP synthetase, class II)	md:cll_M00022	I	908666	910006	-
Campylobacter lari subsp. concheus LMG 11760	cll	CONCH_1152	aroA	3-phosphoshikimate 1-carboxyvinyltransferase	md:cll_M00022	I	1118625	1119911	-
Campylobacter lari subsp. concheus LMG 11760	cll	CONCH_1436	aroC	chorismate synthase	md:cll_M00022	I	1398435	1399523	-
Campylobacter lari subsp. concheus LMG 11760	cll	CONCH_0878	NA	hypothetical protein, putative indole-3-glycerol phosphate synthase	md:cll_M00023	I	847357	847959	+
Campylobacter lari subsp. concheus LMG 11760	cll	CONCH_1296	trpB	tryptophan synthase, beta subunit	md:cll_M00023	I	1262802	1263977	+
Campylobacter lari subsp. concheus LMG 11760	cll	CONCH_1310	pheA	chorismate mutase / prephenate dehydratase	md:cll_M00024	I	1280481	1281554	-
Campylobacter lari subsp. concheus LMG 11760	cll	CONCH_0213	tyrA	chorismate mutase / prephenate dehydrogenase	md:cll_M00025	I	183612	184439	+
Campylobacter lari subsp. concheus LMG 11760	cll	CONCH_1310	pheA	chorismate mutase / prephenate dehydratase	md:cll_M00025	I	1280481	1281554	-
Campylobacter lari subsp. concheus LMG 11760	cll	CONCH_0097	hisG(L)	ATP phosphoribosyltransferase, hexameric long form	md:cll_M00026	I	79982	80881	+
Campylobacter lari subsp. concheus LMG 11760	cll	CONCH_0098	hisD	histidinal dehydrogenase / histidinol dehydrogenase	md:cll_M00026	I	80891	82171	+
Campylobacter lari subsp. concheus LMG 11760	cll	CONCH_0099	hisBJ	imidazoleglycerol-phosphate dehydratase / histidinol-phosphatase	md:cll_M00026	I	82168	83235	+
Campylobacter lari subsp. concheus LMG 11760	cll	CONCH_0100	hisH	imidazole glycerol phosphate synthase HisFH, HisH subunit	md:cll_M00026	I	83232	83813	+
Campylobacter lari subsp. concheus LMG 11760	cll	CONCH_0101	hisA	N-(5'-phospho-L-ribosyl-formimino)-5-amino-1-(5'-phosphoribosyl)-4-imidazolecarboxamide isomerase	md:cll_M00026	I	83820	84554	+
Campylobacter lari subsp. concheus LMG 11760	cll	CONCH_0102	hisF	imidazole glycerol phosphate synthase HisFH, HisF subunit	md:cll_M00026	I	84536	85303	+
Campylobacter lari subsp. concheus LMG 11760	cll	CONCH_0103	hisIE	phosphoribosyl-AMP cyclohydrolase / phosphoribosyl-ATP pyrophosphatase	md:cll_M00026	I	85317	85943	+
Campylobacter lari subsp. concheus LMG 11760	cll	CONCH_1277	NA	glycosyl amidation-associated protein WbuZ	md:cll_M00026	I	1244672	1245409	-
Campylobacter lari subsp. concheus LMG 11760	cll	CONCH_1278	NA	glutamine amidotransferase WbuY	md:cll_M00026	I	1245411	1246022	-
Campylobacter lari subsp. concheus LMG 11760	cll	CONCH_1309	hisC	histidinol-phosphate aminotransferase	md:cll_M00026	I	1279400	1280491	-
Campylobacter lari subsp. concheus LMG 11760	cll	CONCH_0277	argH	argininosuccinate lyase	md:cll_M00029	I	240789	242192	+
Campylobacter lari subsp. concheus LMG 11760	cll	CONCH_0599	argF	ornithine carbamoyltransferase	md:cll_M00029	I	565056	565961	+
Campylobacter lari subsp. concheus LMG 11760	cll	CONCH_0768	argG	argininosuccinate synthase	md:cll_M00029	I	729117	730337	+
Campylobacter lari subsp. concheus LMG 11760	cll	CONCH_0462	NA	saccharopine dehydrogenase	md:cll_M00030	I	430142	431347	+
Campylobacter lari subsp. concheus LMG 11760	cll	CONCH_0532	asd	aspartate-semialdehyde dehydrogenase	md:cll_M00033	I	498060	499076	+
Campylobacter lari subsp. concheus LMG 11760	cll	CONCH_0678	lysC	aspartokinase, alpha and beta subunits	md:cll_M00033	I	644037	645239	+
Campylobacter lari subsp. concheus LMG 11760	cll	CONCH_1005	metK	methionine adenosyltransferase	md:cll_M00034	I	967886	969079	-
Campylobacter lari subsp. concheus LMG 11760	cll	CONCH_1054	NA	multi-copper polyphenol oxidoreductase laccase	md:cll_M00034	I	1015718	1016386	+
Campylobacter lari subsp. concheus LMG 11760	cll	CONCH_1005	metK	methionine adenosyltransferase	md:cll_M00035	I	967886	969079	-
Campylobacter lari subsp. concheus LMG 11760	cll	CONCH_1350	ilvE	branched-chain amino-acid aminotransferase	md:cll_M00036	I	1316255	1317169	+
Campylobacter lari subsp. concheus LMG 11760	cll	CONCH_1310	pheA	chorismate mutase / prephenate dehydratase	md:cll_M00040	I	1280481	1281554	-
Campylobacter lari subsp. concheus LMG 11760	cll	CONCH_0022	purB	adenylosuccinate lyase	md:cll_M00048	I	21248	22576	+
Campylobacter lari subsp. concheus LMG 11760	cll	CONCH_0051	purM	phosphoribosylformylglycinamide cyclo-ligase	md:cll_M00048	I	49607	50596	-
Campylobacter lari subsp. concheus LMG 11760	cll	CONCH_0511	purD	phosphoribosylamine-glycine ligase	md:cll_M00048	I	476982	478232	+
Campylobacter lari subsp. concheus LMG 11760	cll	CONCH_0550	purH	AICAR transformylase / IMP cyclohydrolase	md:cll_M00048	I	515059	516591	-
Campylobacter lari subsp. concheus LMG 11760	cll	CONCH_0552	purL	phosphoribosylformylglycinamidine synthase PurLQS, PurL subunit	md:cll_M00048	I	517361	519538	-
Campylobacter lari subsp. concheus LMG 11760	cll	CONCH_0719	purQ	phosphoribosylformylglycinamidine synthase PurLQS, glutaminase subunit PurQ	md:cll_M00048	I	688269	688919	-
Campylobacter lari subsp. concheus LMG 11760	cll	CONCH_0720	purS	phosphoribosylformylglycinamidine synthase PurLQS, PurS subunit	md:cll_M00048	I	688916	689152	-
Campylobacter lari subsp. concheus LMG 11760	cll	CONCH_0721	purC	phosphoribosylaminoimidazole-succinocarboxamide synthase	md:cll_M00048	I	689161	689874	-
Campylobacter lari subsp. concheus LMG 11760	cll	CONCH_0957	purE	5-aminoimidazole ribonucleotide (AIR) carboxylase	md:cll_M00048	I	918681	919175	-
Campylobacter lari subsp. concheus LMG 11760	cll	CONCH_1354	purF	amidophosphoribosyltransferase	md:cll_M00048	I	1319340	1320680	-
Campylobacter lari subsp. concheus LMG 11760	cll	CONCH_1415	purN	phosphoribosylglycinamide formyltransferase 1	md:cll_M00048	I	1378761	1379333	-
Campylobacter lari subsp. concheus LMG 11760	cll	CONCH_0022	purB	adenylosuccinate lyase	md:cll_M00049	I	21248	22576	+
Campylobacter lari subsp. concheus LMG 11760	cll	CONCH_0368	purA	adenylosuccinate synthetase	md:cll_M00049	I	337429	338679	+
Campylobacter lari subsp. concheus LMG 11760	cll	CONCH_0657	adk	adenylate kinase	md:cll_M00049	I	625704	626276	-
Campylobacter lari subsp. concheus LMG 11760	cll	CONCH_1285	ndk	nucleoside diphosphate kinase	md:cll_M00049	I	1252561	1252974	+
Campylobacter lari subsp. concheus LMG 11760	cll	CONCH_0508	guaA	GMP synthase (glutamine-hydrolyzing)	md:cll_M00050	I	473080	474615	+
Campylobacter lari subsp. concheus LMG 11760	cll	CONCH_1043	gmk	deoxyguanylate kinase / guanylate kinase	md:cll_M00050	I	1004694	1005308	-
Campylobacter lari subsp. concheus LMG 11760	cll	CONCH_1114	guaB	inosine-5'-monophosphate dehydrogenase	md:cll_M00050	I	1071521	1072972	-
Campylobacter lari subsp. concheus LMG 11760	cll	CONCH_1285	ndk	nucleoside diphosphate kinase	md:cll_M00050	I	1252561	1252974	+
Campylobacter lari subsp. concheus LMG 11760	cll	CONCH_0039	pyrC	dihydroorotase, homodimeric type	md:cll_M00051	I	39001	39993	-
Campylobacter lari subsp. concheus LMG 11760	cll	CONCH_0305	NA	ATP-grasp domain-containing protein	md:cll_M00051	I	268148	269062	+
Campylobacter lari subsp. concheus LMG 11760	cll	CONCH_0372	carA	carbamoylphosphate synthase, small subunit	md:cll_M00051	I	340220	341338	+
Campylobacter lari subsp. concheus LMG 11760	cll	CONCH_0547	pyrF	orotidine-5'-phosphate decarboxylase	md:cll_M00051	I	512332	513015	+
Campylobacter lari subsp. concheus LMG 11760	cll	CONCH_0637	pyrD	dihydroorotate dehydrogenase 2	md:cll_M00051	I	602604	603662	-
Campylobacter lari subsp. concheus LMG 11760	cll	CONCH_1007	pyrB	aspartate carbamoyltransferase, catalytic subunit	md:cll_M00051	I	970448	971326	+
Campylobacter lari subsp. concheus LMG 11760	cll	CONCH_1165	NA	dihydroorotase, subgroup IIa	md:cll_M00051	I	1133626	1134789	-
Campylobacter lari subsp. concheus LMG 11760	cll	CONCH_1340	carB	carbamoylphosphate synthase, large subunit	md:cll_M00051	I	1305714	1308977	-
Campylobacter lari subsp. concheus LMG 11760	cll	CONCH_1452	pyrE	orotate phosphoribosyltransferase	md:cll_M00051	I	1419459	1420067	+
Campylobacter lari subsp. concheus LMG 11760	cll	CONCH_0010	pyrG	CTP synthetase	md:cll_M00052	I	8465	10102	+
Campylobacter lari subsp. concheus LMG 11760	cll	CONCH_0624	pyrH	uridylate kinase	md:cll_M00052	I	587793	588518	+
Campylobacter lari subsp. concheus LMG 11760	cll	CONCH_1285	ndk	nucleoside diphosphate kinase	md:cll_M00052	I	1252561	1252974	+
Campylobacter lari subsp. concheus LMG 11760	cll	CONCH_0023	nrdA	aerobic ribonucleoside-diphosphate reductase Ia, B1 protein subunit NrdA	md:cll_M00053	I	22594	24969	+
Campylobacter lari subsp. concheus LMG 11760	cll	CONCH_1285	ndk	nucleoside diphosphate kinase	md:cll_M00053	I	1252561	1252974	+
Campylobacter lari subsp. concheus LMG 11760	cll	CONCH_1454	nrdB	aerobic ribonucleoside-diphosphate reductase Ia, B2 protein subunit NrdB	md:cll_M00053	I	1420480	1421502	+
Campylobacter lari subsp. concheus LMG 11760	cll	CONCH_0215	lpxC	UDP-3-O-acyl-N-acetylglucosamine deacetylase	md:cll_M00060	I	185894	186778	+
Campylobacter lari subsp. concheus LMG 11760	cll	CONCH_0827	lpxD	UDP-3-O-(R-3-hydroxymyristoyl)-glucosamine N-acyltransferase	md:cll_M00060	I	787826	788785	-
Campylobacter lari subsp. concheus LMG 11760	cll	CONCH_0851	lpxK	tetraacyldisaccharide 4'-kinase	md:cll_M00060	I	815051	815989	+
Campylobacter lari subsp. concheus LMG 11760	cll	CONCH_0952	kdtA	3-deoxy-D-manno-octulosonic-acid transferase (KDO transferase)	md:cll_M00060	I	914681	915865	-
Campylobacter lari subsp. concheus LMG 11760	cll	CONCH_1197	waaM	lipid A biosynthesis lauroyl acyltransferase	md:cll_M00060	I	1168242	1169114	-
Campylobacter lari subsp. concheus LMG 11760	cll	CONCH_1321	lpxH	UDP-2,3-diacylglucosamine hydrolase	md:cll_M00060	I	1291105	1291833	-
Campylobacter lari subsp. concheus LMG 11760	cll	CONCH_1323	lpxB	lipid A disaccharide synthase	md:cll_M00060	I	1292332	1293429	-
Campylobacter lari subsp. concheus LMG 11760	cll	CONCH_1345	lpxA	UDP-N-acetylglucosamine acyltransferase	md:cll_M00060	I	1313125	1313916	-
Campylobacter lari subsp. concheus LMG 11760	cll	CONCH_0297	kpsF	D-arabinose 5-phosphate isomerase	md:cll_M00063	I	260880	261836	+
Campylobacter lari subsp. concheus LMG 11760	cll	CONCH_0544	kdsA	3-deoxy-D-manno-octulosonate 8-phosphate synthase	md:cll_M00063	I	510650	511453	+
Campylobacter lari subsp. concheus LMG 11760	cll	CONCH_0665	kdsC	3-deoxy-D-manno-octulosonate 8-phosphate phosphatase, YrbI family	md:cll_M00063	I	634479	634967	+
Campylobacter lari subsp. concheus LMG 11760	cll	CONCH_0853	kdsB	3-deoxy-D-manno-octulosonate cytidylyltransferase	md:cll_M00063	I	817370	818095	+
Campylobacter lari subsp. concheus LMG 11760	cll	CONCH_0481	gmhB	D,D-heptose 1,7-bisphosphate phosphatase	md:cll_M00064	I	449459	449974	+
Campylobacter lari subsp. concheus LMG 11760	cll	CONCH_0482	waaD	ADP-L-glycero-D-mannoheptose-6-epimerase	md:cll_M00064	I	449971	450924	+
Campylobacter lari subsp. concheus LMG 11760	cll	CONCH_0483	waaE	D,D-heptose 1-phosphate adenosyltransferase / 7-phosphate kinase	md:cll_M00064	I	450917	452290	+
Campylobacter lari subsp. concheus LMG 11760	cll	CONCH_0484	gmhA	sedoheptulose 7-phosphate isomerase	md:cll_M00064	I	452280	452840	+
Campylobacter lari subsp. concheus LMG 11760	cll	CONCH_0201	fabD	malonyl-CoA-[acp] transacylase	md:cll_M00082	I	173850	174770	+
Campylobacter lari subsp. concheus LMG 11760	cll	CONCH_0211	accD	acetyl-CoA carboxylase, carboxyltransferase, beta subunit	md:cll_M00082	I	180424	181266	-
Campylobacter lari subsp. concheus LMG 11760	cll	CONCH_0290	accA	acetyl-CoA carboxylase, carboxyltransferase, alpha subunit	md:cll_M00082	I	254719	255654	+
Campylobacter lari subsp. concheus LMG 11760	cll	CONCH_1248	accC	acetyl-CoA carboxylase, biotin carboxylase	md:cll_M00082	I	1218694	1220025	-
Campylobacter lari subsp. concheus LMG 11760	cll	CONCH_1249	accB	acetyl-CoA carboxylase, biotin carboxyl carrier protein	md:cll_M00082	I	1220027	1220476	-
Campylobacter lari subsp. concheus LMG 11760	cll	CONCH_1258	NA	3-oxoacyl-[acp] synthase III	md:cll_M00082	I	1228054	1229121	+
Campylobacter lari subsp. concheus LMG 11760	cll	CONCH_1289	fabH	beta-ketoacyl-[acp] synthase III (KASIII)	md:cll_M00082	I	1254470	1255453	+
Campylobacter lari subsp. concheus LMG 11760	cll	CONCH_0271	fabG	3-oxoacyl-[acp] reductase	md:cll_M00083	I	236177	236920	+
Campylobacter lari subsp. concheus LMG 11760	cll	CONCH_0289	fabF	beta-ketoacyl-[acp] synthase II (KASII)	md:cll_M00083	I	253503	254717	+
Campylobacter lari subsp. concheus LMG 11760	cll	CONCH_0301	NA	short chain dehydrogenase/reductase	md:cll_M00083	I	264512	265234	+
Campylobacter lari subsp. concheus LMG 11760	cll	CONCH_1346	fabZ	3-hydroxyacyl-[acp] dehydratase	md:cll_M00083	I	1313916	1314356	-
Campylobacter lari subsp. concheus LMG 11760	cll	CONCH_0717	plsC	1-acylglycerol-3-phosphate O-acyltransferase	md:cll_M00089	I	686403	687092	-
Campylobacter lari subsp. concheus LMG 11760	cll	CONCH_0509	NA	SAM-dependent methyltransferase	md:cll_M00091	I	474616	475167	-
Campylobacter lari subsp. concheus LMG 11760	cll	CONCH_0580	psd	phosphatidylserine decarboxylase, proenzyme	md:cll_M00093	I	548569	549378	+
Campylobacter lari subsp. concheus LMG 11760	cll	CONCH_1213	NA	phosphatidylserine decarboxylase-related protein	md:cll_M00093	I	1186497	1187114	+
Campylobacter lari subsp. concheus LMG 11760	cll	CONCH_1214	pssA	phosphatidylserine synthase	md:cll_M00093	I	1187111	1187821	+
Campylobacter lari subsp. concheus LMG 11760	cll	CONCH_1480	cdsA	CDP-diglyceride synthetase	md:cll_M00093	I	1452282	1453010	-
Campylobacter lari subsp. concheus LMG 11760	cll	CONCH_0247	ispDF	bifunctional 2-C-methyl-D-erythritol 4-phosphate cytidylyltransferase / 2-C-methyl-D-erythritol 2,4-cyclodiphosphate synthase protein	md:cll_M00096	I	212220	213335	-
Campylobacter lari subsp. concheus LMG 11760	cll	CONCH_1013	ispE	4-diphosphocytidyl-2-C-methylerythritol kinase	md:cll_M00096	I	976584	977339	+
Campylobacter lari subsp. concheus LMG 11760	cll	CONCH_1140	ispG	1-hydroxy-2-methyl-2-(E)-butenyl 4-diphosphate synthase	md:cll_M00096	I	1106048	1107112	-
Campylobacter lari subsp. concheus LMG 11760	cll	CONCH_1151	ispH	1-hydroxy-2-methyl-2-(E)-butenyl 4-diphosphate reductase	md:cll_M00096	I	1117799	1118635	-
Campylobacter lari subsp. concheus LMG 11760	cll	CONCH_1305	dxs	1-deoxyxylulose-5-phosphate synthase	md:cll_M00096	I	1274023	1275852	-
Campylobacter lari subsp. concheus LMG 11760	cll	CONCH_1479	dxr	1-deoxy-D-xylulose 5-phosphate reductoisomerase	md:cll_M00096	I	1451206	1452285	-
Campylobacter lari subsp. concheus LMG 11760	cll	CONCH_0421	nadD	nicotinate-mononucleotide adenylyltransferase	md:cll_M00115	I	386296	386841	+
Campylobacter lari subsp. concheus LMG 11760	cll	CONCH_0850	nadE	NAD synthetase, NH3-dependent	md:cll_M00115	I	814324	815064	+
Campylobacter lari subsp. concheus LMG 11760	cll	CONCH_1302	ubiE	bifunctional 2-octaprenyl-6-methoxy-1,4-benzoquinone methylase / S-adenosylmethionine:2-DMK methyltransferase	md:cll_M00116	I	1271637	1272338	-
Campylobacter lari subsp. concheus LMG 11760	cll	CONCH_0756	ubiX	3-octaprenyl-4-hydroxybenzoate carboxy-lyase	md:cll_M00117	I	719462	720040	+
Campylobacter lari subsp. concheus LMG 11760	cll	CONCH_0780	menA	1,4-dihydroxy-2-naphthoate octaprenyltransferase	md:cll_M00117	I	738716	740509	-
Campylobacter lari subsp. concheus LMG 11760	cll	CONCH_1302	ubiE	bifunctional 2-octaprenyl-6-methoxy-1,4-benzoquinone methylase / S-adenosylmethionine:2-DMK methyltransferase	md:cll_M00117	I	1271637	1272338	-
Campylobacter lari subsp. concheus LMG 11760	cll	CONCH_1375	ubiA	4-hydroxybenzoate octaprenyltransferase	md:cll_M00117	I	1334131	1335006	-
Campylobacter lari subsp. concheus LMG 11760	cll	CONCH_1350	ilvE	branched-chain amino-acid aminotransferase	md:cll_M00119	I	1316255	1317169	+
Campylobacter lari subsp. concheus LMG 11760	cll	CONCH_0052	coaE	dephospho-CoA kinase	md:cll_M00120	I	50655	51248	+
Campylobacter lari subsp. concheus LMG 11760	cll	CONCH_0487	coaX	pantothenate kinase, type III	md:cll_M00120	I	455769	456392	-
Campylobacter lari subsp. concheus LMG 11760	cll	CONCH_0757	coaD	phosphopantetheine adenylyltransferase	md:cll_M00120	I	720040	720519	+
Campylobacter lari subsp. concheus LMG 11760	cll	CONCH_0932	dfp	phosphopantothenoylcysteine decarboxylase/phosphopantothenate--cysteine ligase	md:cll_M00120	I	894207	895370	-
Campylobacter lari subsp. concheus LMG 11760	cll	CONCH_0534	hemE	uroporphyrinogen decarboxylase	md:cll_M00121	I	499607	500629	+
Campylobacter lari subsp. concheus LMG 11760	cll	CONCH_0586	hemL	glutamate-1-semialdehyde aminotransferase	md:cll_M00121	I	553579	554856	-
Campylobacter lari subsp. concheus LMG 11760	cll	CONCH_0781	hemC	hydroxymethylbilane synthase	md:cll_M00121	I	740510	741436	-
Campylobacter lari subsp. concheus LMG 11760	cll	CONCH_0784	hemA	glutamyl-tRNA reductase	md:cll_M00121	I	743506	744813	-
Campylobacter lari subsp. concheus LMG 11760	cll	CONCH_1023	hemH	ferrochelatase	md:cll_M00121	I	984613	985515	-
Campylobacter lari subsp. concheus LMG 11760	cll	CONCH_1074	hemD	uroporphyrinogen III synthase	md:cll_M00121	I	1035728	1036366	-
Campylobacter lari subsp. concheus LMG 11760	cll	CONCH_1083	hemB	porphobilinogen synthase	md:cll_M00121	I	1042916	1043896	+
Campylobacter lari subsp. concheus LMG 11760	cll	CONCH_1085	hemN2	oxygen-independent coproporphyrinogen III oxidase	md:cll_M00121	I	1044371	1045726	+
Campylobacter lari subsp. concheus LMG 11760	cll	CONCH_1246	gltX2	glutamyl-tRNA synthetase	md:cll_M00121	I	1216391	1217782	-
Campylobacter lari subsp. concheus LMG 11760	cll	CONCH_1508	NA	hypothetical membrane protein (UPF0093 domain)	md:cll_M00121	I	1478629	1479078	-
Campylobacter lari subsp. concheus LMG 11760	cll	CONCH_0156	bioB	biotin synthetase	md:cll_M00123	I	130924	131760	-
Campylobacter lari subsp. concheus LMG 11760	cll	CONCH_1332	bioF	8-amino-7-oxononanoate synthase	md:cll_M00123	I	1299740	1300864	-
Campylobacter lari subsp. concheus LMG 11760	cll	CONCH_1334	bioA	7,8-diaminopelargonic acid synthase	md:cll_M00123	I	1301602	1302870	+
Campylobacter lari subsp. concheus LMG 11760	cll	CONCH_1335	bioD	dethiobiotin synthetase	md:cll_M00123	I	1302844	1303416	-
Campylobacter lari subsp. concheus LMG 11760	cll	CONCH_0882	pdxA	4-hydroxy-L-threonine phosphate dehydrogenase, NAD-dependent	md:cll_M00124	I	850985	852085	-
Campylobacter lari subsp. concheus LMG 11760	cll	CONCH_0883	pdxJ	pyridoxine 5'-phosphate synthase	md:cll_M00124	I	852082	852849	-
Campylobacter lari subsp. concheus LMG 11760	cll	CONCH_1300	serC	phosphohydroxythreonine aminotransferase / 3-phosphoserine aminotransferase	md:cll_M00124	I	1269388	1270464	-
Campylobacter lari subsp. concheus LMG 11760	cll	CONCH_0225	ribD	diaminohydroxyphosphoribosylaminopyrimidine deaminase / 5-amino-6-(5-phosphoribosylamino)uracil reductase	md:cll_M00125	I	195530	196522	+
Campylobacter lari subsp. concheus LMG 11760	cll	CONCH_0545	ribH	6,7-dimethyl-8-ribityllumazine synthase (riboflavin synthase, beta subunit)	md:cll_M00125	I	511465	511935	+
Campylobacter lari subsp. concheus LMG 11760	cll	CONCH_0613	ribAB	bifunctional 3,4-dihydroxy-2-butanone 4-phosphate synthase / GTP cyclohydrolase II protein	md:cll_M00125	I	578491	579513	-
Campylobacter lari subsp. concheus LMG 11760	cll	CONCH_0684	ribF	bifunctional riboflavin kinase / FMN adenylyltransferase	md:cll_M00125	I	650194	651045	+
Campylobacter lari subsp. concheus LMG 11760	cll	CONCH_1053	ribE	6,7-dimethyl-8-ribityllumazine synthase (riboflavin synthase, alpha subunit)	md:cll_M00125	I	1015146	1015754	+
Campylobacter lari subsp. concheus LMG 11760	cll	CONCH_1082	ribA	GTP cyclohydrolase II	md:cll_M00125	I	1042285	1042845	-
Campylobacter lari subsp. concheus LMG 11760	cll	CONCH_0171	folB	dihydroneopterin aldolase	md:cll_M00126	I	150340	150657	-
Campylobacter lari subsp. concheus LMG 11760	cll	CONCH_0230	folK	6-hydroxymethyl-7,8-dihydropterin pyrophosphokinase	md:cll_M00126	I	200218	200691	+
Campylobacter lari subsp. concheus LMG 11760	cll	CONCH_0681	folP	dihydropteroate synthase	md:cll_M00126	I	646416	647558	+
Campylobacter lari subsp. concheus LMG 11760	cll	CONCH_0954	NA	hypothetical protein (NIF3 domain)	md:cll_M00126	I	916593	917318	-
Campylobacter lari subsp. concheus LMG 11760	cll	CONCH_0996	folC	bifunctional folypolyglutamate synthetase / dihydrofolate synthetase	md:cll_M00126	I	957948	959117	-
Campylobacter lari subsp. concheus LMG 11760	cll	CONCH_1424	folE	GTP cyclohydrolase I	md:cll_M00126	I	1387795	1388367	+
Campylobacter lari subsp. concheus LMG 11760	cll	CONCH_0407	thiL	thiamine monophosphate kinase	md:cll_M00127	I	373559	374380	+
Campylobacter lari subsp. concheus LMG 11760	cll	CONCH_0979	thiC	HMP-P synthase	md:cll_M00127	I	941366	942664	-
Campylobacter lari subsp. concheus LMG 11760	cll	CONCH_1075	thiE	thiamine phosphate synthase	md:cll_M00127	I	1036366	1036992	-
Campylobacter lari subsp. concheus LMG 11760	cll	CONCH_1077	thiD	hydroxymethylpyrimidine kinase / phosphohydroxymethylpyrimidine kinase	md:cll_M00127	I	1037764	1038576	-
Campylobacter lari subsp. concheus LMG 11760	cll	CONCH_1100	NA	thiamine monophosphate synthase/TENI family protein	md:cll_M00127	I	1058468	1059082	-
Campylobacter lari subsp. concheus LMG 11760	cll	CONCH_1101	thiH	ThiGH complex, tyrosine lyase subunit ThiH	md:cll_M00127	I	1059072	1060205	-
Campylobacter lari subsp. concheus LMG 11760	cll	CONCH_1102	thiG	ThiGH complex, thiazole synthase subunit ThiG	md:cll_M00127	I	1060207	1060965	-
Campylobacter lari subsp. concheus LMG 11760	cll	CONCH_1103	thiF	ThiS adenylyltransferase	md:cll_M00127	I	1060965	1061762	-
Campylobacter lari subsp. concheus LMG 11760	cll	CONCH_1104	thiS	thiamin biosynthesis protein	md:cll_M00127	I	1061762	1061953	-
Campylobacter lari subsp. concheus LMG 11760	cll	CONCH_0253	galU	UTP--glucose-1-phosphate uridylyltransferase	md:cll_M00129	I	218412	219242	-
Campylobacter lari subsp. concheus LMG 11760	cll	CONCH_0318	NA	nucleotide sugar dehydrogenase	md:cll_M00129	I	282227	283489	+
Campylobacter lari subsp. concheus LMG 11760	cll	CONCH_1190	NA	UDP-glucose 6-dehydrogenase	md:cll_M00129	I	1159464	1160630	+
Campylobacter lari subsp. concheus LMG 11760	cll	CONCH_0760	speA	arginine decarboxylase	md:cll_M00133	I	722310	724139	+
Campylobacter lari subsp. concheus LMG 11760	cll	CONCH_0495	glyA	serine hydroxymethyltransferase	md:cll_M00140	I	461238	462479	+
Campylobacter lari subsp. concheus LMG 11760	cll	CONCH_0588	folD	bifunctional 5,10-methylene-tetrahydrofolate dehydrogenase / 5,10-methylene-tetrahydrofolate cyclohydrolase	md:cll_M00140	I	555277	556125	+
Campylobacter lari subsp. concheus LMG 11760	cll	CONCH_1378	nuoN	NADH:quinone oxidoreductase I, membrane subunit N	md:cll_M00144	I	1338330	1339727	-
Campylobacter lari subsp. concheus LMG 11760	cll	CONCH_1379	nuoM	NADH:quinone oxidoreductase I, membrane subunit M	md:cll_M00144	I	1339727	1341196	-
Campylobacter lari subsp. concheus LMG 11760	cll	CONCH_1380	nuoL	NADH:quinone oxidoreductase I, membrane subunit L	md:cll_M00144	I	1341198	1343000	-
Campylobacter lari subsp. concheus LMG 11760	cll	CONCH_1381	nuoK	NADH:quinone oxidoreductase I, membrane subunit K	md:cll_M00144	I	1342988	1343302	-
Campylobacter lari subsp. concheus LMG 11760	cll	CONCH_1382	nuoJ	NADH:quinone oxidoreductase I, membrane subunit J	md:cll_M00144	I	1343299	1343805	-
Campylobacter lari subsp. concheus LMG 11760	cll	CONCH_1383	nuoI	NADH:quinone oxidoreductase I, chain I	md:cll_M00144	I	1343798	1344430	-
Campylobacter lari subsp. concheus LMG 11760	cll	CONCH_1384	nuoH	NADH:quinone oxidoreductase I, membrane subunit H	md:cll_M00144	I	1344439	1345437	-
Campylobacter lari subsp. concheus LMG 11760	cll	CONCH_1385	nuoG	NADH:quinone oxidoreductase I, chain G	md:cll_M00144	I	1345434	1347887	-
Campylobacter lari subsp. concheus LMG 11760	cll	CONCH_1386	NA	hypothetical protein	md:cll_M00144	I	1347884	1348600	-
Campylobacter lari subsp. concheus LMG 11760	cll	CONCH_1387	NA	hypothetical protein	md:cll_M00144	I	1348597	1348824	-
Campylobacter lari subsp. concheus LMG 11760	cll	CONCH_1388	nuoD	NADH:quinone oxidoreductase I, chain D	md:cll_M00144	I	1348821	1350047	-
Campylobacter lari subsp. concheus LMG 11760	cll	CONCH_1389	nuoC	NADH:quinone oxidoreductase I, chain C	md:cll_M00144	I	1350049	1350840	-
Campylobacter lari subsp. concheus LMG 11760	cll	CONCH_1390	nuoB	NADH:quinone oxidoreductase I, chain B	md:cll_M00144	I	1350840	1351337	-
Campylobacter lari subsp. concheus LMG 11760	cll	CONCH_1391	nuoA	NADH:quinone oxidoreductase I, membrane subunit A	md:cll_M00144	I	1351316	1351735	-
Campylobacter lari subsp. concheus LMG 11760	cll	CONCH_0341	frdC	fumarate reductase, cytochrome b subunit	md:cll_M00150	I	307036	307815	+
Campylobacter lari subsp. concheus LMG 11760	cll	CONCH_0342	frdA	fumarate reductase, flavoprotein subunit	md:cll_M00150	I	307799	309790	+
Campylobacter lari subsp. concheus LMG 11760	cll	CONCH_0343	frdB	fumarate reductase, iron-sulfur subunit	md:cll_M00150	I	309783	310508	+
Campylobacter lari subsp. concheus LMG 11760	cll	CONCH_1049	petC	ubiquinol cytochrome c oxidoreductase PetABC, membrane-bound cytochrome c subunit	md:cll_M00151	I	1010129	1011256	-
Campylobacter lari subsp. concheus LMG 11760	cll	CONCH_1050	petB	ubiquinol cytochrome c oxidoreductase PetABC, cytochrome b subunit	md:cll_M00151	I	1011259	1012503	-
Campylobacter lari subsp. concheus LMG 11760	cll	CONCH_1051	petA	ubiquinol cytochrome c oxidoreductase PetABC, 2Fe-2S subunit	md:cll_M00151	I	1012505	1013008	-
Campylobacter lari subsp. concheus LMG 11760	cll	CONCH_1049	petC	ubiquinol cytochrome c oxidoreductase PetABC, membrane-bound cytochrome c subunit	md:cll_M00152	I	1010129	1011256	-
Campylobacter lari subsp. concheus LMG 11760	cll	CONCH_1050	petB	ubiquinol cytochrome c oxidoreductase PetABC, cytochrome b subunit	md:cll_M00152	I	1011259	1012503	-
Campylobacter lari subsp. concheus LMG 11760	cll	CONCH_1051	petA	ubiquinol cytochrome c oxidoreductase PetABC, 2Fe-2S subunit	md:cll_M00152	I	1012505	1013008	-
Campylobacter lari subsp. concheus LMG 11760	cll	CONCH_0374	ccoN	cytochrome c oxidase CcoNOPQ, cbb3-type, subunit I	md:cll_M00156	I	342121	343587	+
Campylobacter lari subsp. concheus LMG 11760	cll	CONCH_0375	ccoO	cytochrome c oxidase CcoNOPQ, cbb3-type, membrane-bound monoheme cytochrome c subunit II	md:cll_M00156	I	343599	344264	+
Campylobacter lari subsp. concheus LMG 11760	cll	CONCH_0376	ccoQ	cytochrome c oxidase CcoNOPQ, cbb3-type, subunit IV	md:cll_M00156	I	344273	344476	+
Campylobacter lari subsp. concheus LMG 11760	cll	CONCH_0377	ccoP	cytochrome c oxidase CcoNOPQ, cbb3-type, membrane-bound monoheme cytochrome c subunit III	md:cll_M00156	I	344476	345354	+
Campylobacter lari subsp. concheus LMG 11760	cll	CONCH_0187	atpF'	ATP synthase, F0 complex, b' subunit	md:cll_M00157	I	162954	163379	+
Campylobacter lari subsp. concheus LMG 11760	cll	CONCH_0188	atpF	ATP synthase, F0 complex, b subunit	md:cll_M00157	I	163389	163901	+
Campylobacter lari subsp. concheus LMG 11760	cll	CONCH_0189	atpH	ATP synthase, F1 complex, delta subunit	md:cll_M00157	I	163901	164422	+
Campylobacter lari subsp. concheus LMG 11760	cll	CONCH_0190	atpA	ATP synthase, F1 complex, alpha subunit	md:cll_M00157	I	164432	165937	+
Campylobacter lari subsp. concheus LMG 11760	cll	CONCH_0191	atpG	ATP synthase, F1 complex, gamma subunit	md:cll_M00157	I	165947	166831	+
Campylobacter lari subsp. concheus LMG 11760	cll	CONCH_0192	atpD	ATP synthase, F1 complex, beta subunit	md:cll_M00157	I	166846	168300	+
Campylobacter lari subsp. concheus LMG 11760	cll	CONCH_0193	atpC	ATP synthase, F1 complex, epsilon subunit	md:cll_M00157	I	168304	168696	+
Campylobacter lari subsp. concheus LMG 11760	cll	CONCH_1161	atpE	ATP synthase, F0 complex, c subunit	md:cll_M00157	I	1131362	1131685	+
Campylobacter lari subsp. concheus LMG 11760	cll	CONCH_1168	atpB	ATP synthase, F0 complex, a subunit	md:cll_M00157	I	1137233	1137913	-
Campylobacter lari subsp. concheus LMG 11760	cll	CONCH_0112	tkt	transketolase	md:cll_M00165	I	94608	96512	+
Campylobacter lari subsp. concheus LMG 11760	cll	CONCH_0419	pgk	phosphoglycerate kinase	md:cll_M00165	I	384037	385239	-
Campylobacter lari subsp. concheus LMG 11760	cll	CONCH_0420	gapA	glyceraldehyde 3-phosphate dehydrogenase A	md:cll_M00165	I	385241	386236	-
Campylobacter lari subsp. concheus LMG 11760	cll	CONCH_0694	rpiB	allose-6-phosphate isomerase / ribose-5-phosphate isomerase B	md:cll_M00165	I	663940	664377	-
Campylobacter lari subsp. concheus LMG 11760	cll	CONCH_0734	fbp	fructose-1,6-bisphosphatase I	md:cll_M00165	I	702988	703836	+
Campylobacter lari subsp. concheus LMG 11760	cll	CONCH_0863	fbaA	fructose-bisphosphate aldolase, class IIA	md:cll_M00165	I	827981	829045	-
Campylobacter lari subsp. concheus LMG 11760	cll	CONCH_0419	pgk	phosphoglycerate kinase	md:cll_M00166	I	384037	385239	-
Campylobacter lari subsp. concheus LMG 11760	cll	CONCH_0420	gapA	glyceraldehyde 3-phosphate dehydrogenase A	md:cll_M00166	I	385241	386236	-
Campylobacter lari subsp. concheus LMG 11760	cll	CONCH_0112	tkt	transketolase	md:cll_M00167	I	94608	96512	+
Campylobacter lari subsp. concheus LMG 11760	cll	CONCH_0694	rpiB	allose-6-phosphate isomerase / ribose-5-phosphate isomerase B	md:cll_M00167	I	663940	664377	-
Campylobacter lari subsp. concheus LMG 11760	cll	CONCH_0734	fbp	fructose-1,6-bisphosphatase I	md:cll_M00167	I	702988	703836	+
Campylobacter lari subsp. concheus LMG 11760	cll	CONCH_0863	fbaA	fructose-bisphosphate aldolase, class IIA	md:cll_M00167	I	827981	829045	-
Campylobacter lari subsp. concheus LMG 11760	cll	CONCH_0834	mdh	malate dehydrogenase, NAD-dependent	md:cll_M00168	I	794062	794958	-
Campylobacter lari subsp. concheus LMG 11760	cll	CONCH_1245	mez	malate oxidoreductase	md:cll_M00169	I	1215156	1216391	-
Campylobacter lari subsp. concheus LMG 11760	cll	CONCH_1156	pckA	phosphoenolpyruvate carboxykinase (ATP)	md:cll_M00170	I	1123695	1125269	-
Campylobacter lari subsp. concheus LMG 11760	cll	CONCH_1245	mez	malate oxidoreductase	md:cll_M00172	I	1215156	1216391	-
Campylobacter lari subsp. concheus LMG 11760	cll	CONCH_0341	frdC	fumarate reductase, cytochrome b subunit	md:cll_M00173	I	307036	307815	+
Campylobacter lari subsp. concheus LMG 11760	cll	CONCH_0342	frdA	fumarate reductase, flavoprotein subunit	md:cll_M00173	I	307799	309790	+
Campylobacter lari subsp. concheus LMG 11760	cll	CONCH_0343	frdB	fumarate reductase, iron-sulfur subunit	md:cll_M00173	I	309783	310508	+
Campylobacter lari subsp. concheus LMG 11760	cll	CONCH_0390	por	pyruvate:ferredoxin (flavodoxin) oxidoreductase, homodimeric	md:cll_M00173	I	357335	360889	+
Campylobacter lari subsp. concheus LMG 11760	cll	CONCH_0427	fumC	fumarate hydratase, class II	md:cll_M00173	I	391985	393376	-
Campylobacter lari subsp. concheus LMG 11760	cll	CONCH_0594	pycA	pyruvate carboxylase, subunit A	md:cll_M00173	I	560467	561909	+
Campylobacter lari subsp. concheus LMG 11760	cll	CONCH_0830	oorC	2-oxoglutarate:acceptor oxidoreductase, gamma subunit	md:cll_M00173	I	791041	791598	-
Campylobacter lari subsp. concheus LMG 11760	cll	CONCH_0831	oorB	2-oxoglutarate:acceptor oxidoreductase, beta subunit	md:cll_M00173	I	791595	792440	-
Campylobacter lari subsp. concheus LMG 11760	cll	CONCH_0832	oorA	2-oxoglutarate:acceptor oxidoreductase, alpha subunit	md:cll_M00173	I	792442	793566	-
Campylobacter lari subsp. concheus LMG 11760	cll	CONCH_0833	oorD	2-oxoglutarate:acceptor oxidoreductase, delta subunit	md:cll_M00173	I	793575	793883	-
Campylobacter lari subsp. concheus LMG 11760	cll	CONCH_0834	mdh	malate dehydrogenase, NAD-dependent	md:cll_M00173	I	794062	794958	-
Campylobacter lari subsp. concheus LMG 11760	cll	CONCH_1157	pycB	pyruvate carboxylase, subunit B	md:cll_M00173	I	1125280	1127064	-
Campylobacter lari subsp. concheus LMG 11760	cll	CONCH_0245	sat	sulfate adenylyltransferase	md:cll_M00176	I	210210	211370	-
Campylobacter lari subsp. concheus LMG 11760	cll	CONCH_0320	cysD	sulfate adenylyltransferase, subunit CysD	md:cll_M00176	I	284767	285660	+
Campylobacter lari subsp. concheus LMG 11760	cll	CONCH_0321	cysN	sulfate adenylyltransferase, GTPase subunit CysN	md:cll_M00176	I	285660	287084	+
Campylobacter lari subsp. concheus LMG 11760	cll	CONCH_0323	NA	adenylylsulfate kinase	md:cll_M00176	I	288805	289389	+
Campylobacter lari subsp. concheus LMG 11760	cll	CONCH_0390	por	pyruvate:ferredoxin (flavodoxin) oxidoreductase, homodimeric	md:cll_M00307	I	357335	360889	+
Campylobacter lari subsp. concheus LMG 11760	cll	CONCH_0419	pgk	phosphoglycerate kinase	md:cll_M00308	I	384037	385239	-
Campylobacter lari subsp. concheus LMG 11760	cll	CONCH_0420	gapA	glyceraldehyde 3-phosphate dehydrogenase A	md:cll_M00308	I	385241	386236	-
Campylobacter lari subsp. concheus LMG 11760	cll	CONCH_0734	fbp	fructose-1,6-bisphosphatase I	md:cll_M00344	I	702988	703836	+
Campylobacter lari subsp. concheus LMG 11760	cll	CONCH_0863	fbaA	fructose-bisphosphate aldolase, class IIA	md:cll_M00344	I	827981	829045	-
Campylobacter lari subsp. concheus LMG 11760	cll	CONCH_0863	fbaA	fructose-bisphosphate aldolase, class IIA	md:cll_M00345	I	827981	829045	-
Campylobacter lari subsp. concheus LMG 11760	cll	CONCH_0148	eno	enolase	md:cll_M00346	I	124003	125247	-
Campylobacter lari subsp. concheus LMG 11760	cll	CONCH_0495	glyA	serine hydroxymethyltransferase	md:cll_M00346	I	461238	462479	+
Campylobacter lari subsp. concheus LMG 11760	cll	CONCH_0834	mdh	malate dehydrogenase, NAD-dependent	md:cll_M00346	I	794062	794958	-
Campylobacter lari subsp. concheus LMG 11760	cll	CONCH_0649	ackA	acetate kinase	md:cll_M00357	I	616527	617717	+
Campylobacter lari subsp. concheus LMG 11760	cll	CONCH_0111	ispA	geranyl diphosphate synthase / farnesyl diphosphate synthase	md:cll_M00364	I	93756	94604	+
Campylobacter lari subsp. concheus LMG 11760	cll	CONCH_1005	metK	methionine adenosyltransferase	md:cll_M00368	I	967886	969079	-
Campylobacter lari subsp. concheus LMG 11760	cll	CONCH_0834	mdh	malate dehydrogenase, NAD-dependent	md:cll_M00374	I	794062	794958	-
Campylobacter lari subsp. concheus LMG 11760	cll	CONCH_0211	accD	acetyl-CoA carboxylase, carboxyltransferase, beta subunit	md:cll_M00376	I	180424	181266	-
Campylobacter lari subsp. concheus LMG 11760	cll	CONCH_0290	accA	acetyl-CoA carboxylase, carboxyltransferase, alpha subunit	md:cll_M00376	I	254719	255654	+
Campylobacter lari subsp. concheus LMG 11760	cll	CONCH_0427	fumC	fumarate hydratase, class II	md:cll_M00376	I	391985	393376	-
Campylobacter lari subsp. concheus LMG 11760	cll	CONCH_1248	accC	acetyl-CoA carboxylase, biotin carboxylase	md:cll_M00376	I	1218694	1220025	-
Campylobacter lari subsp. concheus LMG 11760	cll	CONCH_1249	accB	acetyl-CoA carboxylase, biotin carboxyl carrier protein	md:cll_M00376	I	1220027	1220476	-
Campylobacter lari subsp. concheus LMG 11760	cll	CONCH_0588	folD	bifunctional 5,10-methylene-tetrahydrofolate dehydrogenase / 5,10-methylene-tetrahydrofolate cyclohydrolase	md:cll_M00377	I	555277	556125	+
Campylobacter lari subsp. concheus LMG 11760	cll	CONCH_0782	NA	putative membrane protein	md:cll_M00432	I	741427	741822	-
Campylobacter lari subsp. concheus LMG 11760	cll	CONCH_0053	dapF	diaminopimelate epimerase	md:cll_M00525	I	51245	51994	+
Campylobacter lari subsp. concheus LMG 11760	cll	CONCH_0532	asd	aspartate-semialdehyde dehydrogenase	md:cll_M00525	I	498060	499076	+
Campylobacter lari subsp. concheus LMG 11760	cll	CONCH_0635	dapA	4-hydroxy-tetrahydrodipicolinate synthase	md:cll_M00525	I	600467	601363	-
Campylobacter lari subsp. concheus LMG 11760	cll	CONCH_0678	lysC	aspartokinase, alpha and beta subunits	md:cll_M00525	I	644037	645239	+
Campylobacter lari subsp. concheus LMG 11760	cll	CONCH_1312	lysA	diaminopimelate decarboxylase	md:cll_M00525	I	1282314	1283519	-
Campylobacter lari subsp. concheus LMG 11760	cll	CONCH_1355	dapB	4-hydroxy-tetrahydrodipicolinate reductase	md:cll_M00525	I	1320681	1321409	-
Campylobacter lari subsp. concheus LMG 11760	cll	CONCH_0532	asd	aspartate-semialdehyde dehydrogenase	md:cll_M00526	I	498060	499076	+
Campylobacter lari subsp. concheus LMG 11760	cll	CONCH_0635	dapA	4-hydroxy-tetrahydrodipicolinate synthase	md:cll_M00526	I	600467	601363	-
Campylobacter lari subsp. concheus LMG 11760	cll	CONCH_0678	lysC	aspartokinase, alpha and beta subunits	md:cll_M00526	I	644037	645239	+
Campylobacter lari subsp. concheus LMG 11760	cll	CONCH_1312	lysA	diaminopimelate decarboxylase	md:cll_M00526	I	1282314	1283519	-
Campylobacter lari subsp. concheus LMG 11760	cll	CONCH_1355	dapB	4-hydroxy-tetrahydrodipicolinate reductase	md:cll_M00526	I	1320681	1321409	-
Campylobacter lari subsp. concheus LMG 11760	cll	CONCH_0053	dapF	diaminopimelate epimerase	md:cll_M00527	I	51245	51994	+
Campylobacter lari subsp. concheus LMG 11760	cll	CONCH_0532	asd	aspartate-semialdehyde dehydrogenase	md:cll_M00527	I	498060	499076	+
Campylobacter lari subsp. concheus LMG 11760	cll	CONCH_0635	dapA	4-hydroxy-tetrahydrodipicolinate synthase	md:cll_M00527	I	600467	601363	-
Campylobacter lari subsp. concheus LMG 11760	cll	CONCH_0678	lysC	aspartokinase, alpha and beta subunits	md:cll_M00527	I	644037	645239	+
Campylobacter lari subsp. concheus LMG 11760	cll	CONCH_1312	lysA	diaminopimelate decarboxylase	md:cll_M00527	I	1282314	1283519	-
Campylobacter lari subsp. concheus LMG 11760	cll	CONCH_1355	dapB	4-hydroxy-tetrahydrodipicolinate reductase	md:cll_M00527	I	1320681	1321409	-
Campylobacter lari subsp. concheus LMG 11760	cll	CONCH_0969	napB	periplasmic nitrate reductase NapAB, small subunit, periplasmic diheme cytochrome c550 protein	md:cll_M00529	I	928036	928554	-
Campylobacter lari subsp. concheus LMG 11760	cll	CONCH_0972	napA	periplasmic nitrate reductase NapAB, large subunit	md:cll_M00529	I	930084	932858	-
Campylobacter lari subsp. concheus LMG 11760	cll	CONCH_0969	napB	periplasmic nitrate reductase NapAB, small subunit, periplasmic diheme cytochrome c550 protein	md:cll_M00530	I	928036	928554	-
Campylobacter lari subsp. concheus LMG 11760	cll	CONCH_0972	napA	periplasmic nitrate reductase NapAB, large subunit	md:cll_M00530	I	930084	932858	-
Campylobacter lari subsp. concheus LMG 11760	cll	CONCH_0977	nrfH	formate-dependent nitrite reductase NrfAH, membrane-bound tetraheme cytochrome c subunit	md:cll_M00530	I	939010	939504	+
Campylobacter lari subsp. concheus LMG 11760	cll	CONCH_0978	nrfA	formate-dependent nitrite reductase NrfAH, periplasmic pentaheme cytochrome c subunit	md:cll_M00530	I	939521	941338	+
Campylobacter lari subsp. concheus LMG 11760	cll	CONCH_0275	katA	catalase	md:cll_M00532	I	238781	240205	+
Campylobacter lari subsp. concheus LMG 11760	cll	CONCH_0495	glyA	serine hydroxymethyltransferase	md:cll_M00532	I	461238	462479	+
Campylobacter lari subsp. concheus LMG 11760	cll	CONCH_1341	NA	catalase-like protein	md:cll_M00532	I	1309074	1310045	-
Campylobacter lari subsp. concheus LMG 11760	cll	CONCH_0253	galU	UTP--glucose-1-phosphate uridylyltransferase	md:cll_M00549	I	218412	219242	-
Campylobacter lari subsp. concheus LMG 11760	cll	CONCH_0259	NA	phosphomannomutase/phosphoglucomutase	md:cll_M00549	I	223264	224631	+
Campylobacter lari subsp. concheus LMG 11760	cll	CONCH_0419	pgk	phosphoglycerate kinase	md:cll_M00552	I	384037	385239	-
Campylobacter lari subsp. concheus LMG 11760	cll	CONCH_0420	gapA	glyceraldehyde 3-phosphate dehydrogenase A	md:cll_M00552	I	385241	386236	-
Campylobacter lari subsp. concheus LMG 11760	cll	CONCH_1349	NA	4-oxalocrotonate tautomerase family enzyme	md:cll_M00569	I	1315950	1316156	-
Campylobacter lari subsp. concheus LMG 11760	cll	CONCH_0828	ilvH	acetolactate synthase III, valine-sensitive, regulatory (small) subunit	md:cll_M00570	I	788782	789249	-
Campylobacter lari subsp. concheus LMG 11760	cll	CONCH_0829	ilvI	acetolactate synthase III, valine-sensitive, catalytic (large) subunit	md:cll_M00570	I	789246	790955	-
Campylobacter lari subsp. concheus LMG 11760	cll	CONCH_0900	ilvC	acetohydroxy acid isomeroreductase	md:cll_M00570	I	866719	867741	-
Campylobacter lari subsp. concheus LMG 11760	cll	CONCH_0917	ilvA	threonine deaminase	md:cll_M00570	I	880954	882165	-
Campylobacter lari subsp. concheus LMG 11760	cll	CONCH_1350	ilvE	branched-chain amino-acid aminotransferase	md:cll_M00570	I	1316255	1317169	+
Campylobacter lari subsp. concheus LMG 11760	cll	CONCH_1486	ilvD	dihydroxyacid dehydratase	md:cll_M00570	I	1457892	1459568	+
Campylobacter lari subsp. concheus LMG 11760	cll	CONCH_0271	fabG	3-oxoacyl-[acp] reductase	md:cll_M00572	I	236177	236920	+
Campylobacter lari subsp. concheus LMG 11760	cll	CONCH_0289	fabF	beta-ketoacyl-[acp] synthase II (KASII)	md:cll_M00572	I	253503	254717	+
Campylobacter lari subsp. concheus LMG 11760	cll	CONCH_0301	NA	short chain dehydrogenase/reductase	md:cll_M00572	I	264512	265234	+
Campylobacter lari subsp. concheus LMG 11760	cll	CONCH_1330	bioC	malonyl-[acp] methyltransferase	md:cll_M00572	I	1298434	1299132	-
Campylobacter lari subsp. concheus LMG 11760	cll	CONCH_1331	NA	hypothetical protein (DUF452 domain)	md:cll_M00572	I	1299117	1299743	-
Campylobacter lari subsp. concheus LMG 11760	cll	CONCH_1346	fabZ	3-hydroxyacyl-[acp] dehydratase	md:cll_M00572	I	1313916	1314356	-
Campylobacter lari subsp. concheus LMG 11760	cll	CONCH_0156	bioB	biotin synthetase	md:cll_M00573	I	130924	131760	-
Campylobacter lari subsp. concheus LMG 11760	cll	CONCH_1332	bioF	8-amino-7-oxononanoate synthase	md:cll_M00573	I	1299740	1300864	-
Campylobacter lari subsp. concheus LMG 11760	cll	CONCH_1335	bioD	dethiobiotin synthetase	md:cll_M00573	I	1302844	1303416	-
Campylobacter lari subsp. concheus LMG 11760	cll	CONCH_0939	NA	type I secretion system, outer membrane protein, TolC family	md:cll_M00575	I	903332	904588	+
Campylobacter lari subsp. concheus LMG 11760	cll	CONCH_0156	bioB	biotin synthetase	md:cll_M00577	I	130924	131760	-
Campylobacter lari subsp. concheus LMG 11760	cll	CONCH_1332	bioF	8-amino-7-oxononanoate synthase	md:cll_M00577	I	1299740	1300864	-
Campylobacter lari subsp. concheus LMG 11760	cll	CONCH_1334	bioA	7,8-diaminopelargonic acid synthase	md:cll_M00577	I	1301602	1302870	+
Campylobacter lari subsp. concheus LMG 11760	cll	CONCH_1335	bioD	dethiobiotin synthetase	md:cll_M00577	I	1302844	1303416	-
Campylobacter lari subsp. concheus LMG 11760	cll	CONCH_0648	pta	phosphate acetyltransferase	md:cll_M00579	I	615049	616518	+
Campylobacter lari subsp. concheus LMG 11760	cll	CONCH_0649	ackA	acetate kinase	md:cll_M00579	I	616527	617717	+
Campylobacter lari subsp. concheus LMG 11760	cll	CONCH_0245	sat	sulfate adenylyltransferase	md:cll_M00596	I	210210	211370	-
Campylobacter lari subsp. concheus LMG 11760	cll	CONCH_1005	metK	methionine adenosyltransferase	md:cll_M00609	I	967886	969079	-
Campylobacter lari subsp. concheus LMG 11760	cll	CONCH_0594	pycA	pyruvate carboxylase, subunit A	md:cll_M00620	I	560467	561909	+
Campylobacter lari subsp. concheus LMG 11760	cll	CONCH_0830	oorC	2-oxoglutarate:acceptor oxidoreductase, gamma subunit	md:cll_M00620	I	791041	791598	-
Campylobacter lari subsp. concheus LMG 11760	cll	CONCH_0831	oorB	2-oxoglutarate:acceptor oxidoreductase, beta subunit	md:cll_M00620	I	791595	792440	-
Campylobacter lari subsp. concheus LMG 11760	cll	CONCH_0832	oorA	2-oxoglutarate:acceptor oxidoreductase, alpha subunit	md:cll_M00620	I	792442	793566	-
Campylobacter lari subsp. concheus LMG 11760	cll	CONCH_0833	oorD	2-oxoglutarate:acceptor oxidoreductase, delta subunit	md:cll_M00620	I	793575	793883	-
Campylobacter lari subsp. concheus LMG 11760	cll	CONCH_0834	mdh	malate dehydrogenase, NAD-dependent	md:cll_M00620	I	794062	794958	-
Campylobacter lari subsp. concheus LMG 11760	cll	CONCH_1157	pycB	pyruvate carboxylase, subunit B	md:cll_M00620	I	1125280	1127064	-
Campylobacter lari subsp. concheus LMG 11760	cll	CONCH_1200	gne	UDP-GlcNAc/Glc 4-epimerase	md:cll_M00632	I	1171034	1172020	+
Campylobacter lari subsp. concheus LMG 11760	cll	CONCH_1505	cmeC	multidrug efflux system CmeABC, outer membrane lipoprotein CmeC	md:cll_M00642	I	1475542	1476984	+
Campylobacter lari subsp. concheus LMG 11760	cll	CONCH_1505	cmeC	multidrug efflux system CmeABC, outer membrane lipoprotein CmeC	md:cll_M00643	I	1475542	1476984	+
Campylobacter lari subsp. concheus LMG 11760	cll	CONCH_0939	NA	type I secretion system, outer membrane protein, TolC family	md:cll_M00696	I	903332	904588	+
Campylobacter lari subsp. concheus LMG 11760	cll	CONCH_0939	NA	type I secretion system, outer membrane protein, TolC family	md:cll_M00697	I	903332	904588	+
Campylobacter lari subsp. concheus LMG 11760	cll	CONCH_1503	cmeA	multidrug efflux system CmeABC, periplasmic fusion protein CmeA	md:cll_M00718	I	1471330	1472427	+
Campylobacter lari subsp. concheus LMG 11760	cll	CONCH_1504	cmeB	multidrug efflux system CmeABC, inner membrane drug transporter CmeB	md:cll_M00718	I	1472427	1475549	+
Campylobacter lari subsp. concheus LMG 11760	cll	CONCH_1505	cmeC	multidrug efflux system CmeABC, outer membrane lipoprotein CmeC	md:cll_M00718	I	1475542	1476984	+
Campylobacter lari subsp. concheus LMG 11760	cll	CONCH_1261	NA	AMP-forming adenylation domain superfamily protein, putative D-alanine:D-alanyl carrier protein ligase	md:cll_M00725	I	1230664	1232160	+
Campylobacter lari subsp. concheus LMG 11760	cll	CONCH_0834	mdh	malate dehydrogenase, NAD-dependent	md:cll_M00740	I	794062	794958	-
Campylobacter lari subsp. concheus LMG 11760	cll	CONCH_0171	folB	dihydroneopterin aldolase	md:cll_M00840	I	150340	150657	-
Campylobacter lari subsp. concheus LMG 11760	cll	CONCH_0613	ribAB	bifunctional 3,4-dihydroxy-2-butanone 4-phosphate synthase / GTP cyclohydrolase II protein	md:cll_M00840	I	578491	579513	-
Campylobacter lari subsp. concheus LMG 11760	cll	CONCH_0996	folC	bifunctional folypolyglutamate synthetase / dihydrofolate synthetase	md:cll_M00841	I	957948	959117	-
Campylobacter lari subsp. concheus LMG 11760	cll	CONCH_1424	folE	GTP cyclohydrolase I	md:cll_M00841	I	1387795	1388367	+
Campylobacter lari subsp. concheus LMG 11760	cll	CONCH_1370	queD	6-carboxy-5,6,7,8-tetrahydropterin synthase	md:cll_M00842	I	1330815	1331399	-
Campylobacter lari subsp. concheus LMG 11760	cll	CONCH_1424	folE	GTP cyclohydrolase I	md:cll_M00842	I	1387795	1388367	+
Campylobacter lari subsp. concheus LMG 11760	cll	CONCH_1370	queD	6-carboxy-5,6,7,8-tetrahydropterin synthase	md:cll_M00843	I	1330815	1331399	-
Campylobacter lari subsp. concheus LMG 11760	cll	CONCH_1424	folE	GTP cyclohydrolase I	md:cll_M00843	I	1387795	1388367	+
Campylobacter lari subsp. concheus LMG 11760	cll	CONCH_0277	argH	argininosuccinate lyase	md:cll_M00844	I	240789	242192	+
Campylobacter lari subsp. concheus LMG 11760	cll	CONCH_0599	argF	ornithine carbamoyltransferase	md:cll_M00844	I	565056	565961	+
Campylobacter lari subsp. concheus LMG 11760	cll	CONCH_0768	argG	argininosuccinate synthase	md:cll_M00844	I	729117	730337	+
Campylobacter lari subsp. concheus LMG 11760	cll	CONCH_0277	argH	argininosuccinate lyase	md:cll_M00845	I	240789	242192	+
Campylobacter lari subsp. concheus LMG 11760	cll	CONCH_0768	argG	argininosuccinate synthase	md:cll_M00845	I	729117	730337	+
Campylobacter lari subsp. concheus LMG 11760	cll	CONCH_0586	hemL	glutamate-1-semialdehyde aminotransferase	md:cll_M00846	I	553579	554856	-
Campylobacter lari subsp. concheus LMG 11760	cll	CONCH_0781	hemC	hydroxymethylbilane synthase	md:cll_M00846	I	740510	741436	-
Campylobacter lari subsp. concheus LMG 11760	cll	CONCH_0784	hemA	glutamyl-tRNA reductase	md:cll_M00846	I	743506	744813	-
Campylobacter lari subsp. concheus LMG 11760	cll	CONCH_1074	hemD	uroporphyrinogen III synthase	md:cll_M00846	I	1035728	1036366	-
Campylobacter lari subsp. concheus LMG 11760	cll	CONCH_1083	hemB	porphobilinogen synthase	md:cll_M00846	I	1042916	1043896	+
Campylobacter lari subsp. concheus LMG 11760	cll	CONCH_0756	ubiX	3-octaprenyl-4-hydroxybenzoate carboxy-lyase	md:cll_M00849	I	719462	720040	+
Campylobacter lari subsp. concheus LMG 11760	cll	CONCH_0253	galU	UTP--glucose-1-phosphate uridylyltransferase	md:cll_M00854	I	218412	219242	-
Campylobacter lari subsp. concheus LMG 11760	cll	CONCH_0259	NA	phosphomannomutase/phosphoglucomutase	md:cll_M00855	I	223264	224631	+
Campylobacter lari subsp. concheus LMG 11760	cll	CONCH_1325	cdtB	cytolethal distending toxin, subunit CdtB	md:cll_M00856	I	1294092	1294895	-
Campylobacter lari subsp. concheus LMG 11760	cll	CONCH_0215	lpxC	UDP-3-O-acyl-N-acetylglucosamine deacetylase	md:cll_M00866	I	185894	186778	+
Campylobacter lari subsp. concheus LMG 11760	cll	CONCH_0827	lpxD	UDP-3-O-(R-3-hydroxymyristoyl)-glucosamine N-acyltransferase	md:cll_M00866	I	787826	788785	-
Campylobacter lari subsp. concheus LMG 11760	cll	CONCH_0851	lpxK	tetraacyldisaccharide 4'-kinase	md:cll_M00866	I	815051	815989	+
Campylobacter lari subsp. concheus LMG 11760	cll	CONCH_0952	kdtA	3-deoxy-D-manno-octulosonic-acid transferase (KDO transferase)	md:cll_M00866	I	914681	915865	-
Campylobacter lari subsp. concheus LMG 11760	cll	CONCH_1197	waaM	lipid A biosynthesis lauroyl acyltransferase	md:cll_M00866	I	1168242	1169114	-
Campylobacter lari subsp. concheus LMG 11760	cll	CONCH_1321	lpxH	UDP-2,3-diacylglucosamine hydrolase	md:cll_M00866	I	1291105	1291833	-
Campylobacter lari subsp. concheus LMG 11760	cll	CONCH_1323	lpxB	lipid A disaccharide synthase	md:cll_M00866	I	1292332	1293429	-
Campylobacter lari subsp. concheus LMG 11760	cll	CONCH_1345	lpxA	UDP-N-acetylglucosamine acyltransferase	md:cll_M00866	I	1313125	1313916	-
Campylobacter lari subsp. concheus LMG 11760	cll	CONCH_0042	eptC	phosphoethanolamine transferase	md:cll_M00867	I	40588	42120	-
Campylobacter lari subsp. concheus LMG 11760	cll	CONCH_0534	hemE	uroporphyrinogen decarboxylase	md:cll_M00868	I	499607	500629	+
Campylobacter lari subsp. concheus LMG 11760	cll	CONCH_0781	hemC	hydroxymethylbilane synthase	md:cll_M00868	I	740510	741436	-
Campylobacter lari subsp. concheus LMG 11760	cll	CONCH_1023	hemH	ferrochelatase	md:cll_M00868	I	984613	985515	-
Campylobacter lari subsp. concheus LMG 11760	cll	CONCH_1074	hemD	uroporphyrinogen III synthase	md:cll_M00868	I	1035728	1036366	-
Campylobacter lari subsp. concheus LMG 11760	cll	CONCH_1083	hemB	porphobilinogen synthase	md:cll_M00868	I	1042916	1043896	+
Campylobacter lari subsp. concheus LMG 11760	cll	CONCH_0201	fabD	malonyl-CoA-[acp] transacylase	md:cll_M00873	I	173850	174770	+
Campylobacter lari subsp. concheus LMG 11760	cll	CONCH_0289	fabF	beta-ketoacyl-[acp] synthase II (KASII)	md:cll_M00873	I	253503	254717	+
Campylobacter lari subsp. concheus LMG 11760	cll	CONCH_0201	fabD	malonyl-CoA-[acp] transacylase	md:cll_M00874	I	173850	174770	+
Campylobacter lari subsp. concheus LMG 11760	cll	CONCH_0271	fabG	3-oxoacyl-[acp] reductase	md:cll_M00874	I	236177	236920	+
Campylobacter lari subsp. concheus LMG 11760	cll	CONCH_0289	fabF	beta-ketoacyl-[acp] synthase II (KASII)	md:cll_M00874	I	253503	254717	+
Campylobacter lari subsp. concheus LMG 11760	cll	CONCH_0301	NA	short chain dehydrogenase/reductase	md:cll_M00874	I	264512	265234	+
Campylobacter lari subsp. concheus LMG 11760	cll	CONCH_0141	moaC	molybdenum cofactor biosynthesis protein C	md:cll_M00880	I	120062	120535	-
Campylobacter lari subsp. concheus LMG 11760	cll	CONCH_0351	moeA2	molybdopterin molybdenumtransferase	md:cll_M00880	I	318909	320090	-
Campylobacter lari subsp. concheus LMG 11760	cll	CONCH_0352	moaE	molybdopterin synthase, large subunit	md:cll_M00880	I	320092	320538	-
Campylobacter lari subsp. concheus LMG 11760	cll	CONCH_0712	mogA	molybdopterin adenylyltransferase	md:cll_M00880	I	682948	683475	+
Campylobacter lari subsp. concheus LMG 11760	cll	CONCH_0752	moeA1	molybdopterin molybdenumtransferase	md:cll_M00880	I	717056	718216	+
Campylobacter lari subsp. concheus LMG 11760	cll	CONCH_1372	moaA	molybdenum cofactor biosynthesis protein A	md:cll_M00880	I	1332145	1333113	-
Campylobacter lari subsp. concheus LMG 11760	cll	CONCH_0407	thiL	thiamine monophosphate kinase	md:cll_M00895	I	373559	374380	+
Campylobacter lari subsp. concheus LMG 11760	cll	CONCH_0979	thiC	HMP-P synthase	md:cll_M00895	I	941366	942664	-
Campylobacter lari subsp. concheus LMG 11760	cll	CONCH_1075	thiE	thiamine phosphate synthase	md:cll_M00895	I	1036366	1036992	-
Campylobacter lari subsp. concheus LMG 11760	cll	CONCH_1077	thiD	hydroxymethylpyrimidine kinase / phosphohydroxymethylpyrimidine kinase	md:cll_M00895	I	1037764	1038576	-
Campylobacter lari subsp. concheus LMG 11760	cll	CONCH_1100	NA	thiamine monophosphate synthase/TENI family protein	md:cll_M00895	I	1058468	1059082	-
Campylobacter lari subsp. concheus LMG 11760	cll	CONCH_1102	thiG	ThiGH complex, thiazole synthase subunit ThiG	md:cll_M00895	I	1060207	1060965	-
Campylobacter lari subsp. concheus LMG 11760	cll	CONCH_1103	thiF	ThiS adenylyltransferase	md:cll_M00895	I	1060965	1061762	-
Campylobacter lari subsp. concheus LMG 11760	cll	CONCH_1104	thiS	thiamin biosynthesis protein	md:cll_M00895	I	1061762	1061953	-
Campylobacter lari subsp. concheus LMG 11760	cll	CONCH_0407	thiL	thiamine monophosphate kinase	md:cll_M00896	I	373559	374380	+
Campylobacter lari subsp. concheus LMG 11760	cll	CONCH_0979	thiC	HMP-P synthase	md:cll_M00896	I	941366	942664	-
Campylobacter lari subsp. concheus LMG 11760	cll	CONCH_1075	thiE	thiamine phosphate synthase	md:cll_M00896	I	1036366	1036992	-
Campylobacter lari subsp. concheus LMG 11760	cll	CONCH_1077	thiD	hydroxymethylpyrimidine kinase / phosphohydroxymethylpyrimidine kinase	md:cll_M00896	I	1037764	1038576	-
Campylobacter lari subsp. concheus LMG 11760	cll	CONCH_1100	NA	thiamine monophosphate synthase/TENI family protein	md:cll_M00896	I	1058468	1059082	-
Campylobacter lari subsp. concheus LMG 11760	cll	CONCH_0979	thiC	HMP-P synthase	md:cll_M00897	I	941366	942664	-
Campylobacter lari subsp. concheus LMG 11760	cll	CONCH_1075	thiE	thiamine phosphate synthase	md:cll_M00899	I	1036366	1036992	-
Campylobacter lari subsp. concheus LMG 11760	cll	CONCH_1076	thiM	hydroxyethylthiazole kinase	md:cll_M00899	I	1036979	1037761	-
Campylobacter lari subsp. concheus LMG 11760	cll	CONCH_1077	thiD	hydroxymethylpyrimidine kinase / phosphohydroxymethylpyrimidine kinase	md:cll_M00899	I	1037764	1038576	-
Campylobacter lari subsp. concheus LMG 11760	cll	CONCH_1100	NA	thiamine monophosphate synthase/TENI family protein	md:cll_M00899	I	1058468	1059082	-
Campylobacter lari subsp. concheus LMG 11760	cll	CONCH_0252	pgi	phosphoglucose isomerase	md:cll_M00909	I	217199	218422	-
Campylobacter lari subsp. concheus LMG 11760	cll	CONCH_0428	glmS	L-glutamine:D-fructose-6-phosphate aminotransferase	md:cll_M00909	I	393505	395304	-
Campylobacter lari subsp. concheus LMG 11760	cll	CONCH_0933	glmU	fused N-acetylglucosamine-1-phosphate uridyltransferase and glucosamine-1-phosphate acetyltransferase	md:cll_M00909	I	895367	896659	-
Campylobacter lari subsp. concheus LMG 11760	cll	CONCH_1510	glmM	phosphoglucosamine mutase	md:cll_M00909	I	1479520	1480857	-
Campylobacter lari subsp. concheus LMG 11760	cll	CONCH_0545	ribH	6,7-dimethyl-8-ribityllumazine synthase (riboflavin synthase, beta subunit)	md:cll_M00911	I	511465	511935	+
Campylobacter lari subsp. concheus LMG 11760	cll	CONCH_1053	ribE	6,7-dimethyl-8-ribityllumazine synthase (riboflavin synthase, alpha subunit)	md:cll_M00911	I	1015146	1015754	+
Campylobacter lari subsp. concheus LMG 11760	cll	CONCH_1082	ribA	GTP cyclohydrolase II	md:cll_M00911	I	1042285	1042845	-
Campylobacter lari subsp. concheus LMG 11760	cll	CONCH_0421	nadD	nicotinate-mononucleotide adenylyltransferase	md:cll_M00912	I	386296	386841	+
Campylobacter lari subsp. concheus LMG 11760	cll	CONCH_0850	nadE	NAD synthetase, NH3-dependent	md:cll_M00912	I	814324	815064	+
Campylobacter lari subsp. concheus LMG 11760	cll	CONCH_0932	dfp	phosphopantothenoylcysteine decarboxylase/phosphopantothenate--cysteine ligase	md:cll_M00914	I	894207	895370	-
Campylobacter lari subsp. concheus LMG 11760	cll	CONCH_1251	pseB	UDP-N-acetylglucosamine 4,6-dehydratase	md:cll_M00923	I	1221219	1222223	+
Campylobacter lari subsp. concheus LMG 11760	cll	CONCH_0534	hemE	uroporphyrinogen decarboxylase	md:cll_M00926	I	499607	500629	+
Campylobacter lari subsp. concheus LMG 11760	cll	CONCH_0586	hemL	glutamate-1-semialdehyde aminotransferase	md:cll_M00926	I	553579	554856	-
Campylobacter lari subsp. concheus LMG 11760	cll	CONCH_0781	hemC	hydroxymethylbilane synthase	md:cll_M00926	I	740510	741436	-
Campylobacter lari subsp. concheus LMG 11760	cll	CONCH_0784	hemA	glutamyl-tRNA reductase	md:cll_M00926	I	743506	744813	-
Campylobacter lari subsp. concheus LMG 11760	cll	CONCH_1023	hemH	ferrochelatase	md:cll_M00926	I	984613	985515	-
Campylobacter lari subsp. concheus LMG 11760	cll	CONCH_1074	hemD	uroporphyrinogen III synthase	md:cll_M00926	I	1035728	1036366	-
Campylobacter lari subsp. concheus LMG 11760	cll	CONCH_1083	hemB	porphobilinogen synthase	md:cll_M00926	I	1042916	1043896	+
Campylobacter lari subsp. concheus LMG 11760	cll	CONCH_0150	mqnD	1,4-dihydroxy-6-naphthoate synthase	md:cll_M00930	I	126395	127258	+
Campylobacter lari subsp. concheus LMG 11760	cll	CONCH_0227	NA	metallo-dependent hydrolase, subgroup D	md:cll_M00930	I	197400	198623	-
Campylobacter lari subsp. concheus LMG 11760	cll	CONCH_0430	NA	menaquinone biosynthesis protein, SCO4494 family	md:cll_M00930	I	397777	398841	+
Campylobacter lari subsp. concheus LMG 11760	cll	CONCH_0698	mqnC	dehypoxanthinylfutalosine cyclase	md:cll_M00930	I	667154	668200	+
Campylobacter lari subsp. concheus LMG 11760	cll	CONCH_1244	mqnA2	6-amino-6-deoxyfutalosine synthase	md:cll_M00930	I	1214241	1214906	-
Campylobacter lari subsp. concheus LMG 11760	cll	CONCH_0150	mqnD	1,4-dihydroxy-6-naphthoate synthase	md:cll_M00931	I	126395	127258	+
Campylobacter lari subsp. concheus LMG 11760	cll	CONCH_0202	pfs	multifunctional 5'-methylthioadenosine / S-adenosylhomocysteine nucleosidase / 6-amino-6-deoxyfutalosine hydrolase	md:cll_M00931	I	174767	175453	+
Campylobacter lari subsp. concheus LMG 11760	cll	CONCH_0430	NA	menaquinone biosynthesis protein, SCO4494 family	md:cll_M00931	I	397777	398841	+
Campylobacter lari subsp. concheus LMG 11760	cll	CONCH_0698	mqnC	dehypoxanthinylfutalosine cyclase	md:cll_M00931	I	667154	668200	+
Campylobacter lari subsp. concheus LMG 11760	cll	CONCH_1244	mqnA2	6-amino-6-deoxyfutalosine synthase	md:cll_M00931	I	1214241	1214906	-
Campylobacter lari subsp. concheus LMG 11760	cll	CONCH_0009	thyX	thymidylate synthase, flavin-dependent	md:cll_M00938	I	7732	8364	-
Campylobacter lari subsp. concheus LMG 11760	cll	CONCH_0023	nrdA	aerobic ribonucleoside-diphosphate reductase Ia, B1 protein subunit NrdA	md:cll_M00938	I	22594	24969	+
Campylobacter lari subsp. concheus LMG 11760	cll	CONCH_0758	tmk	dTMP kinase	md:cll_M00938	I	720510	721094	+
Campylobacter lari subsp. concheus LMG 11760	cll	CONCH_1285	ndk	nucleoside diphosphate kinase	md:cll_M00938	I	1252561	1252974	+
Campylobacter lari subsp. concheus LMG 11760	cll	CONCH_1454	nrdB	aerobic ribonucleoside-diphosphate reductase Ia, B2 protein subunit NrdB	md:cll_M00938	I	1420480	1421502	+
Campylobacter lari subsp. concheus LMG 11760	cll	CONCH_0923	NA	short-chain dehydrogenase/reductase, subgroup 5	md:cll_M00939	I	887027	887773	-
Campylobacter lari subsp. concheus LMG 11760	cll	CONCH_0156	bioB	biotin synthetase	md:cll_M00950	I	130924	131760	-
Campylobacter lari subsp. concheus LMG 11760	cll	CONCH_1332	bioF	8-amino-7-oxononanoate synthase	md:cll_M00950	I	1299740	1300864	-
Campylobacter lari subsp. concheus LMG 11760	cll	CONCH_1335	bioD	dethiobiotin synthetase	md:cll_M00950	I	1302844	1303416	-
