Chlamydia psittaci 08DC60	cht	CPS0D_0073	NA	phosphoglycerate kinase	md:cht_M00001	I	76127	77329	+
Chlamydia psittaci 08DC60	cht	CPS0D_0129	gap	glyceraldehyde-3-phosphate dehydrogenase	md:cht_M00001	I	120776	121783	+
Chlamydia psittaci 08DC60	cht	CPS0D_0348	tpiA	triose-phosphate isomerase	md:cht_M00001	I	361138	361902	+
Chlamydia psittaci 08DC60	cht	CPS0D_0547	NA	fructose-bisphosphate aldolase	md:cht_M00001	I	567747	568796	-
Chlamydia psittaci 08DC60	cht	CPS0D_0655	NA	diphosphate--fructose-6-phosphate 1-phosphotransferase	md:cht_M00001	I	683859	685517	+
Chlamydia psittaci 08DC60	cht	CPS0D_0732	pyk	pyruvate kinase	md:cht_M00001	I	770525	771970	-
Chlamydia psittaci 08DC60	cht	CPS0D_0796	NA	glucose-6-phosphate isomerase	md:cht_M00001	I	841677	843269	-
Chlamydia psittaci 08DC60	cht	CPS0D_0976	NA	2,3-bisphosphoglycerate-dependent phosphoglycerate mutase	md:cht_M00001	I	1043683	1044366	+
Chlamydia psittaci 08DC60	cht	CPS0D_1038	eno	phosphopyruvate hydratase	md:cht_M00001	I	1115729	1117003	+
Chlamydia psittaci 08DC60	cht	CPS0D_0073	NA	phosphoglycerate kinase	md:cht_M00002	I	76127	77329	+
Chlamydia psittaci 08DC60	cht	CPS0D_0129	gap	glyceraldehyde-3-phosphate dehydrogenase	md:cht_M00002	I	120776	121783	+
Chlamydia psittaci 08DC60	cht	CPS0D_0348	tpiA	triose-phosphate isomerase	md:cht_M00002	I	361138	361902	+
Chlamydia psittaci 08DC60	cht	CPS0D_0732	pyk	pyruvate kinase	md:cht_M00002	I	770525	771970	-
Chlamydia psittaci 08DC60	cht	CPS0D_0976	NA	2,3-bisphosphoglycerate-dependent phosphoglycerate mutase	md:cht_M00002	I	1043683	1044366	+
Chlamydia psittaci 08DC60	cht	CPS0D_1038	eno	phosphopyruvate hydratase	md:cht_M00002	I	1115729	1117003	+
Chlamydia psittaci 08DC60	cht	CPS0D_0073	NA	phosphoglycerate kinase	md:cht_M00003	I	76127	77329	+
Chlamydia psittaci 08DC60	cht	CPS0D_0129	gap	glyceraldehyde-3-phosphate dehydrogenase	md:cht_M00003	I	120776	121783	+
Chlamydia psittaci 08DC60	cht	CPS0D_0348	tpiA	triose-phosphate isomerase	md:cht_M00003	I	361138	361902	+
Chlamydia psittaci 08DC60	cht	CPS0D_0547	NA	fructose-bisphosphate aldolase	md:cht_M00003	I	567747	568796	-
Chlamydia psittaci 08DC60	cht	CPS0D_0976	NA	2,3-bisphosphoglycerate-dependent phosphoglycerate mutase	md:cht_M00003	I	1043683	1044366	+
Chlamydia psittaci 08DC60	cht	CPS0D_0988	NA	phosphoenolpyruvate carboxykinase	md:cht_M00003	I	1056749	1058551	-
Chlamydia psittaci 08DC60	cht	CPS0D_1038	eno	phosphopyruvate hydratase	md:cht_M00003	I	1115729	1117003	+
Chlamydia psittaci 08DC60	cht	CPS0D_0477	gnd	6-phosphogluconate dehydrogenase	md:cht_M00004	I	486226	487677	+
Chlamydia psittaci 08DC60	cht	CPS0D_0590	pgl	6-phosphogluconolactonase	md:cht_M00004	I	607202	607846	-
Chlamydia psittaci 08DC60	cht	CPS0D_0591	zwf	glucose-6-phosphate dehydrogenase	md:cht_M00004	I	607870	609435	-
Chlamydia psittaci 08DC60	cht	CPS0D_0602	rpe	ribulose-phosphate 3-epimerase	md:cht_M00004	I	622816	623511	+
Chlamydia psittaci 08DC60	cht	CPS0D_0690	rpiA	ribose 5-phosphate isomerase A	md:cht_M00004	I	723593	724294	-
Chlamydia psittaci 08DC60	cht	CPS0D_0747	tal	transaldolase	md:cht_M00004	I	792807	793790	-
Chlamydia psittaci 08DC60	cht	CPS0D_0796	NA	glucose-6-phosphate isomerase	md:cht_M00004	I	841677	843269	-
Chlamydia psittaci 08DC60	cht	CPS0D_0939	tkt	transketolase	md:cht_M00004	I	998785	1000782	-
Chlamydia psittaci 08DC60	cht	CPS0D_0477	gnd	6-phosphogluconate dehydrogenase	md:cht_M00006	I	486226	487677	+
Chlamydia psittaci 08DC60	cht	CPS0D_0590	pgl	6-phosphogluconolactonase	md:cht_M00006	I	607202	607846	-
Chlamydia psittaci 08DC60	cht	CPS0D_0591	zwf	glucose-6-phosphate dehydrogenase	md:cht_M00006	I	607870	609435	-
Chlamydia psittaci 08DC60	cht	CPS0D_0602	rpe	ribulose-phosphate 3-epimerase	md:cht_M00007	I	622816	623511	+
Chlamydia psittaci 08DC60	cht	CPS0D_0690	rpiA	ribose 5-phosphate isomerase A	md:cht_M00007	I	723593	724294	-
Chlamydia psittaci 08DC60	cht	CPS0D_0747	tal	transaldolase	md:cht_M00007	I	792807	793790	-
Chlamydia psittaci 08DC60	cht	CPS0D_0939	tkt	transketolase	md:cht_M00007	I	998785	1000782	-
Chlamydia psittaci 08DC60	cht	CPS0D_0590	pgl	6-phosphogluconolactonase	md:cht_M00008	I	607202	607846	-
Chlamydia psittaci 08DC60	cht	CPS0D_0591	zwf	glucose-6-phosphate dehydrogenase	md:cht_M00008	I	607870	609435	-
Chlamydia psittaci 08DC60	cht	CPS0D_0247	NA	branched-chain alpha-keto acid dehydrogenase subunit E2	md:cht_M00009	I	234798	235967	+
Chlamydia psittaci 08DC60	cht	CPS0D_0461	sucA	2-oxoglutarate dehydrogenase E1 component	md:cht_M00009	I	470486	473212	+
Chlamydia psittaci 08DC60	cht	CPS0D_0462	sucB	dihydrolipoamide acetyltransferase	md:cht_M00009	I	473209	474306	+
Chlamydia psittaci 08DC60	cht	CPS0D_0794	NA	malate dehydrogenase	md:cht_M00009	I	840097	841083	-
Chlamydia psittaci 08DC60	cht	CPS0D_0809	fumC	fumarate hydratase	md:cht_M00009	I	856782	858164	-
Chlamydia psittaci 08DC60	cht	CPS0D_0849	sucD	succinyl-CoA synthase subunit alpha	md:cht_M00009	I	897304	898179	-
Chlamydia psittaci 08DC60	cht	CPS0D_0850	sucC	succinyl-CoA synthetase subunit beta	md:cht_M00009	I	898194	899354	-
Chlamydia psittaci 08DC60	cht	CPS0D_1006	lpdA	dihydrolipoyl dehydrogenase	md:cht_M00009	I	1083617	1085005	+
Chlamydia psittaci 08DC60	cht	CPS0D_1043	NA	succinate dehydrogenase iron-sulfur subunit	md:cht_M00009	I	1124428	1125144	-
Chlamydia psittaci 08DC60	cht	CPS0D_1044	sdhA	succinate dehydrogenase flavoprotein subunit	md:cht_M00009	I	1125234	1127117	-
Chlamydia psittaci 08DC60	cht	CPS0D_1045	NA	succinate dehydrogenase cytochrome b558 subunit	md:cht_M00009	I	1127122	1128015	-
Chlamydia psittaci 08DC60	cht	CPS0D_0247	NA	branched-chain alpha-keto acid dehydrogenase subunit E2	md:cht_M00011	I	234798	235967	+
Chlamydia psittaci 08DC60	cht	CPS0D_0461	sucA	2-oxoglutarate dehydrogenase E1 component	md:cht_M00011	I	470486	473212	+
Chlamydia psittaci 08DC60	cht	CPS0D_0462	sucB	dihydrolipoamide acetyltransferase	md:cht_M00011	I	473209	474306	+
Chlamydia psittaci 08DC60	cht	CPS0D_0794	NA	malate dehydrogenase	md:cht_M00011	I	840097	841083	-
Chlamydia psittaci 08DC60	cht	CPS0D_0809	fumC	fumarate hydratase	md:cht_M00011	I	856782	858164	-
Chlamydia psittaci 08DC60	cht	CPS0D_0849	sucD	succinyl-CoA synthase subunit alpha	md:cht_M00011	I	897304	898179	-
Chlamydia psittaci 08DC60	cht	CPS0D_0850	sucC	succinyl-CoA synthetase subunit beta	md:cht_M00011	I	898194	899354	-
Chlamydia psittaci 08DC60	cht	CPS0D_1006	lpdA	dihydrolipoyl dehydrogenase	md:cht_M00011	I	1083617	1085005	+
Chlamydia psittaci 08DC60	cht	CPS0D_1043	NA	succinate dehydrogenase iron-sulfur subunit	md:cht_M00011	I	1124428	1125144	-
Chlamydia psittaci 08DC60	cht	CPS0D_1044	sdhA	succinate dehydrogenase flavoprotein subunit	md:cht_M00011	I	1125234	1127117	-
Chlamydia psittaci 08DC60	cht	CPS0D_1045	NA	succinate dehydrogenase cytochrome b558 subunit	md:cht_M00011	I	1127122	1128015	-
Chlamydia psittaci 08DC60	cht	CPS0D_0794	NA	malate dehydrogenase	md:cht_M00012	I	840097	841083	-
Chlamydia psittaci 08DC60	cht	CPS0D_0255	dapF	diaminopimelate epimerase	md:cht_M00016	I	243244	244005	+
Chlamydia psittaci 08DC60	cht	CPS0D_0769	dapA	dihydrodipicolinate synthase	md:cht_M00016	I	815465	816331	-
Chlamydia psittaci 08DC60	cht	CPS0D_0770	NA	aspartate kinase	md:cht_M00016	I	816344	817666	-
Chlamydia psittaci 08DC60	cht	CPS0D_0771	asd	aspartate-semialdehyde dehydrogenase	md:cht_M00016	I	817654	818655	-
Chlamydia psittaci 08DC60	cht	CPS0D_0772	NA	dihydrodipicolinate reductase	md:cht_M00016	I	818837	819577	-
Chlamydia psittaci 08DC60	cht	CPS0D_0770	NA	aspartate kinase	md:cht_M00017	I	816344	817666	-
Chlamydia psittaci 08DC60	cht	CPS0D_0771	asd	aspartate-semialdehyde dehydrogenase	md:cht_M00017	I	817654	818655	-
Chlamydia psittaci 08DC60	cht	CPS0D_0770	NA	aspartate kinase	md:cht_M00018	I	816344	817666	-
Chlamydia psittaci 08DC60	cht	CPS0D_0771	asd	aspartate-semialdehyde dehydrogenase	md:cht_M00018	I	817654	818655	-
Chlamydia psittaci 08DC60	cht	CPS0D_0291	aroF	phospho-2-dehydro-3-deoxyheptonate aldolase	md:cht_M00022	I	276828	277517	-
Chlamydia psittaci 08DC60	cht	CPS0D_0782	aroA	3-phosphoshikimate 1-carboxyvinyltransferase	md:cht_M00022	I	828243	829580	+
Chlamydia psittaci 08DC60	cht	CPS0D_0783	NA	shikimate kinase	md:cht_M00022	I	829624	830037	+
Chlamydia psittaci 08DC60	cht	CPS0D_0784	aroC	chorismate synthase	md:cht_M00022	I	830034	831113	+
Chlamydia psittaci 08DC60	cht	CPS0D_0785	aroB	3-dehydroquinate synthase	md:cht_M00022	I	831110	832249	+
Chlamydia psittaci 08DC60	cht	CPS0D_0786	aroE	shikimate 5-dehydrogenase	md:cht_M00022	I	832230	833663	+
Chlamydia psittaci 08DC60	cht	CPS0D_0247	NA	branched-chain alpha-keto acid dehydrogenase subunit E2	md:cht_M00032	I	234798	235967	+
Chlamydia psittaci 08DC60	cht	CPS0D_0462	sucB	dihydrolipoamide acetyltransferase	md:cht_M00032	I	473209	474306	+
Chlamydia psittaci 08DC60	cht	CPS0D_1006	lpdA	dihydrolipoyl dehydrogenase	md:cht_M00032	I	1083617	1085005	+
Chlamydia psittaci 08DC60	cht	CPS0D_0770	NA	aspartate kinase	md:cht_M00033	I	816344	817666	-
Chlamydia psittaci 08DC60	cht	CPS0D_0771	asd	aspartate-semialdehyde dehydrogenase	md:cht_M00033	I	817654	818655	-
Chlamydia psittaci 08DC60	cht	CPS0D_0463	NA	conserved hypothetical protein	md:cht_M00034	I	474317	475060	-
Chlamydia psittaci 08DC60	cht	CPS0D_0364	NA	putative oxoisovalerate dehydrogenase	md:cht_M00036	I	377627	379663	+
Chlamydia psittaci 08DC60	cht	CPS0D_1006	lpdA	dihydrolipoyl dehydrogenase	md:cht_M00036	I	1083617	1085005	+
Chlamydia psittaci 08DC60	cht	CPS0D_0135	NA	nucleoside diphosphate kinase	md:cht_M00049	I	125337	125762	+
Chlamydia psittaci 08DC60	cht	CPS0D_0586	NA	adenylate kinase	md:cht_M00049	I	603248	603889	-
Chlamydia psittaci 08DC60	cht	CPS0D_1103	NA	adenylate kinase	md:cht_M00049	I	859957	860607	-
Chlamydia psittaci 08DC60	cht	CPS0D_0135	NA	nucleoside diphosphate kinase	md:cht_M00050	I	125337	125762	+
Chlamydia psittaci 08DC60	cht	CPS0D_0619	guaA	GMP synthase	md:cht_M00050	I	651337	652875	-
Chlamydia psittaci 08DC60	cht	CPS0D_0620	NA	inosine-5-monophosphate dehydrogenase	md:cht_M00050	I	652890	653966	-
Chlamydia psittaci 08DC60	cht	CPS0D_0709	gmk	guanylate kinase	md:cht_M00050	I	744377	744991	-
Chlamydia psittaci 08DC60	cht	CPS0D_0149	NA	orotate phosphoribosyl transferase	md:cht_M00051	I	139564	140241	+
Chlamydia psittaci 08DC60	cht	CPS0D_0053	pyrH	uridylate kinase	md:cht_M00052	I	55363	56103	-
Chlamydia psittaci 08DC60	cht	CPS0D_0135	NA	nucleoside diphosphate kinase	md:cht_M00052	I	125337	125762	+
Chlamydia psittaci 08DC60	cht	CPS0D_0644	pyrG	CTP synthase	md:cht_M00052	I	670322	671935	+
Chlamydia psittaci 08DC60	cht	CPS0D_0135	NA	nucleoside diphosphate kinase	md:cht_M00053	I	125337	125762	+
Chlamydia psittaci 08DC60	cht	CPS0D_0842	NA	ribonucleotide reductase subunit beta	md:cht_M00053	I	884383	885423	-
Chlamydia psittaci 08DC60	cht	CPS0D_0843	NA	ribonucleoside-diphosphate reductase subunit alpha	md:cht_M00053	I	885447	888584	-
Chlamydia psittaci 08DC60	cht	CPS0D_0100	lpxC	UDP-3-0-acyl N-acetylglucosamine deacetylase	md:cht_M00060	I	103958	104800	+
Chlamydia psittaci 08DC60	cht	CPS0D_0102	lpxA	UDP-N-acetylglucosamine acyltransferase	md:cht_M00060	I	105289	106128	+
Chlamydia psittaci 08DC60	cht	CPS0D_0245	lpxK	tetraacyldisaccharide 4'-kinase	md:cht_M00060	I	232410	233513	+
Chlamydia psittaci 08DC60	cht	CPS0D_0527	lpxD	UDP-3-O-[3-hydroxymyristoyl] glucosamine N-acyltransferase	md:cht_M00060	I	544060	545142	-
Chlamydia psittaci 08DC60	cht	CPS0D_0660	NA	3-deoxy-D-manno-octulosonic-acid transferase	md:cht_M00060	I	688361	689662	-
Chlamydia psittaci 08DC60	cht	CPS0D_0730	NA	bacterial lipid A biosynthesis lauroyl acyltransferase	md:cht_M00060	I	768793	770127	+
Chlamydia psittaci 08DC60	cht	CPS0D_0857	lpxB	lipid-A-disaccharide synthase	md:cht_M00060	I	907439	909322	+
Chlamydia psittaci 08DC60	cht	CPS0D_0024	kdsA	3-deoxy-d-manno-octulosonic acid 8-phosphate synthetase	md:cht_M00063	I	30829	31638	-
Chlamydia psittaci 08DC60	cht	CPS0D_0248	NA	carbohydrate isomerase, KpsF/GutQ family	md:cht_M00063	I	235999	236988	+
Chlamydia psittaci 08DC60	cht	CPS0D_0643	kdsB	3-deoxy-D-manno-octulosonate cytidylyltransferase	md:cht_M00063	I	669582	670346	+
Chlamydia psittaci 08DC60	cht	CPS0D_0382	accD	acetyl-CoA carboxylase subunit beta	md:cht_M00082	I	397322	398248	+
Chlamydia psittaci 08DC60	cht	CPS0D_0417	accA	acetyl-CoA carboxylase carboxyltransferase subunit alpha	md:cht_M00082	I	429831	430805	+
Chlamydia psittaci 08DC60	cht	CPS0D_0531	fabH	3-oxoacyl-[acyl-carrier-] synthase 3 family protein	md:cht_M00082	I	549086	550087	+
Chlamydia psittaci 08DC60	cht	CPS0D_0532	fabD	acyl-carrier-protein S-malonyltransferase	md:cht_M00082	I	550088	551014	+
Chlamydia psittaci 08DC60	cht	CPS0D_0604	accB	acetyl-CoA carboxylase biotin carboxyl carrier protein subunit	md:cht_M00082	I	624087	624587	+
Chlamydia psittaci 08DC60	cht	CPS0D_0605	accC	acetyl-CoA carboxylase biotin carboxylase subunit	md:cht_M00082	I	624587	625942	+
Chlamydia psittaci 08DC60	cht	CPS0D_0101	fabZ	(3R)-hydroxymyristoyl-ACP dehydratase	md:cht_M00083	I	104815	105279	+
Chlamydia psittaci 08DC60	cht	CPS0D_0425	NA	enoyl-(acyl-carrier-protein) reductase	md:cht_M00083	I	437096	437995	-
Chlamydia psittaci 08DC60	cht	CPS0D_0533	fabG	3-oxoacyl-(acyl-carrier-protein) reductase	md:cht_M00083	I	551019	551765	+
Chlamydia psittaci 08DC60	cht	CPS0D_0776	NA	short chain dehydrogenase reductase	md:cht_M00083	I	822429	823268	+
Chlamydia psittaci 08DC60	cht	CPS0D_0915	fabF	3-oxoacyl-[acyl-carrier-protein] synthase 2	md:cht_M00083	I	976334	977584	-
Chlamydia psittaci 08DC60	cht	CPS0D_0195	NA	1-acyl-sn-glycerol-3-phosphate acyltransferase	md:cht_M00089	I	182607	183254	-
Chlamydia psittaci 08DC60	cht	CPS0D_0877	NA	glycerol-3-phosphate acyltransferase	md:cht_M00089	I	935255	936250	+
Chlamydia psittaci 08DC60	cht	CPS0D_0910	NA	acyltransferase family protein	md:cht_M00089	I	972125	972886	-
Chlamydia psittaci 08DC60	cht	CPS0D_0198	NA	phosphatidate cytidylyltransferase	md:cht_M00093	I	183898	184818	-
Chlamydia psittaci 08DC60	cht	CPS0D_0844	NA	putative glycerol-serine phosphatidyltransferase	md:cht_M00093	I	888961	889767	+
Chlamydia psittaci 08DC60	cht	CPS0D_1000	psd	phosphatidylserine decarboxylase	md:cht_M00093	I	1074797	1075624	-
Chlamydia psittaci 08DC60	cht	CPS0D_0185	ispD	2-C-methyl-D-erythritol 4-phosphate cytidylyltransferase	md:cht_M00096	I	171567	172205	-
Chlamydia psittaci 08DC60	cht	CPS0D_0223	ispF	2C-methyl-D-erythritol 2,4-cyclodiphosphate synthase	md:cht_M00096	I	209688	210194	-
Chlamydia psittaci 08DC60	cht	CPS0D_0344	dxs	1-deoxy-D-xylulose-5-phosphate synthase	md:cht_M00096	I	356909	358843	-
Chlamydia psittaci 08DC60	cht	CPS0D_0464	ispG	4-hydroxy-3-methylbut-2-en-1-yl diphosphate synthase	md:cht_M00096	I	475074	476894	-
Chlamydia psittaci 08DC60	cht	CPS0D_0486	dxr	1-deoxy-D-xylulose 5-phosphate reductoisomerase	md:cht_M00096	I	498230	499369	+
Chlamydia psittaci 08DC60	cht	CPS0D_0805	ispH	4-hydroxy-3-methylbut-2-enyl diphosphate reductase	md:cht_M00096	I	850592	851521	-
Chlamydia psittaci 08DC60	cht	CPS0D_0881	ispE	4-(cytidine 5'-diphospho)-2-C-methyl-D-erythritol kinase	md:cht_M00096	I	940819	941694	-
Chlamydia psittaci 08DC60	cht	CPS0D_0257	NA	menaquinone biosynthesis methyltransferase	md:cht_M00116	I	245137	245793	-
Chlamydia psittaci 08DC60	cht	CPS0D_0257	NA	menaquinone biosynthesis methyltransferase	md:cht_M00117	I	245137	245793	-
Chlamydia psittaci 08DC60	cht	CPS0D_0565	NA	prenyltransferase	md:cht_M00117	I	587619	588518	+
Chlamydia psittaci 08DC60	cht	CPS0D_0566	NA	putative aromatic acid decarboxylase	md:cht_M00117	I	588532	589110	+
Chlamydia psittaci 08DC60	cht	CPS0D_0145	coaE	dephospho-CoA kinase	md:cht_M00120	I	136977	137585	+
Chlamydia psittaci 08DC60	cht	CPS0D_0001	hemB	delta-aminolevulinic acid dehydratase	md:cht_M00121	I	149	1144	+
Chlamydia psittaci 08DC60	cht	CPS0D_0032	NA	glutamyl-tRNA reductase	md:cht_M00121	I	38158	39174	+
Chlamydia psittaci 08DC60	cht	CPS0D_0154	hemH	ferrochelatase	md:cht_M00121	I	144026	144982	-
Chlamydia psittaci 08DC60	cht	CPS0D_0207	gltX	glutamyl-tRNA synthetase	md:cht_M00121	I	196645	198162	+
Chlamydia psittaci 08DC60	cht	CPS0D_0252	NA	uroporphyrinogen-III synthase	md:cht_M00121	I	240183	240848	-
Chlamydia psittaci 08DC60	cht	CPS0D_0376	NA	porphobilinogen deaminase	md:cht_M00121	I	391209	391946	-
Chlamydia psittaci 08DC60	cht	CPS0D_0687	NA	glutamate-1-semialdehyde aminotransferase	md:cht_M00121	I	721159	722448	-
Chlamydia psittaci 08DC60	cht	CPS0D_0942	NA	uroporphyrinogen decarboxylase	md:cht_M00121	I	1006990	1007913	+
Chlamydia psittaci 08DC60	cht	CPS0D_0943	hemN	oxygen-independent coproporphyrinogen III oxidase	md:cht_M00121	I	1007886	1009262	+
Chlamydia psittaci 08DC60	cht	CPS0D_0944	hemG	protoporphyrinogen oxidase	md:cht_M00121	I	1009259	1010527	+
Chlamydia psittaci 08DC60	cht	CPS0D_0777	bioB	biotin synthase	md:cht_M00123	I	823517	824512	+
Chlamydia psittaci 08DC60	cht	CPS0D_0778	NA	8-amino-7-oxononanoate synthase	md:cht_M00123	I	824491	825639	+
Chlamydia psittaci 08DC60	cht	CPS0D_0779	bioD	dethiobiotin synthase	md:cht_M00123	I	825624	826241	+
Chlamydia psittaci 08DC60	cht	CPS0D_0780	bioA	adenosylmethionine-8-amino-7-oxononanoate transaminase	md:cht_M00123	I	826241	827518	+
Chlamydia psittaci 08DC60	cht	CPS0D_1105	NA	8-amino-7-oxononanoate synthase	md:cht_M00123	I	969329	970435	-
Chlamydia psittaci 08DC60	cht	CPS0D_0242	ribE	riboflavin synthase subunit alpha	md:cht_M00125	I	229943	230536	+
Chlamydia psittaci 08DC60	cht	CPS0D_0507	ribF	riboflavin biosynthesis protein	md:cht_M00125	I	521836	522750	-
Chlamydia psittaci 08DC60	cht	CPS0D_0965	ribH	6,7-dimethyl-8-ribityllumazine synthase	md:cht_M00125	I	1033478	1033942	-
Chlamydia psittaci 08DC60	cht	CPS0D_0966	ribB	bifunctional 3,4-dihydroxy-2-butanone 4-phosphate synthase/GTP cyclohydrolase II protein	md:cht_M00125	I	1033955	1035217	-
Chlamydia psittaci 08DC60	cht	CPS0D_0967	ribD	riboflavin biosynthesis protein	md:cht_M00125	I	1035302	1036408	-
Chlamydia psittaci 08DC60	cht	CPS0D_1076	NA	dihydrofolate reductase	md:cht_M00126	I	1157295	1157738	-
Chlamydia psittaci 08DC60	cht	CPS0D_1077	folK	folate synthesis bifunctional protein	md:cht_M00126	I	1157776	1159119	-
Chlamydia psittaci 08DC60	cht	CPS0D_1078	folB	dihydroneopterin aldolase	md:cht_M00126	I	1159116	1159451	-
Chlamydia psittaci 08DC60	cht	CPS0D_0232	thiE	thiamine-phosphate pyrophosphorylase	md:cht_M00127	I	215906	216544	+
Chlamydia psittaci 08DC60	cht	CPS0D_0790	NA	pyruvoyl-dependent arginine decarboxylase	md:cht_M00133	I	835996	836583	+
Chlamydia psittaci 08DC60	cht	CPS0D_0253	NA	serine hydroxymethyltransferase	md:cht_M00140	I	241163	242656	+
Chlamydia psittaci 08DC60	cht	CPS0D_0493	NA	methylenetetrahydrofolate dehydrogenase	md:cht_M00140	I	506082	506945	-
Chlamydia psittaci 08DC60	cht	CPS0D_1043	NA	succinate dehydrogenase iron-sulfur subunit	md:cht_M00149	I	1124428	1125144	-
Chlamydia psittaci 08DC60	cht	CPS0D_1044	sdhA	succinate dehydrogenase flavoprotein subunit	md:cht_M00149	I	1125234	1127117	-
Chlamydia psittaci 08DC60	cht	CPS0D_1045	NA	succinate dehydrogenase cytochrome b558 subunit	md:cht_M00149	I	1127122	1128015	-
Chlamydia psittaci 08DC60	cht	CPS0D_0726	cydB	cytochrome d ubiquinol oxidase subunit II	md:cht_M00153	I	763912	764973	-
Chlamydia psittaci 08DC60	cht	CPS0D_0727	NA	putative cytochrome D ubiquinol oxidase, subunit I	md:cht_M00153	I	764976	766316	-
Chlamydia psittaci 08DC60	cht	CPS0D_0737	NA	V-type sodium ATPase subunit K	md:cht_M00159	I	783812	784237	-
Chlamydia psittaci 08DC60	cht	CPS0D_0738	NA	V-type ATPase subunit I	md:cht_M00159	I	784372	786321	-
Chlamydia psittaci 08DC60	cht	CPS0D_0739	NA	V-type ATPase subunit D	md:cht_M00159	I	786312	786938	-
Chlamydia psittaci 08DC60	cht	CPS0D_0740	NA	V-type ATP synthase subunit B	md:cht_M00159	I	786923	788239	-
Chlamydia psittaci 08DC60	cht	CPS0D_0741	NA	V-type ATP synthase subunit A	md:cht_M00159	I	788246	790021	-
Chlamydia psittaci 08DC60	cht	CPS0D_0743	NA	V-type ATP synthase subunit E	md:cht_M00159	I	790861	791487	-
Chlamydia psittaci 08DC60	cht	CPS0D_0073	NA	phosphoglycerate kinase	md:cht_M00165	I	76127	77329	+
Chlamydia psittaci 08DC60	cht	CPS0D_0129	gap	glyceraldehyde-3-phosphate dehydrogenase	md:cht_M00165	I	120776	121783	+
Chlamydia psittaci 08DC60	cht	CPS0D_0690	rpiA	ribose 5-phosphate isomerase A	md:cht_M00165	I	723593	724294	-
Chlamydia psittaci 08DC60	cht	CPS0D_0939	tkt	transketolase	md:cht_M00165	I	998785	1000782	-
Chlamydia psittaci 08DC60	cht	CPS0D_0073	NA	phosphoglycerate kinase	md:cht_M00166	I	76127	77329	+
Chlamydia psittaci 08DC60	cht	CPS0D_0129	gap	glyceraldehyde-3-phosphate dehydrogenase	md:cht_M00166	I	120776	121783	+
Chlamydia psittaci 08DC60	cht	CPS0D_0690	rpiA	ribose 5-phosphate isomerase A	md:cht_M00167	I	723593	724294	-
Chlamydia psittaci 08DC60	cht	CPS0D_0939	tkt	transketolase	md:cht_M00167	I	998785	1000782	-
Chlamydia psittaci 08DC60	cht	CPS0D_0794	NA	malate dehydrogenase	md:cht_M00168	I	840097	841083	-
Chlamydia psittaci 08DC60	cht	CPS0D_0794	NA	malate dehydrogenase	md:cht_M00173	I	840097	841083	-
Chlamydia psittaci 08DC60	cht	CPS0D_0809	fumC	fumarate hydratase	md:cht_M00173	I	856782	858164	-
Chlamydia psittaci 08DC60	cht	CPS0D_0849	sucD	succinyl-CoA synthase subunit alpha	md:cht_M00173	I	897304	898179	-
Chlamydia psittaci 08DC60	cht	CPS0D_0850	sucC	succinyl-CoA synthetase subunit beta	md:cht_M00173	I	898194	899354	-
Chlamydia psittaci 08DC60	cht	CPS0D_1043	NA	succinate dehydrogenase iron-sulfur subunit	md:cht_M00173	I	1124428	1125144	-
Chlamydia psittaci 08DC60	cht	CPS0D_1044	sdhA	succinate dehydrogenase flavoprotein subunit	md:cht_M00173	I	1125234	1127117	-
Chlamydia psittaci 08DC60	cht	CPS0D_1045	NA	succinate dehydrogenase cytochrome b558 subunit	md:cht_M00173	I	1127122	1128015	-
Chlamydia psittaci 08DC60	cht	CPS0D_0222	NA	oxidoreductase	md:cht_M00176	I	208642	209691	+
Chlamydia psittaci 08DC60	cht	CPS0D_0522	NA	branched-chain alpha-keto acid dehydrogenase subunit E2	md:cht_M00307	I	539566	540852	-
Chlamydia psittaci 08DC60	cht	CPS0D_0523	NA	pyruvate dehydrogenase E1 component beta subunit	md:cht_M00307	I	540857	541843	-
Chlamydia psittaci 08DC60	cht	CPS0D_0524	pdhA	pyruvate dehydrogenase, E1 component, alpha subunit	md:cht_M00307	I	541836	542861	-
Chlamydia psittaci 08DC60	cht	CPS0D_1006	lpdA	dihydrolipoyl dehydrogenase	md:cht_M00307	I	1083617	1085005	+
Chlamydia psittaci 08DC60	cht	CPS0D_0073	NA	phosphoglycerate kinase	md:cht_M00308	I	76127	77329	+
Chlamydia psittaci 08DC60	cht	CPS0D_0129	gap	glyceraldehyde-3-phosphate dehydrogenase	md:cht_M00308	I	120776	121783	+
Chlamydia psittaci 08DC60	cht	CPS0D_0655	NA	diphosphate--fructose-6-phosphate 1-phosphotransferase	md:cht_M00345	I	683859	685517	+
Chlamydia psittaci 08DC60	cht	CPS0D_0253	NA	serine hydroxymethyltransferase	md:cht_M00346	I	241163	242656	+
Chlamydia psittaci 08DC60	cht	CPS0D_0794	NA	malate dehydrogenase	md:cht_M00346	I	840097	841083	-
Chlamydia psittaci 08DC60	cht	CPS0D_1038	eno	phosphopyruvate hydratase	md:cht_M00346	I	1115729	1117003	+
Chlamydia psittaci 08DC60	cht	CPS0D_1087	NA	geranylgeranyl pyrophosphate synthase	md:cht_M00364	I	1168975	1169856	+
Chlamydia psittaci 08DC60	cht	CPS0D_0794	NA	malate dehydrogenase	md:cht_M00374	I	840097	841083	-
Chlamydia psittaci 08DC60	cht	CPS0D_0849	sucD	succinyl-CoA synthase subunit alpha	md:cht_M00374	I	897304	898179	-
Chlamydia psittaci 08DC60	cht	CPS0D_0850	sucC	succinyl-CoA synthetase subunit beta	md:cht_M00374	I	898194	899354	-
Chlamydia psittaci 08DC60	cht	CPS0D_1043	NA	succinate dehydrogenase iron-sulfur subunit	md:cht_M00374	I	1124428	1125144	-
Chlamydia psittaci 08DC60	cht	CPS0D_1044	sdhA	succinate dehydrogenase flavoprotein subunit	md:cht_M00374	I	1125234	1127117	-
Chlamydia psittaci 08DC60	cht	CPS0D_1045	NA	succinate dehydrogenase cytochrome b558 subunit	md:cht_M00374	I	1127122	1128015	-
Chlamydia psittaci 08DC60	cht	CPS0D_0382	accD	acetyl-CoA carboxylase subunit beta	md:cht_M00376	I	397322	398248	+
Chlamydia psittaci 08DC60	cht	CPS0D_0417	accA	acetyl-CoA carboxylase carboxyltransferase subunit alpha	md:cht_M00376	I	429831	430805	+
Chlamydia psittaci 08DC60	cht	CPS0D_0604	accB	acetyl-CoA carboxylase biotin carboxyl carrier protein subunit	md:cht_M00376	I	624087	624587	+
Chlamydia psittaci 08DC60	cht	CPS0D_0605	accC	acetyl-CoA carboxylase biotin carboxylase subunit	md:cht_M00376	I	624587	625942	+
Chlamydia psittaci 08DC60	cht	CPS0D_0809	fumC	fumarate hydratase	md:cht_M00376	I	856782	858164	-
Chlamydia psittaci 08DC60	cht	CPS0D_1043	NA	succinate dehydrogenase iron-sulfur subunit	md:cht_M00376	I	1124428	1125144	-
Chlamydia psittaci 08DC60	cht	CPS0D_1044	sdhA	succinate dehydrogenase flavoprotein subunit	md:cht_M00376	I	1125234	1127117	-
Chlamydia psittaci 08DC60	cht	CPS0D_1045	NA	succinate dehydrogenase cytochrome b558 subunit	md:cht_M00376	I	1127122	1128015	-
Chlamydia psittaci 08DC60	cht	CPS0D_0493	NA	methylenetetrahydrofolate dehydrogenase	md:cht_M00377	I	506082	506945	-
Chlamydia psittaci 08DC60	cht	CPS0D_0255	dapF	diaminopimelate epimerase	md:cht_M00525	I	243244	244005	+
Chlamydia psittaci 08DC60	cht	CPS0D_0769	dapA	dihydrodipicolinate synthase	md:cht_M00525	I	815465	816331	-
Chlamydia psittaci 08DC60	cht	CPS0D_0770	NA	aspartate kinase	md:cht_M00525	I	816344	817666	-
Chlamydia psittaci 08DC60	cht	CPS0D_0771	asd	aspartate-semialdehyde dehydrogenase	md:cht_M00525	I	817654	818655	-
Chlamydia psittaci 08DC60	cht	CPS0D_0772	NA	dihydrodipicolinate reductase	md:cht_M00525	I	818837	819577	-
Chlamydia psittaci 08DC60	cht	CPS0D_0769	dapA	dihydrodipicolinate synthase	md:cht_M00526	I	815465	816331	-
Chlamydia psittaci 08DC60	cht	CPS0D_0770	NA	aspartate kinase	md:cht_M00526	I	816344	817666	-
Chlamydia psittaci 08DC60	cht	CPS0D_0771	asd	aspartate-semialdehyde dehydrogenase	md:cht_M00526	I	817654	818655	-
Chlamydia psittaci 08DC60	cht	CPS0D_0772	NA	dihydrodipicolinate reductase	md:cht_M00526	I	818837	819577	-
Chlamydia psittaci 08DC60	cht	CPS0D_0255	dapF	diaminopimelate epimerase	md:cht_M00527	I	243244	244005	+
Chlamydia psittaci 08DC60	cht	CPS0D_0279	NA	LL-diaminopimelate aminotransferase	md:cht_M00527	I	265399	266595	-
Chlamydia psittaci 08DC60	cht	CPS0D_0769	dapA	dihydrodipicolinate synthase	md:cht_M00527	I	815465	816331	-
Chlamydia psittaci 08DC60	cht	CPS0D_0770	NA	aspartate kinase	md:cht_M00527	I	816344	817666	-
Chlamydia psittaci 08DC60	cht	CPS0D_0771	asd	aspartate-semialdehyde dehydrogenase	md:cht_M00527	I	817654	818655	-
Chlamydia psittaci 08DC60	cht	CPS0D_0772	NA	dihydrodipicolinate reductase	md:cht_M00527	I	818837	819577	-
Chlamydia psittaci 08DC60	cht	CPS0D_0253	NA	serine hydroxymethyltransferase	md:cht_M00532	I	241163	242656	+
Chlamydia psittaci 08DC60	cht	CPS0D_0396	NA	glycine cleavage system protein H	md:cht_M00532	I	412702	413043	+
Chlamydia psittaci 08DC60	cht	CPS0D_1006	lpdA	dihydrolipoyl dehydrogenase	md:cht_M00532	I	1083617	1085005	+
Chlamydia psittaci 08DC60	cht	CPS0D_0040	NA	type III secretion system ATPase	md:cht_M00542	I	44227	45459	+
Chlamydia psittaci 08DC60	cht	CPS0D_0045	NA	bacterial type II/III secretion system protein	md:cht_M00542	I	49554	52211	+
Chlamydia psittaci 08DC60	cht	CPS0D_0504	NA	putative membrane transport protein	md:cht_M00542	I	517195	519267	-
Chlamydia psittaci 08DC60	cht	CPS0D_0505	NA	type III secretion system protein	md:cht_M00542	I	519324	520406	-
Chlamydia psittaci 08DC60	cht	CPS0D_1008	NA	putative type III secretion system protein	md:cht_M00542	I	1086145	1087137	+
Chlamydia psittaci 08DC60	cht	CPS0D_1011	NA	type III secretion inner membrane protein SctR	md:cht_M00542	I	1088840	1089757	+
Chlamydia psittaci 08DC60	cht	CPS0D_1012	NA	secretion and cellular translocation protein S	md:cht_M00542	I	1089767	1090051	+
Chlamydia psittaci 08DC60	cht	CPS0D_1013	NA	putative type III secretion inner membrane protein	md:cht_M00542	I	1090058	1090927	+
Chlamydia psittaci 08DC60	cht	CPS0D_0073	NA	phosphoglycerate kinase	md:cht_M00552	I	76127	77329	+
Chlamydia psittaci 08DC60	cht	CPS0D_0129	gap	glyceraldehyde-3-phosphate dehydrogenase	md:cht_M00552	I	120776	121783	+
Chlamydia psittaci 08DC60	cht	CPS0D_0150	glgC	glucose-1-phosphate adenylyltransferase	md:cht_M00565	I	140321	141649	+
Chlamydia psittaci 08DC60	cht	CPS0D_0299	glgB	1,4-alpha-glucan branching enzyme	md:cht_M00565	I	287458	289641	+
Chlamydia psittaci 08DC60	cht	CPS0D_0448	NA	putative glycosyl hydrolase	md:cht_M00565	I	457412	459403	-
Chlamydia psittaci 08DC60	cht	CPS0D_0888	glgA	glycogen synthase	md:cht_M00565	I	944564	945991	+
Chlamydia psittaci 08DC60	cht	CPS0D_0101	fabZ	(3R)-hydroxymyristoyl-ACP dehydratase	md:cht_M00572	I	104815	105279	+
Chlamydia psittaci 08DC60	cht	CPS0D_0425	NA	enoyl-(acyl-carrier-protein) reductase	md:cht_M00572	I	437096	437995	-
Chlamydia psittaci 08DC60	cht	CPS0D_0533	fabG	3-oxoacyl-(acyl-carrier-protein) reductase	md:cht_M00572	I	551019	551765	+
Chlamydia psittaci 08DC60	cht	CPS0D_0776	NA	short chain dehydrogenase reductase	md:cht_M00572	I	822429	823268	+
Chlamydia psittaci 08DC60	cht	CPS0D_0915	fabF	3-oxoacyl-[acyl-carrier-protein] synthase 2	md:cht_M00572	I	976334	977584	-
Chlamydia psittaci 08DC60	cht	CPS0D_0777	bioB	biotin synthase	md:cht_M00573	I	823517	824512	+
Chlamydia psittaci 08DC60	cht	CPS0D_0778	NA	8-amino-7-oxononanoate synthase	md:cht_M00573	I	824491	825639	+
Chlamydia psittaci 08DC60	cht	CPS0D_0779	bioD	dethiobiotin synthase	md:cht_M00573	I	825624	826241	+
Chlamydia psittaci 08DC60	cht	CPS0D_1105	NA	8-amino-7-oxononanoate synthase	md:cht_M00573	I	969329	970435	-
Chlamydia psittaci 08DC60	cht	CPS0D_0777	bioB	biotin synthase	md:cht_M00577	I	823517	824512	+
Chlamydia psittaci 08DC60	cht	CPS0D_0778	NA	8-amino-7-oxononanoate synthase	md:cht_M00577	I	824491	825639	+
Chlamydia psittaci 08DC60	cht	CPS0D_0779	bioD	dethiobiotin synthase	md:cht_M00577	I	825624	826241	+
Chlamydia psittaci 08DC60	cht	CPS0D_0780	bioA	adenosylmethionine-8-amino-7-oxononanoate transaminase	md:cht_M00577	I	826241	827518	+
Chlamydia psittaci 08DC60	cht	CPS0D_1105	NA	8-amino-7-oxononanoate synthase	md:cht_M00577	I	969329	970435	-
Chlamydia psittaci 08DC60	cht	CPS0D_0690	rpiA	ribose 5-phosphate isomerase A	md:cht_M00580	I	723593	724294	-
Chlamydia psittaci 08DC60	cht	CPS0D_0794	NA	malate dehydrogenase	md:cht_M00620	I	840097	841083	-
Chlamydia psittaci 08DC60	cht	CPS0D_0849	sucD	succinyl-CoA synthase subunit alpha	md:cht_M00620	I	897304	898179	-
Chlamydia psittaci 08DC60	cht	CPS0D_0850	sucC	succinyl-CoA synthetase subunit beta	md:cht_M00620	I	898194	899354	-
Chlamydia psittaci 08DC60	cht	CPS0D_0040	NA	type III secretion system ATPase	md:cht_M00660	I	44227	45459	+
Chlamydia psittaci 08DC60	cht	CPS0D_0504	NA	putative membrane transport protein	md:cht_M00660	I	517195	519267	-
Chlamydia psittaci 08DC60	cht	CPS0D_0505	NA	type III secretion system protein	md:cht_M00660	I	519324	520406	-
Chlamydia psittaci 08DC60	cht	CPS0D_1008	NA	putative type III secretion system protein	md:cht_M00660	I	1086145	1087137	+
Chlamydia psittaci 08DC60	cht	CPS0D_1010	NA	type III secretion translocase sctL	md:cht_M00660	I	1088136	1088825	+
Chlamydia psittaci 08DC60	cht	CPS0D_1011	NA	type III secretion inner membrane protein SctR	md:cht_M00660	I	1088840	1089757	+
Chlamydia psittaci 08DC60	cht	CPS0D_1012	NA	secretion and cellular translocation protein S	md:cht_M00660	I	1089767	1090051	+
Chlamydia psittaci 08DC60	cht	CPS0D_1013	NA	putative type III secretion inner membrane protein	md:cht_M00660	I	1090058	1090927	+
Chlamydia psittaci 08DC60	cht	CPS0D_0794	NA	malate dehydrogenase	md:cht_M00740	I	840097	841083	-
Chlamydia psittaci 08DC60	cht	CPS0D_0966	ribB	bifunctional 3,4-dihydroxy-2-butanone 4-phosphate synthase/GTP cyclohydrolase II protein	md:cht_M00840	I	1033955	1035217	-
Chlamydia psittaci 08DC60	cht	CPS0D_1075	NA	conserved hypothetical protein	md:cht_M00840	I	1156595	1157323	-
Chlamydia psittaci 08DC60	cht	CPS0D_1076	NA	dihydrofolate reductase	md:cht_M00840	I	1157295	1157738	-
Chlamydia psittaci 08DC60	cht	CPS0D_1077	folK	folate synthesis bifunctional protein	md:cht_M00840	I	1157776	1159119	-
Chlamydia psittaci 08DC60	cht	CPS0D_1078	folB	dihydroneopterin aldolase	md:cht_M00840	I	1159116	1159451	-
Chlamydia psittaci 08DC60	cht	CPS0D_1077	folK	folate synthesis bifunctional protein	md:cht_M00841	I	1157776	1159119	-
Chlamydia psittaci 08DC60	cht	CPS0D_0001	hemB	delta-aminolevulinic acid dehydratase	md:cht_M00846	I	149	1144	+
Chlamydia psittaci 08DC60	cht	CPS0D_0032	NA	glutamyl-tRNA reductase	md:cht_M00846	I	38158	39174	+
Chlamydia psittaci 08DC60	cht	CPS0D_0252	NA	uroporphyrinogen-III synthase	md:cht_M00846	I	240183	240848	-
Chlamydia psittaci 08DC60	cht	CPS0D_0376	NA	porphobilinogen deaminase	md:cht_M00846	I	391209	391946	-
Chlamydia psittaci 08DC60	cht	CPS0D_0687	NA	glutamate-1-semialdehyde aminotransferase	md:cht_M00846	I	721159	722448	-
Chlamydia psittaci 08DC60	cht	CPS0D_0566	NA	putative aromatic acid decarboxylase	md:cht_M00849	I	588532	589110	+
Chlamydia psittaci 08DC60	cht	CPS0D_0150	glgC	glucose-1-phosphate adenylyltransferase	md:cht_M00854	I	140321	141649	+
Chlamydia psittaci 08DC60	cht	CPS0D_0299	glgB	1,4-alpha-glucan branching enzyme	md:cht_M00854	I	287458	289641	+
Chlamydia psittaci 08DC60	cht	CPS0D_0888	glgA	glycogen synthase	md:cht_M00854	I	944564	945991	+
Chlamydia psittaci 08DC60	cht	CPS0D_0501	malQ	4-alpha-glucanotransferase	md:cht_M00855	I	513888	515480	-
Chlamydia psittaci 08DC60	cht	CPS0D_0521	glgP	glycogen phosphorylase	md:cht_M00855	I	537041	539491	+
Chlamydia psittaci 08DC60	cht	CPS0D_0100	lpxC	UDP-3-0-acyl N-acetylglucosamine deacetylase	md:cht_M00866	I	103958	104800	+
Chlamydia psittaci 08DC60	cht	CPS0D_0102	lpxA	UDP-N-acetylglucosamine acyltransferase	md:cht_M00866	I	105289	106128	+
Chlamydia psittaci 08DC60	cht	CPS0D_0245	lpxK	tetraacyldisaccharide 4'-kinase	md:cht_M00866	I	232410	233513	+
Chlamydia psittaci 08DC60	cht	CPS0D_0527	lpxD	UDP-3-O-[3-hydroxymyristoyl] glucosamine N-acyltransferase	md:cht_M00866	I	544060	545142	-
Chlamydia psittaci 08DC60	cht	CPS0D_0660	NA	3-deoxy-D-manno-octulosonic-acid transferase	md:cht_M00866	I	688361	689662	-
Chlamydia psittaci 08DC60	cht	CPS0D_0730	NA	bacterial lipid A biosynthesis lauroyl acyltransferase	md:cht_M00866	I	768793	770127	+
Chlamydia psittaci 08DC60	cht	CPS0D_0857	lpxB	lipid-A-disaccharide synthase	md:cht_M00866	I	907439	909322	+
Chlamydia psittaci 08DC60	cht	CPS0D_0001	hemB	delta-aminolevulinic acid dehydratase	md:cht_M00868	I	149	1144	+
Chlamydia psittaci 08DC60	cht	CPS0D_0154	hemH	ferrochelatase	md:cht_M00868	I	144026	144982	-
Chlamydia psittaci 08DC60	cht	CPS0D_0252	NA	uroporphyrinogen-III synthase	md:cht_M00868	I	240183	240848	-
Chlamydia psittaci 08DC60	cht	CPS0D_0376	NA	porphobilinogen deaminase	md:cht_M00868	I	391209	391946	-
Chlamydia psittaci 08DC60	cht	CPS0D_0942	NA	uroporphyrinogen decarboxylase	md:cht_M00868	I	1006990	1007913	+
Chlamydia psittaci 08DC60	cht	CPS0D_0944	hemG	protoporphyrinogen oxidase	md:cht_M00868	I	1009259	1010527	+
Chlamydia psittaci 08DC60	cht	CPS0D_0532	fabD	acyl-carrier-protein S-malonyltransferase	md:cht_M00873	I	550088	551014	+
Chlamydia psittaci 08DC60	cht	CPS0D_0915	fabF	3-oxoacyl-[acyl-carrier-protein] synthase 2	md:cht_M00873	I	976334	977584	-
Chlamydia psittaci 08DC60	cht	CPS0D_0532	fabD	acyl-carrier-protein S-malonyltransferase	md:cht_M00874	I	550088	551014	+
Chlamydia psittaci 08DC60	cht	CPS0D_0533	fabG	3-oxoacyl-(acyl-carrier-protein) reductase	md:cht_M00874	I	551019	551765	+
Chlamydia psittaci 08DC60	cht	CPS0D_0776	NA	short chain dehydrogenase reductase	md:cht_M00874	I	822429	823268	+
Chlamydia psittaci 08DC60	cht	CPS0D_0915	fabF	3-oxoacyl-[acyl-carrier-protein] synthase 2	md:cht_M00874	I	976334	977584	-
Chlamydia psittaci 08DC60	cht	CPS0D_1007	lipA	lipoyl synthase	md:cht_M00881	I	1085002	1085934	+
Chlamydia psittaci 08DC60	cht	CPS0D_1007	lipA	lipoyl synthase	md:cht_M00882	I	1085002	1085934	+
Chlamydia psittaci 08DC60	cht	CPS0D_1007	lipA	lipoyl synthase	md:cht_M00883	I	1085002	1085934	+
Chlamydia psittaci 08DC60	cht	CPS0D_1007	lipA	lipoyl synthase	md:cht_M00884	I	1085002	1085934	+
Chlamydia psittaci 08DC60	cht	CPS0D_0232	thiE	thiamine-phosphate pyrophosphorylase	md:cht_M00895	I	215906	216544	+
Chlamydia psittaci 08DC60	cht	CPS0D_0232	thiE	thiamine-phosphate pyrophosphorylase	md:cht_M00896	I	215906	216544	+
Chlamydia psittaci 08DC60	cht	CPS0D_0232	thiE	thiamine-phosphate pyrophosphorylase	md:cht_M00899	I	215906	216544	+
Chlamydia psittaci 08DC60	cht	CPS0D_0233	NA	hydroxyethylthiazole kinase	md:cht_M00899	I	216538	217326	+
Chlamydia psittaci 08DC60	cht	CPS0D_0796	NA	glucose-6-phosphate isomerase	md:cht_M00909	I	841677	843269	-
Chlamydia psittaci 08DC60	cht	CPS0D_0854	glmS	glutamine-fructose-6-phosphate aminotransferase	md:cht_M00909	I	902317	904146	-
Chlamydia psittaci 08DC60	cht	CPS0D_0855	glmM	phosphoglucosamine mutase	md:cht_M00909	I	904155	905531	-
Chlamydia psittaci 08DC60	cht	CPS0D_0242	ribE	riboflavin synthase subunit alpha	md:cht_M00911	I	229943	230536	+
Chlamydia psittaci 08DC60	cht	CPS0D_0965	ribH	6,7-dimethyl-8-ribityllumazine synthase	md:cht_M00911	I	1033478	1033942	-
Chlamydia psittaci 08DC60	cht	CPS0D_0001	hemB	delta-aminolevulinic acid dehydratase	md:cht_M00926	I	149	1144	+
Chlamydia psittaci 08DC60	cht	CPS0D_0032	NA	glutamyl-tRNA reductase	md:cht_M00926	I	38158	39174	+
Chlamydia psittaci 08DC60	cht	CPS0D_0154	hemH	ferrochelatase	md:cht_M00926	I	144026	144982	-
Chlamydia psittaci 08DC60	cht	CPS0D_0252	NA	uroporphyrinogen-III synthase	md:cht_M00926	I	240183	240848	-
Chlamydia psittaci 08DC60	cht	CPS0D_0376	NA	porphobilinogen deaminase	md:cht_M00926	I	391209	391946	-
Chlamydia psittaci 08DC60	cht	CPS0D_0687	NA	glutamate-1-semialdehyde aminotransferase	md:cht_M00926	I	721159	722448	-
Chlamydia psittaci 08DC60	cht	CPS0D_0942	NA	uroporphyrinogen decarboxylase	md:cht_M00926	I	1006990	1007913	+
Chlamydia psittaci 08DC60	cht	CPS0D_0944	hemG	protoporphyrinogen oxidase	md:cht_M00926	I	1009259	1010527	+
Chlamydia psittaci 08DC60	cht	CPS0D_0259	NA	radical SAM domain protein	md:cht_M00930	I	246559	247671	-
Chlamydia psittaci 08DC60	cht	CPS0D_0920	NA	radical SAM domain protein	md:cht_M00930	I	980411	981472	+
Chlamydia psittaci 08DC60	cht	CPS0D_0259	NA	radical SAM domain protein	md:cht_M00931	I	246559	247671	-
Chlamydia psittaci 08DC60	cht	CPS0D_0920	NA	radical SAM domain protein	md:cht_M00931	I	980411	981472	+
Chlamydia psittaci 08DC60	cht	CPS0D_0135	NA	nucleoside diphosphate kinase	md:cht_M00938	I	125337	125762	+
Chlamydia psittaci 08DC60	cht	CPS0D_0383	dut	deoxyuridine 5triphosphate nucleotidohydrolase	md:cht_M00938	I	398291	398734	+
Chlamydia psittaci 08DC60	cht	CPS0D_0556	tmk	thymidylate kinase	md:cht_M00938	I	579750	580373	+
Chlamydia psittaci 08DC60	cht	CPS0D_0842	NA	ribonucleotide reductase subunit beta	md:cht_M00938	I	884383	885423	-
Chlamydia psittaci 08DC60	cht	CPS0D_0843	NA	ribonucleoside-diphosphate reductase subunit alpha	md:cht_M00938	I	885447	888584	-
Chlamydia psittaci 08DC60	cht	CPS0D_0777	bioB	biotin synthase	md:cht_M00950	I	823517	824512	+
Chlamydia psittaci 08DC60	cht	CPS0D_0778	NA	8-amino-7-oxononanoate synthase	md:cht_M00950	I	824491	825639	+
Chlamydia psittaci 08DC60	cht	CPS0D_0779	bioD	dethiobiotin synthase	md:cht_M00950	I	825624	826241	+
Chlamydia psittaci 08DC60	cht	CPS0D_1105	NA	8-amino-7-oxononanoate synthase	md:cht_M00950	I	969329	970435	-
