Chlamydia psittaci CP3	cpsc	B711_0076	pgk	phosphoglycerate kinase	md:cpsc_M00001	I	76117	77319	+
Chlamydia psittaci CP3	cpsc	B711_0136	gap	glyceraldehyde-3-phosphate dehydrogenase, type I	md:cpsc_M00001	I	120768	121775	+
Chlamydia psittaci CP3	cpsc	B711_0363	tpiA	triose-phosphate isomerase	md:cpsc_M00001	I	361063	361827	+
Chlamydia psittaci CP3	cpsc	B711_0576	NA	fructose bisphosphate aldolase	md:cpsc_M00001	I	567538	568587	-
Chlamydia psittaci CP3	cpsc	B711_0702	NA	diphosphate--fructose-6-phosphate 1-phosphotransferase	md:cpsc_M00001	I	683630	685288	+
Chlamydia psittaci CP3	cpsc	B711_0781	pyk	pyruvate kinase	md:cpsc_M00001	I	767595	769040	-
Chlamydia psittaci CP3	cpsc	B711_0845	NA	phosphoglucose isomerase family protein	md:cpsc_M00001	I	838900	840495	-
Chlamydia psittaci CP3	cpsc	B711_1031	gpm1	phosphoglycerate mutase	md:cpsc_M00001	I	1039822	1040505	+
Chlamydia psittaci CP3	cpsc	B711_1100	eno	phosphopyruvate hydratase	md:cpsc_M00001	I	1112076	1113134	+
Chlamydia psittaci CP3	cpsc	B711_0076	pgk	phosphoglycerate kinase	md:cpsc_M00002	I	76117	77319	+
Chlamydia psittaci CP3	cpsc	B711_0136	gap	glyceraldehyde-3-phosphate dehydrogenase, type I	md:cpsc_M00002	I	120768	121775	+
Chlamydia psittaci CP3	cpsc	B711_0363	tpiA	triose-phosphate isomerase	md:cpsc_M00002	I	361063	361827	+
Chlamydia psittaci CP3	cpsc	B711_0781	pyk	pyruvate kinase	md:cpsc_M00002	I	767595	769040	-
Chlamydia psittaci CP3	cpsc	B711_1031	gpm1	phosphoglycerate mutase	md:cpsc_M00002	I	1039822	1040505	+
Chlamydia psittaci CP3	cpsc	B711_1100	eno	phosphopyruvate hydratase	md:cpsc_M00002	I	1112076	1113134	+
Chlamydia psittaci CP3	cpsc	B711_0076	pgk	phosphoglycerate kinase	md:cpsc_M00003	I	76117	77319	+
Chlamydia psittaci CP3	cpsc	B711_0136	gap	glyceraldehyde-3-phosphate dehydrogenase, type I	md:cpsc_M00003	I	120768	121775	+
Chlamydia psittaci CP3	cpsc	B711_0363	tpiA	triose-phosphate isomerase	md:cpsc_M00003	I	361063	361827	+
Chlamydia psittaci CP3	cpsc	B711_0576	NA	fructose bisphosphate aldolase	md:cpsc_M00003	I	567538	568587	-
Chlamydia psittaci CP3	cpsc	B711_1031	gpm1	phosphoglycerate mutase	md:cpsc_M00003	I	1039822	1040505	+
Chlamydia psittaci CP3	cpsc	B711_1044	NA	phosphoenolpyruvate carboxykinase family protein	md:cpsc_M00003	I	1052885	1054687	-
Chlamydia psittaci CP3	cpsc	B711_1100	eno	phosphopyruvate hydratase	md:cpsc_M00003	I	1112076	1113134	+
Chlamydia psittaci CP3	cpsc	B711_0504	gnd	6-phosphogluconate dehydrogenase, decarboxylating	md:cpsc_M00004	I	486012	487463	+
Chlamydia psittaci CP3	cpsc	B711_0622	pgl	6-phosphogluconolactonase	md:cpsc_M00004	I	606801	607577	-
Chlamydia psittaci CP3	cpsc	B711_0623	zwf	glucose-6-phosphate dehydrogenase	md:cpsc_M00004	I	607601	609142	-
Chlamydia psittaci CP3	cpsc	B711_0635	NA	ribulose-phosphate 3-epimerase	md:cpsc_M00004	I	622555	623115	+
Chlamydia psittaci CP3	cpsc	B711_0736	rpiA	ribose 5-phosphate isomerase A	md:cpsc_M00004	I	720665	721366	-
Chlamydia psittaci CP3	cpsc	B711_0795	tal	transaldolase	md:cpsc_M00004	I	789876	790859	-
Chlamydia psittaci CP3	cpsc	B711_0845	NA	phosphoglucose isomerase family protein	md:cpsc_M00004	I	838900	840495	-
Chlamydia psittaci CP3	cpsc	B711_0993	tkt	transketolase	md:cpsc_M00004	I	994959	996956	-
Chlamydia psittaci CP3	cpsc	B711_0504	gnd	6-phosphogluconate dehydrogenase, decarboxylating	md:cpsc_M00006	I	486012	487463	+
Chlamydia psittaci CP3	cpsc	B711_0622	pgl	6-phosphogluconolactonase	md:cpsc_M00006	I	606801	607577	-
Chlamydia psittaci CP3	cpsc	B711_0623	zwf	glucose-6-phosphate dehydrogenase	md:cpsc_M00006	I	607601	609142	-
Chlamydia psittaci CP3	cpsc	B711_0635	NA	ribulose-phosphate 3-epimerase	md:cpsc_M00007	I	622555	623115	+
Chlamydia psittaci CP3	cpsc	B711_0736	rpiA	ribose 5-phosphate isomerase A	md:cpsc_M00007	I	720665	721366	-
Chlamydia psittaci CP3	cpsc	B711_0795	tal	transaldolase	md:cpsc_M00007	I	789876	790859	-
Chlamydia psittaci CP3	cpsc	B711_0993	tkt	transketolase	md:cpsc_M00007	I	994959	996956	-
Chlamydia psittaci CP3	cpsc	B711_0622	pgl	6-phosphogluconolactonase	md:cpsc_M00008	I	606801	607577	-
Chlamydia psittaci CP3	cpsc	B711_0623	zwf	glucose-6-phosphate dehydrogenase	md:cpsc_M00008	I	607601	609142	-
Chlamydia psittaci CP3	cpsc	B711_0252	NA	2-oxoacid dehydrogenases acyltransferase family protein	md:cpsc_M00009	I	234791	235960	+
Chlamydia psittaci CP3	cpsc	B711_0485	sucA	oxoglutarate dehydrogenase (succinyl-transferring), E1 component	md:cpsc_M00009	I	470383	473109	+
Chlamydia psittaci CP3	cpsc	B711_0486	sucB	dihydrolipoamide succinyltransferase component of 2-oxoglutarate dehydrogenase	md:cpsc_M00009	I	473106	474203	+
Chlamydia psittaci CP3	cpsc	B711_0843	mdh	malate dehydrogenase	md:cpsc_M00009	I	837323	838309	-
Chlamydia psittaci CP3	cpsc	B711_0858	fumC	fumarate hydratase, class II	md:cpsc_M00009	I	854000	855382	-
Chlamydia psittaci CP3	cpsc	B711_0898	sucD	succinate-CoA ligase, alpha subunit	md:cpsc_M00009	I	894522	895397	-
Chlamydia psittaci CP3	cpsc	B711_0899	sucC	succinyl-CoA ligase [ADP-forming] subunit beta	md:cpsc_M00009	I	895412	896572	-
Chlamydia psittaci CP3	cpsc	B711_1065	lpdA	dihydrolipoyl dehydrogenase	md:cpsc_M00009	I	1079750	1081138	+
Chlamydia psittaci CP3	cpsc	B711_1107	NA	succinate dehydrogenase and fumarate reductase iron-sulfur family protein	md:cpsc_M00009	I	1120559	1121347	-
Chlamydia psittaci CP3	cpsc	B711_1108	sdhA	succinate dehydrogenase/fumarate reductase, flavoprotein subunit	md:cpsc_M00009	I	1121362	1123245	-
Chlamydia psittaci CP3	cpsc	B711_1109	NA	putative membrane protein	md:cpsc_M00009	I	1123250	1124143	-
Chlamydia psittaci CP3	cpsc	B711_0252	NA	2-oxoacid dehydrogenases acyltransferase family protein	md:cpsc_M00011	I	234791	235960	+
Chlamydia psittaci CP3	cpsc	B711_0485	sucA	oxoglutarate dehydrogenase (succinyl-transferring), E1 component	md:cpsc_M00011	I	470383	473109	+
Chlamydia psittaci CP3	cpsc	B711_0486	sucB	dihydrolipoamide succinyltransferase component of 2-oxoglutarate dehydrogenase	md:cpsc_M00011	I	473106	474203	+
Chlamydia psittaci CP3	cpsc	B711_0843	mdh	malate dehydrogenase	md:cpsc_M00011	I	837323	838309	-
Chlamydia psittaci CP3	cpsc	B711_0858	fumC	fumarate hydratase, class II	md:cpsc_M00011	I	854000	855382	-
Chlamydia psittaci CP3	cpsc	B711_0898	sucD	succinate-CoA ligase, alpha subunit	md:cpsc_M00011	I	894522	895397	-
Chlamydia psittaci CP3	cpsc	B711_0899	sucC	succinyl-CoA ligase [ADP-forming] subunit beta	md:cpsc_M00011	I	895412	896572	-
Chlamydia psittaci CP3	cpsc	B711_1065	lpdA	dihydrolipoyl dehydrogenase	md:cpsc_M00011	I	1079750	1081138	+
Chlamydia psittaci CP3	cpsc	B711_1107	NA	succinate dehydrogenase and fumarate reductase iron-sulfur family protein	md:cpsc_M00011	I	1120559	1121347	-
Chlamydia psittaci CP3	cpsc	B711_1108	sdhA	succinate dehydrogenase/fumarate reductase, flavoprotein subunit	md:cpsc_M00011	I	1121362	1123245	-
Chlamydia psittaci CP3	cpsc	B711_1109	NA	putative membrane protein	md:cpsc_M00011	I	1123250	1124143	-
Chlamydia psittaci CP3	cpsc	B711_0843	mdh	malate dehydrogenase	md:cpsc_M00012	I	837323	838309	-
Chlamydia psittaci CP3	cpsc	B711_0262	dapF	diaminopimelate epimerase	md:cpsc_M00016	I	243218	244000	+
Chlamydia psittaci CP3	cpsc	B711_0818	dapA	dihydrodipicolinate synthase	md:cpsc_M00016	I	812706	813572	-
Chlamydia psittaci CP3	cpsc	B711_0819	NA	aspartate kinase domain protein	md:cpsc_M00016	I	813585	814907	-
Chlamydia psittaci CP3	cpsc	B711_0820	asd	aspartate-semialdehyde dehydrogenase	md:cpsc_M00016	I	814895	815896	-
Chlamydia psittaci CP3	cpsc	B711_0821	NA	dihydrodipicolinate reductase, family protein	md:cpsc_M00016	I	816077	816904	-
Chlamydia psittaci CP3	cpsc	B711_0819	NA	aspartate kinase domain protein	md:cpsc_M00017	I	813585	814907	-
Chlamydia psittaci CP3	cpsc	B711_0820	asd	aspartate-semialdehyde dehydrogenase	md:cpsc_M00017	I	814895	815896	-
Chlamydia psittaci CP3	cpsc	B711_0819	NA	aspartate kinase domain protein	md:cpsc_M00018	I	813585	814907	-
Chlamydia psittaci CP3	cpsc	B711_0820	asd	aspartate-semialdehyde dehydrogenase	md:cpsc_M00018	I	814895	815896	-
Chlamydia psittaci CP3	cpsc	B711_0296	aroG	phospho-2-dehydro-3-deoxyheptonate aldolase	md:cpsc_M00022	I	276819	277508	-
Chlamydia psittaci CP3	cpsc	B711_0832	NA	EPSP synthase family protein	md:cpsc_M00022	I	825747	826808	+
Chlamydia psittaci CP3	cpsc	B711_0833	NA	shikimate kinase family protein	md:cpsc_M00022	I	826852	827265	+
Chlamydia psittaci CP3	cpsc	B711_0834	aroC	chorismate synthase	md:cpsc_M00022	I	827262	828341	+
Chlamydia psittaci CP3	cpsc	B711_0835	aroB	3-dehydroquinate synthase	md:cpsc_M00022	I	828326	829477	+
Chlamydia psittaci CP3	cpsc	B711_0836	aroE	shikimate 5-dehydrogenase	md:cpsc_M00022	I	829458	830891	+
Chlamydia psittaci CP3	cpsc	B711_0252	NA	2-oxoacid dehydrogenases acyltransferase family protein	md:cpsc_M00032	I	234791	235960	+
Chlamydia psittaci CP3	cpsc	B711_0486	sucB	dihydrolipoamide succinyltransferase component of 2-oxoglutarate dehydrogenase	md:cpsc_M00032	I	473106	474203	+
Chlamydia psittaci CP3	cpsc	B711_1065	lpdA	dihydrolipoyl dehydrogenase	md:cpsc_M00032	I	1079750	1081138	+
Chlamydia psittaci CP3	cpsc	B711_0819	NA	aspartate kinase domain protein	md:cpsc_M00033	I	813585	814907	-
Chlamydia psittaci CP3	cpsc	B711_0820	asd	aspartate-semialdehyde dehydrogenase	md:cpsc_M00033	I	814895	815896	-
Chlamydia psittaci CP3	cpsc	B711_0487	NA	hypothetical protein	md:cpsc_M00034	I	474214	474957	-
Chlamydia psittaci CP3	cpsc	B711_0381	NA	transketolase, C-terminal domain protein	md:cpsc_M00036	I	377551	379587	+
Chlamydia psittaci CP3	cpsc	B711_1065	lpdA	dihydrolipoyl dehydrogenase	md:cpsc_M00036	I	1079750	1081138	+
Chlamydia psittaci CP3	cpsc	B711_0143	ndk	nucleoside diphosphate kinase	md:cpsc_M00049	I	125328	125753	+
Chlamydia psittaci CP3	cpsc	B711_0618	NA	adenylate kinase family protein	md:cpsc_M00049	I	603023	603664	-
Chlamydia psittaci CP3	cpsc	B711_0860	adk1	adenylate kinase	md:cpsc_M00049	I	857174	857824	-
Chlamydia psittaci CP3	cpsc	B711_0143	ndk	nucleoside diphosphate kinase	md:cpsc_M00050	I	125328	125753	+
Chlamydia psittaci CP3	cpsc	B711_0660	guaA	guaA GMP synthetase	md:cpsc_M00050	I	651112	652650	-
Chlamydia psittaci CP3	cpsc	B711_0661	NA	inosine-5'-monophosphate dehydrogenase	md:cpsc_M00050	I	652665	653741	-
Chlamydia psittaci CP3	cpsc	B711_0755	gmk	guanylate kinase	md:cpsc_M00050	I	741447	742061	-
Chlamydia psittaci CP3	cpsc	B711_0156	NA	phosphoribosyl transferase domain protein	md:cpsc_M00051	I	139556	140176	+
Chlamydia psittaci CP3	cpsc	B711_0058	pyrH	UMP kinase	md:cpsc_M00052	I	55355	56095	-
Chlamydia psittaci CP3	cpsc	B711_0143	ndk	nucleoside diphosphate kinase	md:cpsc_M00052	I	125328	125753	+
Chlamydia psittaci CP3	cpsc	B711_0690	NA	glutamine amidotransferase class-I family protein	md:cpsc_M00052	I	670849	671709	+
Chlamydia psittaci CP3	cpsc	B711_0143	ndk	nucleoside diphosphate kinase	md:cpsc_M00053	I	125328	125753	+
Chlamydia psittaci CP3	cpsc	B711_0891	NA	ribonucleotide reductase, small chain family protein	md:cpsc_M00053	I	881602	882642	-
Chlamydia psittaci CP3	cpsc	B711_0892	NA	ribonucleoside-diphosphate reductase, alpha subunit	md:cpsc_M00053	I	882666	885803	-
Chlamydia psittaci CP3	cpsc	B711_0107	lpxC	UDP-3-O-[3-hydroxymyristoyl] N-acetylglucosamine deacetylase	md:cpsc_M00060	I	103951	104793	+
Chlamydia psittaci CP3	cpsc	B711_0109	lpxA	acyl-[acyl-carrier-protein]-UDP-N-acetylglucosamine O-acyltransferase	md:cpsc_M00060	I	105282	106121	+
Chlamydia psittaci CP3	cpsc	B711_0250	lpxK	tetraacyldisaccharide 4'-kinase	md:cpsc_M00060	I	232403	233506	+
Chlamydia psittaci CP3	cpsc	B711_0556	lpxD	UDP-3-O-[3-hydroxymyristoyl] glucosamine N-acyltransferase	md:cpsc_M00060	I	543849	544931	-
Chlamydia psittaci CP3	cpsc	B711_0707	NA	3-Deoxy-D-manno-octulosonic-acid transferase family protein	md:cpsc_M00060	I	688132	689433	-
Chlamydia psittaci CP3	cpsc	B711_0778	NA	bacterial lipid A biosynthesis acyltransferase family protein	md:cpsc_M00060	I	765862	766404	+
Chlamydia psittaci CP3	cpsc	B711_0779	NA	bacterial lipid A biosynthesis acyltransferase family protein	md:cpsc_M00060	I	766401	767198	+
Chlamydia psittaci CP3	cpsc	B711_0906	lpxB	lipid-A-disaccharide synthase	md:cpsc_M00060	I	904657	906540	+
Chlamydia psittaci CP3	cpsc	B711_0026	kdsA	3-deoxy-8-phosphooctulonate synthase	md:cpsc_M00063	I	30826	31635	-
Chlamydia psittaci CP3	cpsc	B711_0253	NA	sugar isomerase, KpsF/GutQ family protein	md:cpsc_M00063	I	235992	236981	+
Chlamydia psittaci CP3	cpsc	B711_0688	kdsB	3-deoxy-D-manno-octulosonate cytidylyltransferase	md:cpsc_M00063	I	669357	670121	+
Chlamydia psittaci CP3	cpsc	B711_0400	NA	acetyl-CoA carboxylase, carboxyl transferase, beta subunit	md:cpsc_M00082	I	397245	397991	+
Chlamydia psittaci CP3	cpsc	B711_0440	accA	acetyl-CoA carboxylase, carboxyl transferase, alpha subunit	md:cpsc_M00082	I	429863	430726	+
Chlamydia psittaci CP3	cpsc	B711_0560	fabH	3-oxoacyl-(acyl-carrier-) synthase III family protein	md:cpsc_M00082	I	548877	549878	+
Chlamydia psittaci CP3	cpsc	B711_0561	fabD	malonyl CoA-acyl carrier protein transacylase	md:cpsc_M00082	I	549879	550805	+
Chlamydia psittaci CP3	cpsc	B711_0638	NA	acetyl-CoA carboxylase, biotin carboxyl carrier protein	md:cpsc_M00082	I	623827	624108	+
Chlamydia psittaci CP3	cpsc	B711_0640	accC	acetyl-CoA carboxylase, biotin carboxylase	md:cpsc_M00082	I	624326	625681	+
Chlamydia psittaci CP3	cpsc	B711_0108	fabZ	beta-hydroxyacyl-(acyl-carrier-protein) dehydratase FabZ	md:cpsc_M00083	I	104808	105272	+
Chlamydia psittaci CP3	cpsc	B711_0448	NA	enoyl-acyl carrier reductase domain protein	md:cpsc_M00083	I	437014	437913	-
Chlamydia psittaci CP3	cpsc	B711_0562	fabG	3-oxoacyl-(acyl-carrier-protein) reductase	md:cpsc_M00083	I	550810	551556	+
Chlamydia psittaci CP3	cpsc	B711_0825	NA	short chain dehydrogenase family protein	md:cpsc_M00083	I	819655	820494	+
Chlamydia psittaci CP3	cpsc	B711_0967	fabF	3-oxoacyl-[acyl-carrier-protein] synthase 2	md:cpsc_M00083	I	972509	973759	-
Chlamydia psittaci CP3	cpsc	B711_0201	NA	acyltransferase family protein	md:cpsc_M00089	I	182604	183251	-
Chlamydia psittaci CP3	cpsc	B711_0928	NA	acyltransferase family protein	md:cpsc_M00089	I	931437	932432	+
Chlamydia psittaci CP3	cpsc	B711_0962	NA	acyltransferase family protein	md:cpsc_M00089	I	968301	969062	-
Chlamydia psittaci CP3	cpsc	B711_0203	NA	cytidylyltransferase family protein	md:cpsc_M00093	I	183895	184815	-
Chlamydia psittaci CP3	cpsc	B711_0893	NA	CDP-alcohol phosphatidyltransferase family protein	md:cpsc_M00093	I	886179	886985	+
Chlamydia psittaci CP3	cpsc	B711_1057	psd	phosphatidylserine decarboxylase	md:cpsc_M00093	I	1070930	1071757	-
Chlamydia psittaci CP3	cpsc	B711_0191	ispD	2-C-methyl-D-erythritol 4-phosphate cytidylyltransferase	md:cpsc_M00096	I	171558	172196	-
Chlamydia psittaci CP3	cpsc	B711_0228	ispF	2C-methyl-D-erythritol 2,4-cyclodiphosphate synthase	md:cpsc_M00096	I	209680	210210	-
Chlamydia psittaci CP3	cpsc	B711_0359	dxs	1-deoxy-D-xylulose-5-phosphate synthase	md:cpsc_M00096	I	356834	358768	-
Chlamydia psittaci CP3	cpsc	B711_0488	ispG	4-hydroxy-3-methylbut-2-en-1-yl diphosphate synthase	md:cpsc_M00096	I	474971	476791	-
Chlamydia psittaci CP3	cpsc	B711_0514	dxr	1-deoxy-D-xylulose 5-phosphate reductoisomerase	md:cpsc_M00096	I	498023	499162	+
Chlamydia psittaci CP3	cpsc	B711_0854	ispH	4-hydroxy-3-methylbut-2-enyl diphosphate reductase	md:cpsc_M00096	I	847815	848744	-
Chlamydia psittaci CP3	cpsc	B711_0932	ispE	4-(cytidine 5'-diphospho)-2-C-methyl-D-erythritol kinase	md:cpsc_M00096	I	937001	937876	-
Chlamydia psittaci CP3	cpsc	B711_0264	NA	ubiquinone/menaquinone biosynthesis methyltransferases family protein	md:cpsc_M00116	I	245132	245788	-
Chlamydia psittaci CP3	cpsc	B711_0264	NA	ubiquinone/menaquinone biosynthesis methyltransferases family protein	md:cpsc_M00117	I	245132	245788	-
Chlamydia psittaci CP3	cpsc	B711_0595	NA	ubiA prenyltransferase family protein	md:cpsc_M00117	I	587414	588313	+
Chlamydia psittaci CP3	cpsc	B711_0596	NA	polyprenyl P-hydroxybenzoate and phenylacrylic acid decarboxylase family protein	md:cpsc_M00117	I	588327	588905	+
Chlamydia psittaci CP3	cpsc	B711_0152	coaE	dephospho-CoA kinase	md:cpsc_M00120	I	136969	137577	+
Chlamydia psittaci CP3	cpsc	B711_0001	hemB	delta-aminolevulinic acid dehydratase	md:cpsc_M00121	I	148	1143	+
Chlamydia psittaci CP3	cpsc	B711_0036	NA	glutamyl-tRNAGlu reductase, N-terminal domain protein	md:cpsc_M00121	I	38148	39029	+
Chlamydia psittaci CP3	cpsc	B711_0161	hemH	ferrochelatase	md:cpsc_M00121	I	144017	144973	-
Chlamydia psittaci CP3	cpsc	B711_0213	gltX	glutamyl-tRNA synthetase	md:cpsc_M00121	I	196639	198156	+
Chlamydia psittaci CP3	cpsc	B711_0259	hemD	uroporphyrinogen-III synthase	md:cpsc_M00121	I	240313	240843	-
Chlamydia psittaci CP3	cpsc	B711_0394	NA	porphobilinogen deaminase, dipyromethane cofactor binding domain protein	md:cpsc_M00121	I	391132	391869	-
Chlamydia psittaci CP3	cpsc	B711_0733	NA	aminotransferase class-III family protein	md:cpsc_M00121	I	718231	719544	-
Chlamydia psittaci CP3	cpsc	B711_0997	NA	uroporphyrinogen decarboxylase family protein	md:cpsc_M00121	I	1003163	1004086	+
Chlamydia psittaci CP3	cpsc	B711_0998	hemN	oxygen-independent coproporphyrinogen III oxidase	md:cpsc_M00121	I	1004059	1005435	+
Chlamydia psittaci CP3	cpsc	B711_0999	hemG	protoporphyrinogen oxidase	md:cpsc_M00121	I	1005432	1006700	+
Chlamydia psittaci CP3	cpsc	B711_0826	bioB	biotin synthase	md:cpsc_M00123	I	820745	821740	+
Chlamydia psittaci CP3	cpsc	B711_0827	NA	aminotransferase class I and II family protein	md:cpsc_M00123	I	821719	822867	+
Chlamydia psittaci CP3	cpsc	B711_0828	bioD	dethiobiotin synthase	md:cpsc_M00123	I	822852	823469	+
Chlamydia psittaci CP3	cpsc	B711_0829	NA	aminotransferase class-III family protein	md:cpsc_M00123	I	823924	824745	+
Chlamydia psittaci CP3	cpsc	B711_0247	ribE	riboflavin synthase, alpha subunit	md:cpsc_M00125	I	229937	230530	+
Chlamydia psittaci CP3	cpsc	B711_0537	ribF	riboflavin biosynthesis protein RibF	md:cpsc_M00125	I	521629	522543	-
Chlamydia psittaci CP3	cpsc	B711_1021	ribH	6,7-dimethyl-8-ribityllumazine synthase	md:cpsc_M00125	I	1029617	1030081	-
Chlamydia psittaci CP3	cpsc	B711_1022	ribB	3,4-dihydroxy-2-butanone 4-phosphate synthase	md:cpsc_M00125	I	1030094	1031356	-
Chlamydia psittaci CP3	cpsc	B711_1023	ribD	riboflavin biosynthesis protein RibD	md:cpsc_M00125	I	1031441	1032547	-
Chlamydia psittaci CP3	cpsc	B711_1140	NA	dihydrofolate reductase family protein	md:cpsc_M00126	I	1153419	1153862	-
Chlamydia psittaci CP3	cpsc	B711_1141	folP	dihydropteroate synthase	md:cpsc_M00126	I	1153900	1154700	-
Chlamydia psittaci CP3	cpsc	B711_1144	folB	dihydroneopterin aldolase	md:cpsc_M00126	I	1155238	1155573	-
Chlamydia psittaci CP3	cpsc	B711_0237	thiE	thiamine-phosphate pyrophosphorylase	md:cpsc_M00127	I	215900	216538	+
Chlamydia psittaci CP3	cpsc	B711_0839	aaxB	pyruvoyl-dependent arginine decarboxylase AaxB	md:cpsc_M00133	I	833222	833809	+
Chlamydia psittaci CP3	cpsc	B711_0260	glyA	serine hydroxymethyltransferase	md:cpsc_M00140	I	241158	242651	+
Chlamydia psittaci CP3	cpsc	B711_0521	NA	tetrahydrofolate dehydrogenase/cyclohydrolase, catalytic domain protein	md:cpsc_M00140	I	505873	506601	-
Chlamydia psittaci CP3	cpsc	B711_1107	NA	succinate dehydrogenase and fumarate reductase iron-sulfur family protein	md:cpsc_M00149	I	1120559	1121347	-
Chlamydia psittaci CP3	cpsc	B711_1108	sdhA	succinate dehydrogenase/fumarate reductase, flavoprotein subunit	md:cpsc_M00149	I	1121362	1123245	-
Chlamydia psittaci CP3	cpsc	B711_1109	NA	putative membrane protein	md:cpsc_M00149	I	1123250	1124143	-
Chlamydia psittaci CP3	cpsc	B711_0773	NA	cytochrome oxidase subunit II family protein	md:cpsc_M00153	I	760983	761657	-
Chlamydia psittaci CP3	cpsc	B711_0775	NA	bacterial Cytochrome Ubiquinol Oxidase family protein	md:cpsc_M00153	I	762048	763391	-
Chlamydia psittaci CP3	cpsc	B711_0786	NA	ATP synthase subunit C family protein	md:cpsc_M00159	I	780881	781306	-
Chlamydia psittaci CP3	cpsc	B711_0787	NA	V-type ATP synthase subunit I	md:cpsc_M00159	I	781441	783390	-
Chlamydia psittaci CP3	cpsc	B711_0788	NA	V-type ATPase, D subunit	md:cpsc_M00159	I	783381	784007	-
Chlamydia psittaci CP3	cpsc	B711_0789	atpB	V-type ATP synthase beta chain	md:cpsc_M00159	I	783992	785308	-
Chlamydia psittaci CP3	cpsc	B711_0790	NA	ATP synthase alpha/beta chain, C terminal domain protein	md:cpsc_M00159	I	785315	787090	-
Chlamydia psittaci CP3	cpsc	B711_0792	atpE	V-type ATP synthase subunit E	md:cpsc_M00159	I	787930	788556	-
Chlamydia psittaci CP3	cpsc	B711_0076	pgk	phosphoglycerate kinase	md:cpsc_M00165	I	76117	77319	+
Chlamydia psittaci CP3	cpsc	B711_0136	gap	glyceraldehyde-3-phosphate dehydrogenase, type I	md:cpsc_M00165	I	120768	121775	+
Chlamydia psittaci CP3	cpsc	B711_0736	rpiA	ribose 5-phosphate isomerase A	md:cpsc_M00165	I	720665	721366	-
Chlamydia psittaci CP3	cpsc	B711_0993	tkt	transketolase	md:cpsc_M00165	I	994959	996956	-
Chlamydia psittaci CP3	cpsc	B711_0076	pgk	phosphoglycerate kinase	md:cpsc_M00166	I	76117	77319	+
Chlamydia psittaci CP3	cpsc	B711_0136	gap	glyceraldehyde-3-phosphate dehydrogenase, type I	md:cpsc_M00166	I	120768	121775	+
Chlamydia psittaci CP3	cpsc	B711_0736	rpiA	ribose 5-phosphate isomerase A	md:cpsc_M00167	I	720665	721366	-
Chlamydia psittaci CP3	cpsc	B711_0993	tkt	transketolase	md:cpsc_M00167	I	994959	996956	-
Chlamydia psittaci CP3	cpsc	B711_0843	mdh	malate dehydrogenase	md:cpsc_M00168	I	837323	838309	-
Chlamydia psittaci CP3	cpsc	B711_0843	mdh	malate dehydrogenase	md:cpsc_M00173	I	837323	838309	-
Chlamydia psittaci CP3	cpsc	B711_0858	fumC	fumarate hydratase, class II	md:cpsc_M00173	I	854000	855382	-
Chlamydia psittaci CP3	cpsc	B711_0898	sucD	succinate-CoA ligase, alpha subunit	md:cpsc_M00173	I	894522	895397	-
Chlamydia psittaci CP3	cpsc	B711_0899	sucC	succinyl-CoA ligase [ADP-forming] subunit beta	md:cpsc_M00173	I	895412	896572	-
Chlamydia psittaci CP3	cpsc	B711_1107	NA	succinate dehydrogenase and fumarate reductase iron-sulfur family protein	md:cpsc_M00173	I	1120559	1121347	-
Chlamydia psittaci CP3	cpsc	B711_1108	sdhA	succinate dehydrogenase/fumarate reductase, flavoprotein subunit	md:cpsc_M00173	I	1121362	1123245	-
Chlamydia psittaci CP3	cpsc	B711_1109	NA	putative membrane protein	md:cpsc_M00173	I	1123250	1124143	-
Chlamydia psittaci CP3	cpsc	B711_0227	NA	oxidoreductase NAD-binding domain protein	md:cpsc_M00176	I	208635	209612	+
Chlamydia psittaci CP3	cpsc	B711_0552	NA	pyruvate dehydrogenase complex dihydrolipoamide acetyltransferase	md:cpsc_M00307	I	539356	540642	-
Chlamydia psittaci CP3	cpsc	B711_0553	pdhB	pyruvate dehydrogenase E1 component, beta subunit	md:cpsc_M00307	I	540647	541633	-
Chlamydia psittaci CP3	cpsc	B711_0554	pdhA	pyruvate dehydrogenase (acetyl-transferring) E1 component, alpha subunit	md:cpsc_M00307	I	541626	542675	-
Chlamydia psittaci CP3	cpsc	B711_1065	lpdA	dihydrolipoyl dehydrogenase	md:cpsc_M00307	I	1079750	1081138	+
Chlamydia psittaci CP3	cpsc	B711_0076	pgk	phosphoglycerate kinase	md:cpsc_M00308	I	76117	77319	+
Chlamydia psittaci CP3	cpsc	B711_0136	gap	glyceraldehyde-3-phosphate dehydrogenase, type I	md:cpsc_M00308	I	120768	121775	+
Chlamydia psittaci CP3	cpsc	B711_0702	NA	diphosphate--fructose-6-phosphate 1-phosphotransferase	md:cpsc_M00345	I	683630	685288	+
Chlamydia psittaci CP3	cpsc	B711_0260	glyA	serine hydroxymethyltransferase	md:cpsc_M00346	I	241158	242651	+
Chlamydia psittaci CP3	cpsc	B711_0843	mdh	malate dehydrogenase	md:cpsc_M00346	I	837323	838309	-
Chlamydia psittaci CP3	cpsc	B711_1100	eno	phosphopyruvate hydratase	md:cpsc_M00346	I	1112076	1113134	+
Chlamydia psittaci CP3	cpsc	B711_1154	NA	polyprenyl synthetase family protein	md:cpsc_M00364	I	1165093	1165974	+
Chlamydia psittaci CP3	cpsc	B711_0843	mdh	malate dehydrogenase	md:cpsc_M00374	I	837323	838309	-
Chlamydia psittaci CP3	cpsc	B711_0898	sucD	succinate-CoA ligase, alpha subunit	md:cpsc_M00374	I	894522	895397	-
Chlamydia psittaci CP3	cpsc	B711_0899	sucC	succinyl-CoA ligase [ADP-forming] subunit beta	md:cpsc_M00374	I	895412	896572	-
Chlamydia psittaci CP3	cpsc	B711_1107	NA	succinate dehydrogenase and fumarate reductase iron-sulfur family protein	md:cpsc_M00374	I	1120559	1121347	-
Chlamydia psittaci CP3	cpsc	B711_1108	sdhA	succinate dehydrogenase/fumarate reductase, flavoprotein subunit	md:cpsc_M00374	I	1121362	1123245	-
Chlamydia psittaci CP3	cpsc	B711_1109	NA	putative membrane protein	md:cpsc_M00374	I	1123250	1124143	-
Chlamydia psittaci CP3	cpsc	B711_0400	NA	acetyl-CoA carboxylase, carboxyl transferase, beta subunit	md:cpsc_M00376	I	397245	397991	+
Chlamydia psittaci CP3	cpsc	B711_0440	accA	acetyl-CoA carboxylase, carboxyl transferase, alpha subunit	md:cpsc_M00376	I	429863	430726	+
Chlamydia psittaci CP3	cpsc	B711_0638	NA	acetyl-CoA carboxylase, biotin carboxyl carrier protein	md:cpsc_M00376	I	623827	624108	+
Chlamydia psittaci CP3	cpsc	B711_0640	accC	acetyl-CoA carboxylase, biotin carboxylase	md:cpsc_M00376	I	624326	625681	+
Chlamydia psittaci CP3	cpsc	B711_0858	fumC	fumarate hydratase, class II	md:cpsc_M00376	I	854000	855382	-
Chlamydia psittaci CP3	cpsc	B711_1107	NA	succinate dehydrogenase and fumarate reductase iron-sulfur family protein	md:cpsc_M00376	I	1120559	1121347	-
Chlamydia psittaci CP3	cpsc	B711_1108	sdhA	succinate dehydrogenase/fumarate reductase, flavoprotein subunit	md:cpsc_M00376	I	1121362	1123245	-
Chlamydia psittaci CP3	cpsc	B711_1109	NA	putative membrane protein	md:cpsc_M00376	I	1123250	1124143	-
Chlamydia psittaci CP3	cpsc	B711_0521	NA	tetrahydrofolate dehydrogenase/cyclohydrolase, catalytic domain protein	md:cpsc_M00377	I	505873	506601	-
Chlamydia psittaci CP3	cpsc	B711_0262	dapF	diaminopimelate epimerase	md:cpsc_M00525	I	243218	244000	+
Chlamydia psittaci CP3	cpsc	B711_0818	dapA	dihydrodipicolinate synthase	md:cpsc_M00525	I	812706	813572	-
Chlamydia psittaci CP3	cpsc	B711_0819	NA	aspartate kinase domain protein	md:cpsc_M00525	I	813585	814907	-
Chlamydia psittaci CP3	cpsc	B711_0820	asd	aspartate-semialdehyde dehydrogenase	md:cpsc_M00525	I	814895	815896	-
Chlamydia psittaci CP3	cpsc	B711_0821	NA	dihydrodipicolinate reductase, family protein	md:cpsc_M00525	I	816077	816904	-
Chlamydia psittaci CP3	cpsc	B711_0818	dapA	dihydrodipicolinate synthase	md:cpsc_M00526	I	812706	813572	-
Chlamydia psittaci CP3	cpsc	B711_0819	NA	aspartate kinase domain protein	md:cpsc_M00526	I	813585	814907	-
Chlamydia psittaci CP3	cpsc	B711_0820	asd	aspartate-semialdehyde dehydrogenase	md:cpsc_M00526	I	814895	815896	-
Chlamydia psittaci CP3	cpsc	B711_0821	NA	dihydrodipicolinate reductase, family protein	md:cpsc_M00526	I	816077	816904	-
Chlamydia psittaci CP3	cpsc	B711_0262	dapF	diaminopimelate epimerase	md:cpsc_M00527	I	243218	244000	+
Chlamydia psittaci CP3	cpsc	B711_0286	dapL	LL-diaminopimelate aminotransferase	md:cpsc_M00527	I	265392	266588	-
Chlamydia psittaci CP3	cpsc	B711_0818	dapA	dihydrodipicolinate synthase	md:cpsc_M00527	I	812706	813572	-
Chlamydia psittaci CP3	cpsc	B711_0819	NA	aspartate kinase domain protein	md:cpsc_M00527	I	813585	814907	-
Chlamydia psittaci CP3	cpsc	B711_0820	asd	aspartate-semialdehyde dehydrogenase	md:cpsc_M00527	I	814895	815896	-
Chlamydia psittaci CP3	cpsc	B711_0821	NA	dihydrodipicolinate reductase, family protein	md:cpsc_M00527	I	816077	816904	-
Chlamydia psittaci CP3	cpsc	B711_0260	glyA	serine hydroxymethyltransferase	md:cpsc_M00532	I	241158	242651	+
Chlamydia psittaci CP3	cpsc	B711_0416	gcvH	glycine cleavage system H protein	md:cpsc_M00532	I	412628	412969	+
Chlamydia psittaci CP3	cpsc	B711_1065	lpdA	dihydrolipoyl dehydrogenase	md:cpsc_M00532	I	1079750	1081138	+
Chlamydia psittaci CP3	cpsc	B711_0045	NA	type III secretion apparatus H+-transporting two-sector ATPase	md:cpsc_M00542	I	44218	45450	+
Chlamydia psittaci CP3	cpsc	B711_0050	NA	bacterial type II and III secretion system family protein	md:cpsc_M00542	I	49546	52203	+
Chlamydia psittaci CP3	cpsc	B711_0534	NA	type III secretion, HrcV family protein	md:cpsc_M00542	I	516988	519117	-
Chlamydia psittaci CP3	cpsc	B711_0535	NA	hypothetical protein	md:cpsc_M00542	I	519117	520199	-
Chlamydia psittaci CP3	cpsc	B711_1067	NA	hypothetical protein	md:cpsc_M00542	I	1082278	1083270	+
Chlamydia psittaci CP3	cpsc	B711_1071	NA	fliP family protein	md:cpsc_M00542	I	1085283	1085891	+
Chlamydia psittaci CP3	cpsc	B711_1072	NA	type III secretion, HrpO family protein	md:cpsc_M00542	I	1085931	1086185	+
Chlamydia psittaci CP3	cpsc	B711_1074	sctT	type III secretion inner membrane protein SctT	md:cpsc_M00542	I	1086658	1087062	+
Chlamydia psittaci CP3	cpsc	B711_0076	pgk	phosphoglycerate kinase	md:cpsc_M00552	I	76117	77319	+
Chlamydia psittaci CP3	cpsc	B711_0136	gap	glyceraldehyde-3-phosphate dehydrogenase, type I	md:cpsc_M00552	I	120768	121775	+
Chlamydia psittaci CP3	cpsc	B711_0157	glgC	glucose-1-phosphate adenylyltransferase	md:cpsc_M00565	I	140312	141640	+
Chlamydia psittaci CP3	cpsc	B711_0307	glgB	1,4-alpha-glucan branching enzyme	md:cpsc_M00565	I	287427	289610	+
Chlamydia psittaci CP3	cpsc	B711_0470	glgX	glycogen debranching enzyme GlgX	md:cpsc_M00565	I	457311	459302	-
Chlamydia psittaci CP3	cpsc	B711_0939	glgA	glycogen/starch synthase	md:cpsc_M00565	I	940745	942172	+
Chlamydia psittaci CP3	cpsc	B711_0108	fabZ	beta-hydroxyacyl-(acyl-carrier-protein) dehydratase FabZ	md:cpsc_M00572	I	104808	105272	+
Chlamydia psittaci CP3	cpsc	B711_0448	NA	enoyl-acyl carrier reductase domain protein	md:cpsc_M00572	I	437014	437913	-
Chlamydia psittaci CP3	cpsc	B711_0562	fabG	3-oxoacyl-(acyl-carrier-protein) reductase	md:cpsc_M00572	I	550810	551556	+
Chlamydia psittaci CP3	cpsc	B711_0825	NA	short chain dehydrogenase family protein	md:cpsc_M00572	I	819655	820494	+
Chlamydia psittaci CP3	cpsc	B711_0967	fabF	3-oxoacyl-[acyl-carrier-protein] synthase 2	md:cpsc_M00572	I	972509	973759	-
Chlamydia psittaci CP3	cpsc	B711_0826	bioB	biotin synthase	md:cpsc_M00573	I	820745	821740	+
Chlamydia psittaci CP3	cpsc	B711_0827	NA	aminotransferase class I and II family protein	md:cpsc_M00573	I	821719	822867	+
Chlamydia psittaci CP3	cpsc	B711_0828	bioD	dethiobiotin synthase	md:cpsc_M00573	I	822852	823469	+
Chlamydia psittaci CP3	cpsc	B711_0826	bioB	biotin synthase	md:cpsc_M00577	I	820745	821740	+
Chlamydia psittaci CP3	cpsc	B711_0827	NA	aminotransferase class I and II family protein	md:cpsc_M00577	I	821719	822867	+
Chlamydia psittaci CP3	cpsc	B711_0828	bioD	dethiobiotin synthase	md:cpsc_M00577	I	822852	823469	+
Chlamydia psittaci CP3	cpsc	B711_0829	NA	aminotransferase class-III family protein	md:cpsc_M00577	I	823924	824745	+
Chlamydia psittaci CP3	cpsc	B711_0736	rpiA	ribose 5-phosphate isomerase A	md:cpsc_M00580	I	720665	721366	-
Chlamydia psittaci CP3	cpsc	B711_0843	mdh	malate dehydrogenase	md:cpsc_M00620	I	837323	838309	-
Chlamydia psittaci CP3	cpsc	B711_0898	sucD	succinate-CoA ligase, alpha subunit	md:cpsc_M00620	I	894522	895397	-
Chlamydia psittaci CP3	cpsc	B711_0899	sucC	succinyl-CoA ligase [ADP-forming] subunit beta	md:cpsc_M00620	I	895412	896572	-
Chlamydia psittaci CP3	cpsc	B711_0045	NA	type III secretion apparatus H+-transporting two-sector ATPase	md:cpsc_M00660	I	44218	45450	+
Chlamydia psittaci CP3	cpsc	B711_0534	NA	type III secretion, HrcV family protein	md:cpsc_M00660	I	516988	519117	-
Chlamydia psittaci CP3	cpsc	B711_0535	NA	hypothetical protein	md:cpsc_M00660	I	519117	520199	-
Chlamydia psittaci CP3	cpsc	B711_1067	NA	hypothetical protein	md:cpsc_M00660	I	1082278	1083270	+
Chlamydia psittaci CP3	cpsc	B711_1069	NA	hypothetical protein	md:cpsc_M00660	I	1084269	1084958	+
Chlamydia psittaci CP3	cpsc	B711_1071	NA	fliP family protein	md:cpsc_M00660	I	1085283	1085891	+
Chlamydia psittaci CP3	cpsc	B711_1072	NA	type III secretion, HrpO family protein	md:cpsc_M00660	I	1085931	1086185	+
Chlamydia psittaci CP3	cpsc	B711_1074	sctT	type III secretion inner membrane protein SctT	md:cpsc_M00660	I	1086658	1087062	+
Chlamydia psittaci CP3	cpsc	B711_0843	mdh	malate dehydrogenase	md:cpsc_M00740	I	837323	838309	-
Chlamydia psittaci CP3	cpsc	B711_1022	ribB	3,4-dihydroxy-2-butanone 4-phosphate synthase	md:cpsc_M00840	I	1030094	1031356	-
Chlamydia psittaci CP3	cpsc	B711_1139	NA	Gamma-glutamyl ligase family protein	md:cpsc_M00840	I	1152719	1153447	-
Chlamydia psittaci CP3	cpsc	B711_1140	NA	dihydrofolate reductase family protein	md:cpsc_M00840	I	1153419	1153862	-
Chlamydia psittaci CP3	cpsc	B711_1141	folP	dihydropteroate synthase	md:cpsc_M00840	I	1153900	1154700	-
Chlamydia psittaci CP3	cpsc	B711_1144	folB	dihydroneopterin aldolase	md:cpsc_M00840	I	1155238	1155573	-
Chlamydia psittaci CP3	cpsc	B711_1141	folP	dihydropteroate synthase	md:cpsc_M00841	I	1153900	1154700	-
Chlamydia psittaci CP3	cpsc	B711_0001	hemB	delta-aminolevulinic acid dehydratase	md:cpsc_M00846	I	148	1143	+
Chlamydia psittaci CP3	cpsc	B711_0036	NA	glutamyl-tRNAGlu reductase, N-terminal domain protein	md:cpsc_M00846	I	38148	39029	+
Chlamydia psittaci CP3	cpsc	B711_0259	hemD	uroporphyrinogen-III synthase	md:cpsc_M00846	I	240313	240843	-
Chlamydia psittaci CP3	cpsc	B711_0394	NA	porphobilinogen deaminase, dipyromethane cofactor binding domain protein	md:cpsc_M00846	I	391132	391869	-
Chlamydia psittaci CP3	cpsc	B711_0733	NA	aminotransferase class-III family protein	md:cpsc_M00846	I	718231	719544	-
Chlamydia psittaci CP3	cpsc	B711_0596	NA	polyprenyl P-hydroxybenzoate and phenylacrylic acid decarboxylase family protein	md:cpsc_M00849	I	588327	588905	+
Chlamydia psittaci CP3	cpsc	B711_0157	glgC	glucose-1-phosphate adenylyltransferase	md:cpsc_M00854	I	140312	141640	+
Chlamydia psittaci CP3	cpsc	B711_0307	glgB	1,4-alpha-glucan branching enzyme	md:cpsc_M00854	I	287427	289610	+
Chlamydia psittaci CP3	cpsc	B711_0939	glgA	glycogen/starch synthase	md:cpsc_M00854	I	940745	942172	+
Chlamydia psittaci CP3	cpsc	B711_0531	malQ	4-alpha-glucanotransferase	md:cpsc_M00855	I	513681	515273	-
Chlamydia psittaci CP3	cpsc	B711_0551	glgP	glycogen/starch/alpha-glucan phosphorylase family protein	md:cpsc_M00855	I	536831	539281	+
Chlamydia psittaci CP3	cpsc	B711_0107	lpxC	UDP-3-O-[3-hydroxymyristoyl] N-acetylglucosamine deacetylase	md:cpsc_M00866	I	103951	104793	+
Chlamydia psittaci CP3	cpsc	B711_0109	lpxA	acyl-[acyl-carrier-protein]-UDP-N-acetylglucosamine O-acyltransferase	md:cpsc_M00866	I	105282	106121	+
Chlamydia psittaci CP3	cpsc	B711_0250	lpxK	tetraacyldisaccharide 4'-kinase	md:cpsc_M00866	I	232403	233506	+
Chlamydia psittaci CP3	cpsc	B711_0556	lpxD	UDP-3-O-[3-hydroxymyristoyl] glucosamine N-acyltransferase	md:cpsc_M00866	I	543849	544931	-
Chlamydia psittaci CP3	cpsc	B711_0707	NA	3-Deoxy-D-manno-octulosonic-acid transferase family protein	md:cpsc_M00866	I	688132	689433	-
Chlamydia psittaci CP3	cpsc	B711_0778	NA	bacterial lipid A biosynthesis acyltransferase family protein	md:cpsc_M00866	I	765862	766404	+
Chlamydia psittaci CP3	cpsc	B711_0779	NA	bacterial lipid A biosynthesis acyltransferase family protein	md:cpsc_M00866	I	766401	767198	+
Chlamydia psittaci CP3	cpsc	B711_0906	lpxB	lipid-A-disaccharide synthase	md:cpsc_M00866	I	904657	906540	+
Chlamydia psittaci CP3	cpsc	B711_0001	hemB	delta-aminolevulinic acid dehydratase	md:cpsc_M00868	I	148	1143	+
Chlamydia psittaci CP3	cpsc	B711_0161	hemH	ferrochelatase	md:cpsc_M00868	I	144017	144973	-
Chlamydia psittaci CP3	cpsc	B711_0259	hemD	uroporphyrinogen-III synthase	md:cpsc_M00868	I	240313	240843	-
Chlamydia psittaci CP3	cpsc	B711_0394	NA	porphobilinogen deaminase, dipyromethane cofactor binding domain protein	md:cpsc_M00868	I	391132	391869	-
Chlamydia psittaci CP3	cpsc	B711_0997	NA	uroporphyrinogen decarboxylase family protein	md:cpsc_M00868	I	1003163	1004086	+
Chlamydia psittaci CP3	cpsc	B711_0999	hemG	protoporphyrinogen oxidase	md:cpsc_M00868	I	1005432	1006700	+
Chlamydia psittaci CP3	cpsc	B711_0561	fabD	malonyl CoA-acyl carrier protein transacylase	md:cpsc_M00873	I	549879	550805	+
Chlamydia psittaci CP3	cpsc	B711_0967	fabF	3-oxoacyl-[acyl-carrier-protein] synthase 2	md:cpsc_M00873	I	972509	973759	-
Chlamydia psittaci CP3	cpsc	B711_0561	fabD	malonyl CoA-acyl carrier protein transacylase	md:cpsc_M00874	I	549879	550805	+
Chlamydia psittaci CP3	cpsc	B711_0562	fabG	3-oxoacyl-(acyl-carrier-protein) reductase	md:cpsc_M00874	I	550810	551556	+
Chlamydia psittaci CP3	cpsc	B711_0825	NA	short chain dehydrogenase family protein	md:cpsc_M00874	I	819655	820494	+
Chlamydia psittaci CP3	cpsc	B711_0967	fabF	3-oxoacyl-[acyl-carrier-protein] synthase 2	md:cpsc_M00874	I	972509	973759	-
Chlamydia psittaci CP3	cpsc	B711_1066	lipA	lipoic acid synthetase	md:cpsc_M00881	I	1081135	1082067	+
Chlamydia psittaci CP3	cpsc	B711_1066	lipA	lipoic acid synthetase	md:cpsc_M00882	I	1081135	1082067	+
Chlamydia psittaci CP3	cpsc	B711_1066	lipA	lipoic acid synthetase	md:cpsc_M00883	I	1081135	1082067	+
Chlamydia psittaci CP3	cpsc	B711_1066	lipA	lipoic acid synthetase	md:cpsc_M00884	I	1081135	1082067	+
Chlamydia psittaci CP3	cpsc	B711_0237	thiE	thiamine-phosphate pyrophosphorylase	md:cpsc_M00895	I	215900	216538	+
Chlamydia psittaci CP3	cpsc	B711_0237	thiE	thiamine-phosphate pyrophosphorylase	md:cpsc_M00896	I	215900	216538	+
Chlamydia psittaci CP3	cpsc	B711_0237	thiE	thiamine-phosphate pyrophosphorylase	md:cpsc_M00899	I	215900	216538	+
Chlamydia psittaci CP3	cpsc	B711_0238	NA	hydroxyethylthiazole kinase family protein	md:cpsc_M00899	I	216532	217320	+
Chlamydia psittaci CP3	cpsc	B711_0845	NA	phosphoglucose isomerase family protein	md:cpsc_M00909	I	838900	840495	-
Chlamydia psittaci CP3	cpsc	B711_0903	glmS	glutamine-fructose-6-phosphate transaminase	md:cpsc_M00909	I	899535	901364	-
Chlamydia psittaci CP3	cpsc	B711_0904	glmM	phosphoglucosamine mutase	md:cpsc_M00909	I	901373	902749	-
Chlamydia psittaci CP3	cpsc	B711_0247	ribE	riboflavin synthase, alpha subunit	md:cpsc_M00911	I	229937	230530	+
Chlamydia psittaci CP3	cpsc	B711_1021	ribH	6,7-dimethyl-8-ribityllumazine synthase	md:cpsc_M00911	I	1029617	1030081	-
Chlamydia psittaci CP3	cpsc	B711_0001	hemB	delta-aminolevulinic acid dehydratase	md:cpsc_M00926	I	148	1143	+
Chlamydia psittaci CP3	cpsc	B711_0036	NA	glutamyl-tRNAGlu reductase, N-terminal domain protein	md:cpsc_M00926	I	38148	39029	+
Chlamydia psittaci CP3	cpsc	B711_0161	hemH	ferrochelatase	md:cpsc_M00926	I	144017	144973	-
Chlamydia psittaci CP3	cpsc	B711_0259	hemD	uroporphyrinogen-III synthase	md:cpsc_M00926	I	240313	240843	-
Chlamydia psittaci CP3	cpsc	B711_0394	NA	porphobilinogen deaminase, dipyromethane cofactor binding domain protein	md:cpsc_M00926	I	391132	391869	-
Chlamydia psittaci CP3	cpsc	B711_0733	NA	aminotransferase class-III family protein	md:cpsc_M00926	I	718231	719544	-
Chlamydia psittaci CP3	cpsc	B711_0997	NA	uroporphyrinogen decarboxylase family protein	md:cpsc_M00926	I	1003163	1004086	+
Chlamydia psittaci CP3	cpsc	B711_0999	hemG	protoporphyrinogen oxidase	md:cpsc_M00926	I	1005432	1006700	+
Chlamydia psittaci CP3	cpsc	B711_0266	NA	radical SAM superfamily protein	md:cpsc_M00930	I	246554	247666	-
Chlamydia psittaci CP3	cpsc	B711_0973	NA	putative radical SAM domain protein	md:cpsc_M00930	I	976585	977646	+
Chlamydia psittaci CP3	cpsc	B711_0266	NA	radical SAM superfamily protein	md:cpsc_M00931	I	246554	247666	-
Chlamydia psittaci CP3	cpsc	B711_0973	NA	putative radical SAM domain protein	md:cpsc_M00931	I	976585	977646	+
Chlamydia psittaci CP3	cpsc	B711_0143	ndk	nucleoside diphosphate kinase	md:cpsc_M00938	I	125328	125753	+
Chlamydia psittaci CP3	cpsc	B711_0402	dut	dUTP diphosphatase family protein	md:cpsc_M00938	I	398215	398658	+
Chlamydia psittaci CP3	cpsc	B711_0585	NA	thymidylate kinase	md:cpsc_M00938	I	579539	579940	+
Chlamydia psittaci CP3	cpsc	B711_0891	NA	ribonucleotide reductase, small chain family protein	md:cpsc_M00938	I	881602	882642	-
Chlamydia psittaci CP3	cpsc	B711_0892	NA	ribonucleoside-diphosphate reductase, alpha subunit	md:cpsc_M00938	I	882666	885803	-
Chlamydia psittaci CP3	cpsc	B711_0826	bioB	biotin synthase	md:cpsc_M00950	I	820745	821740	+
Chlamydia psittaci CP3	cpsc	B711_0827	NA	aminotransferase class I and II family protein	md:cpsc_M00950	I	821719	822867	+
Chlamydia psittaci CP3	cpsc	B711_0828	bioD	dethiobiotin synthase	md:cpsc_M00950	I	822852	823469	+
