Clostridium chauvoei	cchv	BTM20_00150	NA	glucokinase	md:cchv_M00001	I	29574	30518	+
Clostridium chauvoei	cchv	BTM20_02115	NA	6-phosphofructokinase	md:cchv_M00001	I	445000	445959	+
Clostridium chauvoei	cchv	BTM20_02120	NA	pyruvate kinase	md:cchv_M00001	I	446054	447472	+
Clostridium chauvoei	cchv	BTM20_02730	NA	glucokinase	md:cchv_M00001	I	608294	609262	+
Clostridium chauvoei	cchv	BTM20_04570	NA	phosphoglycerate mutase	md:cchv_M00001	I	1015724	1016986	+
Clostridium chauvoei	cchv	BTM20_04755	NA	6-phosphofructokinase	md:cchv_M00001	I	1053847	1055064	-
Clostridium chauvoei	cchv	BTM20_09110	NA	6-phosphofructokinase	md:cchv_M00001	I	1981939	1983039	-
Clostridium chauvoei	cchv	BTM20_09565	NA	pyruvate kinase	md:cchv_M00001	I	2064851	2065867	-
Clostridium chauvoei	cchv	BTM20_10865	NA	fructose-1,6-bisphosphate aldolase, class II	md:cchv_M00001	I	2349779	2350642	+
Clostridium chauvoei	cchv	BTM20_10930	NA	phosphopyruvate hydratase	md:cchv_M00001	I	2372359	2373651	-
Clostridium chauvoei	cchv	BTM20_11265	NA	phosphopyruvate hydratase	md:cchv_M00001	I	2446035	2447330	-
Clostridium chauvoei	cchv	BTM20_11340	NA	phosphoglycerate mutase (2,3-diphosphoglycerate-independent)	md:cchv_M00001	I	2460211	2461749	-
Clostridium chauvoei	cchv	BTM20_11345	NA	triose-phosphate isomerase	md:cchv_M00001	I	2461986	2462732	-
Clostridium chauvoei	cchv	BTM20_11350	NA	phosphoglycerate kinase	md:cchv_M00001	I	2462807	2463982	-
Clostridium chauvoei	cchv	BTM20_11355	NA	type I glyceraldehyde-3-phosphate dehydrogenase	md:cchv_M00001	I	2464192	2465190	-
Clostridium chauvoei	cchv	BTM20_11775	NA	pyruvate kinase	md:cchv_M00001	I	2570410	2571828	+
Clostridium chauvoei	cchv	BTM20_12570	NA	glucose-6-phosphate isomerase	md:cchv_M00001	I	2722340	2723692	-
Clostridium chauvoei	cchv	BTM20_02120	NA	pyruvate kinase	md:cchv_M00002	I	446054	447472	+
Clostridium chauvoei	cchv	BTM20_04570	NA	phosphoglycerate mutase	md:cchv_M00002	I	1015724	1016986	+
Clostridium chauvoei	cchv	BTM20_09565	NA	pyruvate kinase	md:cchv_M00002	I	2064851	2065867	-
Clostridium chauvoei	cchv	BTM20_10930	NA	phosphopyruvate hydratase	md:cchv_M00002	I	2372359	2373651	-
Clostridium chauvoei	cchv	BTM20_11265	NA	phosphopyruvate hydratase	md:cchv_M00002	I	2446035	2447330	-
Clostridium chauvoei	cchv	BTM20_11340	NA	phosphoglycerate mutase (2,3-diphosphoglycerate-independent)	md:cchv_M00002	I	2460211	2461749	-
Clostridium chauvoei	cchv	BTM20_11345	NA	triose-phosphate isomerase	md:cchv_M00002	I	2461986	2462732	-
Clostridium chauvoei	cchv	BTM20_11350	NA	phosphoglycerate kinase	md:cchv_M00002	I	2462807	2463982	-
Clostridium chauvoei	cchv	BTM20_11355	NA	type I glyceraldehyde-3-phosphate dehydrogenase	md:cchv_M00002	I	2464192	2465190	-
Clostridium chauvoei	cchv	BTM20_11775	NA	pyruvate kinase	md:cchv_M00002	I	2570410	2571828	+
Clostridium chauvoei	cchv	BTM20_04570	NA	phosphoglycerate mutase	md:cchv_M00003	I	1015724	1016986	+
Clostridium chauvoei	cchv	BTM20_10865	NA	fructose-1,6-bisphosphate aldolase, class II	md:cchv_M00003	I	2349779	2350642	+
Clostridium chauvoei	cchv	BTM20_10930	NA	phosphopyruvate hydratase	md:cchv_M00003	I	2372359	2373651	-
Clostridium chauvoei	cchv	BTM20_11265	NA	phosphopyruvate hydratase	md:cchv_M00003	I	2446035	2447330	-
Clostridium chauvoei	cchv	BTM20_11340	NA	phosphoglycerate mutase (2,3-diphosphoglycerate-independent)	md:cchv_M00003	I	2460211	2461749	-
Clostridium chauvoei	cchv	BTM20_11345	NA	triose-phosphate isomerase	md:cchv_M00003	I	2461986	2462732	-
Clostridium chauvoei	cchv	BTM20_11350	NA	phosphoglycerate kinase	md:cchv_M00003	I	2462807	2463982	-
Clostridium chauvoei	cchv	BTM20_11355	NA	type I glyceraldehyde-3-phosphate dehydrogenase	md:cchv_M00003	I	2464192	2465190	-
Clostridium chauvoei	cchv	BTM20_01945	NA	transketolase	md:cchv_M00004	I	404025	404849	+
Clostridium chauvoei	cchv	BTM20_01950	NA	transketolase	md:cchv_M00004	I	404849	405796	+
Clostridium chauvoei	cchv	BTM20_02825	NA	transketolase	md:cchv_M00004	I	627072	627878	+
Clostridium chauvoei	cchv	BTM20_02830	NA	transketolase	md:cchv_M00004	I	627893	628819	+
Clostridium chauvoei	cchv	BTM20_02835	NA	fructose-6-phosphate aldolase	md:cchv_M00004	I	628959	629609	+
Clostridium chauvoei	cchv	BTM20_03210	NA	transaldolase	md:cchv_M00004	I	714330	715043	+
Clostridium chauvoei	cchv	BTM20_06605	NA	ribulose-phosphate 3-epimerase	md:cchv_M00004	I	1451118	1451765	+
Clostridium chauvoei	cchv	BTM20_12140	NA	ribose 5-phosphate isomerase B	md:cchv_M00004	I	2645232	2645681	-
Clostridium chauvoei	cchv	BTM20_12570	NA	glucose-6-phosphate isomerase	md:cchv_M00004	I	2722340	2723692	-
Clostridium chauvoei	cchv	BTM20_00695	NA	ribose-phosphate pyrophosphokinase	md:cchv_M00005	I	156639	157598	+
Clostridium chauvoei	cchv	BTM20_08380	NA	phosphoribosylpyrophosphate synthetase	md:cchv_M00005	I	1820966	1822057	-
Clostridium chauvoei	cchv	BTM20_01945	NA	transketolase	md:cchv_M00007	I	404025	404849	+
Clostridium chauvoei	cchv	BTM20_01950	NA	transketolase	md:cchv_M00007	I	404849	405796	+
Clostridium chauvoei	cchv	BTM20_02825	NA	transketolase	md:cchv_M00007	I	627072	627878	+
Clostridium chauvoei	cchv	BTM20_02830	NA	transketolase	md:cchv_M00007	I	627893	628819	+
Clostridium chauvoei	cchv	BTM20_02835	NA	fructose-6-phosphate aldolase	md:cchv_M00007	I	628959	629609	+
Clostridium chauvoei	cchv	BTM20_03210	NA	transaldolase	md:cchv_M00007	I	714330	715043	+
Clostridium chauvoei	cchv	BTM20_06605	NA	ribulose-phosphate 3-epimerase	md:cchv_M00007	I	1451118	1451765	+
Clostridium chauvoei	cchv	BTM20_12140	NA	ribose 5-phosphate isomerase B	md:cchv_M00007	I	2645232	2645681	-
Clostridium chauvoei	cchv	BTM20_11290	NA	bifunctional 2-keto-4-hydroxyglutarate aldolase/2-keto-3-deoxy-6-phosphogluconate aldolase	md:cchv_M00008	I	2452401	2453033	-
Clostridium chauvoei	cchv	BTM20_08320	NA	acyl-CoA dehydrogenase	md:cchv_M00013	I	1805169	1806308	-
Clostridium chauvoei	cchv	BTM20_12690	NA	acyl-CoA dehydrogenase	md:cchv_M00013	I	2747002	2748141	-
Clostridium chauvoei	cchv	BTM20_07300	NA	theronine dehydrogenase	md:cchv_M00014	I	1613078	1614271	+
Clostridium chauvoei	cchv	BTM20_00265	NA	glutamate 5-kinase	md:cchv_M00015	I	60799	61602	+
Clostridium chauvoei	cchv	BTM20_00270	NA	glutamate-5-semialdehyde dehydrogenase	md:cchv_M00015	I	61641	62885	+
Clostridium chauvoei	cchv	BTM20_13340	NA	pyrroline-5-carboxylate reductase	md:cchv_M00015	I	2862099	2862899	-
Clostridium chauvoei	cchv	BTM20_06910	NA	aspartate kinase	md:cchv_M00016	I	1514229	1515431	+
Clostridium chauvoei	cchv	BTM20_08545	NA	aspartate-semialdehyde dehydrogenase	md:cchv_M00016	I	1854278	1855267	+
Clostridium chauvoei	cchv	BTM20_08550	NA	4-hydroxy-tetrahydrodipicolinate synthase	md:cchv_M00016	I	1855301	1856179	+
Clostridium chauvoei	cchv	BTM20_08555	NA	4-hydroxy-tetrahydrodipicolinate reductase	md:cchv_M00016	I	1856189	1856941	+
Clostridium chauvoei	cchv	BTM20_06910	NA	aspartate kinase	md:cchv_M00017	I	1514229	1515431	+
Clostridium chauvoei	cchv	BTM20_08545	NA	aspartate-semialdehyde dehydrogenase	md:cchv_M00017	I	1854278	1855267	+
Clostridium chauvoei	cchv	BTM20_10450	NA	homocysteine methyltransferase	md:cchv_M00017	I	2260794	2263166	-
Clostridium chauvoei	cchv	BTM20_06910	NA	aspartate kinase	md:cchv_M00018	I	1514229	1515431	+
Clostridium chauvoei	cchv	BTM20_08545	NA	aspartate-semialdehyde dehydrogenase	md:cchv_M00018	I	1854278	1855267	+
Clostridium chauvoei	cchv	BTM20_04520	NA	branched chain amino acid aminotransferase	md:cchv_M00019	I	1004391	1005443	-
Clostridium chauvoei	cchv	BTM20_04880	NA	aminotransferase class IV	md:cchv_M00019	I	1084114	1084929	+
Clostridium chauvoei	cchv	BTM20_12960	NA	3-phosphoglycerate dehydrogenase	md:cchv_M00020	I	2797776	2798690	-
Clostridium chauvoei	cchv	BTM20_11445	NA	serine O-acetyltransferase	md:cchv_M00021	I	2488203	2488787	-
Clostridium chauvoei	cchv	BTM20_11450	NA	cysteine synthase A	md:cchv_M00021	I	2488830	2489735	-
Clostridium chauvoei	cchv	BTM20_04025	NA	3-dehydroquinate synthase	md:cchv_M00022	I	893194	894240	+
Clostridium chauvoei	cchv	BTM20_04030	NA	3-phosphoshikimate 1-carboxyvinyltransferase	md:cchv_M00022	I	894278	895573	+
Clostridium chauvoei	cchv	BTM20_04035	NA	chorismate synthase	md:cchv_M00022	I	895551	896630	+
Clostridium chauvoei	cchv	BTM20_04050	NA	shikimate dehydrogenase	md:cchv_M00022	I	899578	900384	+
Clostridium chauvoei	cchv	BTM20_04055	NA	shikimate kinase	md:cchv_M00022	I	900398	900892	+
Clostridium chauvoei	cchv	BTM20_04060	NA	type II 3-dehydroquinate dehydratase	md:cchv_M00022	I	900916	901341	+
Clostridium chauvoei	cchv	BTM20_04065	NA	3-deoxy-7-phosphoheptulonate synthase	md:cchv_M00022	I	901357	902370	+
Clostridium chauvoei	cchv	BTM20_00495	NA	hypothetical protein	md:cchv_M00024	I	112030	112470	+
Clostridium chauvoei	cchv	BTM20_04045	NA	chorismate mutase	md:cchv_M00024	I	898399	899526	+
Clostridium chauvoei	cchv	BTM20_00495	NA	hypothetical protein	md:cchv_M00025	I	112030	112470	+
Clostridium chauvoei	cchv	BTM20_04045	NA	chorismate mutase	md:cchv_M00025	I	898399	899526	+
Clostridium chauvoei	cchv	BTM20_03825	NA	histidinol-phosphatase	md:cchv_M00026	I	853212	854006	+
Clostridium chauvoei	cchv	BTM20_09775	NA	histidinol-phosphate transaminase	md:cchv_M00026	I	2103813	2104808	-
Clostridium chauvoei	cchv	BTM20_05600	NA	arginase	md:cchv_M00029	I	1227324	1228229	-
Clostridium chauvoei	cchv	BTM20_10845	NA	argininosuccinate synthase	md:cchv_M00029	I	2344371	2345594	+
Clostridium chauvoei	cchv	BTM20_10850	NA	argininosuccinate lyase	md:cchv_M00029	I	2345597	2346997	+
Clostridium chauvoei	cchv	BTM20_06910	NA	aspartate kinase	md:cchv_M00033	I	1514229	1515431	+
Clostridium chauvoei	cchv	BTM20_08545	NA	aspartate-semialdehyde dehydrogenase	md:cchv_M00033	I	1854278	1855267	+
Clostridium chauvoei	cchv	BTM20_02315	NA	S-adenosylmethionine decarboxylase proenzyme	md:cchv_M00034	I	505618	506037	+
Clostridium chauvoei	cchv	BTM20_02320	NA	spermidine synthase	md:cchv_M00034	I	506047	506892	+
Clostridium chauvoei	cchv	BTM20_06460	NA	laccase	md:cchv_M00034	I	1420868	1421602	+
Clostridium chauvoei	cchv	BTM20_12005	NA	methionine adenosyltransferase	md:cchv_M00034	I	2625316	2626491	-
Clostridium chauvoei	cchv	BTM20_12945	NA	5'-methylthioadenosine/S-adenosylhomocysteine nucleosidase	md:cchv_M00034	I	2795399	2796094	+
Clostridium chauvoei	cchv	BTM20_12005	NA	methionine adenosyltransferase	md:cchv_M00035	I	2625316	2626491	-
Clostridium chauvoei	cchv	BTM20_04520	NA	branched chain amino acid aminotransferase	md:cchv_M00036	I	1004391	1005443	-
Clostridium chauvoei	cchv	BTM20_04880	NA	aminotransferase class IV	md:cchv_M00036	I	1084114	1084929	+
Clostridium chauvoei	cchv	BTM20_04305	NA	hypothetical protein	md:cchv_M00038	I	956123	956437	+
Clostridium chauvoei	cchv	BTM20_04045	NA	chorismate mutase	md:cchv_M00040	I	898399	899526	+
Clostridium chauvoei	cchv	BTM20_08290	NA	dihydropyrimidine dehydrogenase subunit B	md:cchv_M00046	I	1797551	1798786	-
Clostridium chauvoei	cchv	BTM20_08295	NA	dihydropyrimidine dehydrogenase	md:cchv_M00046	I	1798786	1800039	-
Clostridium chauvoei	cchv	BTM20_08330	NA	dihydropyrimidinase	md:cchv_M00046	I	1806815	1808200	-
Clostridium chauvoei	cchv	BTM20_05805	NA	phosphoribosylformylglycinamidine synthase	md:cchv_M00048	I	1274234	1277980	+
Clostridium chauvoei	cchv	BTM20_05810	NA	5-(carboxyamino)imidazole ribonucleotide mutase	md:cchv_M00048	I	1277993	1278472	+
Clostridium chauvoei	cchv	BTM20_05815	NA	phosphoribosylaminoimidazolesuccinocarboxamide synthase	md:cchv_M00048	I	1278472	1279176	+
Clostridium chauvoei	cchv	BTM20_05820	NA	amidophosphoribosyltransferase	md:cchv_M00048	I	1279229	1280656	+
Clostridium chauvoei	cchv	BTM20_05825	NA	phosphoribosylformylglycinamidine cyclo-ligase	md:cchv_M00048	I	1280666	1281667	+
Clostridium chauvoei	cchv	BTM20_05830	NA	phosphoribosylglycinamide formyltransferase	md:cchv_M00048	I	1281655	1282266	+
Clostridium chauvoei	cchv	BTM20_05835	NA	bifunctional phosphoribosylaminoimidazolecarboxamide formyltransferase/IMP cyclohydrolase	md:cchv_M00048	I	1282284	1283786	+
Clostridium chauvoei	cchv	BTM20_05840	NA	phosphoribosylamine--glycine ligase	md:cchv_M00048	I	1283821	1285068	+
Clostridium chauvoei	cchv	BTM20_06960	NA	adenylosuccinate lyase	md:cchv_M00048	I	1525206	1526636	+
Clostridium chauvoei	cchv	BTM20_01265	NA	adenylate kinase	md:cchv_M00049	I	255186	255836	+
Clostridium chauvoei	cchv	BTM20_06960	NA	adenylosuccinate lyase	md:cchv_M00049	I	1525206	1526636	+
Clostridium chauvoei	cchv	BTM20_13335	NA	adenylosuccinate synthase	md:cchv_M00049	I	2860429	2861718	-
Clostridium chauvoei	cchv	BTM20_06545	NA	guanylate kinase	md:cchv_M00050	I	1438573	1439214	+
Clostridium chauvoei	cchv	BTM20_12575	NA	glutamine-hydrolyzing GMP synthase	md:cchv_M00050	I	2723936	2725468	-
Clostridium chauvoei	cchv	BTM20_12580	NA	IMP dehydrogenase	md:cchv_M00050	I	2725578	2727029	-
Clostridium chauvoei	cchv	BTM20_00315	NA	carbamoyl phosphate synthase small subunit	md:cchv_M00051	I	70459	71508	+
Clostridium chauvoei	cchv	BTM20_00320	NA	carbamoyl phosphate synthase large subunit	md:cchv_M00051	I	71522	74728	+
Clostridium chauvoei	cchv	BTM20_07360	NA	orotate phosphoribosyltransferase	md:cchv_M00051	I	1620854	1621540	+
Clostridium chauvoei	cchv	BTM20_09070	NA	dihydroorotate dehydrogenase B catalytic subunit	md:cchv_M00051	I	1975137	1976036	-
Clostridium chauvoei	cchv	BTM20_09080	NA	orotidine 5'-phosphate decarboxylase	md:cchv_M00051	I	1976811	1977686	-
Clostridium chauvoei	cchv	BTM20_09085	NA	dihydroorotase	md:cchv_M00051	I	1977699	1978895	-
Clostridium chauvoei	cchv	BTM20_09090	NA	aspartate carbamoyltransferase regulatory subunit	md:cchv_M00051	I	1978914	1979336	-
Clostridium chauvoei	cchv	BTM20_09095	NA	aspartate carbamoyltransferase	md:cchv_M00051	I	1979336	1980280	-
Clostridium chauvoei	cchv	BTM20_06795	NA	UMP kinase	md:cchv_M00052	I	1488593	1489309	+
Clostridium chauvoei	cchv	BTM20_12190	NA	CTP synthase	md:cchv_M00052	I	2656346	2657953	-
Clostridium chauvoei	cchv	BTM20_01375	NA	ribonucleoside-diphosphate reductase subunit alpha	md:cchv_M00053	I	271820	274051	+
Clostridium chauvoei	cchv	BTM20_01380	NA	ribonucleotide-diphosphate reductase subunit beta	md:cchv_M00053	I	274082	275116	+
Clostridium chauvoei	cchv	BTM20_11285	NA	carbohydrate kinase	md:cchv_M00061	I	2451373	2452389	-
Clostridium chauvoei	cchv	BTM20_11290	NA	bifunctional 2-keto-4-hydroxyglutarate aldolase/2-keto-3-deoxy-6-phosphogluconate aldolase	md:cchv_M00061	I	2452401	2453033	-
Clostridium chauvoei	cchv	BTM20_02905	NA	hyaluronoglucosaminidase	md:cchv_M00076	I	645018	650678	+
Clostridium chauvoei	cchv	BTM20_03575	NA	hyaluronidase	md:cchv_M00076	I	791001	794963	+
Clostridium chauvoei	cchv	BTM20_02905	NA	hyaluronoglucosaminidase	md:cchv_M00077	I	645018	650678	+
Clostridium chauvoei	cchv	BTM20_03575	NA	hyaluronidase	md:cchv_M00077	I	791001	794963	+
Clostridium chauvoei	cchv	BTM20_11510	NA	hypothetical protein	md:cchv_M00079	I	2507727	2512931	-
Clostridium chauvoei	cchv	BTM20_06255	NA	3-oxoacyl-ACP synthase	md:cchv_M00082	I	1379760	1380737	+
Clostridium chauvoei	cchv	BTM20_06270	NA	[acyl-carrier-protein] S-malonyltransferase	md:cchv_M00082	I	1382009	1382938	+
Clostridium chauvoei	cchv	BTM20_06285	NA	acetyl-CoA carboxylase, biotin carboxyl carrier protein	md:cchv_M00082	I	1384957	1385454	+
Clostridium chauvoei	cchv	BTM20_06295	NA	acetyl-CoA carboxylase biotin carboxylase subunit	md:cchv_M00082	I	1385889	1387241	+
Clostridium chauvoei	cchv	BTM20_06300	NA	acetyl-CoA carboxylase subunit beta	md:cchv_M00082	I	1387234	1388109	+
Clostridium chauvoei	cchv	BTM20_06305	NA	acetyl-CoA carboxylase carboxyltransferase subunit alpha	md:cchv_M00082	I	1388102	1388917	+
Clostridium chauvoei	cchv	BTM20_06265	NA	2-nitropropane dioxygenase	md:cchv_M00083	I	1381078	1382016	+
Clostridium chauvoei	cchv	BTM20_06275	NA	beta-ketoacyl-ACP reductase	md:cchv_M00083	I	1382948	1383688	+
Clostridium chauvoei	cchv	BTM20_06280	NA	beta-ketoacyl-[acyl-carrier-protein] synthase II	md:cchv_M00083	I	1383703	1384938	+
Clostridium chauvoei	cchv	BTM20_06290	NA	3-hydroxyacyl-[acyl-carrier-protein] dehydratase FabZ	md:cchv_M00083	I	1385457	1385879	+
Clostridium chauvoei	cchv	BTM20_08725	NA	short-chain dehydrogenase	md:cchv_M00083	I	1893288	1894031	-
Clostridium chauvoei	cchv	BTM20_12120	NA	acetyl-CoA acetyltransferase	md:cchv_M00088	I	2641410	2642591	-
Clostridium chauvoei	cchv	BTM20_05665	NA	1-acyl-sn-glycerol-3-phosphate acyltransferase	md:cchv_M00089	I	1243033	1243749	+
Clostridium chauvoei	cchv	BTM20_11435	NA	1-acyl-sn-glycerol-3-phosphate acyltransferase	md:cchv_M00089	I	2486455	2487159	-
Clostridium chauvoei	cchv	BTM20_13055	NA	1-acyl-sn-glycerol-3-phosphate acyltransferase	md:cchv_M00089	I	2812055	2812780	+
Clostridium chauvoei	cchv	BTM20_00200	NA	phosphatidylserine decarboxylase	md:cchv_M00093	I	44754	45641	-
Clostridium chauvoei	cchv	BTM20_06810	NA	phosphatidate cytidylyltransferase	md:cchv_M00093	I	1490711	1491505	+
Clostridium chauvoei	cchv	BTM20_11470	NA	CDP-diacylglycerol--serine O-phosphatidyltransferase	md:cchv_M00093	I	2493644	2494165	+
Clostridium chauvoei	cchv	BTM20_12120	NA	acetyl-CoA acetyltransferase	md:cchv_M00095	I	2641410	2642591	-
Clostridium chauvoei	cchv	BTM20_01045	NA	2-C-methyl-D-erythritol 4-phosphate cytidylyltransferase	md:cchv_M00096	I	219864	220538	+
Clostridium chauvoei	cchv	BTM20_06820	NA	1-deoxy-D-xylulose-5-phosphate reductoisomerase	md:cchv_M00096	I	1492596	1493756	+
Clostridium chauvoei	cchv	BTM20_06830	NA	4-hydroxy-3-methylbut-2-en-1-yl diphosphate synthase	md:cchv_M00096	I	1494801	1495850	+
Clostridium chauvoei	cchv	BTM20_08010	NA	1-deoxy-D-xylulose-5-phosphate synthase	md:cchv_M00096	I	1750129	1751982	-
Clostridium chauvoei	cchv	BTM20_12215	NA	4-(cytidine 5'-diphospho)-2-C-methyl-D-erythritol kinase	md:cchv_M00096	I	2660776	2661618	-
Clostridium chauvoei	cchv	BTM20_12770	NA	2-C-methyl-D-erythritol 2,4-cyclodiphosphate synthase	md:cchv_M00096	I	2764675	2765154	+
Clostridium chauvoei	cchv	BTM20_02735	NA	mannose-6-phosphate isomerase	md:cchv_M00114	I	609385	610323	+
Clostridium chauvoei	cchv	BTM20_05770	NA	NAD(+) synthase	md:cchv_M00115	I	1268057	1269961	-
Clostridium chauvoei	cchv	BTM20_11660	NA	nicotinic acid mononucleotide adenylyltransferase	md:cchv_M00115	I	2548470	2549069	-
Clostridium chauvoei	cchv	BTM20_06190	NA	bifunctional glutamate--cysteine ligase/glutathione synthetase	md:cchv_M00118	I	1360317	1362638	+
Clostridium chauvoei	cchv	BTM20_00115	NA	3-methyl-2-oxobutanoate hydroxymethyltransferase	md:cchv_M00119	I	25657	26484	+
Clostridium chauvoei	cchv	BTM20_00120	NA	pantoate--beta-alanine ligase	md:cchv_M00119	I	26500	27345	+
Clostridium chauvoei	cchv	BTM20_00125	NA	aspartate 1-decarboxylase	md:cchv_M00119	I	27359	27745	+
Clostridium chauvoei	cchv	BTM20_04520	NA	branched chain amino acid aminotransferase	md:cchv_M00119	I	1004391	1005443	-
Clostridium chauvoei	cchv	BTM20_04880	NA	aminotransferase class IV	md:cchv_M00119	I	1084114	1084929	+
Clostridium chauvoei	cchv	BTM20_11000	NA	2-dehydropantoate 2-reductase	md:cchv_M00119	I	2389271	2390212	-
Clostridium chauvoei	cchv	BTM20_00835	NA	pantothenate kinase	md:cchv_M00120	I	182242	183021	+
Clostridium chauvoei	cchv	BTM20_06555	NA	bifunctional 4'-phosphopantothenoylcysteine decarboxylase/phosphopantothenoylcysteine synthetase	md:cchv_M00120	I	1439416	1440612	+
Clostridium chauvoei	cchv	BTM20_06640	NA	pantetheine-phosphate adenylyltransferase	md:cchv_M00120	I	1457884	1458363	+
Clostridium chauvoei	cchv	BTM20_09460	NA	dephospho-CoA kinase	md:cchv_M00120	I	2043987	2044586	-
Clostridium chauvoei	cchv	BTM20_04475	NA	glutamyl-tRNA reductase	md:cchv_M00121	I	995070	996269	+
Clostridium chauvoei	cchv	BTM20_04485	NA	hydroxymethylbilane synthase	md:cchv_M00121	I	996918	997790	+
Clostridium chauvoei	cchv	BTM20_04490	NA	uroporphyrinogen-III C-methyltransferase	md:cchv_M00121	I	997801	999279	+
Clostridium chauvoei	cchv	BTM20_04495	NA	delta-aminolevulinic acid dehydratase	md:cchv_M00121	I	999290	1000255	+
Clostridium chauvoei	cchv	BTM20_04500	NA	glutamate-1-semialdehyde-2,1-aminomutase	md:cchv_M00121	I	1000260	1001531	+
Clostridium chauvoei	cchv	BTM20_10020	NA	glutamate--tRNA ligase	md:cchv_M00121	I	2159935	2161596	-
Clostridium chauvoei	cchv	BTM20_09800	NA	cobyric acid synthase CobQ	md:cchv_M00122	I	2109775	2111259	-
Clostridium chauvoei	cchv	BTM20_09840	NA	adenosylcobinamide-phosphate synthase	md:cchv_M00122	I	2121527	2122471	-
Clostridium chauvoei	cchv	BTM20_09845	NA	histidine phosphatase family protein	md:cchv_M00122	I	2122482	2123084	-
Clostridium chauvoei	cchv	BTM20_09855	NA	adenosylcobinamide-GDP ribazoletransferase	md:cchv_M00122	I	2123470	2124225	-
Clostridium chauvoei	cchv	BTM20_09860	NA	adenosylcobinamide kinase/adenosylcobinamide phosphate guanyltransferase	md:cchv_M00122	I	2124222	2124773	-
Clostridium chauvoei	cchv	BTM20_09865	NA	cob(I)yrinic acid a,c-diamide adenosyltransferase	md:cchv_M00122	I	2124770	2125300	-
Clostridium chauvoei	cchv	BTM20_09870	NA	nicotinate-nucleotide--dimethylbenzimidazole phosphoribosyltransferase	md:cchv_M00122	I	2125302	2126414	-
Clostridium chauvoei	cchv	BTM20_01530	NA	biotin synthase BioB	md:cchv_M00123	I	307096	308055	+
Clostridium chauvoei	cchv	BTM20_01535	NA	dethiobiotin synthase	md:cchv_M00123	I	308055	308756	+
Clostridium chauvoei	cchv	BTM20_01540	NA	adenosylmethionine--8-amino-7-oxononanoate transaminase	md:cchv_M00123	I	308769	310124	+
Clostridium chauvoei	cchv	BTM20_04425	NA	[FeFe] hydrogenase H-cluster radical SAM maturase HydE	md:cchv_M00123	I	985506	986567	+
Clostridium chauvoei	cchv	BTM20_06885	NA	riboflavin biosynthesis protein RibF	md:cchv_M00125	I	1508802	1509725	+
Clostridium chauvoei	cchv	BTM20_08955	NA	6,7-dimethyl-8-ribityllumazine synthase	md:cchv_M00125	I	1947280	1947741	-
Clostridium chauvoei	cchv	BTM20_08965	NA	bifunctional 3,4-dihydroxy-2-butanone 4-phosphate synthase/GTP cyclohydrolase II	md:cchv_M00125	I	1949322	1950521	-
Clostridium chauvoei	cchv	BTM20_08970	NA	riboflavin synthase subunit alpha	md:cchv_M00125	I	1950573	1951223	-
Clostridium chauvoei	cchv	BTM20_08975	NA	riboflavin biosynthesis protein RibD	md:cchv_M00125	I	1951259	1952353	-
Clostridium chauvoei	cchv	BTM20_08630	NA	bifunctional folylpolyglutamate synthase/dihydrofolate synthase	md:cchv_M00126	I	1870917	1872218	-
Clostridium chauvoei	cchv	BTM20_09580	NA	2-amino-4-hydroxy-6-hydroxymethyldihydropteridine pyrophosphokinase	md:cchv_M00126	I	2067048	2067869	-
Clostridium chauvoei	cchv	BTM20_09585	NA	dihydropteroate synthase	md:cchv_M00126	I	2067884	2068693	-
Clostridium chauvoei	cchv	BTM20_09595	NA	GTP cyclohydrolase I FolE	md:cchv_M00126	I	2069191	2069745	-
Clostridium chauvoei	cchv	BTM20_13020	NA	diacylglycerol kinase	md:cchv_M00126	I	2807782	2808270	+
Clostridium chauvoei	cchv	BTM20_04430	NA	[FeFe] hydrogenase H-cluster radical SAM maturase HydG	md:cchv_M00127	I	986567	987943	+
Clostridium chauvoei	cchv	BTM20_05190	NA	tRNA 4-thiouridine(8) synthase ThiI	md:cchv_M00127	I	1142652	1143803	+
Clostridium chauvoei	cchv	BTM20_09935	NA	thiamine-phosphate diphosphorylase	md:cchv_M00127	I	2140995	2141606	-
Clostridium chauvoei	cchv	BTM20_09950	NA	bifunctional hydroxymethylpyrimidine kinase/phosphomethylpyrimidine kinase	md:cchv_M00127	I	2143097	2143897	-
Clostridium chauvoei	cchv	BTM20_03165	NA	UTP--glucose-1-phosphate uridylyltransferase	md:cchv_M00129	I	705721	706602	+
Clostridium chauvoei	cchv	BTM20_03750	NA	UTP--glucose-1-phosphate uridylyltransferase	md:cchv_M00129	I	837743	838612	+
Clostridium chauvoei	cchv	BTM20_02315	NA	S-adenosylmethionine decarboxylase proenzyme	md:cchv_M00133	I	505618	506037	+
Clostridium chauvoei	cchv	BTM20_02320	NA	spermidine synthase	md:cchv_M00133	I	506047	506892	+
Clostridium chauvoei	cchv	BTM20_08420	NA	arginine decarboxylase	md:cchv_M00133	I	1829147	1830601	+
Clostridium chauvoei	cchv	BTM20_05600	NA	arginase	md:cchv_M00134	I	1227324	1228229	-
Clostridium chauvoei	cchv	BTM20_10980	NA	ornithine decarboxylase	md:cchv_M00134	I	2383084	2385285	-
Clostridium chauvoei	cchv	BTM20_12745	NA	aldehyde dehydrogenase	md:cchv_M00135	I	2759363	2760739	-
Clostridium chauvoei	cchv	BTM20_00830	NA	formate--tetrahydrofolate ligase	md:cchv_M00140	I	180439	182109	+
Clostridium chauvoei	cchv	BTM20_08030	NA	bifunctional methylenetetrahydrofolate dehydrogenase/methenyltetrahydrofolate cyclohydrolase	md:cchv_M00140	I	1754284	1755132	-
Clostridium chauvoei	cchv	BTM20_08260	NA	formiminotransferase-cyclodeaminase	md:cchv_M00140	I	1791410	1792057	-
Clostridium chauvoei	cchv	BTM20_08775	NA	serine hydroxymethyltransferase	md:cchv_M00140	I	1904407	1905639	-
Clostridium chauvoei	cchv	BTM20_12075	NA	F0F1 ATP synthase subunit epsilon	md:cchv_M00157	I	2634087	2634494	-
Clostridium chauvoei	cchv	BTM20_12080	NA	F0F1 ATP synthase subunit beta	md:cchv_M00157	I	2634509	2635897	-
Clostridium chauvoei	cchv	BTM20_12085	NA	F0F1 ATP synthase subunit gamma	md:cchv_M00157	I	2635913	2636764	-
Clostridium chauvoei	cchv	BTM20_12090	NA	F0F1 ATP synthase subunit alpha	md:cchv_M00157	I	2636801	2638315	-
Clostridium chauvoei	cchv	BTM20_12095	NA	F0F1 ATP synthase subunit delta	md:cchv_M00157	I	2638326	2638865	-
Clostridium chauvoei	cchv	BTM20_12100	NA	ATP synthase F0 subunit B	md:cchv_M00157	I	2638868	2639347	-
Clostridium chauvoei	cchv	BTM20_12105	NA	ATP synthase F0 subunit C	md:cchv_M00157	I	2639388	2639621	-
Clostridium chauvoei	cchv	BTM20_12110	NA	F0F1 ATP synthase subunit A	md:cchv_M00157	I	2639641	2640321	-
Clostridium chauvoei	cchv	BTM20_10475	NA	V-type ATP synthase subunit D	md:cchv_M00159	I	2266800	2267441	-
Clostridium chauvoei	cchv	BTM20_10480	NA	V-type ATP synthase subunit B	md:cchv_M00159	I	2267445	2268827	-
Clostridium chauvoei	cchv	BTM20_10485	NA	V-type ATP synthase subunit A	md:cchv_M00159	I	2268820	2270598	-
Clostridium chauvoei	cchv	BTM20_10495	NA	V-type ATP synthase subunit C	md:cchv_M00159	I	2270921	2271922	-
Clostridium chauvoei	cchv	BTM20_10500	NA	V-type ATP synthase subunit E	md:cchv_M00159	I	2271935	2272525	-
Clostridium chauvoei	cchv	BTM20_10505	NA	V-type ATP synthase subunit K	md:cchv_M00159	I	2272544	2273029	-
Clostridium chauvoei	cchv	BTM20_10510	NA	V-type ATP synthase subunit I	md:cchv_M00159	I	2273042	2274994	-
Clostridium chauvoei	cchv	BTM20_10515	NA	ATPase	md:cchv_M00159	I	2274981	2275307	-
Clostridium chauvoei	cchv	BTM20_01945	NA	transketolase	md:cchv_M00165	I	404025	404849	+
Clostridium chauvoei	cchv	BTM20_01950	NA	transketolase	md:cchv_M00165	I	404849	405796	+
Clostridium chauvoei	cchv	BTM20_02825	NA	transketolase	md:cchv_M00165	I	627072	627878	+
Clostridium chauvoei	cchv	BTM20_02830	NA	transketolase	md:cchv_M00165	I	627893	628819	+
Clostridium chauvoei	cchv	BTM20_10865	NA	fructose-1,6-bisphosphate aldolase, class II	md:cchv_M00165	I	2349779	2350642	+
Clostridium chauvoei	cchv	BTM20_11350	NA	phosphoglycerate kinase	md:cchv_M00165	I	2462807	2463982	-
Clostridium chauvoei	cchv	BTM20_11355	NA	type I glyceraldehyde-3-phosphate dehydrogenase	md:cchv_M00165	I	2464192	2465190	-
Clostridium chauvoei	cchv	BTM20_12140	NA	ribose 5-phosphate isomerase B	md:cchv_M00165	I	2645232	2645681	-
Clostridium chauvoei	cchv	BTM20_11350	NA	phosphoglycerate kinase	md:cchv_M00166	I	2462807	2463982	-
Clostridium chauvoei	cchv	BTM20_11355	NA	type I glyceraldehyde-3-phosphate dehydrogenase	md:cchv_M00166	I	2464192	2465190	-
Clostridium chauvoei	cchv	BTM20_01945	NA	transketolase	md:cchv_M00167	I	404025	404849	+
Clostridium chauvoei	cchv	BTM20_01950	NA	transketolase	md:cchv_M00167	I	404849	405796	+
Clostridium chauvoei	cchv	BTM20_02825	NA	transketolase	md:cchv_M00167	I	627072	627878	+
Clostridium chauvoei	cchv	BTM20_02830	NA	transketolase	md:cchv_M00167	I	627893	628819	+
Clostridium chauvoei	cchv	BTM20_10865	NA	fructose-1,6-bisphosphate aldolase, class II	md:cchv_M00167	I	2349779	2350642	+
Clostridium chauvoei	cchv	BTM20_12140	NA	ribose 5-phosphate isomerase B	md:cchv_M00167	I	2645232	2645681	-
Clostridium chauvoei	cchv	BTM20_05450	NA	pyruvate, phosphate dikinase	md:cchv_M00169	I	1192216	1194846	+
Clostridium chauvoei	cchv	BTM20_05450	NA	pyruvate, phosphate dikinase	md:cchv_M00171	I	1192216	1194846	+
Clostridium chauvoei	cchv	BTM20_05450	NA	pyruvate, phosphate dikinase	md:cchv_M00172	I	1192216	1194846	+
Clostridium chauvoei	cchv	BTM20_04855	NA	pyruvate:ferredoxin (flavodoxin) oxidoreductase	md:cchv_M00173	I	1077118	1080624	+
Clostridium chauvoei	cchv	BTM20_05450	NA	pyruvate, phosphate dikinase	md:cchv_M00173	I	1192216	1194846	+
Clostridium chauvoei	cchv	BTM20_05360	NA	ferredoxin--nitrite reductase	md:cchv_M00176	I	1176912	1178465	+
Clostridium chauvoei	cchv	BTM20_04855	NA	pyruvate:ferredoxin (flavodoxin) oxidoreductase	md:cchv_M00307	I	1077118	1080624	+
Clostridium chauvoei	cchv	BTM20_01005	NA	NADP-dependent glyceraldehyde-3-phosphate dehydrogenase	md:cchv_M00308	I	211756	213219	+
Clostridium chauvoei	cchv	BTM20_11285	NA	carbohydrate kinase	md:cchv_M00308	I	2451373	2452389	-
Clostridium chauvoei	cchv	BTM20_11290	NA	bifunctional 2-keto-4-hydroxyglutarate aldolase/2-keto-3-deoxy-6-phosphogluconate aldolase	md:cchv_M00308	I	2452401	2453033	-
Clostridium chauvoei	cchv	BTM20_11350	NA	phosphoglycerate kinase	md:cchv_M00308	I	2462807	2463982	-
Clostridium chauvoei	cchv	BTM20_11355	NA	type I glyceraldehyde-3-phosphate dehydrogenase	md:cchv_M00308	I	2464192	2465190	-
Clostridium chauvoei	cchv	BTM20_10865	NA	fructose-1,6-bisphosphate aldolase, class II	md:cchv_M00344	I	2349779	2350642	+
Clostridium chauvoei	cchv	BTM20_02115	NA	6-phosphofructokinase	md:cchv_M00345	I	445000	445959	+
Clostridium chauvoei	cchv	BTM20_10865	NA	fructose-1,6-bisphosphate aldolase, class II	md:cchv_M00345	I	2349779	2350642	+
Clostridium chauvoei	cchv	BTM20_08775	NA	serine hydroxymethyltransferase	md:cchv_M00346	I	1904407	1905639	-
Clostridium chauvoei	cchv	BTM20_10930	NA	phosphopyruvate hydratase	md:cchv_M00346	I	2372359	2373651	-
Clostridium chauvoei	cchv	BTM20_11265	NA	phosphopyruvate hydratase	md:cchv_M00346	I	2446035	2447330	-
Clostridium chauvoei	cchv	BTM20_06660	NA	phosphate acetyltransferase	md:cchv_M00357	I	1461577	1462572	+
Clostridium chauvoei	cchv	BTM20_06665	NA	acetate kinase	md:cchv_M00357	I	1462598	1463803	+
Clostridium chauvoei	cchv	BTM20_08375	NA	acetate kinase	md:cchv_M00357	I	1819452	1820645	-
Clostridium chauvoei	cchv	BTM20_00400	NA	2-phosphosulfolactate phosphatase	md:cchv_M00358	I	93047	93769	+
Clostridium chauvoei	cchv	BTM20_08015	NA	farnesyl-diphosphate synthase	md:cchv_M00364	I	1752004	1752873	-
Clostridium chauvoei	cchv	BTM20_12005	NA	methionine adenosyltransferase	md:cchv_M00368	I	2625316	2626491	-
Clostridium chauvoei	cchv	BTM20_12120	NA	acetyl-CoA acetyltransferase	md:cchv_M00373	I	2641410	2642591	-
Clostridium chauvoei	cchv	BTM20_12120	NA	acetyl-CoA acetyltransferase	md:cchv_M00374	I	2641410	2642591	-
Clostridium chauvoei	cchv	BTM20_12120	NA	acetyl-CoA acetyltransferase	md:cchv_M00375	I	2641410	2642591	-
Clostridium chauvoei	cchv	BTM20_06285	NA	acetyl-CoA carboxylase, biotin carboxyl carrier protein	md:cchv_M00376	I	1384957	1385454	+
Clostridium chauvoei	cchv	BTM20_06295	NA	acetyl-CoA carboxylase biotin carboxylase subunit	md:cchv_M00376	I	1385889	1387241	+
Clostridium chauvoei	cchv	BTM20_06300	NA	acetyl-CoA carboxylase subunit beta	md:cchv_M00376	I	1387234	1388109	+
Clostridium chauvoei	cchv	BTM20_06305	NA	acetyl-CoA carboxylase carboxyltransferase subunit alpha	md:cchv_M00376	I	1388102	1388917	+
Clostridium chauvoei	cchv	BTM20_00830	NA	formate--tetrahydrofolate ligase	md:cchv_M00377	I	180439	182109	+
Clostridium chauvoei	cchv	BTM20_08030	NA	bifunctional methylenetetrahydrofolate dehydrogenase/methenyltetrahydrofolate cyclohydrolase	md:cchv_M00377	I	1754284	1755132	-
Clostridium chauvoei	cchv	BTM20_08260	NA	formiminotransferase-cyclodeaminase	md:cchv_M00377	I	1791410	1792057	-
Clostridium chauvoei	cchv	BTM20_10460	NA	methylenetetrahydrofolate reductase [NAD(P)H]	md:cchv_M00377	I	2263839	2264747	-
Clostridium chauvoei	cchv	BTM20_06910	NA	aspartate kinase	md:cchv_M00525	I	1514229	1515431	+
Clostridium chauvoei	cchv	BTM20_08545	NA	aspartate-semialdehyde dehydrogenase	md:cchv_M00525	I	1854278	1855267	+
Clostridium chauvoei	cchv	BTM20_08550	NA	4-hydroxy-tetrahydrodipicolinate synthase	md:cchv_M00525	I	1855301	1856179	+
Clostridium chauvoei	cchv	BTM20_08555	NA	4-hydroxy-tetrahydrodipicolinate reductase	md:cchv_M00525	I	1856189	1856941	+
Clostridium chauvoei	cchv	BTM20_05760	NA	diaminopimelate dehydrogenase	md:cchv_M00526	I	1266178	1267158	+
Clostridium chauvoei	cchv	BTM20_06910	NA	aspartate kinase	md:cchv_M00526	I	1514229	1515431	+
Clostridium chauvoei	cchv	BTM20_08545	NA	aspartate-semialdehyde dehydrogenase	md:cchv_M00526	I	1854278	1855267	+
Clostridium chauvoei	cchv	BTM20_08550	NA	4-hydroxy-tetrahydrodipicolinate synthase	md:cchv_M00526	I	1855301	1856179	+
Clostridium chauvoei	cchv	BTM20_08555	NA	4-hydroxy-tetrahydrodipicolinate reductase	md:cchv_M00526	I	1856189	1856941	+
Clostridium chauvoei	cchv	BTM20_06910	NA	aspartate kinase	md:cchv_M00527	I	1514229	1515431	+
Clostridium chauvoei	cchv	BTM20_08545	NA	aspartate-semialdehyde dehydrogenase	md:cchv_M00527	I	1854278	1855267	+
Clostridium chauvoei	cchv	BTM20_08550	NA	4-hydroxy-tetrahydrodipicolinate synthase	md:cchv_M00527	I	1855301	1856179	+
Clostridium chauvoei	cchv	BTM20_08555	NA	4-hydroxy-tetrahydrodipicolinate reductase	md:cchv_M00527	I	1856189	1856941	+
Clostridium chauvoei	cchv	BTM20_07750	NA	nitrate reductase	md:cchv_M00531	I	1700611	1702689	-
Clostridium chauvoei	cchv	BTM20_08770	NA	catalase	md:cchv_M00532	I	1902824	1904281	-
Clostridium chauvoei	cchv	BTM20_08775	NA	serine hydroxymethyltransferase	md:cchv_M00532	I	1904407	1905639	-
Clostridium chauvoei	cchv	BTM20_00150	NA	glucokinase	md:cchv_M00549	I	29574	30518	+
Clostridium chauvoei	cchv	BTM20_02730	NA	glucokinase	md:cchv_M00549	I	608294	609262	+
Clostridium chauvoei	cchv	BTM20_03165	NA	UTP--glucose-1-phosphate uridylyltransferase	md:cchv_M00549	I	705721	706602	+
Clostridium chauvoei	cchv	BTM20_03750	NA	UTP--glucose-1-phosphate uridylyltransferase	md:cchv_M00549	I	837743	838612	+
Clostridium chauvoei	cchv	BTM20_08410	NA	phosphoglucomutase	md:cchv_M00549	I	1826454	1828181	-
Clostridium chauvoei	cchv	BTM20_02790	NA	L-ascorbate 6-phosphate lactonase	md:cchv_M00550	I	620286	621350	+
Clostridium chauvoei	cchv	BTM20_02795	NA	PTS sugar transporter subunit IIA	md:cchv_M00550	I	621419	621862	+
Clostridium chauvoei	cchv	BTM20_02800	NA	PTS ascorbate transporter subunit IIC	md:cchv_M00550	I	621962	623416	+
Clostridium chauvoei	cchv	BTM20_02805	NA	PTS ascorbate transporter subunit IIB	md:cchv_M00550	I	623613	623903	+
Clostridium chauvoei	cchv	BTM20_02815	NA	L-ribulose-5-phosphate 4-epimerase	md:cchv_M00550	I	625095	625787	+
Clostridium chauvoei	cchv	BTM20_02820	NA	L-ribulose-5-phosphate 4-epimerase	md:cchv_M00550	I	625806	626657	+
Clostridium chauvoei	cchv	BTM20_03220	NA	PTS maltose transporter subunit IIBC	md:cchv_M00550	I	715545	715832	+
Clostridium chauvoei	cchv	BTM20_03225	NA	PTS ascorbate transporter subunit IIC	md:cchv_M00550	I	715845	717224	+
Clostridium chauvoei	cchv	BTM20_11350	NA	phosphoglycerate kinase	md:cchv_M00552	I	2462807	2463982	-
Clostridium chauvoei	cchv	BTM20_11355	NA	type I glyceraldehyde-3-phosphate dehydrogenase	md:cchv_M00552	I	2464192	2465190	-
Clostridium chauvoei	cchv	BTM20_05500	NA	galactokinase	md:cchv_M00554	I	1203992	1205155	+
Clostridium chauvoei	cchv	BTM20_05505	NA	galactose-1-phosphate uridylyltransferase	md:cchv_M00554	I	1205178	1206692	+
Clostridium chauvoei	cchv	BTM20_01580	NA	starch synthase	md:cchv_M00565	I	320615	322048	+
Clostridium chauvoei	cchv	BTM20_01590	NA	glucose-1-phosphate adenylyltransferase	md:cchv_M00565	I	324714	325874	+
Clostridium chauvoei	cchv	BTM20_01595	NA	glucose-1-phosphate adenylyltransferase subunit GlgD	md:cchv_M00565	I	325893	327002	+
Clostridium chauvoei	cchv	BTM20_01675	NA	starch synthase	md:cchv_M00565	I	345454	346890	+
Clostridium chauvoei	cchv	BTM20_01690	NA	glucose-1-phosphate adenylyltransferase	md:cchv_M00565	I	351267	352466	+
Clostridium chauvoei	cchv	BTM20_01695	NA	glucose-1-phosphate adenylyltransferase subunit GlgD	md:cchv_M00565	I	352516	353622	+
Clostridium chauvoei	cchv	BTM20_04520	NA	branched chain amino acid aminotransferase	md:cchv_M00570	I	1004391	1005443	-
Clostridium chauvoei	cchv	BTM20_04880	NA	aminotransferase class IV	md:cchv_M00570	I	1084114	1084929	+
Clostridium chauvoei	cchv	BTM20_07545	NA	threonine ammonia-lyase	md:cchv_M00570	I	1664940	1666139	+
Clostridium chauvoei	cchv	BTM20_06275	NA	beta-ketoacyl-ACP reductase	md:cchv_M00572	I	1382948	1383688	+
Clostridium chauvoei	cchv	BTM20_06280	NA	beta-ketoacyl-[acyl-carrier-protein] synthase II	md:cchv_M00572	I	1383703	1384938	+
Clostridium chauvoei	cchv	BTM20_06290	NA	3-hydroxyacyl-[acyl-carrier-protein] dehydratase FabZ	md:cchv_M00572	I	1385457	1385879	+
Clostridium chauvoei	cchv	BTM20_08725	NA	short-chain dehydrogenase	md:cchv_M00572	I	1893288	1894031	-
Clostridium chauvoei	cchv	BTM20_01530	NA	biotin synthase BioB	md:cchv_M00573	I	307096	308055	+
Clostridium chauvoei	cchv	BTM20_01535	NA	dethiobiotin synthase	md:cchv_M00573	I	308055	308756	+
Clostridium chauvoei	cchv	BTM20_04425	NA	[FeFe] hydrogenase H-cluster radical SAM maturase HydE	md:cchv_M00573	I	985506	986567	+
Clostridium chauvoei	cchv	BTM20_01530	NA	biotin synthase BioB	md:cchv_M00577	I	307096	308055	+
Clostridium chauvoei	cchv	BTM20_01535	NA	dethiobiotin synthase	md:cchv_M00577	I	308055	308756	+
Clostridium chauvoei	cchv	BTM20_01540	NA	adenosylmethionine--8-amino-7-oxononanoate transaminase	md:cchv_M00577	I	308769	310124	+
Clostridium chauvoei	cchv	BTM20_04425	NA	[FeFe] hydrogenase H-cluster radical SAM maturase HydE	md:cchv_M00577	I	985506	986567	+
Clostridium chauvoei	cchv	BTM20_04165	NA	phosphate propanoyltransferase	md:cchv_M00579	I	923095	923712	+
Clostridium chauvoei	cchv	BTM20_06660	NA	phosphate acetyltransferase	md:cchv_M00579	I	1461577	1462572	+
Clostridium chauvoei	cchv	BTM20_06665	NA	acetate kinase	md:cchv_M00579	I	1462598	1463803	+
Clostridium chauvoei	cchv	BTM20_07315	NA	phosphate propanoyltransferase	md:cchv_M00579	I	1614911	1615546	+
Clostridium chauvoei	cchv	BTM20_08375	NA	acetate kinase	md:cchv_M00579	I	1819452	1820645	-
Clostridium chauvoei	cchv	BTM20_11010	NA	phosphate propanoyltransferase	md:cchv_M00579	I	2390934	2391584	-
Clostridium chauvoei	cchv	BTM20_03975	NA	bifunctional metallophosphatase/5'-nucleotidase	md:cchv_M00595	I	884450	885895	+
Clostridium chauvoei	cchv	BTM20_12005	NA	methionine adenosyltransferase	md:cchv_M00609	I	2625316	2626491	-
Clostridium chauvoei	cchv	BTM20_12945	NA	5'-methylthioadenosine/S-adenosylhomocysteine nucleosidase	md:cchv_M00609	I	2795399	2796094	+
Clostridium chauvoei	cchv	BTM20_09105	NA	serine hydrolase	md:cchv_M00627	I	1981000	1981779	-
Clostridium chauvoei	cchv	BTM20_11285	NA	carbohydrate kinase	md:cchv_M00631	I	2451373	2452389	-
Clostridium chauvoei	cchv	BTM20_11290	NA	bifunctional 2-keto-4-hydroxyglutarate aldolase/2-keto-3-deoxy-6-phosphogluconate aldolase	md:cchv_M00631	I	2452401	2453033	-
Clostridium chauvoei	cchv	BTM20_01900	NA	UDP-glucose 4-epimerase GalE	md:cchv_M00632	I	395232	396218	-
Clostridium chauvoei	cchv	BTM20_03055	NA	UDP-glucose 4-epimerase GalE	md:cchv_M00632	I	679496	680506	+
Clostridium chauvoei	cchv	BTM20_03625	NA	UDP-glucose 4-epimerase GalE	md:cchv_M00632	I	808617	809648	+
Clostridium chauvoei	cchv	BTM20_05500	NA	galactokinase	md:cchv_M00632	I	1203992	1205155	+
Clostridium chauvoei	cchv	BTM20_05505	NA	galactose-1-phosphate uridylyltransferase	md:cchv_M00632	I	1205178	1206692	+
Clostridium chauvoei	cchv	BTM20_05510	NA	galactose mutarotase	md:cchv_M00632	I	1206701	1207744	+
Clostridium chauvoei	cchv	BTM20_01005	NA	NADP-dependent glyceraldehyde-3-phosphate dehydrogenase	md:cchv_M00633	I	211756	213219	+
Clostridium chauvoei	cchv	BTM20_08425	NA	D-alanyl-D-alanine carboxypeptidase	md:cchv_M00651	I	1830660	1831754	-
Clostridium chauvoei	cchv	BTM20_08675	NA	two-component sensor histidine kinase	md:cchv_M00651	I	1883132	1884637	+
Clostridium chauvoei	cchv	BTM20_11415	NA	DNA-binding response regulator	md:cchv_M00652	I	2482888	2483604	-
Clostridium chauvoei	cchv	BTM20_10230	NA	MFS transporter	md:cchv_M00704	I	2216091	2217494	-
Clostridium chauvoei	cchv	BTM20_03480	NA	hypothetical protein	md:cchv_M00726	I	773870	776410	+
Clostridium chauvoei	cchv	BTM20_02040	NA	dTDP-4-dehydrorhamnose 3,5-epimerase	md:cchv_M00793	I	426348	426896	+
Clostridium chauvoei	cchv	BTM20_08965	NA	bifunctional 3,4-dihydroxy-2-butanone 4-phosphate synthase/GTP cyclohydrolase II	md:cchv_M00840	I	1949322	1950521	-
Clostridium chauvoei	cchv	BTM20_13020	NA	diacylglycerol kinase	md:cchv_M00840	I	2807782	2808270	+
Clostridium chauvoei	cchv	BTM20_08630	NA	bifunctional folylpolyglutamate synthase/dihydrofolate synthase	md:cchv_M00841	I	1870917	1872218	-
Clostridium chauvoei	cchv	BTM20_09595	NA	GTP cyclohydrolase I FolE	md:cchv_M00841	I	2069191	2069745	-
Clostridium chauvoei	cchv	BTM20_09595	NA	GTP cyclohydrolase I FolE	md:cchv_M00842	I	2069191	2069745	-
Clostridium chauvoei	cchv	BTM20_09595	NA	GTP cyclohydrolase I FolE	md:cchv_M00843	I	2069191	2069745	-
Clostridium chauvoei	cchv	BTM20_10845	NA	argininosuccinate synthase	md:cchv_M00844	I	2344371	2345594	+
Clostridium chauvoei	cchv	BTM20_10850	NA	argininosuccinate lyase	md:cchv_M00844	I	2345597	2346997	+
Clostridium chauvoei	cchv	BTM20_10845	NA	argininosuccinate synthase	md:cchv_M00845	I	2344371	2345594	+
Clostridium chauvoei	cchv	BTM20_10850	NA	argininosuccinate lyase	md:cchv_M00845	I	2345597	2346997	+
Clostridium chauvoei	cchv	BTM20_04475	NA	glutamyl-tRNA reductase	md:cchv_M00846	I	995070	996269	+
Clostridium chauvoei	cchv	BTM20_04480	NA	precorrin-2 dehydrogenase	md:cchv_M00846	I	996233	996901	+
Clostridium chauvoei	cchv	BTM20_04485	NA	hydroxymethylbilane synthase	md:cchv_M00846	I	996918	997790	+
Clostridium chauvoei	cchv	BTM20_04490	NA	uroporphyrinogen-III C-methyltransferase	md:cchv_M00846	I	997801	999279	+
Clostridium chauvoei	cchv	BTM20_04495	NA	delta-aminolevulinic acid dehydratase	md:cchv_M00846	I	999290	1000255	+
Clostridium chauvoei	cchv	BTM20_04500	NA	glutamate-1-semialdehyde-2,1-aminomutase	md:cchv_M00846	I	1000260	1001531	+
Clostridium chauvoei	cchv	BTM20_12120	NA	acetyl-CoA acetyltransferase	md:cchv_M00849	I	2641410	2642591	-
Clostridium chauvoei	cchv	BTM20_01580	NA	starch synthase	md:cchv_M00854	I	320615	322048	+
Clostridium chauvoei	cchv	BTM20_01590	NA	glucose-1-phosphate adenylyltransferase	md:cchv_M00854	I	324714	325874	+
Clostridium chauvoei	cchv	BTM20_01595	NA	glucose-1-phosphate adenylyltransferase subunit GlgD	md:cchv_M00854	I	325893	327002	+
Clostridium chauvoei	cchv	BTM20_01675	NA	starch synthase	md:cchv_M00854	I	345454	346890	+
Clostridium chauvoei	cchv	BTM20_01690	NA	glucose-1-phosphate adenylyltransferase	md:cchv_M00854	I	351267	352466	+
Clostridium chauvoei	cchv	BTM20_01695	NA	glucose-1-phosphate adenylyltransferase subunit GlgD	md:cchv_M00854	I	352516	353622	+
Clostridium chauvoei	cchv	BTM20_03165	NA	UTP--glucose-1-phosphate uridylyltransferase	md:cchv_M00854	I	705721	706602	+
Clostridium chauvoei	cchv	BTM20_03750	NA	UTP--glucose-1-phosphate uridylyltransferase	md:cchv_M00854	I	837743	838612	+
Clostridium chauvoei	cchv	BTM20_01585	NA	glycogen phosphorylase	md:cchv_M00855	I	322078	324513	+
Clostridium chauvoei	cchv	BTM20_01680	NA	glycogen phosphorylase	md:cchv_M00855	I	346919	349351	+
Clostridium chauvoei	cchv	BTM20_08410	NA	phosphoglucomutase	md:cchv_M00855	I	1826454	1828181	-
Clostridium chauvoei	cchv	BTM20_10820	NA	4-alpha-glucanotransferase	md:cchv_M00855	I	2338959	2340434	-
Clostridium chauvoei	cchv	BTM20_12395	NA	type I pullulanase	md:cchv_M00855	I	2701952	2703919	-
Clostridium chauvoei	cchv	BTM20_04485	NA	hydroxymethylbilane synthase	md:cchv_M00868	I	996918	997790	+
Clostridium chauvoei	cchv	BTM20_04495	NA	delta-aminolevulinic acid dehydratase	md:cchv_M00868	I	999290	1000255	+
Clostridium chauvoei	cchv	BTM20_06270	NA	[acyl-carrier-protein] S-malonyltransferase	md:cchv_M00873	I	1382009	1382938	+
Clostridium chauvoei	cchv	BTM20_06280	NA	beta-ketoacyl-[acyl-carrier-protein] synthase II	md:cchv_M00873	I	1383703	1384938	+
Clostridium chauvoei	cchv	BTM20_06270	NA	[acyl-carrier-protein] S-malonyltransferase	md:cchv_M00874	I	1382009	1382938	+
Clostridium chauvoei	cchv	BTM20_06275	NA	beta-ketoacyl-ACP reductase	md:cchv_M00874	I	1382948	1383688	+
Clostridium chauvoei	cchv	BTM20_06280	NA	beta-ketoacyl-[acyl-carrier-protein] synthase II	md:cchv_M00874	I	1383703	1384938	+
Clostridium chauvoei	cchv	BTM20_08725	NA	short-chain dehydrogenase	md:cchv_M00874	I	1893288	1894031	-
Clostridium chauvoei	cchv	BTM20_12675	NA	3-hydroxybutyryl-CoA dehydrogenase	md:cchv_M00878	I	2744246	2745094	-
Clostridium chauvoei	cchv	BTM20_07690	NA	cyclic pyranopterin phosphate synthase MoaA	md:cchv_M00880	I	1690767	1691738	-
Clostridium chauvoei	cchv	BTM20_07695	NA	molybdenum cofactor biosynthesis protein C	md:cchv_M00880	I	1691779	1692255	-
Clostridium chauvoei	cchv	BTM20_07715	NA	molybdenum cofactor biosynthesis protein	md:cchv_M00880	I	1694736	1695227	-
Clostridium chauvoei	cchv	BTM20_07725	NA	molybdopterin molybdenumtransferase MoeA	md:cchv_M00880	I	1695804	1697003	-
Clostridium chauvoei	cchv	BTM20_05190	NA	tRNA 4-thiouridine(8) synthase ThiI	md:cchv_M00895	I	1142652	1143803	+
Clostridium chauvoei	cchv	BTM20_09935	NA	thiamine-phosphate diphosphorylase	md:cchv_M00895	I	2140995	2141606	-
Clostridium chauvoei	cchv	BTM20_09950	NA	bifunctional hydroxymethylpyrimidine kinase/phosphomethylpyrimidine kinase	md:cchv_M00895	I	2143097	2143897	-
Clostridium chauvoei	cchv	BTM20_09935	NA	thiamine-phosphate diphosphorylase	md:cchv_M00896	I	2140995	2141606	-
Clostridium chauvoei	cchv	BTM20_09950	NA	bifunctional hydroxymethylpyrimidine kinase/phosphomethylpyrimidine kinase	md:cchv_M00896	I	2143097	2143897	-
Clostridium chauvoei	cchv	BTM20_06610	NA	thiamine diphosphokinase	md:cchv_M00897	I	1451766	1452401	+
Clostridium chauvoei	cchv	BTM20_06610	NA	thiamine diphosphokinase	md:cchv_M00898	I	1451766	1452401	+
Clostridium chauvoei	cchv	BTM20_09935	NA	thiamine-phosphate diphosphorylase	md:cchv_M00899	I	2140995	2141606	-
Clostridium chauvoei	cchv	BTM20_09945	NA	hydroxyethylthiazole kinase	md:cchv_M00899	I	2142294	2143073	-
Clostridium chauvoei	cchv	BTM20_09950	NA	bifunctional hydroxymethylpyrimidine kinase/phosphomethylpyrimidine kinase	md:cchv_M00899	I	2143097	2143897	-
Clostridium chauvoei	cchv	BTM20_11520	NA	hypothetical protein	md:cchv_M00899	I	2515163	2516005	-
Clostridium chauvoei	cchv	BTM20_00150	NA	glucokinase	md:cchv_M00909	I	29574	30518	+
Clostridium chauvoei	cchv	BTM20_00690	NA	UDP-N-acetylglucosamine diphosphorylase/glucosamine-1-phosphate N-acetyltransferase	md:cchv_M00909	I	155219	156589	+
Clostridium chauvoei	cchv	BTM20_01460	NA	phosphoglucosamine mutase	md:cchv_M00909	I	290447	291790	+
Clostridium chauvoei	cchv	BTM20_02730	NA	glucokinase	md:cchv_M00909	I	608294	609262	+
Clostridium chauvoei	cchv	BTM20_12570	NA	glucose-6-phosphate isomerase	md:cchv_M00909	I	2722340	2723692	-
Clostridium chauvoei	cchv	BTM20_12900	NA	glutamine--fructose-6-phosphate transaminase (isomerizing)	md:cchv_M00909	I	2786497	2788323	-
Clostridium chauvoei	cchv	BTM20_08955	NA	6,7-dimethyl-8-ribityllumazine synthase	md:cchv_M00911	I	1947280	1947741	-
Clostridium chauvoei	cchv	BTM20_08970	NA	riboflavin synthase subunit alpha	md:cchv_M00911	I	1950573	1951223	-
Clostridium chauvoei	cchv	BTM20_04305	NA	hypothetical protein	md:cchv_M00912	I	956123	956437	+
Clostridium chauvoei	cchv	BTM20_05770	NA	NAD(+) synthase	md:cchv_M00912	I	1268057	1269961	-
Clostridium chauvoei	cchv	BTM20_11660	NA	nicotinic acid mononucleotide adenylyltransferase	md:cchv_M00912	I	2548470	2549069	-
Clostridium chauvoei	cchv	BTM20_00115	NA	3-methyl-2-oxobutanoate hydroxymethyltransferase	md:cchv_M00913	I	25657	26484	+
Clostridium chauvoei	cchv	BTM20_00120	NA	pantoate--beta-alanine ligase	md:cchv_M00913	I	26500	27345	+
Clostridium chauvoei	cchv	BTM20_11000	NA	2-dehydropantoate 2-reductase	md:cchv_M00913	I	2389271	2390212	-
Clostridium chauvoei	cchv	BTM20_12745	NA	aldehyde dehydrogenase	md:cchv_M00913	I	2759363	2760739	-
Clostridium chauvoei	cchv	BTM20_00115	NA	3-methyl-2-oxobutanoate hydroxymethyltransferase	md:cchv_M00914	I	25657	26484	+
Clostridium chauvoei	cchv	BTM20_06555	NA	bifunctional 4'-phosphopantothenoylcysteine decarboxylase/phosphopantothenoylcysteine synthetase	md:cchv_M00914	I	1439416	1440612	+
Clostridium chauvoei	cchv	BTM20_11000	NA	2-dehydropantoate 2-reductase	md:cchv_M00914	I	2389271	2390212	-
Clostridium chauvoei	cchv	BTM20_03710	NA	UDP-glucose 4-epimerase	md:cchv_M00923	I	829145	830200	+
Clostridium chauvoei	cchv	BTM20_03715	NA	capsular biosynthesis protein	md:cchv_M00923	I	830264	831373	+
Clostridium chauvoei	cchv	BTM20_03720	NA	UDP-N-acetylglucosamine 2-epimerase	md:cchv_M00923	I	831394	832518	+
Clostridium chauvoei	cchv	BTM20_04480	NA	precorrin-2 dehydrogenase	md:cchv_M00924	I	996233	996901	+
Clostridium chauvoei	cchv	BTM20_04490	NA	uroporphyrinogen-III C-methyltransferase	md:cchv_M00924	I	997801	999279	+
Clostridium chauvoei	cchv	BTM20_04505	NA	hypothetical protein	md:cchv_M00924	I	1001554	1002330	+
Clostridium chauvoei	cchv	BTM20_06090	NA	sirohydrochlorin cobaltochelatase	md:cchv_M00924	I	1341380	1342237	+
Clostridium chauvoei	cchv	BTM20_06095	NA	cobyrinic acid a,c-diamide synthase	md:cchv_M00924	I	1342206	1343492	+
Clostridium chauvoei	cchv	BTM20_06100	cbiC	precorrin-8X methylmutase	md:cchv_M00924	I	1343505	1344128	+
Clostridium chauvoei	cchv	BTM20_06105	NA	cobalamin biosynthesis protein CbiD	md:cchv_M00924	I	1344136	1345221	+
Clostridium chauvoei	cchv	BTM20_06110	NA	precorrin-6y C5,15-methyltransferase (decarboxylating) subunit CbiE	md:cchv_M00924	I	1345226	1345828	+
Clostridium chauvoei	cchv	BTM20_06115	NA	precorrin-6Y C5,15-methyltransferase (decarboxylating) subunit CbiT	md:cchv_M00924	I	1345844	1346422	+
Clostridium chauvoei	cchv	BTM20_06120	NA	precorrin-2 C(20)-methyltransferase	md:cchv_M00924	I	1346422	1347087	+
Clostridium chauvoei	cchv	BTM20_06125	NA	precorrin-4 C(11)-methyltransferase	md:cchv_M00924	I	1347098	1347844	+
Clostridium chauvoei	cchv	BTM20_06130	NA	cobalamin biosynthesis protein CbiG	md:cchv_M00924	I	1347847	1348815	+
Clostridium chauvoei	cchv	BTM20_06135	NA	precorrin-3B C(17)-methyltransferase	md:cchv_M00924	I	1348830	1349546	+
Clostridium chauvoei	cchv	BTM20_06140	NA	cobalt-precorrin-6A reductase	md:cchv_M00924	I	1349543	1350322	+
Clostridium chauvoei	cchv	BTM20_04490	NA	uroporphyrinogen-III C-methyltransferase	md:cchv_M00925	I	997801	999279	+
Clostridium chauvoei	cchv	BTM20_06095	NA	cobyrinic acid a,c-diamide synthase	md:cchv_M00925	I	1342206	1343492	+
Clostridium chauvoei	cchv	BTM20_06100	cbiC	precorrin-8X methylmutase	md:cchv_M00925	I	1343505	1344128	+
Clostridium chauvoei	cchv	BTM20_06120	NA	precorrin-2 C(20)-methyltransferase	md:cchv_M00925	I	1346422	1347087	+
Clostridium chauvoei	cchv	BTM20_06125	NA	precorrin-4 C(11)-methyltransferase	md:cchv_M00925	I	1347098	1347844	+
Clostridium chauvoei	cchv	BTM20_06135	NA	precorrin-3B C(17)-methyltransferase	md:cchv_M00925	I	1348830	1349546	+
Clostridium chauvoei	cchv	BTM20_06140	NA	cobalt-precorrin-6A reductase	md:cchv_M00925	I	1349543	1350322	+
Clostridium chauvoei	cchv	BTM20_04475	NA	glutamyl-tRNA reductase	md:cchv_M00926	I	995070	996269	+
Clostridium chauvoei	cchv	BTM20_04485	NA	hydroxymethylbilane synthase	md:cchv_M00926	I	996918	997790	+
Clostridium chauvoei	cchv	BTM20_04490	NA	uroporphyrinogen-III C-methyltransferase	md:cchv_M00926	I	997801	999279	+
Clostridium chauvoei	cchv	BTM20_04495	NA	delta-aminolevulinic acid dehydratase	md:cchv_M00926	I	999290	1000255	+
Clostridium chauvoei	cchv	BTM20_04500	NA	glutamate-1-semialdehyde-2,1-aminomutase	md:cchv_M00926	I	1000260	1001531	+
Clostridium chauvoei	cchv	BTM20_00950	NA	dTMP kinase	md:cchv_M00938	I	203023	203652	+
Clostridium chauvoei	cchv	BTM20_01375	NA	ribonucleoside-diphosphate reductase subunit alpha	md:cchv_M00938	I	271820	274051	+
Clostridium chauvoei	cchv	BTM20_01380	NA	ribonucleotide-diphosphate reductase subunit beta	md:cchv_M00938	I	274082	275116	+
Clostridium chauvoei	cchv	BTM20_04715	NA	deoxyuridine 5'-triphosphate nucleotidohydrolase	md:cchv_M00938	I	1045700	1046140	+
Clostridium chauvoei	cchv	BTM20_13015	NA	thymidylate synthase	md:cchv_M00938	I	2806991	2807782	+
Clostridium chauvoei	cchv	BTM20_01530	NA	biotin synthase BioB	md:cchv_M00950	I	307096	308055	+
Clostridium chauvoei	cchv	BTM20_01535	NA	dethiobiotin synthase	md:cchv_M00950	I	308055	308756	+
Clostridium chauvoei	cchv	BTM20_04425	NA	[FeFe] hydrogenase H-cluster radical SAM maturase HydE	md:cchv_M00950	I	985506	986567	+
