Chlamydia trachomatis L2b/UCH-2	ctru	L2BUCH2_00206	NA	diphosphate--fructose-6-phosphate 1-phosphotransferase	md:ctru_M00001	I	226876	228537	+
Chlamydia trachomatis L2b/UCH-2	ctru	L2BUCH2_00218	NA	fructose-bisphosphate aldolase	md:ctru_M00001	I	240271	241317	+
Chlamydia trachomatis L2b/UCH-2	ctru	L2BUCH2_00337	NA	triosephosphate isomerase	md:ctru_M00001	I	366262	367086	+
Chlamydia trachomatis L2b/UCH-2	ctru	L2BUCH2_00342	NA	pyruvate kinase	md:ctru_M00001	I	371147	372604	+
Chlamydia trachomatis L2b/UCH-2	ctru	L2BUCH2_00391	NA	glucose-6-phosphate isomerase	md:ctru_M00001	I	427546	429123	-
Chlamydia trachomatis L2b/UCH-2	ctru	L2BUCH2_00531	NA	glyceraldehyde-3-phosphate dehydrogenase A	md:ctru_M00001	I	580009	581013	-
Chlamydia trachomatis L2b/UCH-2	ctru	L2BUCH2_00614	NA	enolase	md:ctru_M00001	I	658756	660030	+
Chlamydia trachomatis L2b/UCH-2	ctru	L2BUCH2_00732	NA	bifunctional phosphoglycerate kinase/triosephosphate isomerase	md:ctru_M00001	I	791892	793103	+
Chlamydia trachomatis L2b/UCH-2	ctru	L2BUCH2_00762	NA	phosphoglyceromutase	md:ctru_M00001	I	830852	831532	-
Chlamydia trachomatis L2b/UCH-2	ctru	L2BUCH2_00337	NA	triosephosphate isomerase	md:ctru_M00002	I	366262	367086	+
Chlamydia trachomatis L2b/UCH-2	ctru	L2BUCH2_00342	NA	pyruvate kinase	md:ctru_M00002	I	371147	372604	+
Chlamydia trachomatis L2b/UCH-2	ctru	L2BUCH2_00531	NA	glyceraldehyde-3-phosphate dehydrogenase A	md:ctru_M00002	I	580009	581013	-
Chlamydia trachomatis L2b/UCH-2	ctru	L2BUCH2_00614	NA	enolase	md:ctru_M00002	I	658756	660030	+
Chlamydia trachomatis L2b/UCH-2	ctru	L2BUCH2_00732	NA	bifunctional phosphoglycerate kinase/triosephosphate isomerase	md:ctru_M00002	I	791892	793103	+
Chlamydia trachomatis L2b/UCH-2	ctru	L2BUCH2_00762	NA	phosphoglyceromutase	md:ctru_M00002	I	830852	831532	-
Chlamydia trachomatis L2b/UCH-2	ctru	L2BUCH2_00218	NA	fructose-bisphosphate aldolase	md:ctru_M00003	I	240271	241317	+
Chlamydia trachomatis L2b/UCH-2	ctru	L2BUCH2_00337	NA	triosephosphate isomerase	md:ctru_M00003	I	366262	367086	+
Chlamydia trachomatis L2b/UCH-2	ctru	L2BUCH2_00531	NA	glyceraldehyde-3-phosphate dehydrogenase A	md:ctru_M00003	I	580009	581013	-
Chlamydia trachomatis L2b/UCH-2	ctru	L2BUCH2_00614	NA	enolase	md:ctru_M00003	I	658756	660030	+
Chlamydia trachomatis L2b/UCH-2	ctru	L2BUCH2_00732	NA	bifunctional phosphoglycerate kinase/triosephosphate isomerase	md:ctru_M00003	I	791892	793103	+
Chlamydia trachomatis L2b/UCH-2	ctru	L2BUCH2_00750	NA	phosphoenolpyruvate carboxykinase	md:ctru_M00003	I	816406	818205	+
Chlamydia trachomatis L2b/UCH-2	ctru	L2BUCH2_00762	NA	phosphoglyceromutase	md:ctru_M00003	I	830852	831532	-
Chlamydia trachomatis L2b/UCH-2	ctru	L2BUCH2_00066	NA	6-phosphogluconate dehydrogenase	md:ctru_M00004	I	73854	75296	+
Chlamydia trachomatis L2b/UCH-2	ctru	L2BUCH2_00123	NA	ribulose-phosphate 3-epimerase	md:ctru_M00004	I	138939	139625	+
Chlamydia trachomatis L2b/UCH-2	ctru	L2BUCH2_00186	NA	glucose-6-phosphate 1-dehydrogenase	md:ctru_M00004	I	203391	204914	+
Chlamydia trachomatis L2b/UCH-2	ctru	L2BUCH2_00187	NA	glucosamine-6-phosphate deaminase	md:ctru_M00004	I	204939	205709	+
Chlamydia trachomatis L2b/UCH-2	ctru	L2BUCH2_00216	NA	ribose-5-phosphate isomerase A	md:ctru_M00004	I	237501	238229	-
Chlamydia trachomatis L2b/UCH-2	ctru	L2BUCH2_00318	NA	transaldolase B	md:ctru_M00004	I	346216	347199	-
Chlamydia trachomatis L2b/UCH-2	ctru	L2BUCH2_00391	NA	glucose-6-phosphate isomerase	md:ctru_M00004	I	427546	429123	-
Chlamydia trachomatis L2b/UCH-2	ctru	L2BUCH2_00797	NA	transketolase	md:ctru_M00004	I	878454	880454	+
Chlamydia trachomatis L2b/UCH-2	ctru	L2BUCH2_00066	NA	6-phosphogluconate dehydrogenase	md:ctru_M00006	I	73854	75296	+
Chlamydia trachomatis L2b/UCH-2	ctru	L2BUCH2_00186	NA	glucose-6-phosphate 1-dehydrogenase	md:ctru_M00006	I	203391	204914	+
Chlamydia trachomatis L2b/UCH-2	ctru	L2BUCH2_00187	NA	glucosamine-6-phosphate deaminase	md:ctru_M00006	I	204939	205709	+
Chlamydia trachomatis L2b/UCH-2	ctru	L2BUCH2_00123	NA	ribulose-phosphate 3-epimerase	md:ctru_M00007	I	138939	139625	+
Chlamydia trachomatis L2b/UCH-2	ctru	L2BUCH2_00216	NA	ribose-5-phosphate isomerase A	md:ctru_M00007	I	237501	238229	-
Chlamydia trachomatis L2b/UCH-2	ctru	L2BUCH2_00318	NA	transaldolase B	md:ctru_M00007	I	346216	347199	-
Chlamydia trachomatis L2b/UCH-2	ctru	L2BUCH2_00797	NA	transketolase	md:ctru_M00007	I	878454	880454	+
Chlamydia trachomatis L2b/UCH-2	ctru	L2BUCH2_00186	NA	glucose-6-phosphate 1-dehydrogenase	md:ctru_M00008	I	203391	204914	+
Chlamydia trachomatis L2b/UCH-2	ctru	L2BUCH2_00187	NA	glucosamine-6-phosphate deaminase	md:ctru_M00008	I	204939	205709	+
Chlamydia trachomatis L2b/UCH-2	ctru	L2BUCH2_00056	NA	2-oxoglutarate dehydrogenase E1 component	md:ctru_M00009	I	61592	64303	+
Chlamydia trachomatis L2b/UCH-2	ctru	L2BUCH2_00057	NA	dihydrolipoamide succinyltransferase	md:ctru_M00009	I	64307	65404	+
Chlamydia trachomatis L2b/UCH-2	ctru	L2BUCH2_00389	NA	malate dehydrogenase	md:ctru_M00009	I	426121	427101	-
Chlamydia trachomatis L2b/UCH-2	ctru	L2BUCH2_00414	NA	branched-chain alpha-keto acid dehydrogenase subunit E2	md:ctru_M00009	I	455372	456538	-
Chlamydia trachomatis L2b/UCH-2	ctru	L2BUCH2_00584	NA	dihydrolipoamide dehydrogenase	md:ctru_M00009	I	625959	627356	+
Chlamydia trachomatis L2b/UCH-2	ctru	L2BUCH2_00618	NA	succinate dehydrogenase iron-sulfur subunit	md:ctru_M00009	I	667018	667677	-
Chlamydia trachomatis L2b/UCH-2	ctru	L2BUCH2_00619	NA	succinate dehydrogenase flavoprotein subunit	md:ctru_M00009	I	667795	669675	-
Chlamydia trachomatis L2b/UCH-2	ctru	L2BUCH2_00620	NA	Succinate dehydrogenase/fumarate reductase, cytochrome b subunit	md:ctru_M00009	I	669672	670241	-
Chlamydia trachomatis L2b/UCH-2	ctru	L2BUCH2_00874	NA	succinyl-CoA synthetase subunit beta	md:ctru_M00009	I	961811	962971	+
Chlamydia trachomatis L2b/UCH-2	ctru	L2BUCH2_00875	NA	succinyl-CoA synthetase subunit alpha	md:ctru_M00009	I	962986	963861	+
Chlamydia trachomatis L2b/UCH-2	ctru	L2BUCH2_00912	NA	fumarate hydratase	md:ctru_M00009	I	1002132	1002911	+
Chlamydia trachomatis L2b/UCH-2	ctru	L2BUCH2_00056	NA	2-oxoglutarate dehydrogenase E1 component	md:ctru_M00011	I	61592	64303	+
Chlamydia trachomatis L2b/UCH-2	ctru	L2BUCH2_00057	NA	dihydrolipoamide succinyltransferase	md:ctru_M00011	I	64307	65404	+
Chlamydia trachomatis L2b/UCH-2	ctru	L2BUCH2_00389	NA	malate dehydrogenase	md:ctru_M00011	I	426121	427101	-
Chlamydia trachomatis L2b/UCH-2	ctru	L2BUCH2_00414	NA	branched-chain alpha-keto acid dehydrogenase subunit E2	md:ctru_M00011	I	455372	456538	-
Chlamydia trachomatis L2b/UCH-2	ctru	L2BUCH2_00584	NA	dihydrolipoamide dehydrogenase	md:ctru_M00011	I	625959	627356	+
Chlamydia trachomatis L2b/UCH-2	ctru	L2BUCH2_00618	NA	succinate dehydrogenase iron-sulfur subunit	md:ctru_M00011	I	667018	667677	-
Chlamydia trachomatis L2b/UCH-2	ctru	L2BUCH2_00619	NA	succinate dehydrogenase flavoprotein subunit	md:ctru_M00011	I	667795	669675	-
Chlamydia trachomatis L2b/UCH-2	ctru	L2BUCH2_00620	NA	Succinate dehydrogenase/fumarate reductase, cytochrome b subunit	md:ctru_M00011	I	669672	670241	-
Chlamydia trachomatis L2b/UCH-2	ctru	L2BUCH2_00874	NA	succinyl-CoA synthetase subunit beta	md:ctru_M00011	I	961811	962971	+
Chlamydia trachomatis L2b/UCH-2	ctru	L2BUCH2_00875	NA	succinyl-CoA synthetase subunit alpha	md:ctru_M00011	I	962986	963861	+
Chlamydia trachomatis L2b/UCH-2	ctru	L2BUCH2_00912	NA	fumarate hydratase	md:ctru_M00011	I	1002132	1002911	+
Chlamydia trachomatis L2b/UCH-2	ctru	L2BUCH2_00389	NA	malate dehydrogenase	md:ctru_M00012	I	426121	427101	-
Chlamydia trachomatis L2b/UCH-2	ctru	L2BUCH2_00374	NA	dihydrodipicolinate synthase	md:ctru_M00016	I	408998	409858	-
Chlamydia trachomatis L2b/UCH-2	ctru	L2BUCH2_00375	NA	aspartate kinase	md:ctru_M00016	I	409868	411163	-
Chlamydia trachomatis L2b/UCH-2	ctru	L2BUCH2_00376	NA	aspartate-semialdehyde dehydrogenase	md:ctru_M00016	I	411156	412160	-
Chlamydia trachomatis L2b/UCH-2	ctru	L2BUCH2_00377	NA	dihydrodipicolinate reductase	md:ctru_M00016	I	412170	412931	-
Chlamydia trachomatis L2b/UCH-2	ctru	L2BUCH2_00448	NA	diaminopimelate epimerase	md:ctru_M00016	I	496509	497336	-
Chlamydia trachomatis L2b/UCH-2	ctru	L2BUCH2_00375	NA	aspartate kinase	md:ctru_M00017	I	409868	411163	-
Chlamydia trachomatis L2b/UCH-2	ctru	L2BUCH2_00376	NA	aspartate-semialdehyde dehydrogenase	md:ctru_M00017	I	411156	412160	-
Chlamydia trachomatis L2b/UCH-2	ctru	L2BUCH2_00375	NA	aspartate kinase	md:ctru_M00018	I	409868	411163	-
Chlamydia trachomatis L2b/UCH-2	ctru	L2BUCH2_00376	NA	aspartate-semialdehyde dehydrogenase	md:ctru_M00018	I	411156	412160	-
Chlamydia trachomatis L2b/UCH-2	ctru	L2BUCH2_00379	NA	3-phosphoshikimate 1-carboxyvinyltransferase	md:ctru_M00022	I	415005	416327	+
Chlamydia trachomatis L2b/UCH-2	ctru	L2BUCH2_00380	NA	shikimate kinase	md:ctru_M00022	I	416269	416823	+
Chlamydia trachomatis L2b/UCH-2	ctru	L2BUCH2_00381	NA	chorismate synthase	md:ctru_M00022	I	416816	417889	+
Chlamydia trachomatis L2b/UCH-2	ctru	L2BUCH2_00382	NA	3-dehydroquinate synthase	md:ctru_M00022	I	417886	419007	+
Chlamydia trachomatis L2b/UCH-2	ctru	L2BUCH2_00383	NA	bifunctional 3-dehydroquinate dehydratase/shikimate dehydrogenase protein	md:ctru_M00022	I	418988	420430	+
Chlamydia trachomatis L2b/UCH-2	ctru	L2BUCH2_00395	NA	3-deoxy-7-phosphoheptulonate synthase	md:ctru_M00022	I	432263	433099	-
Chlamydia trachomatis L2b/UCH-2	ctru	L2BUCH2_00170	NA	bifunctional phosphoribosylanthranilate isomerase/tryptophan synthase subunit beta	md:ctru_M00023	I	190398	191576	+
Chlamydia trachomatis L2b/UCH-2	ctru	L2BUCH2_00171	NA	tryptophan synthase subunit alpha	md:ctru_M00023	I	191569	192330	+
Chlamydia trachomatis L2b/UCH-2	ctru	L2BUCH2_00057	NA	dihydrolipoamide succinyltransferase	md:ctru_M00032	I	64307	65404	+
Chlamydia trachomatis L2b/UCH-2	ctru	L2BUCH2_00414	NA	branched-chain alpha-keto acid dehydrogenase subunit E2	md:ctru_M00032	I	455372	456538	-
Chlamydia trachomatis L2b/UCH-2	ctru	L2BUCH2_00584	NA	dihydrolipoamide dehydrogenase	md:ctru_M00032	I	625959	627356	+
Chlamydia trachomatis L2b/UCH-2	ctru	L2BUCH2_00375	NA	aspartate kinase	md:ctru_M00033	I	409868	411163	-
Chlamydia trachomatis L2b/UCH-2	ctru	L2BUCH2_00376	NA	aspartate-semialdehyde dehydrogenase	md:ctru_M00033	I	411156	412160	-
Chlamydia trachomatis L2b/UCH-2	ctru	L2BUCH2_00058	NA	hypothetical protein	md:ctru_M00034	I	65433	66164	-
Chlamydia trachomatis L2b/UCH-2	ctru	L2BUCH2_00351	NA	pyruvate dehydrogenase subunit beta	md:ctru_M00036	I	384426	386462	-
Chlamydia trachomatis L2b/UCH-2	ctru	L2BUCH2_00584	NA	dihydrolipoamide dehydrogenase	md:ctru_M00036	I	625959	627356	+
Chlamydia trachomatis L2b/UCH-2	ctru	L2BUCH2_00130	NA	adenylate kinase	md:ctru_M00049	I	144138	144875	-
Chlamydia trachomatis L2b/UCH-2	ctru	L2BUCH2_00525	NA	mulitfunctional nucleoside diphosphate kinase/apyrimidinic endonuclease/3'-	md:ctru_M00049	I	576464	576889	-
Chlamydia trachomatis L2b/UCH-2	ctru	L2BUCH2_00032	NA	guanylate kinase	md:ctru_M00050	I	34398	35015	+
Chlamydia trachomatis L2b/UCH-2	ctru	L2BUCH2_00525	NA	mulitfunctional nucleoside diphosphate kinase/apyrimidinic endonuclease/3'-	md:ctru_M00050	I	576464	576889	-
Chlamydia trachomatis L2b/UCH-2	ctru	L2BUCH2_00184	NA	CTP synthetase	md:ctru_M00052	I	201222	202841	+
Chlamydia trachomatis L2b/UCH-2	ctru	L2BUCH2_00525	NA	mulitfunctional nucleoside diphosphate kinase/apyrimidinic endonuclease/3'-	md:ctru_M00052	I	576464	576889	-
Chlamydia trachomatis L2b/UCH-2	ctru	L2BUCH2_00715	NA	uridylate kinase	md:ctru_M00052	I	773001	773735	-
Chlamydia trachomatis L2b/UCH-2	ctru	L2BUCH2_00525	NA	mulitfunctional nucleoside diphosphate kinase/apyrimidinic endonuclease/3'-	md:ctru_M00053	I	576464	576889	-
Chlamydia trachomatis L2b/UCH-2	ctru	L2BUCH2_00880	NA	ribonucleotide-diphosphate reductase subunit alpha	md:ctru_M00053	I	971346	974489	+
Chlamydia trachomatis L2b/UCH-2	ctru	L2BUCH2_00881	NA	ribonucleotide-diphosphate reductase subunit beta	md:ctru_M00053	I	974527	975567	+
Chlamydia trachomatis L2b/UCH-2	ctru	L2BUCH2_00011	NA	lipid A biosynthesis lauroyl acyltransferase	md:ctru_M00060	I	10391	11758	-
Chlamydia trachomatis L2b/UCH-2	ctru	L2BUCH2_00211	NA	3-deoxy-D-manno-octulosonic-acid transferase	md:ctru_M00060	I	231268	232563	-
Chlamydia trachomatis L2b/UCH-2	ctru	L2BUCH2_00248	NA	UDP-3-O-[3-hydroxymyristoyl] glucosamine N-acyltransferase	md:ctru_M00060	I	267893	268957	+
Chlamydia trachomatis L2b/UCH-2	ctru	L2BUCH2_00416	NA	tetraacyldisaccharide 4'-kinase	md:ctru_M00060	I	458019	459128	-
Chlamydia trachomatis L2b/UCH-2	ctru	L2BUCH2_00425	NA	lipid-A-disaccharide synthase	md:ctru_M00060	I	466285	468108	+
Chlamydia trachomatis L2b/UCH-2	ctru	L2BUCH2_00557	NA	UDP-N-acetylglucosamine acyltransferase	md:ctru_M00060	I	595723	596565	-
Chlamydia trachomatis L2b/UCH-2	ctru	L2BUCH2_00559	NA	UDP-3-O-[3-hydroxymyristoyl] N-acetylglucosamine deacetylase	md:ctru_M00060	I	597035	597895	-
Chlamydia trachomatis L2b/UCH-2	ctru	L2BUCH2_00183	NA	3-deoxy-manno-octulosonate cytidylyltransferase	md:ctru_M00063	I	200482	201246	+
Chlamydia trachomatis L2b/UCH-2	ctru	L2BUCH2_00413	NA	D-arabinose 5-phosphate isomerase	md:ctru_M00063	I	454354	455340	-
Chlamydia trachomatis L2b/UCH-2	ctru	L2BUCH2_00688	NA	2-dehydro-3-deoxyphosphooctonate aldolase	md:ctru_M00063	I	748480	749289	-
Chlamydia trachomatis L2b/UCH-2	ctru	L2BUCH2_00125	NA	acetyl-CoA carboxylase biotin carboxyl carrier protein subunit	md:ctru_M00082	I	140182	140676	+
Chlamydia trachomatis L2b/UCH-2	ctru	L2BUCH2_00126	NA	acetyl-CoA carboxylase biotin carboxylase subunit	md:ctru_M00082	I	140680	142053	+
Chlamydia trachomatis L2b/UCH-2	ctru	L2BUCH2_00243	NA	(acyl-carrier-protein) S-malonyltransferase	md:ctru_M00082	I	261859	262785	-
Chlamydia trachomatis L2b/UCH-2	ctru	L2BUCH2_00244	NA	3-oxoacyl-(acyl carrier protein) synthase III	md:ctru_M00082	I	262802	263797	-
Chlamydia trachomatis L2b/UCH-2	ctru	L2BUCH2_00270	NA	acetyl-CoA carboxylase carboxyltransferase subunit alpha	md:ctru_M00082	I	293210	294184	-
Chlamydia trachomatis L2b/UCH-2	ctru	L2BUCH2_00298	NA	acetyl-CoA carboxylase subunit beta	md:ctru_M00082	I	323254	324180	-
Chlamydia trachomatis L2b/UCH-2	ctru	L2BUCH2_00105	NA	enoyl-(acyl carrier protein) reductase	md:ctru_M00083	I	120026	120922	-
Chlamydia trachomatis L2b/UCH-2	ctru	L2BUCH2_00242	NA	3-ketoacyl-(acyl-carrier-protein) reductase	md:ctru_M00083	I	261116	261862	-
Chlamydia trachomatis L2b/UCH-2	ctru	L2BUCH2_00558	NA	(3R)-hydroxymyristoyl-ACP dehydratase	md:ctru_M00083	I	596577	597038	-
Chlamydia trachomatis L2b/UCH-2	ctru	L2BUCH2_00818	NA	3-oxoacyl-(acyl carrier protein) synthase II	md:ctru_M00083	I	900980	902236	+
Chlamydia trachomatis L2b/UCH-2	ctru	L2BUCH2_00472	NA	2-acyl-glycerophospho-ethanolamine acyltransferase	md:ctru_M00089	I	523909	524559	+
Chlamydia trachomatis L2b/UCH-2	ctru	L2BUCH2_00823	NA	2-acyl-glycerophospho-ethanolamine acyltransferase	md:ctru_M00089	I	905975	906736	+
Chlamydia trachomatis L2b/UCH-2	ctru	L2BUCH2_00857	NA	Acyltransferase	md:ctru_M00089	I	942479	943480	-
Chlamydia trachomatis L2b/UCH-2	ctru	L2BUCH2_00470	NA	CDP-diglyceride synthase	md:ctru_M00093	I	522348	523265	+
Chlamydia trachomatis L2b/UCH-2	ctru	L2BUCH2_00738	NA	phosphatidylserine decarboxylase	md:ctru_M00093	I	799083	799988	+
Chlamydia trachomatis L2b/UCH-2	ctru	L2BUCH2_00879	NA	CDP-diacylglycerol-serine O-phosphatidyltransferase	md:ctru_M00093	I	969920	970711	-
Chlamydia trachomatis L2b/UCH-2	ctru	L2BUCH2_00059	NA	4-hydroxy-3-methylbut-2-en-1-yl diphosphate synthase	md:ctru_M00096	I	66173	67981	-
Chlamydia trachomatis L2b/UCH-2	ctru	L2BUCH2_00074	NA	1-deoxy-D-xylulose 5-phosphate reductoisomerase	md:ctru_M00096	I	84506	85645	+
Chlamydia trachomatis L2b/UCH-2	ctru	L2BUCH2_00341	NA	1-deoxy-D-xylulose-5-phosphate synthase	md:ctru_M00096	I	369128	371050	+
Chlamydia trachomatis L2b/UCH-2	ctru	L2BUCH2_00452	NA	2-C-methyl-D-erythritol 2,4-cyclodiphosphate synthase	md:ctru_M00096	I	500526	501062	+
Chlamydia trachomatis L2b/UCH-2	ctru	L2BUCH2_00481	NA	2-C-methyl-D-erythritol 4-phosphate cytidylyltransferase	md:ctru_M00096	I	535032	535691	+
Chlamydia trachomatis L2b/UCH-2	ctru	L2BUCH2_00853	NA	4-diphosphocytidyl-2-C-methyl-D-erythritol kinase	md:ctru_M00096	I	936857	937723	+
Chlamydia trachomatis L2b/UCH-2	ctru	L2BUCH2_00916	NA	4-hydroxy-3-methylbut-2-enyl diphosphate reductase	md:ctru_M00096	I	1008726	1009649	+
Chlamydia trachomatis L2b/UCH-2	ctru	L2BUCH2_00446	NA	ubiquinone/menaquinone biosynthesis methyltransferase	md:ctru_M00116	I	494780	495433	+
Chlamydia trachomatis L2b/UCH-2	ctru	L2BUCH2_00222	NA	prenyltransferase	md:ctru_M00117	I	244683	245591	+
Chlamydia trachomatis L2b/UCH-2	ctru	L2BUCH2_00223	NA	aromatic acid decarboxylase	md:ctru_M00117	I	245588	246166	+
Chlamydia trachomatis L2b/UCH-2	ctru	L2BUCH2_00446	NA	ubiquinone/menaquinone biosynthesis methyltransferase	md:ctru_M00117	I	494780	495433	+
Chlamydia trachomatis L2b/UCH-2	ctru	L2BUCH2_00516	NA	dephospho-CoA kinase	md:ctru_M00120	I	564963	565571	-
Chlamydia trachomatis L2b/UCH-2	ctru	L2BUCH2_00054	NA	coproporphyrinogen III oxidase	md:ctru_M00121	I	59694	60824	-
Chlamydia trachomatis L2b/UCH-2	ctru	L2BUCH2_00213	NA	glutamate-1-semialdehyde aminotransferase	md:ctru_M00121	I	235216	236484	+
Chlamydia trachomatis L2b/UCH-2	ctru	L2BUCH2_00304	NA	porphobilinogen deaminase	md:ctru_M00121	I	329533	330258	+
Chlamydia trachomatis L2b/UCH-2	ctru	L2BUCH2_00451	NA	uroporphyrinogen-III synthase	md:ctru_M00121	I	499752	500423	+
Chlamydia trachomatis L2b/UCH-2	ctru	L2BUCH2_00464	NA	glutamyl-tRNA synthetase	md:ctru_M00121	I	511547	513067	-
Chlamydia trachomatis L2b/UCH-2	ctru	L2BUCH2_00509	NA	ferrochelatase	md:ctru_M00121	I	558605	559549	-
Chlamydia trachomatis L2b/UCH-2	ctru	L2BUCH2_00664	NA	delta-aminolevulinic acid dehydratase	md:ctru_M00121	I	717187	718203	+
Chlamydia trachomatis L2b/UCH-2	ctru	L2BUCH2_00696	NA	glutamyl-tRNA reductase	md:ctru_M00121	I	755597	756640	+
Chlamydia trachomatis L2b/UCH-2	ctru	L2BUCH2_00789	NA	protoporphyrinogen oxidase	md:ctru_M00121	I	863147	864421	-
Chlamydia trachomatis L2b/UCH-2	ctru	L2BUCH2_00790	NA	coproporphyrinogen III oxidase	md:ctru_M00121	I	864418	865791	-
Chlamydia trachomatis L2b/UCH-2	ctru	L2BUCH2_00791	NA	uroporphyrinogen decarboxylase	md:ctru_M00121	I	865764	866768	-
Chlamydia trachomatis L2b/UCH-2	ctru	L2BUCH2_00825	NA	8-amino-7-oxononanoate synthase	md:ctru_M00123	I	908400	909533	+
Chlamydia trachomatis L2b/UCH-2	ctru	L2BUCH2_00094	NA	bifunctional riboflavin kinase/FMN adenylyltransferase	md:ctru_M00125	I	108600	109523	-
Chlamydia trachomatis L2b/UCH-2	ctru	L2BUCH2_00419	NA	riboflavin synthase subunit alpha	md:ctru_M00125	I	460915	461514	-
Chlamydia trachomatis L2b/UCH-2	ctru	L2BUCH2_00770	NA	bifunctional diaminohydroxyphosphoribosylaminopyrimidine deaminase/5-amino-6-(5-phosphoribosylamino)uracil reductase	md:ctru_M00125	I	839128	840255	+
Chlamydia trachomatis L2b/UCH-2	ctru	L2BUCH2_00771	NA	bifunctional 3,4-dihydroxy-2-butanone 4-phosphate synthase/GTP cyclohydrolase II protein	md:ctru_M00125	I	840365	841639	+
Chlamydia trachomatis L2b/UCH-2	ctru	L2BUCH2_00772	NA	6,7-dimethyl-8-ribityllumazine synthase	md:ctru_M00125	I	841608	842081	+
Chlamydia trachomatis L2b/UCH-2	ctru	L2BUCH2_00642	NA	dihydrofolate reductase	md:ctru_M00126	I	688725	689204	-
Chlamydia trachomatis L2b/UCH-2	ctru	L2BUCH2_00643	NA	dihydropteroate synthase	md:ctru_M00126	I	689201	690553	-
Chlamydia trachomatis L2b/UCH-2	ctru	L2BUCH2_00644	NA	D-erythro-7,8-dihydroneopterin triphosphate 2'-epimerase	md:ctru_M00126	I	690550	690918	-
Chlamydia trachomatis L2b/UCH-2	ctru	L2BUCH2_00386	NA	pyruvoyl-dependent arginine decarboxylase	md:ctru_M00133	I	422795	423178	+
Chlamydia trachomatis L2b/UCH-2	ctru	L2BUCH2_00081	NA	bifunctional 5,10-methylene-tetrahydrofolate dehydrogenase/5,10-methylene-tetrahydrofolate cyclohydrolase	md:ctru_M00140	I	92612	93475	-
Chlamydia trachomatis L2b/UCH-2	ctru	L2BUCH2_00450	NA	serine hydroxymethyltransferase	md:ctru_M00140	I	497895	499388	-
Chlamydia trachomatis L2b/UCH-2	ctru	L2BUCH2_00618	NA	succinate dehydrogenase iron-sulfur subunit	md:ctru_M00149	I	667018	667677	-
Chlamydia trachomatis L2b/UCH-2	ctru	L2BUCH2_00619	NA	succinate dehydrogenase flavoprotein subunit	md:ctru_M00149	I	667795	669675	-
Chlamydia trachomatis L2b/UCH-2	ctru	L2BUCH2_00620	NA	Succinate dehydrogenase/fumarate reductase, cytochrome b subunit	md:ctru_M00149	I	669672	670241	-
Chlamydia trachomatis L2b/UCH-2	ctru	L2BUCH2_00014	NA	cytochrome bd-II oxidase subunit 1	md:ctru_M00153	I	14212	15552	+
Chlamydia trachomatis L2b/UCH-2	ctru	L2BUCH2_00015	NA	cytochrome bd-II oxidase subunit 2	md:ctru_M00153	I	15564	16625	+
Chlamydia trachomatis L2b/UCH-2	ctru	L2BUCH2_00309	NA	V-type ATP synthase subunit K	md:ctru_M00159	I	337254	337679	-
Chlamydia trachomatis L2b/UCH-2	ctru	L2BUCH2_00310	NA	V-type ATP synthase subunit I	md:ctru_M00159	I	337741	339690	-
Chlamydia trachomatis L2b/UCH-2	ctru	L2BUCH2_00311	NA	V-type ATP synthase subunit D	md:ctru_M00159	I	339696	340307	-
Chlamydia trachomatis L2b/UCH-2	ctru	L2BUCH2_00312	NA	V-type ATP synthase subunit B	md:ctru_M00159	I	340292	341608	-
Chlamydia trachomatis L2b/UCH-2	ctru	L2BUCH2_00313	NA	V-type ATP synthase subunit A	md:ctru_M00159	I	341611	343386	-
Chlamydia trachomatis L2b/UCH-2	ctru	L2BUCH2_00315	NA	V-type ATP synthase subunit E	md:ctru_M00159	I	344347	344973	-
Chlamydia trachomatis L2b/UCH-2	ctru	L2BUCH2_00216	NA	ribose-5-phosphate isomerase A	md:ctru_M00165	I	237501	238229	-
Chlamydia trachomatis L2b/UCH-2	ctru	L2BUCH2_00531	NA	glyceraldehyde-3-phosphate dehydrogenase A	md:ctru_M00165	I	580009	581013	-
Chlamydia trachomatis L2b/UCH-2	ctru	L2BUCH2_00732	NA	bifunctional phosphoglycerate kinase/triosephosphate isomerase	md:ctru_M00165	I	791892	793103	+
Chlamydia trachomatis L2b/UCH-2	ctru	L2BUCH2_00797	NA	transketolase	md:ctru_M00165	I	878454	880454	+
Chlamydia trachomatis L2b/UCH-2	ctru	L2BUCH2_00531	NA	glyceraldehyde-3-phosphate dehydrogenase A	md:ctru_M00166	I	580009	581013	-
Chlamydia trachomatis L2b/UCH-2	ctru	L2BUCH2_00732	NA	bifunctional phosphoglycerate kinase/triosephosphate isomerase	md:ctru_M00166	I	791892	793103	+
Chlamydia trachomatis L2b/UCH-2	ctru	L2BUCH2_00216	NA	ribose-5-phosphate isomerase A	md:ctru_M00167	I	237501	238229	-
Chlamydia trachomatis L2b/UCH-2	ctru	L2BUCH2_00797	NA	transketolase	md:ctru_M00167	I	878454	880454	+
Chlamydia trachomatis L2b/UCH-2	ctru	L2BUCH2_00389	NA	malate dehydrogenase	md:ctru_M00168	I	426121	427101	-
Chlamydia trachomatis L2b/UCH-2	ctru	L2BUCH2_00389	NA	malate dehydrogenase	md:ctru_M00173	I	426121	427101	-
Chlamydia trachomatis L2b/UCH-2	ctru	L2BUCH2_00618	NA	succinate dehydrogenase iron-sulfur subunit	md:ctru_M00173	I	667018	667677	-
Chlamydia trachomatis L2b/UCH-2	ctru	L2BUCH2_00619	NA	succinate dehydrogenase flavoprotein subunit	md:ctru_M00173	I	667795	669675	-
Chlamydia trachomatis L2b/UCH-2	ctru	L2BUCH2_00620	NA	Succinate dehydrogenase/fumarate reductase, cytochrome b subunit	md:ctru_M00173	I	669672	670241	-
Chlamydia trachomatis L2b/UCH-2	ctru	L2BUCH2_00874	NA	succinyl-CoA synthetase subunit beta	md:ctru_M00173	I	961811	962971	+
Chlamydia trachomatis L2b/UCH-2	ctru	L2BUCH2_00875	NA	succinyl-CoA synthetase subunit alpha	md:ctru_M00173	I	962986	963861	+
Chlamydia trachomatis L2b/UCH-2	ctru	L2BUCH2_00912	NA	fumarate hydratase	md:ctru_M00173	I	1002132	1002911	+
Chlamydia trachomatis L2b/UCH-2	ctru	L2BUCH2_00453	NA	sulfite reductase	md:ctru_M00176	I	501059	502111	-
Chlamydia trachomatis L2b/UCH-2	ctru	L2BUCH2_00250	NA	hypothetical protein	md:ctru_M00307	I	270372	271394	+
Chlamydia trachomatis L2b/UCH-2	ctru	L2BUCH2_00251	NA	pyruvate dehydrogenase subunit beta	md:ctru_M00307	I	271387	272373	+
Chlamydia trachomatis L2b/UCH-2	ctru	L2BUCH2_00252	NA	branched-chain alpha-keto acid dehydrogenase subunit E2	md:ctru_M00307	I	272378	273667	+
Chlamydia trachomatis L2b/UCH-2	ctru	L2BUCH2_00584	NA	dihydrolipoamide dehydrogenase	md:ctru_M00307	I	625959	627356	+
Chlamydia trachomatis L2b/UCH-2	ctru	L2BUCH2_00531	NA	glyceraldehyde-3-phosphate dehydrogenase A	md:ctru_M00308	I	580009	581013	-
Chlamydia trachomatis L2b/UCH-2	ctru	L2BUCH2_00732	NA	bifunctional phosphoglycerate kinase/triosephosphate isomerase	md:ctru_M00308	I	791892	793103	+
Chlamydia trachomatis L2b/UCH-2	ctru	L2BUCH2_00206	NA	diphosphate--fructose-6-phosphate 1-phosphotransferase	md:ctru_M00345	I	226876	228537	+
Chlamydia trachomatis L2b/UCH-2	ctru	L2BUCH2_00389	NA	malate dehydrogenase	md:ctru_M00346	I	426121	427101	-
Chlamydia trachomatis L2b/UCH-2	ctru	L2BUCH2_00450	NA	serine hydroxymethyltransferase	md:ctru_M00346	I	497895	499388	-
Chlamydia trachomatis L2b/UCH-2	ctru	L2BUCH2_00614	NA	enolase	md:ctru_M00346	I	658756	660030	+
Chlamydia trachomatis L2b/UCH-2	ctru	L2BUCH2_00658	NA	geranyltranstransferase	md:ctru_M00364	I	712401	713276	-
Chlamydia trachomatis L2b/UCH-2	ctru	L2BUCH2_00389	NA	malate dehydrogenase	md:ctru_M00374	I	426121	427101	-
Chlamydia trachomatis L2b/UCH-2	ctru	L2BUCH2_00618	NA	succinate dehydrogenase iron-sulfur subunit	md:ctru_M00374	I	667018	667677	-
Chlamydia trachomatis L2b/UCH-2	ctru	L2BUCH2_00619	NA	succinate dehydrogenase flavoprotein subunit	md:ctru_M00374	I	667795	669675	-
Chlamydia trachomatis L2b/UCH-2	ctru	L2BUCH2_00620	NA	Succinate dehydrogenase/fumarate reductase, cytochrome b subunit	md:ctru_M00374	I	669672	670241	-
Chlamydia trachomatis L2b/UCH-2	ctru	L2BUCH2_00874	NA	succinyl-CoA synthetase subunit beta	md:ctru_M00374	I	961811	962971	+
Chlamydia trachomatis L2b/UCH-2	ctru	L2BUCH2_00875	NA	succinyl-CoA synthetase subunit alpha	md:ctru_M00374	I	962986	963861	+
Chlamydia trachomatis L2b/UCH-2	ctru	L2BUCH2_00125	NA	acetyl-CoA carboxylase biotin carboxyl carrier protein subunit	md:ctru_M00376	I	140182	140676	+
Chlamydia trachomatis L2b/UCH-2	ctru	L2BUCH2_00126	NA	acetyl-CoA carboxylase biotin carboxylase subunit	md:ctru_M00376	I	140680	142053	+
Chlamydia trachomatis L2b/UCH-2	ctru	L2BUCH2_00270	NA	acetyl-CoA carboxylase carboxyltransferase subunit alpha	md:ctru_M00376	I	293210	294184	-
Chlamydia trachomatis L2b/UCH-2	ctru	L2BUCH2_00298	NA	acetyl-CoA carboxylase subunit beta	md:ctru_M00376	I	323254	324180	-
Chlamydia trachomatis L2b/UCH-2	ctru	L2BUCH2_00618	NA	succinate dehydrogenase iron-sulfur subunit	md:ctru_M00376	I	667018	667677	-
Chlamydia trachomatis L2b/UCH-2	ctru	L2BUCH2_00619	NA	succinate dehydrogenase flavoprotein subunit	md:ctru_M00376	I	667795	669675	-
Chlamydia trachomatis L2b/UCH-2	ctru	L2BUCH2_00620	NA	Succinate dehydrogenase/fumarate reductase, cytochrome b subunit	md:ctru_M00376	I	669672	670241	-
Chlamydia trachomatis L2b/UCH-2	ctru	L2BUCH2_00912	NA	fumarate hydratase	md:ctru_M00376	I	1002132	1002911	+
Chlamydia trachomatis L2b/UCH-2	ctru	L2BUCH2_00081	NA	bifunctional 5,10-methylene-tetrahydrofolate dehydrogenase/5,10-methylene-tetrahydrofolate cyclohydrolase	md:ctru_M00377	I	92612	93475	-
Chlamydia trachomatis L2b/UCH-2	ctru	L2BUCH2_00374	NA	dihydrodipicolinate synthase	md:ctru_M00525	I	408998	409858	-
Chlamydia trachomatis L2b/UCH-2	ctru	L2BUCH2_00375	NA	aspartate kinase	md:ctru_M00525	I	409868	411163	-
Chlamydia trachomatis L2b/UCH-2	ctru	L2BUCH2_00376	NA	aspartate-semialdehyde dehydrogenase	md:ctru_M00525	I	411156	412160	-
Chlamydia trachomatis L2b/UCH-2	ctru	L2BUCH2_00377	NA	dihydrodipicolinate reductase	md:ctru_M00525	I	412170	412931	-
Chlamydia trachomatis L2b/UCH-2	ctru	L2BUCH2_00448	NA	diaminopimelate epimerase	md:ctru_M00525	I	496509	497336	-
Chlamydia trachomatis L2b/UCH-2	ctru	L2BUCH2_00374	NA	dihydrodipicolinate synthase	md:ctru_M00526	I	408998	409858	-
Chlamydia trachomatis L2b/UCH-2	ctru	L2BUCH2_00375	NA	aspartate kinase	md:ctru_M00526	I	409868	411163	-
Chlamydia trachomatis L2b/UCH-2	ctru	L2BUCH2_00376	NA	aspartate-semialdehyde dehydrogenase	md:ctru_M00526	I	411156	412160	-
Chlamydia trachomatis L2b/UCH-2	ctru	L2BUCH2_00377	NA	dihydrodipicolinate reductase	md:ctru_M00526	I	412170	412931	-
Chlamydia trachomatis L2b/UCH-2	ctru	L2BUCH2_00374	NA	dihydrodipicolinate synthase	md:ctru_M00527	I	408998	409858	-
Chlamydia trachomatis L2b/UCH-2	ctru	L2BUCH2_00375	NA	aspartate kinase	md:ctru_M00527	I	409868	411163	-
Chlamydia trachomatis L2b/UCH-2	ctru	L2BUCH2_00376	NA	aspartate-semialdehyde dehydrogenase	md:ctru_M00527	I	411156	412160	-
Chlamydia trachomatis L2b/UCH-2	ctru	L2BUCH2_00377	NA	dihydrodipicolinate reductase	md:ctru_M00527	I	412170	412931	-
Chlamydia trachomatis L2b/UCH-2	ctru	L2BUCH2_00404	NA	L,L-diaminopimelate aminotransferase	md:ctru_M00527	I	441426	442610	+
Chlamydia trachomatis L2b/UCH-2	ctru	L2BUCH2_00448	NA	diaminopimelate epimerase	md:ctru_M00527	I	496509	497336	-
Chlamydia trachomatis L2b/UCH-2	ctru	L2BUCH2_00287	NA	glycine cleavage system protein H	md:ctru_M00532	I	309733	310086	-
Chlamydia trachomatis L2b/UCH-2	ctru	L2BUCH2_00450	NA	serine hydroxymethyltransferase	md:ctru_M00532	I	497895	499388	-
Chlamydia trachomatis L2b/UCH-2	ctru	L2BUCH2_00584	NA	dihydrolipoamide dehydrogenase	md:ctru_M00532	I	625959	627356	+
Chlamydia trachomatis L2b/UCH-2	ctru	L2BUCH2_00091	NA	type III secretion system protein InvA	md:ctru_M00542	I	104026	106152	-
Chlamydia trachomatis L2b/UCH-2	ctru	L2BUCH2_00092	NA	type III secretion system protein	md:ctru_M00542	I	106152	107234	-
Chlamydia trachomatis L2b/UCH-2	ctru	L2BUCH2_00586	NA	flagellar MS-ring protein	md:ctru_M00542	I	628392	629369	+
Chlamydia trachomatis L2b/UCH-2	ctru	L2BUCH2_00589	NA	type III secretion system protein	md:ctru_M00542	I	631166	632086	+
Chlamydia trachomatis L2b/UCH-2	ctru	L2BUCH2_00590	NA	flagellar biosynthesis protein FliQ	md:ctru_M00542	I	632098	632382	+
Chlamydia trachomatis L2b/UCH-2	ctru	L2BUCH2_00591	NA	flagellar biosynthesis protein FliR	md:ctru_M00542	I	632389	633258	+
Chlamydia trachomatis L2b/UCH-2	ctru	L2BUCH2_00703	NA	type III secretion system ATPase	md:ctru_M00542	I	761987	763315	+
Chlamydia trachomatis L2b/UCH-2	ctru	L2BUCH2_00708	NA	putative outer membrane porin HofQ	md:ctru_M00542	I	767434	770199	+
Chlamydia trachomatis L2b/UCH-2	ctru	L2BUCH2_00531	NA	glyceraldehyde-3-phosphate dehydrogenase A	md:ctru_M00552	I	580009	581013	-
Chlamydia trachomatis L2b/UCH-2	ctru	L2BUCH2_00732	NA	bifunctional phosphoglycerate kinase/triosephosphate isomerase	md:ctru_M00552	I	791892	793103	+
Chlamydia trachomatis L2b/UCH-2	ctru	L2BUCH2_00044	NA	glycogen debranching enzyme	md:ctru_M00565	I	46492	48492	-
Chlamydia trachomatis L2b/UCH-2	ctru	L2BUCH2_00513	NA	glucose-1-phosphate adenylyltransferase	md:ctru_M00565	I	561794	563119	-
Chlamydia trachomatis L2b/UCH-2	ctru	L2BUCH2_00846	NA	glycogen synthase	md:ctru_M00565	I	932426	933850	-
Chlamydia trachomatis L2b/UCH-2	ctru	L2BUCH2_00925	NA	glycogen branching enzyme	md:ctru_M00565	I	1017723	1019939	+
Chlamydia trachomatis L2b/UCH-2	ctru	L2BUCH2_00105	NA	enoyl-(acyl carrier protein) reductase	md:ctru_M00572	I	120026	120922	-
Chlamydia trachomatis L2b/UCH-2	ctru	L2BUCH2_00242	NA	3-ketoacyl-(acyl-carrier-protein) reductase	md:ctru_M00572	I	261116	261862	-
Chlamydia trachomatis L2b/UCH-2	ctru	L2BUCH2_00558	NA	(3R)-hydroxymyristoyl-ACP dehydratase	md:ctru_M00572	I	596577	597038	-
Chlamydia trachomatis L2b/UCH-2	ctru	L2BUCH2_00818	NA	3-oxoacyl-(acyl carrier protein) synthase II	md:ctru_M00572	I	900980	902236	+
Chlamydia trachomatis L2b/UCH-2	ctru	L2BUCH2_00825	NA	8-amino-7-oxononanoate synthase	md:ctru_M00573	I	908400	909533	+
Chlamydia trachomatis L2b/UCH-2	ctru	L2BUCH2_00825	NA	8-amino-7-oxononanoate synthase	md:ctru_M00577	I	908400	909533	+
Chlamydia trachomatis L2b/UCH-2	ctru	L2BUCH2_00216	NA	ribose-5-phosphate isomerase A	md:ctru_M00580	I	237501	238229	-
Chlamydia trachomatis L2b/UCH-2	ctru	L2BUCH2_00389	NA	malate dehydrogenase	md:ctru_M00620	I	426121	427101	-
Chlamydia trachomatis L2b/UCH-2	ctru	L2BUCH2_00874	NA	succinyl-CoA synthetase subunit beta	md:ctru_M00620	I	961811	962971	+
Chlamydia trachomatis L2b/UCH-2	ctru	L2BUCH2_00875	NA	succinyl-CoA synthetase subunit alpha	md:ctru_M00620	I	962986	963861	+
Chlamydia trachomatis L2b/UCH-2	ctru	L2BUCH2_00091	NA	type III secretion system protein InvA	md:ctru_M00660	I	104026	106152	-
Chlamydia trachomatis L2b/UCH-2	ctru	L2BUCH2_00092	NA	type III secretion system protein	md:ctru_M00660	I	106152	107234	-
Chlamydia trachomatis L2b/UCH-2	ctru	L2BUCH2_00586	NA	flagellar MS-ring protein	md:ctru_M00660	I	628392	629369	+
Chlamydia trachomatis L2b/UCH-2	ctru	L2BUCH2_00588	NA	type III secretion system protein	md:ctru_M00660	I	630482	631153	+
Chlamydia trachomatis L2b/UCH-2	ctru	L2BUCH2_00589	NA	type III secretion system protein	md:ctru_M00660	I	631166	632086	+
Chlamydia trachomatis L2b/UCH-2	ctru	L2BUCH2_00590	NA	flagellar biosynthesis protein FliQ	md:ctru_M00660	I	632098	632382	+
Chlamydia trachomatis L2b/UCH-2	ctru	L2BUCH2_00591	NA	flagellar biosynthesis protein FliR	md:ctru_M00660	I	632389	633258	+
Chlamydia trachomatis L2b/UCH-2	ctru	L2BUCH2_00703	NA	type III secretion system ATPase	md:ctru_M00660	I	761987	763315	+
Chlamydia trachomatis L2b/UCH-2	ctru	L2BUCH2_00389	NA	malate dehydrogenase	md:ctru_M00740	I	426121	427101	-
Chlamydia trachomatis L2b/UCH-2	ctru	L2BUCH2_00336	NA	N-(5'-phosphoribosyl)anthranilate isomerase	md:ctru_M00840	I	365440	366066	-
Chlamydia trachomatis L2b/UCH-2	ctru	L2BUCH2_00641	NA	F420-0--gamma-glutamyl ligase	md:ctru_M00840	I	688022	688753	-
Chlamydia trachomatis L2b/UCH-2	ctru	L2BUCH2_00642	NA	dihydrofolate reductase	md:ctru_M00840	I	688725	689204	-
Chlamydia trachomatis L2b/UCH-2	ctru	L2BUCH2_00643	NA	dihydropteroate synthase	md:ctru_M00840	I	689201	690553	-
Chlamydia trachomatis L2b/UCH-2	ctru	L2BUCH2_00644	NA	D-erythro-7,8-dihydroneopterin triphosphate 2'-epimerase	md:ctru_M00840	I	690550	690918	-
Chlamydia trachomatis L2b/UCH-2	ctru	L2BUCH2_00771	NA	bifunctional 3,4-dihydroxy-2-butanone 4-phosphate synthase/GTP cyclohydrolase II protein	md:ctru_M00840	I	840365	841639	+
Chlamydia trachomatis L2b/UCH-2	ctru	L2BUCH2_00643	NA	dihydropteroate synthase	md:ctru_M00841	I	689201	690553	-
Chlamydia trachomatis L2b/UCH-2	ctru	L2BUCH2_00213	NA	glutamate-1-semialdehyde aminotransferase	md:ctru_M00846	I	235216	236484	+
Chlamydia trachomatis L2b/UCH-2	ctru	L2BUCH2_00304	NA	porphobilinogen deaminase	md:ctru_M00846	I	329533	330258	+
Chlamydia trachomatis L2b/UCH-2	ctru	L2BUCH2_00451	NA	uroporphyrinogen-III synthase	md:ctru_M00846	I	499752	500423	+
Chlamydia trachomatis L2b/UCH-2	ctru	L2BUCH2_00664	NA	delta-aminolevulinic acid dehydratase	md:ctru_M00846	I	717187	718203	+
Chlamydia trachomatis L2b/UCH-2	ctru	L2BUCH2_00696	NA	glutamyl-tRNA reductase	md:ctru_M00846	I	755597	756640	+
Chlamydia trachomatis L2b/UCH-2	ctru	L2BUCH2_00223	NA	aromatic acid decarboxylase	md:ctru_M00849	I	245588	246166	+
Chlamydia trachomatis L2b/UCH-2	ctru	L2BUCH2_00513	NA	glucose-1-phosphate adenylyltransferase	md:ctru_M00854	I	561794	563119	-
Chlamydia trachomatis L2b/UCH-2	ctru	L2BUCH2_00846	NA	glycogen synthase	md:ctru_M00854	I	932426	933850	-
Chlamydia trachomatis L2b/UCH-2	ctru	L2BUCH2_00925	NA	glycogen branching enzyme	md:ctru_M00854	I	1017723	1019939	+
Chlamydia trachomatis L2b/UCH-2	ctru	L2BUCH2_00088	NA	4-alpha-glucanotransferase	md:ctru_M00855	I	100678	102261	-
Chlamydia trachomatis L2b/UCH-2	ctru	L2BUCH2_00253	NA	glycogen phosphorylase	md:ctru_M00855	I	273694	276138	-
Chlamydia trachomatis L2b/UCH-2	ctru	L2BUCH2_00011	NA	lipid A biosynthesis lauroyl acyltransferase	md:ctru_M00866	I	10391	11758	-
Chlamydia trachomatis L2b/UCH-2	ctru	L2BUCH2_00211	NA	3-deoxy-D-manno-octulosonic-acid transferase	md:ctru_M00866	I	231268	232563	-
Chlamydia trachomatis L2b/UCH-2	ctru	L2BUCH2_00248	NA	UDP-3-O-[3-hydroxymyristoyl] glucosamine N-acyltransferase	md:ctru_M00866	I	267893	268957	+
Chlamydia trachomatis L2b/UCH-2	ctru	L2BUCH2_00416	NA	tetraacyldisaccharide 4'-kinase	md:ctru_M00866	I	458019	459128	-
Chlamydia trachomatis L2b/UCH-2	ctru	L2BUCH2_00425	NA	lipid-A-disaccharide synthase	md:ctru_M00866	I	466285	468108	+
Chlamydia trachomatis L2b/UCH-2	ctru	L2BUCH2_00557	NA	UDP-N-acetylglucosamine acyltransferase	md:ctru_M00866	I	595723	596565	-
Chlamydia trachomatis L2b/UCH-2	ctru	L2BUCH2_00559	NA	UDP-3-O-[3-hydroxymyristoyl] N-acetylglucosamine deacetylase	md:ctru_M00866	I	597035	597895	-
Chlamydia trachomatis L2b/UCH-2	ctru	L2BUCH2_00304	NA	porphobilinogen deaminase	md:ctru_M00868	I	329533	330258	+
Chlamydia trachomatis L2b/UCH-2	ctru	L2BUCH2_00451	NA	uroporphyrinogen-III synthase	md:ctru_M00868	I	499752	500423	+
Chlamydia trachomatis L2b/UCH-2	ctru	L2BUCH2_00509	NA	ferrochelatase	md:ctru_M00868	I	558605	559549	-
Chlamydia trachomatis L2b/UCH-2	ctru	L2BUCH2_00664	NA	delta-aminolevulinic acid dehydratase	md:ctru_M00868	I	717187	718203	+
Chlamydia trachomatis L2b/UCH-2	ctru	L2BUCH2_00789	NA	protoporphyrinogen oxidase	md:ctru_M00868	I	863147	864421	-
Chlamydia trachomatis L2b/UCH-2	ctru	L2BUCH2_00791	NA	uroporphyrinogen decarboxylase	md:ctru_M00868	I	865764	866768	-
Chlamydia trachomatis L2b/UCH-2	ctru	L2BUCH2_00243	NA	(acyl-carrier-protein) S-malonyltransferase	md:ctru_M00873	I	261859	262785	-
Chlamydia trachomatis L2b/UCH-2	ctru	L2BUCH2_00818	NA	3-oxoacyl-(acyl carrier protein) synthase II	md:ctru_M00873	I	900980	902236	+
Chlamydia trachomatis L2b/UCH-2	ctru	L2BUCH2_00242	NA	3-ketoacyl-(acyl-carrier-protein) reductase	md:ctru_M00874	I	261116	261862	-
Chlamydia trachomatis L2b/UCH-2	ctru	L2BUCH2_00243	NA	(acyl-carrier-protein) S-malonyltransferase	md:ctru_M00874	I	261859	262785	-
Chlamydia trachomatis L2b/UCH-2	ctru	L2BUCH2_00818	NA	3-oxoacyl-(acyl carrier protein) synthase II	md:ctru_M00874	I	900980	902236	+
Chlamydia trachomatis L2b/UCH-2	ctru	L2BUCH2_00585	NA	lipoyl synthase	md:ctru_M00881	I	627353	628288	+
Chlamydia trachomatis L2b/UCH-2	ctru	L2BUCH2_00585	NA	lipoyl synthase	md:ctru_M00882	I	627353	628288	+
Chlamydia trachomatis L2b/UCH-2	ctru	L2BUCH2_00585	NA	lipoyl synthase	md:ctru_M00883	I	627353	628288	+
Chlamydia trachomatis L2b/UCH-2	ctru	L2BUCH2_00585	NA	lipoyl synthase	md:ctru_M00884	I	627353	628288	+
Chlamydia trachomatis L2b/UCH-2	ctru	L2BUCH2_00391	NA	glucose-6-phosphate isomerase	md:ctru_M00909	I	427546	429123	-
Chlamydia trachomatis L2b/UCH-2	ctru	L2BUCH2_00867	NA	phosphoglucosamine mutase	md:ctru_M00909	I	954149	955525	+
Chlamydia trachomatis L2b/UCH-2	ctru	L2BUCH2_00868	NA	glucosamine--fructose-6-phosphate aminotransferase	md:ctru_M00909	I	955536	957356	+
Chlamydia trachomatis L2b/UCH-2	ctru	L2BUCH2_00419	NA	riboflavin synthase subunit alpha	md:ctru_M00911	I	460915	461514	-
Chlamydia trachomatis L2b/UCH-2	ctru	L2BUCH2_00772	NA	6,7-dimethyl-8-ribityllumazine synthase	md:ctru_M00911	I	841608	842081	+
Chlamydia trachomatis L2b/UCH-2	ctru	L2BUCH2_00213	NA	glutamate-1-semialdehyde aminotransferase	md:ctru_M00926	I	235216	236484	+
Chlamydia trachomatis L2b/UCH-2	ctru	L2BUCH2_00304	NA	porphobilinogen deaminase	md:ctru_M00926	I	329533	330258	+
Chlamydia trachomatis L2b/UCH-2	ctru	L2BUCH2_00451	NA	uroporphyrinogen-III synthase	md:ctru_M00926	I	499752	500423	+
Chlamydia trachomatis L2b/UCH-2	ctru	L2BUCH2_00509	NA	ferrochelatase	md:ctru_M00926	I	558605	559549	-
Chlamydia trachomatis L2b/UCH-2	ctru	L2BUCH2_00664	NA	delta-aminolevulinic acid dehydratase	md:ctru_M00926	I	717187	718203	+
Chlamydia trachomatis L2b/UCH-2	ctru	L2BUCH2_00696	NA	glutamyl-tRNA reductase	md:ctru_M00926	I	755597	756640	+
Chlamydia trachomatis L2b/UCH-2	ctru	L2BUCH2_00789	NA	protoporphyrinogen oxidase	md:ctru_M00926	I	863147	864421	-
Chlamydia trachomatis L2b/UCH-2	ctru	L2BUCH2_00791	NA	uroporphyrinogen decarboxylase	md:ctru_M00926	I	865764	866768	-
Chlamydia trachomatis L2b/UCH-2	ctru	L2BUCH2_00444	NA	hypothetical protein	md:ctru_M00930	I	492905	494014	+
Chlamydia trachomatis L2b/UCH-2	ctru	L2BUCH2_00815	NA	hypothetical protein	md:ctru_M00930	I	897332	898384	-
Chlamydia trachomatis L2b/UCH-2	ctru	L2BUCH2_00444	NA	hypothetical protein	md:ctru_M00931	I	492905	494014	+
Chlamydia trachomatis L2b/UCH-2	ctru	L2BUCH2_00815	NA	hypothetical protein	md:ctru_M00931	I	897332	898384	-
Chlamydia trachomatis L2b/UCH-2	ctru	L2BUCH2_00189	NA	thymidylate kinase	md:ctru_M00938	I	206592	207203	-
Chlamydia trachomatis L2b/UCH-2	ctru	L2BUCH2_00297	NA	deoxyuridine 5'-triphosphate nucleotidohydrolase	md:ctru_M00938	I	322780	323217	-
Chlamydia trachomatis L2b/UCH-2	ctru	L2BUCH2_00525	NA	mulitfunctional nucleoside diphosphate kinase/apyrimidinic endonuclease/3'-	md:ctru_M00938	I	576464	576889	-
Chlamydia trachomatis L2b/UCH-2	ctru	L2BUCH2_00880	NA	ribonucleotide-diphosphate reductase subunit alpha	md:ctru_M00938	I	971346	974489	+
Chlamydia trachomatis L2b/UCH-2	ctru	L2BUCH2_00881	NA	ribonucleotide-diphosphate reductase subunit beta	md:ctru_M00938	I	974527	975567	+
Chlamydia trachomatis L2b/UCH-2	ctru	L2BUCH2_00825	NA	8-amino-7-oxononanoate synthase	md:ctru_M00950	I	908400	909533	+
