Chlamydia psittaci NJ1	cpsn	B712_0073	pgk	phosphoglycerate kinase	md:cpsn_M00001	I	76093	77295	+
Chlamydia psittaci NJ1	cpsn	B712_0130	gap	glyceraldehyde-3-phosphate dehydrogenase, type I	md:cpsn_M00001	I	120742	121749	+
Chlamydia psittaci NJ1	cpsn	B712_0342	tpiA	triose-phosphate isomerase	md:cpsn_M00001	I	352904	353668	+
Chlamydia psittaci NJ1	cpsn	B712_0545	NA	fructose bisphosphate aldolase	md:cpsn_M00001	I	559728	560777	-
Chlamydia psittaci NJ1	cpsn	B712_0653	NA	diphosphate--fructose-6-phosphate 1-phosphotransferase	md:cpsn_M00001	I	675887	677545	+
Chlamydia psittaci NJ1	cpsn	B712_0723	pyk	pyruvate kinase	md:cpsn_M00001	I	759868	761313	-
Chlamydia psittaci NJ1	cpsn	B712_0787	NA	phosphoglucose isomerase family protein	md:cpsn_M00001	I	831184	832779	-
Chlamydia psittaci NJ1	cpsn	B712_0970	gpm1	phosphoglycerate mutase	md:cpsn_M00001	I	1032958	1033773	+
Chlamydia psittaci NJ1	cpsn	B712_1033	eno	phosphopyruvate hydratase	md:cpsn_M00001	I	1105128	1106402	+
Chlamydia psittaci NJ1	cpsn	B712_0073	pgk	phosphoglycerate kinase	md:cpsn_M00002	I	76093	77295	+
Chlamydia psittaci NJ1	cpsn	B712_0130	gap	glyceraldehyde-3-phosphate dehydrogenase, type I	md:cpsn_M00002	I	120742	121749	+
Chlamydia psittaci NJ1	cpsn	B712_0342	tpiA	triose-phosphate isomerase	md:cpsn_M00002	I	352904	353668	+
Chlamydia psittaci NJ1	cpsn	B712_0723	pyk	pyruvate kinase	md:cpsn_M00002	I	759868	761313	-
Chlamydia psittaci NJ1	cpsn	B712_0970	gpm1	phosphoglycerate mutase	md:cpsn_M00002	I	1032958	1033773	+
Chlamydia psittaci NJ1	cpsn	B712_1033	eno	phosphopyruvate hydratase	md:cpsn_M00002	I	1105128	1106402	+
Chlamydia psittaci NJ1	cpsn	B712_0073	pgk	phosphoglycerate kinase	md:cpsn_M00003	I	76093	77295	+
Chlamydia psittaci NJ1	cpsn	B712_0130	gap	glyceraldehyde-3-phosphate dehydrogenase, type I	md:cpsn_M00003	I	120742	121749	+
Chlamydia psittaci NJ1	cpsn	B712_0342	tpiA	triose-phosphate isomerase	md:cpsn_M00003	I	352904	353668	+
Chlamydia psittaci NJ1	cpsn	B712_0545	NA	fructose bisphosphate aldolase	md:cpsn_M00003	I	559728	560777	-
Chlamydia psittaci NJ1	cpsn	B712_0970	gpm1	phosphoglycerate mutase	md:cpsn_M00003	I	1032958	1033773	+
Chlamydia psittaci NJ1	cpsn	B712_0983	NA	phosphoenolpyruvate carboxykinase family protein	md:cpsn_M00003	I	1046153	1047955	-
Chlamydia psittaci NJ1	cpsn	B712_1033	eno	phosphopyruvate hydratase	md:cpsn_M00003	I	1105128	1106402	+
Chlamydia psittaci NJ1	cpsn	B712_0476	gnd	6-phosphogluconate dehydrogenase, decarboxylating	md:cpsn_M00004	I	478208	479659	+
Chlamydia psittaci NJ1	cpsn	B712_0588	pgl	6-phosphogluconolactonase	md:cpsn_M00004	I	599056	599832	-
Chlamydia psittaci NJ1	cpsn	B712_0589	zwf	glucose-6-phosphate dehydrogenase	md:cpsn_M00004	I	599856	601397	-
Chlamydia psittaci NJ1	cpsn	B712_0600	rpe	ribulose-phosphate 3-epimerase	md:cpsn_M00004	I	614808	615503	+
Chlamydia psittaci NJ1	cpsn	B712_0681	rpiA	ribose 5-phosphate isomerase A	md:cpsn_M00004	I	712937	713638	-
Chlamydia psittaci NJ1	cpsn	B712_0737	tal	transaldolase	md:cpsn_M00004	I	782148	783131	-
Chlamydia psittaci NJ1	cpsn	B712_0787	NA	phosphoglucose isomerase family protein	md:cpsn_M00004	I	831184	832779	-
Chlamydia psittaci NJ1	cpsn	B712_0933	tkt	transketolase	md:cpsn_M00004	I	988185	990182	-
Chlamydia psittaci NJ1	cpsn	B712_0476	gnd	6-phosphogluconate dehydrogenase, decarboxylating	md:cpsn_M00006	I	478208	479659	+
Chlamydia psittaci NJ1	cpsn	B712_0588	pgl	6-phosphogluconolactonase	md:cpsn_M00006	I	599056	599832	-
Chlamydia psittaci NJ1	cpsn	B712_0589	zwf	glucose-6-phosphate dehydrogenase	md:cpsn_M00006	I	599856	601397	-
Chlamydia psittaci NJ1	cpsn	B712_0600	rpe	ribulose-phosphate 3-epimerase	md:cpsn_M00007	I	614808	615503	+
Chlamydia psittaci NJ1	cpsn	B712_0681	rpiA	ribose 5-phosphate isomerase A	md:cpsn_M00007	I	712937	713638	-
Chlamydia psittaci NJ1	cpsn	B712_0737	tal	transaldolase	md:cpsn_M00007	I	782148	783131	-
Chlamydia psittaci NJ1	cpsn	B712_0933	tkt	transketolase	md:cpsn_M00007	I	988185	990182	-
Chlamydia psittaci NJ1	cpsn	B712_0588	pgl	6-phosphogluconolactonase	md:cpsn_M00008	I	599056	599832	-
Chlamydia psittaci NJ1	cpsn	B712_0589	zwf	glucose-6-phosphate dehydrogenase	md:cpsn_M00008	I	599856	601397	-
Chlamydia psittaci NJ1	cpsn	B712_0247	NA	2-oxoacid dehydrogenases acyltransferase family protein	md:cpsn_M00009	I	234748	235917	+
Chlamydia psittaci NJ1	cpsn	B712_0458	sucA	oxoglutarate dehydrogenase (succinyl-transferring), E1 component	md:cpsn_M00009	I	462539	465265	+
Chlamydia psittaci NJ1	cpsn	B712_0459	sucB	dihydrolipoamide succinyltransferase component of 2-oxoglutarate dehydrogenase	md:cpsn_M00009	I	465262	466359	+
Chlamydia psittaci NJ1	cpsn	B712_0785	mdh	malate dehydrogenase	md:cpsn_M00009	I	829603	830589	-
Chlamydia psittaci NJ1	cpsn	B712_0800	fumC	fumarate hydratase, class II	md:cpsn_M00009	I	846302	847684	-
Chlamydia psittaci NJ1	cpsn	B712_0840	sucD	succinate-CoA ligase, alpha subunit	md:cpsn_M00009	I	886821	887696	-
Chlamydia psittaci NJ1	cpsn	B712_0841	sucC	succinyl-CoA ligase [ADP-forming] subunit beta	md:cpsn_M00009	I	887711	888871	-
Chlamydia psittaci NJ1	cpsn	B712_1003	lpdA	dihydrolipoyl dehydrogenase	md:cpsn_M00009	I	1073019	1074407	+
Chlamydia psittaci NJ1	cpsn	B712_1038	NA	succinate dehydrogenase and fumarate reductase iron-sulfur family protein	md:cpsn_M00009	I	1113827	1114618	-
Chlamydia psittaci NJ1	cpsn	B712_1039	sdhA	succinate dehydrogenase/fumarate reductase, flavoprotein subunit	md:cpsn_M00009	I	1114633	1116516	-
Chlamydia psittaci NJ1	cpsn	B712_1040	NA	putative membrane protein	md:cpsn_M00009	I	1116521	1117414	-
Chlamydia psittaci NJ1	cpsn	B712_0247	NA	2-oxoacid dehydrogenases acyltransferase family protein	md:cpsn_M00011	I	234748	235917	+
Chlamydia psittaci NJ1	cpsn	B712_0458	sucA	oxoglutarate dehydrogenase (succinyl-transferring), E1 component	md:cpsn_M00011	I	462539	465265	+
Chlamydia psittaci NJ1	cpsn	B712_0459	sucB	dihydrolipoamide succinyltransferase component of 2-oxoglutarate dehydrogenase	md:cpsn_M00011	I	465262	466359	+
Chlamydia psittaci NJ1	cpsn	B712_0785	mdh	malate dehydrogenase	md:cpsn_M00011	I	829603	830589	-
Chlamydia psittaci NJ1	cpsn	B712_0800	fumC	fumarate hydratase, class II	md:cpsn_M00011	I	846302	847684	-
Chlamydia psittaci NJ1	cpsn	B712_0840	sucD	succinate-CoA ligase, alpha subunit	md:cpsn_M00011	I	886821	887696	-
Chlamydia psittaci NJ1	cpsn	B712_0841	sucC	succinyl-CoA ligase [ADP-forming] subunit beta	md:cpsn_M00011	I	887711	888871	-
Chlamydia psittaci NJ1	cpsn	B712_1003	lpdA	dihydrolipoyl dehydrogenase	md:cpsn_M00011	I	1073019	1074407	+
Chlamydia psittaci NJ1	cpsn	B712_1038	NA	succinate dehydrogenase and fumarate reductase iron-sulfur family protein	md:cpsn_M00011	I	1113827	1114618	-
Chlamydia psittaci NJ1	cpsn	B712_1039	sdhA	succinate dehydrogenase/fumarate reductase, flavoprotein subunit	md:cpsn_M00011	I	1114633	1116516	-
Chlamydia psittaci NJ1	cpsn	B712_1040	NA	putative membrane protein	md:cpsn_M00011	I	1116521	1117414	-
Chlamydia psittaci NJ1	cpsn	B712_0785	mdh	malate dehydrogenase	md:cpsn_M00012	I	829603	830589	-
Chlamydia psittaci NJ1	cpsn	B712_0255	dapF	diaminopimelate epimerase	md:cpsn_M00016	I	243175	243957	+
Chlamydia psittaci NJ1	cpsn	B712_0760	dapA	dihydrodipicolinate synthase	md:cpsn_M00016	I	804984	805850	-
Chlamydia psittaci NJ1	cpsn	B712_0761	NA	aspartate kinase domain protein	md:cpsn_M00016	I	805863	807185	-
Chlamydia psittaci NJ1	cpsn	B712_0762	asd	aspartate-semialdehyde dehydrogenase	md:cpsn_M00016	I	807173	808174	-
Chlamydia psittaci NJ1	cpsn	B712_0763	NA	dihydrodipicolinate reductase, family protein	md:cpsn_M00016	I	808355	809095	-
Chlamydia psittaci NJ1	cpsn	B712_0761	NA	aspartate kinase domain protein	md:cpsn_M00017	I	805863	807185	-
Chlamydia psittaci NJ1	cpsn	B712_0762	asd	aspartate-semialdehyde dehydrogenase	md:cpsn_M00017	I	807173	808174	-
Chlamydia psittaci NJ1	cpsn	B712_0761	NA	aspartate kinase domain protein	md:cpsn_M00018	I	805863	807185	-
Chlamydia psittaci NJ1	cpsn	B712_0762	asd	aspartate-semialdehyde dehydrogenase	md:cpsn_M00018	I	807173	808174	-
Chlamydia psittaci NJ1	cpsn	B712_0289	aroG	phospho-2-dehydro-3-deoxyheptonate aldolase	md:cpsn_M00022	I	276768	277457	-
Chlamydia psittaci NJ1	cpsn	B712_0774	aroA	3-phosphoshikimate 1-carboxyvinyltransferase	md:cpsn_M00022	I	817752	819089	+
Chlamydia psittaci NJ1	cpsn	B712_0775	NA	shikimate kinase family protein	md:cpsn_M00022	I	819067	819546	+
Chlamydia psittaci NJ1	cpsn	B712_0776	aroC	chorismate synthase	md:cpsn_M00022	I	819543	820622	+
Chlamydia psittaci NJ1	cpsn	B712_0777	aroB	3-dehydroquinate synthase	md:cpsn_M00022	I	820607	821758	+
Chlamydia psittaci NJ1	cpsn	B712_0778	aroE	shikimate 5-dehydrogenase	md:cpsn_M00022	I	821739	823172	+
Chlamydia psittaci NJ1	cpsn	B712_0247	NA	2-oxoacid dehydrogenases acyltransferase family protein	md:cpsn_M00032	I	234748	235917	+
Chlamydia psittaci NJ1	cpsn	B712_0459	sucB	dihydrolipoamide succinyltransferase component of 2-oxoglutarate dehydrogenase	md:cpsn_M00032	I	465262	466359	+
Chlamydia psittaci NJ1	cpsn	B712_1003	lpdA	dihydrolipoyl dehydrogenase	md:cpsn_M00032	I	1073019	1074407	+
Chlamydia psittaci NJ1	cpsn	B712_0761	NA	aspartate kinase domain protein	md:cpsn_M00033	I	805863	807185	-
Chlamydia psittaci NJ1	cpsn	B712_0762	asd	aspartate-semialdehyde dehydrogenase	md:cpsn_M00033	I	807173	808174	-
Chlamydia psittaci NJ1	cpsn	B712_0461	NA	hypothetical protein	md:cpsn_M00034	I	466515	467114	-
Chlamydia psittaci NJ1	cpsn	B712_0357	NA	transketolase, C-terminal domain protein	md:cpsn_M00036	I	369394	371430	+
Chlamydia psittaci NJ1	cpsn	B712_1003	lpdA	dihydrolipoyl dehydrogenase	md:cpsn_M00036	I	1073019	1074407	+
Chlamydia psittaci NJ1	cpsn	B712_0136	ndk	nucleoside diphosphate kinase	md:cpsn_M00049	I	125300	125725	+
Chlamydia psittaci NJ1	cpsn	B712_0584	NA	adenylate kinase family protein	md:cpsn_M00049	I	595235	595876	-
Chlamydia psittaci NJ1	cpsn	B712_0136	ndk	nucleoside diphosphate kinase	md:cpsn_M00050	I	125300	125725	+
Chlamydia psittaci NJ1	cpsn	B712_0617	guaA	guaA GMP synthetase	md:cpsn_M00050	I	643349	644887	-
Chlamydia psittaci NJ1	cpsn	B712_0618	NA	inosine-5'-monophosphate dehydrogenase	md:cpsn_M00050	I	644902	645978	-
Chlamydia psittaci NJ1	cpsn	B712_0700	gmk	guanylate kinase	md:cpsn_M00050	I	733720	734334	-
Chlamydia psittaci NJ1	cpsn	B712_0149	NA	phosphoribosyl transferase domain protein	md:cpsn_M00051	I	139527	140147	+
Chlamydia psittaci NJ1	cpsn	B712_0054	pyrH	UMP kinase	md:cpsn_M00052	I	55361	56101	-
Chlamydia psittaci NJ1	cpsn	B712_0136	ndk	nucleoside diphosphate kinase	md:cpsn_M00052	I	125300	125725	+
Chlamydia psittaci NJ1	cpsn	B712_0641	pyrG	CTP synthase	md:cpsn_M00052	I	662351	663964	+
Chlamydia psittaci NJ1	cpsn	B712_0136	ndk	nucleoside diphosphate kinase	md:cpsn_M00053	I	125300	125725	+
Chlamydia psittaci NJ1	cpsn	B712_0833	NA	ribonucleotide reductase, small chain family protein	md:cpsn_M00053	I	873904	874944	-
Chlamydia psittaci NJ1	cpsn	B712_0834	NA	ribonucleoside-diphosphate reductase, alpha subunit	md:cpsn_M00053	I	874968	878105	-
Chlamydia psittaci NJ1	cpsn	B712_0101	lpxC	UDP-3-O-[3-hydroxymyristoyl] N-acetylglucosamine deacetylase	md:cpsn_M00060	I	103924	104766	+
Chlamydia psittaci NJ1	cpsn	B712_0103	lpxA	acyl-[acyl-carrier-protein]-UDP-N-acetylglucosamine O-acyltransferase	md:cpsn_M00060	I	105255	106094	+
Chlamydia psittaci NJ1	cpsn	B712_0245	lpxK	tetraacyldisaccharide 4'-kinase	md:cpsn_M00060	I	232360	233463	+
Chlamydia psittaci NJ1	cpsn	B712_0525	lpxD	UDP-3-O-[3-hydroxymyristoyl] glucosamine N-acyltransferase	md:cpsn_M00060	I	536041	537123	-
Chlamydia psittaci NJ1	cpsn	B712_0658	NA	3-Deoxy-D-manno-octulosonic-acid transferase family protein	md:cpsn_M00060	I	680389	681690	-
Chlamydia psittaci NJ1	cpsn	B712_0721	NA	bacterial lipid A biosynthesis acyltransferase family protein	md:cpsn_M00060	I	758133	759470	+
Chlamydia psittaci NJ1	cpsn	B712_0848	lpxB	lipid-A-disaccharide synthase	md:cpsn_M00060	I	896956	898839	+
Chlamydia psittaci NJ1	cpsn	B712_0025	kdsA	3-deoxy-8-phosphooctulonate synthase	md:cpsn_M00063	I	30828	31637	-
Chlamydia psittaci NJ1	cpsn	B712_0248	NA	sugar isomerase, KpsF/GutQ family protein	md:cpsn_M00063	I	235949	236938	+
Chlamydia psittaci NJ1	cpsn	B712_0640	kdsB	3-deoxy-D-manno-octulosonate cytidylyltransferase	md:cpsn_M00063	I	661611	662375	+
Chlamydia psittaci NJ1	cpsn	B712_0376	accD	acetyl-CoA carboxylase, carboxyl transferase, beta subunit	md:cpsn_M00082	I	389089	390015	+
Chlamydia psittaci NJ1	cpsn	B712_0412	accA	acetyl-CoA carboxylase, carboxyl transferase, alpha subunit	md:cpsn_M00082	I	421603	422577	+
Chlamydia psittaci NJ1	cpsn	B712_0529	fabH	3-oxoacyl-(acyl-carrier-) synthase III family protein	md:cpsn_M00082	I	541069	542070	+
Chlamydia psittaci NJ1	cpsn	B712_0530	fabD	malonyl CoA-acyl carrier protein transacylase	md:cpsn_M00082	I	542071	542997	+
Chlamydia psittaci NJ1	cpsn	B712_0602	accB	acetyl-CoA carboxylase, biotin carboxyl carrier protein	md:cpsn_M00082	I	616079	616579	+
Chlamydia psittaci NJ1	cpsn	B712_0603	accC	acetyl-CoA carboxylase, biotin carboxylase	md:cpsn_M00082	I	616579	617934	+
Chlamydia psittaci NJ1	cpsn	B712_0102	fabZ	beta-hydroxyacyl-(acyl-carrier-protein) dehydratase FabZ	md:cpsn_M00083	I	104781	105245	+
Chlamydia psittaci NJ1	cpsn	B712_0420	NA	enoyl-acyl carrier reductase domain protein	md:cpsn_M00083	I	428868	429767	-
Chlamydia psittaci NJ1	cpsn	B712_0531	fabG	3-oxoacyl-(acyl-carrier-protein) reductase	md:cpsn_M00083	I	542999	543745	+
Chlamydia psittaci NJ1	cpsn	B712_0768	NA	short chain dehydrogenase family protein	md:cpsn_M00083	I	811936	812775	+
Chlamydia psittaci NJ1	cpsn	B712_0908	fabF	3-oxoacyl-[acyl-carrier-protein] synthase 2	md:cpsn_M00083	I	965735	966985	-
Chlamydia psittaci NJ1	cpsn	B712_0196	NA	acyltransferase family protein	md:cpsn_M00089	I	182568	183215	-
Chlamydia psittaci NJ1	cpsn	B712_0870	NA	acyltransferase family protein	md:cpsn_M00089	I	924658	925653	+
Chlamydia psittaci NJ1	cpsn	B712_0903	NA	acyltransferase family protein	md:cpsn_M00089	I	961526	962287	-
Chlamydia psittaci NJ1	cpsn	B712_0198	NA	cytidylyltransferase family protein	md:cpsn_M00093	I	183859	184779	-
Chlamydia psittaci NJ1	cpsn	B712_0835	NA	CDP-alcohol phosphatidyltransferase family protein	md:cpsn_M00093	I	878481	879287	+
Chlamydia psittaci NJ1	cpsn	B712_0997	psd	phosphatidylserine decarboxylase	md:cpsn_M00093	I	1064202	1065101	-
Chlamydia psittaci NJ1	cpsn	B712_0185	ispD	2-C-methyl-D-erythritol 4-phosphate cytidylyltransferase	md:cpsn_M00096	I	171527	172165	-
Chlamydia psittaci NJ1	cpsn	B712_0223	ispF	2C-methyl-D-erythritol 2,4-cyclodiphosphate synthase	md:cpsn_M00096	I	209651	210181	-
Chlamydia psittaci NJ1	cpsn	B712_0338	dxs	1-deoxy-D-xylulose-5-phosphate synthase	md:cpsn_M00096	I	348675	350609	-
Chlamydia psittaci NJ1	cpsn	B712_0462	ispG	4-hydroxy-3-methylbut-2-en-1-yl diphosphate synthase	md:cpsn_M00096	I	467128	468948	-
Chlamydia psittaci NJ1	cpsn	B712_0485	dxr	1-deoxy-D-xylulose 5-phosphate reductoisomerase	md:cpsn_M00096	I	490211	491350	+
Chlamydia psittaci NJ1	cpsn	B712_0796	ispH	4-hydroxy-3-methylbut-2-enyl diphosphate reductase	md:cpsn_M00096	I	840099	841028	-
Chlamydia psittaci NJ1	cpsn	B712_0874	ispE	4-(cytidine 5'-diphospho)-2-C-methyl-D-erythritol kinase	md:cpsn_M00096	I	930222	931097	-
Chlamydia psittaci NJ1	cpsn	B712_0257	NA	ubiquinone/menaquinone biosynthesis methyltransferases family protein	md:cpsn_M00116	I	245089	245781	-
Chlamydia psittaci NJ1	cpsn	B712_0257	NA	ubiquinone/menaquinone biosynthesis methyltransferases family protein	md:cpsn_M00117	I	245089	245781	-
Chlamydia psittaci NJ1	cpsn	B712_0563	NA	ubiA prenyltransferase family protein	md:cpsn_M00117	I	579601	580500	+
Chlamydia psittaci NJ1	cpsn	B712_0564	NA	polyprenyl P-hydroxybenzoate and phenylacrylic acid decarboxylase family protein	md:cpsn_M00117	I	580514	581092	+
Chlamydia psittaci NJ1	cpsn	B712_0145	coaE	dephospho-CoA kinase	md:cpsn_M00120	I	136940	137548	+
Chlamydia psittaci NJ1	cpsn	B712_0001	hemB	delta-aminolevulinic acid dehydratase	md:cpsn_M00121	I	149	1144	+
Chlamydia psittaci NJ1	cpsn	B712_0033	NA	glutamyl-tRNAGlu reductase, N-terminal domain protein	md:cpsn_M00121	I	38156	39172	+
Chlamydia psittaci NJ1	cpsn	B712_0154	hemH	ferrochelatase	md:cpsn_M00121	I	143988	144944	-
Chlamydia psittaci NJ1	cpsn	B712_0207	gltX	glutamyl-tRNA synthetase	md:cpsn_M00121	I	196607	198124	+
Chlamydia psittaci NJ1	cpsn	B712_0252	NA	uroporphyrinogen-III synthase HemD family protein	md:cpsn_M00121	I	240135	240800	-
Chlamydia psittaci NJ1	cpsn	B712_0370	NA	porphobilinogen deaminase, dipyromethane cofactor binding domain protein	md:cpsn_M00121	I	382976	383713	-
Chlamydia psittaci NJ1	cpsn	B712_0678	hemL	glutamate-1-semialdehyde 2,1-aminomutase	md:cpsn_M00121	I	710503	711792	-
Chlamydia psittaci NJ1	cpsn	B712_0936	NA	uroporphyrinogen decarboxylase family protein	md:cpsn_M00121	I	996390	997313	+
Chlamydia psittaci NJ1	cpsn	B712_0937	hemN	oxygen-independent coproporphyrinogen III oxidase	md:cpsn_M00121	I	997286	998662	+
Chlamydia psittaci NJ1	cpsn	B712_0938	hemG	protoporphyrinogen oxidase	md:cpsn_M00121	I	998659	999927	+
Chlamydia psittaci NJ1	cpsn	B712_0769	bioB	biotin synthase	md:cpsn_M00123	I	813026	814021	+
Chlamydia psittaci NJ1	cpsn	B712_0770	NA	aminotransferase class I and II family protein	md:cpsn_M00123	I	814000	815148	+
Chlamydia psittaci NJ1	cpsn	B712_0771	bioD	dethiobiotin synthase	md:cpsn_M00123	I	815133	815750	+
Chlamydia psittaci NJ1	cpsn	B712_0772	bioA	adenosylmethionine-8-amino-7-oxononanoate transaminase	md:cpsn_M00123	I	815750	817027	+
Chlamydia psittaci NJ1	cpsn	B712_0242	ribE	riboflavin synthase, alpha subunit	md:cpsn_M00125	I	229894	230487	+
Chlamydia psittaci NJ1	cpsn	B712_0506	ribF	riboflavin biosynthesis protein RibF	md:cpsn_M00125	I	513819	514733	-
Chlamydia psittaci NJ1	cpsn	B712_0960	ribH	6,7-dimethyl-8-ribityllumazine synthase	md:cpsn_M00125	I	1022884	1023348	-
Chlamydia psittaci NJ1	cpsn	B712_0961	ribB	3,4-dihydroxy-2-butanone 4-phosphate synthase	md:cpsn_M00125	I	1023361	1024623	-
Chlamydia psittaci NJ1	cpsn	B712_0962	ribD	riboflavin biosynthesis protein RibD	md:cpsn_M00125	I	1024708	1025814	-
Chlamydia psittaci NJ1	cpsn	B712_1070	NA	dihydrofolate reductase family protein	md:cpsn_M00126	I	1146697	1147140	-
Chlamydia psittaci NJ1	cpsn	B712_1071	folK	2-amino-4-hydroxy-6-hydroxymethyldihydropteridine pyrophosphokinase	md:cpsn_M00126	I	1147178	1148521	-
Chlamydia psittaci NJ1	cpsn	B712_1072	folB	dihydroneopterin aldolase	md:cpsn_M00126	I	1148518	1148853	-
Chlamydia psittaci NJ1	cpsn	B712_0232	thiE	thiamine-phosphate pyrophosphorylase	md:cpsn_M00127	I	215870	216508	+
Chlamydia psittaci NJ1	cpsn	B712_0781	aaxB	pyruvoyl-dependent arginine decarboxylase AaxB	md:cpsn_M00133	I	825502	826089	+
Chlamydia psittaci NJ1	cpsn	B712_0253	glyA	serine hydroxymethyltransferase	md:cpsn_M00140	I	241115	242608	+
Chlamydia psittaci NJ1	cpsn	B712_0492	NA	tetrahydrofolate dehydrogenase/cyclohydrolase, catalytic domain protein	md:cpsn_M00140	I	498063	498791	-
Chlamydia psittaci NJ1	cpsn	B712_1038	NA	succinate dehydrogenase and fumarate reductase iron-sulfur family protein	md:cpsn_M00149	I	1113827	1114618	-
Chlamydia psittaci NJ1	cpsn	B712_1039	sdhA	succinate dehydrogenase/fumarate reductase, flavoprotein subunit	md:cpsn_M00149	I	1114633	1116516	-
Chlamydia psittaci NJ1	cpsn	B712_1040	NA	putative membrane protein	md:cpsn_M00149	I	1116521	1117414	-
Chlamydia psittaci NJ1	cpsn	B712_0717	cydB	cytochrome d ubiquinol oxidase, subunit II	md:cpsn_M00153	I	753255	754316	-
Chlamydia psittaci NJ1	cpsn	B712_0718	NA	bacterial Cytochrome Ubiquinol Oxidase family protein	md:cpsn_M00153	I	754319	755659	-
Chlamydia psittaci NJ1	cpsn	B712_0728	NA	ATP synthase subunit C family protein	md:cpsn_M00159	I	773153	773578	-
Chlamydia psittaci NJ1	cpsn	B712_0729	NA	V-type ATP synthase subunit I	md:cpsn_M00159	I	773713	775662	-
Chlamydia psittaci NJ1	cpsn	B712_0730	NA	V-type ATPase, D subunit	md:cpsn_M00159	I	775653	776279	-
Chlamydia psittaci NJ1	cpsn	B712_0731	atpB	V-type ATP synthase beta chain	md:cpsn_M00159	I	776264	777580	-
Chlamydia psittaci NJ1	cpsn	B712_0732	NA	ATP synthase alpha/beta chain, C terminal domain protein	md:cpsn_M00159	I	777587	779362	-
Chlamydia psittaci NJ1	cpsn	B712_0734	atpE	V-type ATP synthase subunit E	md:cpsn_M00159	I	780202	780828	-
Chlamydia psittaci NJ1	cpsn	B712_0073	pgk	phosphoglycerate kinase	md:cpsn_M00165	I	76093	77295	+
Chlamydia psittaci NJ1	cpsn	B712_0130	gap	glyceraldehyde-3-phosphate dehydrogenase, type I	md:cpsn_M00165	I	120742	121749	+
Chlamydia psittaci NJ1	cpsn	B712_0681	rpiA	ribose 5-phosphate isomerase A	md:cpsn_M00165	I	712937	713638	-
Chlamydia psittaci NJ1	cpsn	B712_0933	tkt	transketolase	md:cpsn_M00165	I	988185	990182	-
Chlamydia psittaci NJ1	cpsn	B712_0073	pgk	phosphoglycerate kinase	md:cpsn_M00166	I	76093	77295	+
Chlamydia psittaci NJ1	cpsn	B712_0130	gap	glyceraldehyde-3-phosphate dehydrogenase, type I	md:cpsn_M00166	I	120742	121749	+
Chlamydia psittaci NJ1	cpsn	B712_0681	rpiA	ribose 5-phosphate isomerase A	md:cpsn_M00167	I	712937	713638	-
Chlamydia psittaci NJ1	cpsn	B712_0933	tkt	transketolase	md:cpsn_M00167	I	988185	990182	-
Chlamydia psittaci NJ1	cpsn	B712_0785	mdh	malate dehydrogenase	md:cpsn_M00168	I	829603	830589	-
Chlamydia psittaci NJ1	cpsn	B712_0785	mdh	malate dehydrogenase	md:cpsn_M00173	I	829603	830589	-
Chlamydia psittaci NJ1	cpsn	B712_0800	fumC	fumarate hydratase, class II	md:cpsn_M00173	I	846302	847684	-
Chlamydia psittaci NJ1	cpsn	B712_0840	sucD	succinate-CoA ligase, alpha subunit	md:cpsn_M00173	I	886821	887696	-
Chlamydia psittaci NJ1	cpsn	B712_0841	sucC	succinyl-CoA ligase [ADP-forming] subunit beta	md:cpsn_M00173	I	887711	888871	-
Chlamydia psittaci NJ1	cpsn	B712_1038	NA	succinate dehydrogenase and fumarate reductase iron-sulfur family protein	md:cpsn_M00173	I	1113827	1114618	-
Chlamydia psittaci NJ1	cpsn	B712_1039	sdhA	succinate dehydrogenase/fumarate reductase, flavoprotein subunit	md:cpsn_M00173	I	1114633	1116516	-
Chlamydia psittaci NJ1	cpsn	B712_1040	NA	putative membrane protein	md:cpsn_M00173	I	1116521	1117414	-
Chlamydia psittaci NJ1	cpsn	B712_0222	NA	oxidoreductase NAD-binding domain protein	md:cpsn_M00176	I	208605	209654	+
Chlamydia psittaci NJ1	cpsn	B712_0521	NA	pyruvate dehydrogenase complex dihydrolipoamide acetyltransferase	md:cpsn_M00307	I	531548	532834	-
Chlamydia psittaci NJ1	cpsn	B712_0522	pdhB	pyruvate dehydrogenase E1 component, beta subunit	md:cpsn_M00307	I	532839	533825	-
Chlamydia psittaci NJ1	cpsn	B712_0523	pdhA	pyruvate dehydrogenase (acetyl-transferring) E1 component, alpha subunit	md:cpsn_M00307	I	533818	534843	-
Chlamydia psittaci NJ1	cpsn	B712_1003	lpdA	dihydrolipoyl dehydrogenase	md:cpsn_M00307	I	1073019	1074407	+
Chlamydia psittaci NJ1	cpsn	B712_0073	pgk	phosphoglycerate kinase	md:cpsn_M00308	I	76093	77295	+
Chlamydia psittaci NJ1	cpsn	B712_0130	gap	glyceraldehyde-3-phosphate dehydrogenase, type I	md:cpsn_M00308	I	120742	121749	+
Chlamydia psittaci NJ1	cpsn	B712_0653	NA	diphosphate--fructose-6-phosphate 1-phosphotransferase	md:cpsn_M00345	I	675887	677545	+
Chlamydia psittaci NJ1	cpsn	B712_0253	glyA	serine hydroxymethyltransferase	md:cpsn_M00346	I	241115	242608	+
Chlamydia psittaci NJ1	cpsn	B712_0785	mdh	malate dehydrogenase	md:cpsn_M00346	I	829603	830589	-
Chlamydia psittaci NJ1	cpsn	B712_1033	eno	phosphopyruvate hydratase	md:cpsn_M00346	I	1105128	1106402	+
Chlamydia psittaci NJ1	cpsn	B712_1082	NA	polyprenyl synthetase family protein	md:cpsn_M00364	I	1158377	1159258	+
Chlamydia psittaci NJ1	cpsn	B712_0785	mdh	malate dehydrogenase	md:cpsn_M00374	I	829603	830589	-
Chlamydia psittaci NJ1	cpsn	B712_0840	sucD	succinate-CoA ligase, alpha subunit	md:cpsn_M00374	I	886821	887696	-
Chlamydia psittaci NJ1	cpsn	B712_0841	sucC	succinyl-CoA ligase [ADP-forming] subunit beta	md:cpsn_M00374	I	887711	888871	-
Chlamydia psittaci NJ1	cpsn	B712_1038	NA	succinate dehydrogenase and fumarate reductase iron-sulfur family protein	md:cpsn_M00374	I	1113827	1114618	-
Chlamydia psittaci NJ1	cpsn	B712_1039	sdhA	succinate dehydrogenase/fumarate reductase, flavoprotein subunit	md:cpsn_M00374	I	1114633	1116516	-
Chlamydia psittaci NJ1	cpsn	B712_1040	NA	putative membrane protein	md:cpsn_M00374	I	1116521	1117414	-
Chlamydia psittaci NJ1	cpsn	B712_0376	accD	acetyl-CoA carboxylase, carboxyl transferase, beta subunit	md:cpsn_M00376	I	389089	390015	+
Chlamydia psittaci NJ1	cpsn	B712_0412	accA	acetyl-CoA carboxylase, carboxyl transferase, alpha subunit	md:cpsn_M00376	I	421603	422577	+
Chlamydia psittaci NJ1	cpsn	B712_0602	accB	acetyl-CoA carboxylase, biotin carboxyl carrier protein	md:cpsn_M00376	I	616079	616579	+
Chlamydia psittaci NJ1	cpsn	B712_0603	accC	acetyl-CoA carboxylase, biotin carboxylase	md:cpsn_M00376	I	616579	617934	+
Chlamydia psittaci NJ1	cpsn	B712_0800	fumC	fumarate hydratase, class II	md:cpsn_M00376	I	846302	847684	-
Chlamydia psittaci NJ1	cpsn	B712_1038	NA	succinate dehydrogenase and fumarate reductase iron-sulfur family protein	md:cpsn_M00376	I	1113827	1114618	-
Chlamydia psittaci NJ1	cpsn	B712_1039	sdhA	succinate dehydrogenase/fumarate reductase, flavoprotein subunit	md:cpsn_M00376	I	1114633	1116516	-
Chlamydia psittaci NJ1	cpsn	B712_1040	NA	putative membrane protein	md:cpsn_M00376	I	1116521	1117414	-
Chlamydia psittaci NJ1	cpsn	B712_0492	NA	tetrahydrofolate dehydrogenase/cyclohydrolase, catalytic domain protein	md:cpsn_M00377	I	498063	498791	-
Chlamydia psittaci NJ1	cpsn	B712_0255	dapF	diaminopimelate epimerase	md:cpsn_M00525	I	243175	243957	+
Chlamydia psittaci NJ1	cpsn	B712_0760	dapA	dihydrodipicolinate synthase	md:cpsn_M00525	I	804984	805850	-
Chlamydia psittaci NJ1	cpsn	B712_0761	NA	aspartate kinase domain protein	md:cpsn_M00525	I	805863	807185	-
Chlamydia psittaci NJ1	cpsn	B712_0762	asd	aspartate-semialdehyde dehydrogenase	md:cpsn_M00525	I	807173	808174	-
Chlamydia psittaci NJ1	cpsn	B712_0763	NA	dihydrodipicolinate reductase, family protein	md:cpsn_M00525	I	808355	809095	-
Chlamydia psittaci NJ1	cpsn	B712_0760	dapA	dihydrodipicolinate synthase	md:cpsn_M00526	I	804984	805850	-
Chlamydia psittaci NJ1	cpsn	B712_0761	NA	aspartate kinase domain protein	md:cpsn_M00526	I	805863	807185	-
Chlamydia psittaci NJ1	cpsn	B712_0762	asd	aspartate-semialdehyde dehydrogenase	md:cpsn_M00526	I	807173	808174	-
Chlamydia psittaci NJ1	cpsn	B712_0763	NA	dihydrodipicolinate reductase, family protein	md:cpsn_M00526	I	808355	809095	-
Chlamydia psittaci NJ1	cpsn	B712_0255	dapF	diaminopimelate epimerase	md:cpsn_M00527	I	243175	243957	+
Chlamydia psittaci NJ1	cpsn	B712_0278	dapL	LL-diaminopimelate aminotransferase	md:cpsn_M00527	I	265338	266534	-
Chlamydia psittaci NJ1	cpsn	B712_0760	dapA	dihydrodipicolinate synthase	md:cpsn_M00527	I	804984	805850	-
Chlamydia psittaci NJ1	cpsn	B712_0761	NA	aspartate kinase domain protein	md:cpsn_M00527	I	805863	807185	-
Chlamydia psittaci NJ1	cpsn	B712_0762	asd	aspartate-semialdehyde dehydrogenase	md:cpsn_M00527	I	807173	808174	-
Chlamydia psittaci NJ1	cpsn	B712_0763	NA	dihydrodipicolinate reductase, family protein	md:cpsn_M00527	I	808355	809095	-
Chlamydia psittaci NJ1	cpsn	B712_0253	glyA	serine hydroxymethyltransferase	md:cpsn_M00532	I	241115	242608	+
Chlamydia psittaci NJ1	cpsn	B712_0390	gcvH	glycine cleavage system H protein	md:cpsn_M00532	I	404474	404815	+
Chlamydia psittaci NJ1	cpsn	B712_1003	lpdA	dihydrolipoyl dehydrogenase	md:cpsn_M00532	I	1073019	1074407	+
Chlamydia psittaci NJ1	cpsn	B712_0041	NA	type III secretion apparatus H+-transporting two-sector ATPase	md:cpsn_M00542	I	44129	45457	+
Chlamydia psittaci NJ1	cpsn	B712_0046	NA	bacterial type II and III secretion system family protein	md:cpsn_M00542	I	49486	52209	+
Chlamydia psittaci NJ1	cpsn	B712_0503	NA	type III secretion, HrcV family protein	md:cpsn_M00542	I	509178	511250	-
Chlamydia psittaci NJ1	cpsn	B712_0504	NA	hypothetical protein	md:cpsn_M00542	I	511307	512389	-
Chlamydia psittaci NJ1	cpsn	B712_1005	NA	hypothetical protein	md:cpsn_M00542	I	1075547	1076539	+
Chlamydia psittaci NJ1	cpsn	B712_1008	NA	hypothetical protein	md:cpsn_M00542	I	1078242	1079159	+
Chlamydia psittaci NJ1	cpsn	B712_1009	NA	type III secretion, HrpO family protein	md:cpsn_M00542	I	1079199	1079453	+
Chlamydia psittaci NJ1	cpsn	B712_1010	NA	bacterial export s, 1 family protein	md:cpsn_M00542	I	1079460	1080329	+
Chlamydia psittaci NJ1	cpsn	B712_0073	pgk	phosphoglycerate kinase	md:cpsn_M00552	I	76093	77295	+
Chlamydia psittaci NJ1	cpsn	B712_0130	gap	glyceraldehyde-3-phosphate dehydrogenase, type I	md:cpsn_M00552	I	120742	121749	+
Chlamydia psittaci NJ1	cpsn	B712_0150	glgC	glucose-1-phosphate adenylyltransferase	md:cpsn_M00565	I	140283	141611	+
Chlamydia psittaci NJ1	cpsn	B712_0297	glgB	1,4-alpha-glucan branching enzyme	md:cpsn_M00565	I	287401	289584	+
Chlamydia psittaci NJ1	cpsn	B712_0445	glgX	glycogen debranching enzyme GlgX	md:cpsn_M00565	I	449451	451442	-
Chlamydia psittaci NJ1	cpsn	B712_0881	glgA	glycogen/starch synthase	md:cpsn_M00565	I	933967	935394	+
Chlamydia psittaci NJ1	cpsn	B712_0102	fabZ	beta-hydroxyacyl-(acyl-carrier-protein) dehydratase FabZ	md:cpsn_M00572	I	104781	105245	+
Chlamydia psittaci NJ1	cpsn	B712_0420	NA	enoyl-acyl carrier reductase domain protein	md:cpsn_M00572	I	428868	429767	-
Chlamydia psittaci NJ1	cpsn	B712_0531	fabG	3-oxoacyl-(acyl-carrier-protein) reductase	md:cpsn_M00572	I	542999	543745	+
Chlamydia psittaci NJ1	cpsn	B712_0768	NA	short chain dehydrogenase family protein	md:cpsn_M00572	I	811936	812775	+
Chlamydia psittaci NJ1	cpsn	B712_0908	fabF	3-oxoacyl-[acyl-carrier-protein] synthase 2	md:cpsn_M00572	I	965735	966985	-
Chlamydia psittaci NJ1	cpsn	B712_0769	bioB	biotin synthase	md:cpsn_M00573	I	813026	814021	+
Chlamydia psittaci NJ1	cpsn	B712_0770	NA	aminotransferase class I and II family protein	md:cpsn_M00573	I	814000	815148	+
Chlamydia psittaci NJ1	cpsn	B712_0771	bioD	dethiobiotin synthase	md:cpsn_M00573	I	815133	815750	+
Chlamydia psittaci NJ1	cpsn	B712_0769	bioB	biotin synthase	md:cpsn_M00577	I	813026	814021	+
Chlamydia psittaci NJ1	cpsn	B712_0770	NA	aminotransferase class I and II family protein	md:cpsn_M00577	I	814000	815148	+
Chlamydia psittaci NJ1	cpsn	B712_0771	bioD	dethiobiotin synthase	md:cpsn_M00577	I	815133	815750	+
Chlamydia psittaci NJ1	cpsn	B712_0772	bioA	adenosylmethionine-8-amino-7-oxononanoate transaminase	md:cpsn_M00577	I	815750	817027	+
Chlamydia psittaci NJ1	cpsn	B712_0681	rpiA	ribose 5-phosphate isomerase A	md:cpsn_M00580	I	712937	713638	-
Chlamydia psittaci NJ1	cpsn	B712_0785	mdh	malate dehydrogenase	md:cpsn_M00620	I	829603	830589	-
Chlamydia psittaci NJ1	cpsn	B712_0840	sucD	succinate-CoA ligase, alpha subunit	md:cpsn_M00620	I	886821	887696	-
Chlamydia psittaci NJ1	cpsn	B712_0841	sucC	succinyl-CoA ligase [ADP-forming] subunit beta	md:cpsn_M00620	I	887711	888871	-
Chlamydia psittaci NJ1	cpsn	B712_0041	NA	type III secretion apparatus H+-transporting two-sector ATPase	md:cpsn_M00660	I	44129	45457	+
Chlamydia psittaci NJ1	cpsn	B712_0503	NA	type III secretion, HrcV family protein	md:cpsn_M00660	I	509178	511250	-
Chlamydia psittaci NJ1	cpsn	B712_0504	NA	hypothetical protein	md:cpsn_M00660	I	511307	512389	-
Chlamydia psittaci NJ1	cpsn	B712_1005	NA	hypothetical protein	md:cpsn_M00660	I	1075547	1076539	+
Chlamydia psittaci NJ1	cpsn	B712_1007	NA	hypothetical protein	md:cpsn_M00660	I	1077538	1078227	+
Chlamydia psittaci NJ1	cpsn	B712_1008	NA	hypothetical protein	md:cpsn_M00660	I	1078242	1079159	+
Chlamydia psittaci NJ1	cpsn	B712_1009	NA	type III secretion, HrpO family protein	md:cpsn_M00660	I	1079199	1079453	+
Chlamydia psittaci NJ1	cpsn	B712_1010	NA	bacterial export s, 1 family protein	md:cpsn_M00660	I	1079460	1080329	+
Chlamydia psittaci NJ1	cpsn	B712_0785	mdh	malate dehydrogenase	md:cpsn_M00740	I	829603	830589	-
Chlamydia psittaci NJ1	cpsn	B712_0961	ribB	3,4-dihydroxy-2-butanone 4-phosphate synthase	md:cpsn_M00840	I	1023361	1024623	-
Chlamydia psittaci NJ1	cpsn	B712_1069	NA	Gamma-glutamyl ligase family protein	md:cpsn_M00840	I	1145997	1146725	-
Chlamydia psittaci NJ1	cpsn	B712_1070	NA	dihydrofolate reductase family protein	md:cpsn_M00840	I	1146697	1147140	-
Chlamydia psittaci NJ1	cpsn	B712_1071	folK	2-amino-4-hydroxy-6-hydroxymethyldihydropteridine pyrophosphokinase	md:cpsn_M00840	I	1147178	1148521	-
Chlamydia psittaci NJ1	cpsn	B712_1072	folB	dihydroneopterin aldolase	md:cpsn_M00840	I	1148518	1148853	-
Chlamydia psittaci NJ1	cpsn	B712_1071	folK	2-amino-4-hydroxy-6-hydroxymethyldihydropteridine pyrophosphokinase	md:cpsn_M00841	I	1147178	1148521	-
Chlamydia psittaci NJ1	cpsn	B712_0001	hemB	delta-aminolevulinic acid dehydratase	md:cpsn_M00846	I	149	1144	+
Chlamydia psittaci NJ1	cpsn	B712_0033	NA	glutamyl-tRNAGlu reductase, N-terminal domain protein	md:cpsn_M00846	I	38156	39172	+
Chlamydia psittaci NJ1	cpsn	B712_0252	NA	uroporphyrinogen-III synthase HemD family protein	md:cpsn_M00846	I	240135	240800	-
Chlamydia psittaci NJ1	cpsn	B712_0370	NA	porphobilinogen deaminase, dipyromethane cofactor binding domain protein	md:cpsn_M00846	I	382976	383713	-
Chlamydia psittaci NJ1	cpsn	B712_0678	hemL	glutamate-1-semialdehyde 2,1-aminomutase	md:cpsn_M00846	I	710503	711792	-
Chlamydia psittaci NJ1	cpsn	B712_0564	NA	polyprenyl P-hydroxybenzoate and phenylacrylic acid decarboxylase family protein	md:cpsn_M00849	I	580514	581092	+
Chlamydia psittaci NJ1	cpsn	B712_0150	glgC	glucose-1-phosphate adenylyltransferase	md:cpsn_M00854	I	140283	141611	+
Chlamydia psittaci NJ1	cpsn	B712_0297	glgB	1,4-alpha-glucan branching enzyme	md:cpsn_M00854	I	287401	289584	+
Chlamydia psittaci NJ1	cpsn	B712_0881	glgA	glycogen/starch synthase	md:cpsn_M00854	I	933967	935394	+
Chlamydia psittaci NJ1	cpsn	B712_0500	malQ	4-alpha-glucanotransferase	md:cpsn_M00855	I	505871	507463	-
Chlamydia psittaci NJ1	cpsn	B712_0520	NA	glycogen/starch/alpha-glucan phosphorylase family protein	md:cpsn_M00855	I	529023	531473	+
Chlamydia psittaci NJ1	cpsn	B712_0101	lpxC	UDP-3-O-[3-hydroxymyristoyl] N-acetylglucosamine deacetylase	md:cpsn_M00866	I	103924	104766	+
Chlamydia psittaci NJ1	cpsn	B712_0103	lpxA	acyl-[acyl-carrier-protein]-UDP-N-acetylglucosamine O-acyltransferase	md:cpsn_M00866	I	105255	106094	+
Chlamydia psittaci NJ1	cpsn	B712_0245	lpxK	tetraacyldisaccharide 4'-kinase	md:cpsn_M00866	I	232360	233463	+
Chlamydia psittaci NJ1	cpsn	B712_0525	lpxD	UDP-3-O-[3-hydroxymyristoyl] glucosamine N-acyltransferase	md:cpsn_M00866	I	536041	537123	-
Chlamydia psittaci NJ1	cpsn	B712_0658	NA	3-Deoxy-D-manno-octulosonic-acid transferase family protein	md:cpsn_M00866	I	680389	681690	-
Chlamydia psittaci NJ1	cpsn	B712_0721	NA	bacterial lipid A biosynthesis acyltransferase family protein	md:cpsn_M00866	I	758133	759470	+
Chlamydia psittaci NJ1	cpsn	B712_0848	lpxB	lipid-A-disaccharide synthase	md:cpsn_M00866	I	896956	898839	+
Chlamydia psittaci NJ1	cpsn	B712_0001	hemB	delta-aminolevulinic acid dehydratase	md:cpsn_M00868	I	149	1144	+
Chlamydia psittaci NJ1	cpsn	B712_0154	hemH	ferrochelatase	md:cpsn_M00868	I	143988	144944	-
Chlamydia psittaci NJ1	cpsn	B712_0252	NA	uroporphyrinogen-III synthase HemD family protein	md:cpsn_M00868	I	240135	240800	-
Chlamydia psittaci NJ1	cpsn	B712_0370	NA	porphobilinogen deaminase, dipyromethane cofactor binding domain protein	md:cpsn_M00868	I	382976	383713	-
Chlamydia psittaci NJ1	cpsn	B712_0936	NA	uroporphyrinogen decarboxylase family protein	md:cpsn_M00868	I	996390	997313	+
Chlamydia psittaci NJ1	cpsn	B712_0938	hemG	protoporphyrinogen oxidase	md:cpsn_M00868	I	998659	999927	+
Chlamydia psittaci NJ1	cpsn	B712_0530	fabD	malonyl CoA-acyl carrier protein transacylase	md:cpsn_M00873	I	542071	542997	+
Chlamydia psittaci NJ1	cpsn	B712_0908	fabF	3-oxoacyl-[acyl-carrier-protein] synthase 2	md:cpsn_M00873	I	965735	966985	-
Chlamydia psittaci NJ1	cpsn	B712_0530	fabD	malonyl CoA-acyl carrier protein transacylase	md:cpsn_M00874	I	542071	542997	+
Chlamydia psittaci NJ1	cpsn	B712_0531	fabG	3-oxoacyl-(acyl-carrier-protein) reductase	md:cpsn_M00874	I	542999	543745	+
Chlamydia psittaci NJ1	cpsn	B712_0768	NA	short chain dehydrogenase family protein	md:cpsn_M00874	I	811936	812775	+
Chlamydia psittaci NJ1	cpsn	B712_0908	fabF	3-oxoacyl-[acyl-carrier-protein] synthase 2	md:cpsn_M00874	I	965735	966985	-
Chlamydia psittaci NJ1	cpsn	B712_1004	lipA	lipoic acid synthetase	md:cpsn_M00881	I	1074404	1075336	+
Chlamydia psittaci NJ1	cpsn	B712_1004	lipA	lipoic acid synthetase	md:cpsn_M00882	I	1074404	1075336	+
Chlamydia psittaci NJ1	cpsn	B712_1004	lipA	lipoic acid synthetase	md:cpsn_M00883	I	1074404	1075336	+
Chlamydia psittaci NJ1	cpsn	B712_1004	lipA	lipoic acid synthetase	md:cpsn_M00884	I	1074404	1075336	+
Chlamydia psittaci NJ1	cpsn	B712_0232	thiE	thiamine-phosphate pyrophosphorylase	md:cpsn_M00895	I	215870	216508	+
Chlamydia psittaci NJ1	cpsn	B712_0232	thiE	thiamine-phosphate pyrophosphorylase	md:cpsn_M00896	I	215870	216508	+
Chlamydia psittaci NJ1	cpsn	B712_0232	thiE	thiamine-phosphate pyrophosphorylase	md:cpsn_M00899	I	215870	216508	+
Chlamydia psittaci NJ1	cpsn	B712_0233	NA	hydroxyethylthiazole kinase family protein	md:cpsn_M00899	I	216502	217290	+
Chlamydia psittaci NJ1	cpsn	B712_0787	NA	phosphoglucose isomerase family protein	md:cpsn_M00909	I	831184	832779	-
Chlamydia psittaci NJ1	cpsn	B712_0845	glmS	glutamine-fructose-6-phosphate transaminase	md:cpsn_M00909	I	891834	893663	-
Chlamydia psittaci NJ1	cpsn	B712_0846	glmM	phosphoglucosamine mutase	md:cpsn_M00909	I	893672	895048	-
Chlamydia psittaci NJ1	cpsn	B712_0242	ribE	riboflavin synthase, alpha subunit	md:cpsn_M00911	I	229894	230487	+
Chlamydia psittaci NJ1	cpsn	B712_0960	ribH	6,7-dimethyl-8-ribityllumazine synthase	md:cpsn_M00911	I	1022884	1023348	-
Chlamydia psittaci NJ1	cpsn	B712_0001	hemB	delta-aminolevulinic acid dehydratase	md:cpsn_M00926	I	149	1144	+
Chlamydia psittaci NJ1	cpsn	B712_0033	NA	glutamyl-tRNAGlu reductase, N-terminal domain protein	md:cpsn_M00926	I	38156	39172	+
Chlamydia psittaci NJ1	cpsn	B712_0154	hemH	ferrochelatase	md:cpsn_M00926	I	143988	144944	-
Chlamydia psittaci NJ1	cpsn	B712_0252	NA	uroporphyrinogen-III synthase HemD family protein	md:cpsn_M00926	I	240135	240800	-
Chlamydia psittaci NJ1	cpsn	B712_0370	NA	porphobilinogen deaminase, dipyromethane cofactor binding domain protein	md:cpsn_M00926	I	382976	383713	-
Chlamydia psittaci NJ1	cpsn	B712_0678	hemL	glutamate-1-semialdehyde 2,1-aminomutase	md:cpsn_M00926	I	710503	711792	-
Chlamydia psittaci NJ1	cpsn	B712_0936	NA	uroporphyrinogen decarboxylase family protein	md:cpsn_M00926	I	996390	997313	+
Chlamydia psittaci NJ1	cpsn	B712_0938	hemG	protoporphyrinogen oxidase	md:cpsn_M00926	I	998659	999927	+
Chlamydia psittaci NJ1	cpsn	B712_0259	NA	radical SAM superfamily protein	md:cpsn_M00930	I	246511	247623	-
Chlamydia psittaci NJ1	cpsn	B712_0913	NA	putative radical SAM domain protein	md:cpsn_M00930	I	969811	970872	+
Chlamydia psittaci NJ1	cpsn	B712_0259	NA	radical SAM superfamily protein	md:cpsn_M00931	I	246511	247623	-
Chlamydia psittaci NJ1	cpsn	B712_0913	NA	putative radical SAM domain protein	md:cpsn_M00931	I	969811	970872	+
Chlamydia psittaci NJ1	cpsn	B712_0136	ndk	nucleoside diphosphate kinase	md:cpsn_M00938	I	125300	125725	+
Chlamydia psittaci NJ1	cpsn	B712_0377	dut	dUTP diphosphatase family protein	md:cpsn_M00938	I	390058	390501	+
Chlamydia psittaci NJ1	cpsn	B712_0554	tmk	thymidylate kinase	md:cpsn_M00938	I	571733	572356	+
Chlamydia psittaci NJ1	cpsn	B712_0833	NA	ribonucleotide reductase, small chain family protein	md:cpsn_M00938	I	873904	874944	-
Chlamydia psittaci NJ1	cpsn	B712_0834	NA	ribonucleoside-diphosphate reductase, alpha subunit	md:cpsn_M00938	I	874968	878105	-
Chlamydia psittaci NJ1	cpsn	B712_0769	bioB	biotin synthase	md:cpsn_M00950	I	813026	814021	+
Chlamydia psittaci NJ1	cpsn	B712_0770	NA	aminotransferase class I and II family protein	md:cpsn_M00950	I	814000	815148	+
Chlamydia psittaci NJ1	cpsn	B712_0771	bioD	dethiobiotin synthase	md:cpsn_M00950	I	815133	815750	+
